dua_id,pdf_seq,pdf_page,arabic_pdf,transliteration_bn,bengali_translation,reference_bn,parse_flags
1,1,23,َ ْ َّ َّ ُ َ ْ .»‫ َو ِال ْي يه النش ْو ُر‬،‫)«اْل ْمد يّلِلي ال يذي أ ْح َياَن بعد َما أ َماتنا‬1(-1 ُ ‫ه‬ َ ََ َ َ َْ َ,আলহামদু লি্লা-হিলাষী আহইয়া-না- বাণ্দা মা- আমা- তানা- ওয়া VARY TAA,"“হামদ-প্রশংসা আল্লাহর জন্য, যিনি (নিদ্রারূপ) নিকট সকলের পুনরুখান”১৫। বুখারী ফাতনুল বারী ১১/১১৩, নং ৬৩১৪; মুসলিম ৪/২০৮৩, নং ২৭১১।","15 বু খারী ফাতহুি বারী ১১/১১৩, নং ৬৩১৪; মুসযিম ৪/২০৮৩, নং ২৭১১।","entry_arabic_count_mismatch,reference_count_mismatch"
2,2,23,‫ له ال ُملك َوله‬،‫)«َل ِاله ِاَل ّٰللا َو ْحده َل َشيك له‬2(-2 ُ َ ُ ْ ْ ُ َ ُ َ َ َ َ ُ َ ُ َّ َّ َ َ َ َّ ُ َ ْ َّ َ َ ْ ُ ‫ْ َ ْ ُ َ ُ َ َ َ ُ ن َ ْ َ ر‬ ،‫ َواْل ْمد ّلِلي‬،‫ان ّٰللاي‬ ‫ ُس‬،‫دي‬ ‫ُ ش ٍء ق ي‬ ‫ وهو َع ي‬،‫اْلمد‬,,,,"entry_arabic_count_mismatch,reference_count_mismatch"
3,3,24,َّ َّ َ ُ َ َ َ ُ َ َ ُ َّ َ ُ َّ َّ َ َ َ َ ‫ َوَل َح ْول َوَل ق َّوة ِاَل يِبّلِل ي‬،‫كب‬ ‫ وّٰللا أ‬،‫وَل ِاله ِاَل ّٰللا‬ ْ ‫َ ن‬ ْ ْ .»‫فر يِل‬ « » ْ ‫اغ‬ َ ‫ال‬ ‫ال َع ن‬ ‫ب‬‫ي‬ ‫ر‬ ‫ي‬ ‫ظ‬ ‫ي‬ ‫ع‬ ‫ل‬ ‫ي‬ ‫ي ي‬,"লা ইলা-হা ইল্লালা-হ ওয়াহ্দাহু লা- শারীকালাহু লাহুল কাদীর ١ সুবহা-নাল্াহি, ওয়ালহামদু লিল্লাহি ওয়া লা ইলা- হা ইললালা-হ ওয়ারা-হ আকবার, ওয়া লা- হাওলা ওয়ালা- power ইল্লা- বিললা-হিল 'আলিয়ািল 'আযীম, রাবিবগফির লী)।","৯ “একমাত্র আল্লাহ ছাড়া কোনো BS ইলাহ নেই, তাঁর কোনো শরীক নেই; রাজত্ব তাঁরই, প্রশংসাও তাঁরই; আর তিনি সকল কিছুর ওপর ক্ষমতাবান। আল্লাহ পবিভ্র- মহান। সকল হামদ-প্রশংসা আল্লাহর। আল্লাহ ছাড়া কোনো হরু ইলাহ নেই। আল্লাহ সবচেয়ে বড়। সুউচ্চ সুমহান আল্লাহর সাহায্য ছাড়া (পাপ কাজ থেকে দূরে",,
4,4,25,َّ َّ ُ َ ْ َّ َ َ َّ‫ َو َرد‬،‫ج َسدي‬ َ َ ْ )3( ‫ «اْلمد يّلِل يال ي‬-3 ‫َع ُر ي‬ َ ‫افاِن ِف‬ ،‫وح‬ ‫ي‬ ‫ي ي‬ ‫ع‬ ‫ي‬‫ذ‬ ْ َ َ‫َوأ‬ .»‫ذك ير يه‬ ‫ذن ِل يب ي‬‫ي‬,,,"16 দি বযযি তা বিমব তামক ক্ষমা কমর দদওয়া হমব। িযদ দস দদা‘আ কমর, তমব তার দদা‘আ কবু ি হমব। িযদ দস উমঠ অিু কমর নামাি পমড়, তমব তার নামাি কবু ি করা হমব। বু খারী: ফাতহুি বারী, ৩/৩৯, নং ১১৫৪। হাদীমসর ভাষয ইবন মাোহ এর অনু রূপ। দদখুন, সহীহ ইবন মাোহ: ২/৩৩৫।",entry_arabic_count_mismatch
5,5,26,‫َّ‬ ‫ْ َ‬ ‫َ ْ َ‬ ‫َّ ْ ْ‬ ‫ِف َخلق َّ‬ ‫‪﴿ -4‬اين ي‬ ‫ل‬ ‫ف ال ْ‬ ‫ي‬ ‫َل‬ ‫ت‬ ‫اخ‬ ‫ض َ‬ ‫و‬ ‫ي‬ ‫ر‬ ‫اَل ْ‬ ‫و‬ ‫ت‬ ‫و‬‫الس ٰم ٰ‬ ‫ي‬ ‫ي‬ ‫ي‬ ‫ي‬ ‫ي‬ ‫ڌ َّ ْ َ َ ْ ُ ُ ْ َ ه َ‬ ‫ْ َْ‬ ‫ن ُ‬ ‫َ َّ َ َ ٰ ٰ‬ ‫ن ّٰللا‬ ‫ذْي يذكرو‬ ‫اَلل َ‬ ‫اب ‪ۧ٢٩٠‬؁ال ي‬ ‫ي‬ ‫ب‬ ‫وِل‬ ‫ي‬ ‫َل‬ ‫ي‬ ‫ت‬ ‫ٍ‬ ‫ي‬ ‫ار َل‬‫والنھ ي‬ ‫ٰ ً َّ ُ ُ ْ ً َّ َ ٰ ُ ُ ْ ْ َ َ َ َ َّ ْ َ ْ ْ‬ ‫ت‬ ‫الس ٰم ٰو ي‬ ‫ِف َخلق َّ‬ ‫ُ‬ ‫ي‬ ‫يقْي وقعودا وَع جنوبي يھم ويتفكرون ي‬ ‫ُْٰ َ َ َ َ‬ ‫َّ َ َ َ َ ْ َ ٰ َ َ ً‬ ‫ْ َ‬ ‫ُسنك ف يقنا‬ ‫طَل ۚ‬ ‫ض ۚ َربنا ما خلقت هذا ِب ي‬ ‫َواَل ْر ي‬ ‫َّ َ َ َ ْ َ ْ َ ْ َ ٗ‬ ‫َ َّ َ ٓ َّ َ َ ْ ُ ْ‬ ‫َ َ َ َّ‬ ‫ل النار فقد اخزيته ۭ‬ ‫ي‬ ‫خ‬ ‫ي‬ ‫د‬ ‫ت‬ ‫ِم‬ ‫ك‬ ‫ين‬ ‫ا‬ ‫ا‬ ‫ن‬ ‫ب‬ ‫ۧ؁ر‬ ‫‪٢٩٢‬‬ ‫ار‬ ‫ي‬ ‫الن‬ ‫عذاب‬ ‫ٓ‬ ‫َسعنا منا يد ًٰٓي‬ ‫َ َّ َ َّ َ َ ْ َ ُ َ‬ ‫ْ َْ َ‬ ‫ه ْ َ‬ ‫َ َ‬ ‫وما ل يلظ يل يمْي يِم انصا ٍر ‪ۧ٢٩١‬؁ربنا ايننا ي‬ ‫ٰ‬ ‫َ ْ ٰ ُ ْ َ ن ُ ْ َ َّ ڰ َّ َ َ ْ َ َ‬ ‫ْ ْ ْ َ‬ ‫هَ‬ ‫ُك فا َمنا َربنا فاغ يف ْر لنا‬ ‫ان ان ا يمنوا يِب يب‬ ‫يَلْي ي‬ ‫ينا يدي ل ي‬ ‫َّ َ‬ ‫ُ ُ ْ َ َ َ َ ن ْ َ َّ َ ن ٰ َ َ َ َ َّ َ َ َ ْ َ‬ ‫اَل ْ َ‬ ‫ار ۚ‪ۧ٢٩١‬؁ َربنا‬ ‫ي‬ ‫ِب‬ ‫ذُنبنا وك يفر عنا س ييا يتنا وَتفنا مع‬ ‫َ ٰ َ َ َ َ ْ َّ َ َ ٰ ُ ُ َ َ َ ُ ْ َ َ ْ َ ْ ٰ َ َّ َ‬ ‫ة ۭاينك‬ ‫وا يتنا ما وعدتنا َع رسليك وَل ُت يزَن َيم ال يقيم ي‬ ‫َُ ْ َ هُ ْ َنْ َ ُٓ‬ ‫َ ُْ ُ ْ ْ َ َ َ‬ ‫ُ‬ ‫ض ْيع‬ ‫اب لھم ربھم ا يِن َل ا ي‬ ‫اس َت َج َ‬ ‫ۧ؁ف ْ‬ ‫َل ُت يلف ال يميعاد ‪٢٩١‬‬,,,,entry_arabic_count_mismatch
6,6,27,‫ن ْ ُ ْ ن ي ْ َ َ َ ْ ُ ْ ٰ َ ْ ُ ُ ْ ن ي ْۢ َ ْ‬ ‫َََ َ‬ ‫ضۚ‬ ‫ل يمنُك ِم ذك ٍر او انٰث ۚ بعضُك ِم ب ٍ‬ ‫ع‬ ‫َعل عا يم ٍ‬ ‫ِم د َٰٓيرھ ْم َوا ُ ْو ُذ ْوا ْ‬ ‫ِف‬ ‫َ َّ ْ َ َ َ ُ ْ َ ُ ْ ُ ْ ي ْ‬ ‫ذْي ھاجروا واخ يرجوا‬ ‫ي‬ ‫ي‬ ‫ي‬ ‫ي‬ ‫فال ي‬ ‫ٰ‬ ‫ن‬ ‫َ ْ ْ َ ٰ َ ُ ْ َ ُ ُ ْ َ ُ َ ن َ َّ َ ْ ُ‬ ‫ن عنھ ْم َس ييا يت يھ ْم‬ ‫س يبي يل وقتلوا وق يتلوا َلك يفر‬ ‫َ ْ ْ ي ْ َ ْ َ ْ َْٰ ُ َ َ ً ن ْ‬ ‫َ َ ُ ْ َ َّ ُ ْ َ ه‬ ‫اِب يِم‬ ‫ت َت يري ِم َت يتھا اَلنھر ۚ َث‬ ‫خلنھم جن ٍ‬ ‫وَلد ي‬ ‫ه‬ ‫َ َ ُ َّ َّ َ‬ ‫ك َت َقل ُ‬ ‫يع ْن ه َ ه ُ ْ َ ٗ ُ ْ ُ َّ َ‬ ‫ب‬ ‫اب ‪ۧ٢٩٥‬؁َل يغرن‬ ‫د ّٰللا ي ۭوّٰللا يعنده حسن الثو ي‬ ‫ي‬ ‫ر َ ر ُ َّ ْ‬ ‫ْ َ‬ ‫َّ ْ َ َ َ‬ ‫ُ‬ ‫َ‬ ‫ْي كف ُر ْوا يِف ال يبَل يد ۭ‪ۧ٢٩١‬؁ َمتاع ق يل ْيل ۣ ُث َما ٰوىھ ْم‬ ‫ذ‬ ‫ال ي‬ ‫َّ ُ َ ُ‬ ‫َّ ْ َ َّ َ‬ ‫ٰ‬ ‫َ َ َّ ُ َ ْ َ ْ َ ُ‬ ‫ْي اتق ْوا َربھ ْم لھ ْم‬ ‫ذ‬‫ين ال ي‬ ‫ي‬ ‫ك‬ ‫ۧ؁ل‬‫‪٢٩١‬‬ ‫اد‬ ‫جهَّن ۭو يبئس ال يمھ‬ ‫ْ َ ْ َ ُُ ً ن ْ ْ‬ ‫َ ه ر َ ْ ْ ْ َ ْ َ ْ َْٰ ُ ٰ‬ ‫د‬ ‫دْي يفيھا ُنَل يِم يعن ي‬ ‫جنت َت يري يِم َت يتھا اَلنھر خ يل ي‬ ‫ْ ٰ‬ ‫َ َّ ْ َ ْ‬ ‫ه َ َ ْ َ ه َ ْر نْ َ‬ ‫يَل ْ َ‬ ‫ب‬ ‫ل الكيت ي‬ ‫ي‬ ‫ھ‬ ‫ا‬ ‫ِم‬ ‫ي‬ ‫ين‬ ‫ا‬‫ۧ؁و‬ ‫‪٢٩١‬‬ ‫ار‬ ‫ي‬ ‫ِب‬ ‫ّٰللا ي ۭ وما يعند ّٰللا ي خْي ل‬ ‫ه َ َ ٓ ُْ َ َ ُ ْ َ َ ٓ ُْ َ َ‬ ‫ََ ْ هْ ُ‬ ‫ُنل ايل ْي يھ ْم‬ ‫ُنل ايليُك وما ا ي‬ ‫ْ‬ ‫لمن ُّي يِم يِبّلِل ي وما ا ي‬ ‫ه َ ً َ ً ُ ٰۗ َ‬ ‫ْ َ ه َ َْ َُْ َ ٰٰ‬ ‫ٰ‬ ‫ت ّٰللاي ث َـمنا ق يل ْيَل ۭ اول ِىك‬ ‫خ يش يعْي يّلِلي َل يشَتون يِبي ي‬ ‫َ‬ ‫ْ‬ ‫َ ُ ْ َ ْ ُ ُ ْ ْ َ َ ن ْ َّ ه َ‬ ‫هَ‬ ‫اب ‪ ٢٩٩‬اۧ؁ٰٓييھا‬ ‫س‬‫ّٰللا ََس ْي ُع اْل ي َ‬ ‫لھم اجرھم يعند ر يب يھم ۭ اين‬ ‫ي‬ ‫ي‬,,,,entry_arabic_count_mismatch
7,7,28,َ ‫ه‬ ُ َّ َ َ ُْ ْ ُ َ ٰ َ ْ َّ ‫اب ُط ْوا َۣواتقوا ّٰللا‬ َ َ ُْ ‫ص‬ ‫اِبوا ور ي‬ ‫ذْي امنوا اص يبوا و ي‬ ‫ال ي‬ ُ ْ َّ ‫لَ َعل‬ َ ‫ُك ُت ْفل ُح ْو‬ ﴾‫ۧ؁‬١٠٠ ‫ن‬ ‫ي‬,ইলা ফী rarer সামাওয়াতি ওয়াল আরাদি ওয়াখতিলা-,"ত্ল্লাযীনা ইয়াযকুরানালাহা কিয়া-মাও ওয়াকু্উদাও GUAT GAT ওয়াইয়াতাফাকারলা ফী খলকিসু সামাওয়াতি ওয়াল GAG, রববানা মা খালাকতা হাযা বা- SNP মান PUMA না-রা ফাকাদ আখযাইতাহ, CAA লিষ্যালিমীনা মিন আনসা-র। রববানা ইলানা সামিনা মুনাদিইয়াইয্যুনা-দী লিলঈমানি আন্‌ আ-মিনু বিরাবিবকুম ফাআ--মানা। 7037 ফাগফির. লানা 779317 ওয়াকাফফির “আলা mare ওয়া তাওয়াফফানা WoT আবরা-র। রববানা ওয়া Gea মা ওয়া'আদতানা 'আলা PHS ওয়ালা SUI ইয়াওমাল কিয়া-মাতি, Barer লা তুখলিফুল মী'আদ। ফাত্তাজাবা লাহুম 779537 তরী লা উদীউ তামালা “আমিলিম",,
8,8,32,َّ َّ ُ َ ْ َ َ َّ َ َ َ َ ‫ب) َو َرزق يني ي‬ ‫ «اْلمد ّلِل ي ال ي‬-5 ‫ه‬ َ ‫(الث ْو‬ ‫اِن هذا‬ ْ ‫ذي كس ي‬ ُ َ ‫ن‬ َْ ْ .»...‫ْي َح ْو ٍل يم ين َوَل ق َّوة‬ ‫يِم غ ي‬,,,"18 সূ রা আমি ইমরান, আয়াত: ১৯০-২০০; বু খারী, ফাতহুি বারীসহ ৮/৩৩৭, নং ৪৫৬৯; মুসযিম ১/৫৩০, নং ২৫৬।",entry_arabic_count_mismatch
9,9,33,ْ ‫َْ َُ َ ي‬ َ‫ِم َخ ْْيه َو َخ ْْيما‬ َ ْ َ َ َ ْ َ ُ ْ َ ْ َ َ َّ ُ َّ ‫ي‬ ‫أسألك‬،‫ «اللهملكاْلمدأنت كسوت ينيهي‬-6 ُ َ َ ُ َ ‫ُ َ َ ُ َ َ ُ ُ َ ْ َ ن َ َ ن‬ .»‫ص ينع له‬ ‫َش ما‬ ‫ وأعوذ يبك يِم ي‬،‫ص ينع له‬ ‫َش يه و ي‬,MARTE লিলা-হিলাযী কাসানী হা-যা (MAMET) ওয়া রযাকানীহি মিন গইরি Berry মিনী ওয়ালা কুওওয়াতিন)।,"“সকল হামদ-প্রশংসা আল্লাহর জন্য, যিনি আমাকে এ","19 হাদীসযে নাসাঈ বযতীত সু নান গ্রেকারমদর সবাই সংকিন কমরমছন। আবূ দাউদ, নং ৪০২৩; যতরযমিী, নং ৩৪৫৮; ইবন মাোহ, নং ৩২৮৫। আর িাইখ আিবানী এমক হাসান বমিমছন। দদখুন, ইরওয়াউি র্ািীি, ৭/৪৭।","entry_arabic_count_mismatch,reference_count_mismatch"
10,10,33,,কাপড়)টি পরিধান করিয়েছেন এবং আমার শক্তি-সামর্থ্য ছাড়াই তিনি আমাকে এটা দান করেছেন”১৯।,নতুন কাপড় পরিধানের দো'আ,,"entry_arabic_count_mismatch,reference_count_mismatch"
11,11,33,,"আল্লা-হন্রা লাকাল-হামদ্র আনতা কাসাওতানীহি। আসতআলুকা মিন খহীরিহি ওয়া খইরি মা AAT ANS! © হাদীসটি নাসাঈ ব্যতীত সুনান গ্রন্থকারদের সবাই সংকলন করেছেন। আবূ দাউদ, নং ৪০২৩; তিরমিযী, নং ৩৪৫৮; ইবন মাজাহ, নং ৩২৮৫। আর শাইখ আলবানী একে হাসান বলেছেন। দেখুন, ইরওয়াউল গালীল, ৭/৪৭। 41510117096 ৮০০7:",,,"entry_arabic_count_mismatch,reference_count_mismatch"
12,12,34,.»َ‫) «ت ْب يل َوُ يلف ّٰللا ت َعا‬1(-7 َ َ ُ َّ ُ ُْ ُ,"Ge ওয়া 3796 275 তা'আলা) | * আবু দাউদ, নং ৪০২০; তিরমিযী, নং ১৭৬৭; বাগভী, ১২/৪০; দেখুন, মুখতাসারুশ শামাইল লিল আলবানী, পৃ. ৪৭।",,"20 আবূ দাউদ, নং ৪০২০; যতরযমিী, নং ১৭৬৭; বার্ভী, ১২/৪০; দদখুন, মুখতাসারুি িামাইি যিি আিবানী, পৃ . ৪৭।",
13,13,35,ً َ ْ ُ َ ً َ ْ َ ً َ ‫) «ا ْيل َب ْس‬2(-8 .»‫ت ش يهيدا‬ ‫حيدا وم‬ ‫ديدا و يعش ي‬ ‫ي‬ ‫ج‬,"ইলবাস জাদীদান, ওয়া Bt হামীদান, ওয়া মৃত শাহীদান) |","“নতুন কাপড় পরিধান কর, প্রশংসিতরূপে দিনাতিপাত কর এবং শহীদ হয়ে মারা যাও”২২। ৫. কাপড় খুলে রাখার সময় কী বলবে","22 সু নান ইবন মাোহ ২/১১৭৮, নং ৩৫৫৮; বার্াওয়ী, ১২/৪১। দদখুন, সহীহ ইবন মাোহ ২/২৭৫।",reference_count_mismatch
14,14,35,َّ .»‫م ّٰللا ي‬ ‫ «بيس ي‬-9 ْ,"বিসমিল্লাহ) £ সুনান আবি দাউদ 8/89, হাদীস নং ৪০২০; দেখুন, সহীহ আবি দাউদ ২/৭৬০। % সুনান ইবন মাজাহ ২/১১৭৮, নং ৩৫৫৮; বাগাওয়ী, ১২/৪১। দেখুন, সহীহ ইবন মাজাহ ২/২৭৫।",,,reference_count_mismatch
15,15,36,ْ ُ ُ َ ‫َّ ُ َّ ن‬ ُْ َ َّ ‫ «[بيس ي‬-11 َ ْ ‫ث‬‫م ّٰللا ي] اللهم ِا يِن أعوذ يبك يِم اْلب ي‬ َْ .»‫َواْلبائيث‬,বিসমিলাহি। আলা-হম্মা Sap 37 37 বিকা মিনাল খুবাসি ওয়াল খাবা-ইসি,"এআল্লাহর নামে ।] হে আল্লাহ! আমি আপনার নিকট অপবিত্র নর জিন্ন ও নারী জিন্ন থেকে আশ্রয় BIg”? | ৭. পায়খানা থেকে বের হওয়ার দো'আ 3 feat ২/৫০৫, নং ৬০৬, ও অন্যান্য। আরও দেখুন, ইরওয়াউল গালীল, নং ৫০; সহীহুল জামে: ৩/২০৩। 4 বুখারী ১/৪৫, নং ১৪২; মুসলিম ১/২৮৩, নং Ie! শুরুতে অতিরিক্ত 'বিসমিল্লাহ্‌' উদ্ধৃত করেছেন সা'ঈদ ইবন মানসূর। দেখুন, ফাতহুল বারী, ১/২৪৪।","24 বু খারী ১/৪৫, নং ১৪২; মুসযিম ১/২৮৩, নং ৩৭৫। শুরুমত অযতযরি ‘যবসযমল্লাহ’ উিৃ ত কমরমছন সা‘ঈদ ইবন মানসূ র। দদখুন, ফাতহুি বারী, ১/২৪৪।",
16,16,37,َ َ ُْ .»‫ «غف َرانك‬-11,ওফরা-নাকা,"“আমি আপনার কাছে ক্ষমাপ্রার্থী ।”২৫ ৮. অযুর পূর্বে যিকির ‏لود‎ 39 নামে”২৬। ৯. অযু শেষ করার পর যিকির 25 হাদীসটি নাসাঈ ব্যতীত সকল সুনান গ্রন্থকারই SHS করেছেন; তবে নাসাঈ তার 'আমালুল ইয়াওমি ওয়াললাইলাহ' গ্রন্থে (নং ৭৯) তা উদ্ধৃত করেছেন। আবু দাউদ, নং ৩০; তিরমিযী, নং ৭; ইবন মাজাহ, নং ৩০০। আর শাইখ আলবানী সহীহ সুনান আবি দাউদে ১/১৯ একে সহীহ বলেছেন। °° আবু দাউদ, নং ১০১; ইবন মাজাহ, নং ৩৯৭; আহমাদ নং ৯৪১৮। আরও দেখুন, ইরওয়াউল গালীল ১/১২২।","25 হাদীসযে নাসাঈ বযতীত সকি সু নান গ্রেকারই উিৃ ত কমরমছন; তমব নাসাঈ তার ‘আমািু ি ইয়াওযম ওয়ািিাইিাহ’ গ্রমে (নং ৭৯) তা উিৃ ত কমরমছন। আবূ দাউদ, নং ৩০; যতরযমিী, নং ৭; ইবন মাোহ, নং ৩০০। আর িাইখ আিবানী সহীহ সু নান আযব দাউমদ ১/১৯ এমক সহীহ বমিমছন।",entry_arabic_count_mismatch
17,17,37,َّ .»‫م ّٰللا ي‬ ‫ «بيس ي‬-11 ْ,,,"26 আবূ দাউদ, নং ১০১; ইবন মাোহ, নং ৩৯৭; আহমাদ নং ৯৪১৮। আরও দদখুন, ইরওয়াউি র্ািীি ১/১২২।",entry_arabic_count_mismatch
18,18,38,ُ َ َ َ َ ُ َ ْ َ ُ َّ َّ َ َ َ ْ َ ُ َ ْ َ )1( ‫ «أشهد أن َل ِاله ِاَل ّٰللا وحده َل ي‬-13 ‫َشيك له‬ ُ ُ ُ ُ َ ً َ ُ َّ َ ُ َ ْ َ َ .»..‫ن م َّمدا ع ْبده َو َر ُسوله‬ ‫وأشهد أ‬,আশহাদ আল্লা-ইলাহা SAMS ওয়াহদাহ লা- শারীকা লাহু ওয়া AIAG আনা মুহাম্মাদান MHZ ওয়া রাসুলুহ,"‏ود‎ “আমি সাক্ষ্য দিচ্ছি যে, একমাত্র আল্লাহ ছাড়া আরও সাক্ষ্য দিচ্ছি যে, মুহাম্মাদ তাঁর বান্দা ও রাসূল”২৭।",,
19,19,38,َ ْ ْ ‫ْي َواج َعل ين يِم‬ َّ َ ‫الت َّواب‬ َ ْ ْ َّ ‫)«الل َّ ُه‬2(-14 ‫م اج َعل ين يِم‬ ‫ي‬ ْ .»‫ْي‬ َ ‫ال ُم َت َط نهر‬ ‫ي ي‬,আল্লা-হন্রাজ'আলনী মিনাত তাওয়াবীনা ওয়াজ'আলনী মিনাল মুতাতাহাহিরীন,"£ মুসলিম ১/২০৯, নং ২৩৪। 41510117096 ৮০০7:",,
20,20,39,َّ َ َ َ ْ َ ُ َ ْ َ َ ْ َ َ َّ ُ َّ َ َ ْ ُ )3( ‫ن َل ِاله ِاَل‬ ‫ أشهد أ‬،‫دك‬ ‫ «ُسانك اللهم و يِبم ي‬-11 َ َ ُ َ َ َ ُ ْ َ ْ َ َ َْ .»‫َتب ِال ْيك‬ ‫ أستغ يفرك وأ‬،‫أنت‬,সুবহানাকা আল্লা-হন্া ওয়া বিহামাদিকা আশহাদ আল লা-ইলাহা ইল্লা আভ্ডা আভ্ডাগফিরুকা ওয়াআতুর ইলাইকা)।,"“হে আল্লাহ! আপনার প্রশংসাসহ পবিত্রতা ও মহিমা ঘোষণা করছি। আমি সাক্ষ্য দেই যে, আপনি ছাড়া 25 তিরিমিযী-১/৭৮, নং ৫৫। আরও দেখুন, সহীহুত তিরমিযী, ১/১৮।",,
21,21,40,َّ َ ُ َ َ َ َ َّ َ َ ُ ْ َّ َ َ َّ ْ )1 ( ‫ َوَل َح ْول َوَل ق َّوة ِاَل‬،‫ت َع ّٰللا ي‬ ‫ «بيس ي‬-11 ‫ َتّك‬،‫م ّٰللاي‬ .»‫يِبّلِل ي‬ َّ,"বিসমিল্লাহি তাওয়াককালতু 'আলালা-হি, ওয়ালা হাওয়া ওয়ালা কৃওয়াতা ইল্লা বিল্লাহ) ١","১ “আল্লাহর নামে (বের হচ্ছি)। আল্লাহর ওপর ভরসা করলাম। আর আল্লাহর সাহায্য ছাড়া (পাপ কাজ থেকে দূরে থাকার) কোনো উপায় এবং (সৎকাজ করার) কোনো শক্তি কারো নেই”৩০। 20 নাসাঈ, আমালুল ইয়াওমি ওয়াল লাইলাহ, পৃ. ১৭৩। আরও দেখুন, ইরওয়াউল গালীল, ১/১৩৫, ৩/৯৪। * আবূ দাউদ ৪/৩২৫, নং ৫০৯৫; তিরমিযী ৫/৪৯০, ৩৪২৬। আরও দেখুন, সহীহুত তিরমিযী, ৩/১৫১। 41510117096 ৮০০7:","29 নাসাঈ, আমািু ি ইয়াওযম ওয়াি িাইিাহ, পৃ . ১৭৩। আরও দদখুন, ইরওয়াউি র্ািীি, ১/১৩৫, ৩/৯৪।",reference_count_mismatch
22,22,41,َ َّ َ َ َّ َ ُ َ َّ َ ْ َ َ ُ ُ َ ‫) ه ُ َّ ن‬2( ‫ أ ْو‬،‫ أ ْو أ يزل‬،‫ أ ْو أضل‬،‫ضل‬ ‫ «اللـهم ِا يِن أعوذ يبك أن أ ي‬-11 َّ َّ َ َ ‫أَ ْو ُُيْ َه َل‬،‫أَ ْوأَ ْج َه َل‬،‫م‬ .»‫َع‬ َ َ‫ أَ ْوأُ ْظل‬،‫م‬ َ ‫أَ ْوأَ ْظل‬،‫أُ َزل‬ ‫ي‬,"আল্লা-হন্া 3717 97157 বিকা আন আছিল, আও 373: আও am, আও Grim, আও আযলিমা, আও উলামা, তাও ত্রাজহালা, আও ইয়ুজহালা 'আলাইয়্যা) | ‏لوح‎ “হে আল্লাহ! আমি আপনার নিকট আশ্রয় চাই যেন নিজেকে বা অন্যকে পথভ্রষ্ট না করি, অথবা অন্যের দ্বারা পথভ্রষ্ট না হই, আমার নিজের বা অন্যের পদস্থলন না করি অথবা আমায় যেন পদশ্থলন করানো না হয়; আমি যেন নিজের বা অন্যের ওপর যুলুম না করি অথবা আমার প্রতি যুলুম না করা হয়; আমি যেন নিজে মুর্খতা না করি, অথবা আমার ওপর মূর্খতা করা না হয়।”ত১ » সুনান গ্রন্থকারগণ: আবূ দাউদ, নং ৫০৯৪; তিরমিযী, নং ৩৪২৭; নাসাঈ, নং ৫৫০১; ইবন মাজাহ, নং ৩৮৮৪ । আরও দেখুন, সহীহুত feat ৩/১৫২ সহীহ ইবন মাজাহ ২/৩৩৬।",,"31 সু নান গ্রেকারর্ণ: আবূ দাউদ, নং ৫০৯৪; যতরযমিী, নং ৩৪২৭; নাসাঈ, নং ৫৫০১; ইবন মাোহ, নং ৩৮৮৪। আরও দদখুন, সহীহুত যতরযমিী ৩/১৫২; সহীহ ইবন মাোহ ২/৩৩৬।",
23,23,42,َ َ َ َّ َ ْ َ َّ ْ َ َ ْ َ َّ ‫«بيس ي‬ َ‫ن‬ ‫ َوَع ّٰللا ي َر يبنا‬،‫م ّٰللا ي خ َرجنا‬ ‫ وبيس ي‬،‫م ّٰللا ي وْلنا‬ ْ َ ْ َّ َ َ »‫َتّكنا‬,"বিসামিললাহি ওয়ালাজনা, ওয়াবিসামিল্লাহি খারাজনা, ওয়া 'আলালাহি রাব্বিনা তাওয়াালনা","আমরা বের হলাম এবং আমাদের রব আল্লাহর ওপরই অতঃপর ঘরের লোকজনকে সালাম দিবে °° »* আবু দাউদ ৪/৩২৫, Cod’! আর আল্লামা ইবন বায রহ. তার তুহফাতুল আখইয়ার গ্রন্থে পৃ. ২৮ এটার সনদকে হাসান বলেছেন। তাছাড়া সহীহ হাদীসে এসেছে, “যখন তোমাদের কেউ ঘরে প্রবেশ করে, তখন শয়তান (নিজ ব্যক্তিদের) বলে, তোমাদের কোনো","32 আবূ দাউদ ৪/৩২৫, ৫০৯৬। আর আল্লামা ইবন বাি রহ. তার তুহফাতুি আখইয়ার গ্রমে পৃ . ২৮ এোর সনদমক হাসান বমিমছন। তাছাড়া সহীহ হাদীমস এমসমছ, “িখন দতামামদর দকউ ঘমর প্রমবি কমর, আর প্রমবমির সময় ও খাবামরর সময় আল্লাহমক স্মরণ কমর, তখন িয়তান (যনে বযযিমদর) বমি, দতামামদর দকামনা",
24,24,43,‫ُ ً‬ ‫ً‬ ‫ْ‬ ‫َّ ُ َّ ْ ْ‬ ‫َْ‬ ‫اِن ُنرا‪َ ،‬و يِف َس يع‬ ‫س‬‫اج َعل ِف َقلِ ُُنرا‪َ ،‬وِف ل ي َ‬ ‫‪« -19‬اللهم‬ ‫ي‬ ‫ي‬ ‫ي ي‬ ‫ْ َْ ُ ً‬ ‫ُ ً‬ ‫ْ َ‬ ‫ُ ً‬ ‫ُ ً َ َ َ‬ ‫َي ُنرا‪َ ،‬و يِم ف ْو يِق ُنرا‪َ ،‬و يِم َت يِت ُنرا‪،‬‬ ‫ُنرا‪ ،‬و يِف ب ي‬ ‫ُ ً‬ ‫ْ َ َ‬ ‫ُ ً‬ ‫ُ ً َ َ ْ َ‬ ‫َ َ ْ َ‬ ‫اِم ُنرا‪،‬‬ ‫اِل ُنرا‪َ ،‬و يِم أم ي‬ ‫ين ُنرا‪ ،‬وَع ي ي‬ ‫ِش‬ ‫وَع ْي ي‬ ‫ُ ً‬ ‫ُ ً َ ْ‬ ‫َْ‬ ‫ْ ْ‬ ‫ْ َ ْ ُ ً‬ ‫َو يِم خل يف ُنرا‪َ ،‬واج َعل يِف نف يِس ُنرا‪َ ،‬وأع يظ ْم يِل ُنرا‪،‬‬ ‫م‬ ‫اج َع ْلن ُُنراً‪ ،‬الل َّ ُه َّ‬‫ُ ً َ ْ‬ ‫ْ ْ‬ ‫ُ ً‬ ‫َوع يظم يِل ُنرا‪َ ،‬واج َعل يِل ُنرا‪ ،‬و‬ ‫َن‬ ‫ي‬ ‫ُ ً‬ ‫ُ ً َ َْ‬ ‫َ‬ ‫ْ ْ‬ ‫ُ ً‬ ‫َ ْ‬ ‫َ‬ ‫ص يِ ُنرا‪ ،‬و يِف ْل يمي ُنرا‪ ،‬و يِف‬ ‫ع َ‬ ‫ط ين ُنرا‪َ ،‬واج َعل يِف‬ ‫أع ي‬ ‫ُ ً‬ ‫ُ ً َ َ َ‬ ‫َ ُ ً َ َ ْ‬ ‫َي ُنرا»‪.‬‬ ‫د يِم ُنرا‪ ،‬و يِف شع يري ُنرا‪ ،‬و يِف ب ي‬ ‫َ‬ ‫ُ ً‬ ‫َ ْ‬ ‫ُ ً‬ ‫َّ ُ َّ ْ َ ْ‬ ‫اِم]»‬ ‫بي‪َ ...‬وُنرا يِف يعظ ي‬ ‫ي‬ ‫ق‬ ‫ِف‬‫ي‬ ‫را‬ ‫ُن‬ ‫«[اللهم اجع ي‬ ‫ِل‬ ‫ل‬ ‫ُ ً‬ ‫ً‬ ‫ً‬ ‫ً‬ ‫[« َوز ْدِن ُُنرا‪َ ،‬وز ْدِن ُُنرا‪َ ،‬وز ْدِن ُُنرا»] [« َو َه ْ‬ ‫ب يِل ُنرا‬ ‫ي ي‬ ‫ي ي‬ ‫ي ي‬,,,,entry_arabic_count_mismatch
25,25,44,ُ َ َ [.»‫َع ُن ٍر‬,"আলা-হম্মাজণ্আল ফী কালবী নূরান, ওয়া ফী লিসানী নূরান, ওয়া ফী সামৃ'্রী TAT, ওয়া ফী বাসারী TA, ওয়া মিন ফাওকী 79/53, ওয়া মিন CRE? Ta, ওয়া 'আন ইয়ামীনী নুরান, ওয়া 'আন শিমালী 279/3, ওয়া মিন আমামী নূরান, ওয়া মিন খলফী নূরান, ওয়াজ'আল ফী FRR THA, ওয়া 37/93 লী নূরান, ওয়া GATT লী PH HS THT, ওয়াজ'আল ফা MA TANT, ওয়া ফী লাহ্মী 7775, ওয়া 337 7/37 77/5, ওয়া ফী শারী নূরান, ওয়া ফী বাশারী TAT |",,,entry_arabic_count_mismatch
26,26,44,,"আল্া-হস্মাজণ্আাল লী 77/7 ফী কাবরী, ওয়া 79/7 ফী ইয়ামী) /ওয়া Ren Jam, ওয়া হিদনী নুরান, ওয়া হিদনী নুরান] [ext হাবলী নৃূরান “আলা নুর]",“হে আল্লাহ! আপনি আমার অন্তরে নূর (বা আলো),,entry_arabic_count_mismatch
27,27,47,َْ ْ َ ْ َّ ُ ُ َ ‫ و ي‬،‫«أعوذ يِبّلِل ي الع يظيي‬ َ ْ َ َ َ ‫ يِم‬، ‫ َو ُسل َطا ين يه الق يديي‬، ‫ِبج يه يه الك يريي‬ َ َ ُ َ َّ َ ُ َ َّ َ َّ َّ ‫ول‬‫ي‬ ُ ‫َع َر‬ ‫س‬ ‫ والصَلة] [والسَلم‬،‫الر يجي» [بي ْس يم ّٰللاي‬ َّ ‫الش ْي َطان‬ ‫ي‬ ‫ي‬ َ َ ْ َ َ َ ْ َ ْ َ ْ َّ ُ َّ َّ .»‫ّٰللا ي] «اللهمافتح يِلأِبابرح يتك‬,,,"38 আবূ দাউদ, নং ৪৬৬; আরও দদখুন, সহীহুি োমম‘ ৪৫৯১।",entry_arabic_count_mismatch
28,28,48,»‫«اللهم اغفر يل ذنويب وافتح يل أبواب رمحتك‬,,,"39 ইবনু স সু যন্ন কতৃগক উিৃ ত, নং ৮। আর িাইখ আিবানী তার আস-সামারুি মুিাতাব গ্রমে এমক হাসান বমিমছন, পৃ . ৬০৭।","entry_arabic_count_mismatch,reference_count_mismatch"
29,29,49,‫ن‬ َ َ ُ َ َّ َ ُ َ ‫َّ َ ن‬ َّ ‫ الل َّ ُه‬،‫ّٰللاي‬ َّ ‫«بيس ي‬ ‫م ِا يِن‬ ‫ول‬ ُ ‫َع َر‬ ‫س‬ ‫م ّٰللاي والصَلة والسَلم‬ ْ ‫ي‬ َّ َ ْ َّ ُ َّ ْ َ ْ َ َُ َْ .»‫جي‬ َّ ‫الش ْي َطان‬ ‫الر‬ ‫ِم‬ ‫ي‬ ‫ن‬ ْ‫ص‬ ‫م‬ ‫ي ي‬ ‫اع‬ ‫م‬ ‫ه‬ ‫الل‬ ،‫ك‬‫ل‬ ‫ي‬ ‫ض‬ ‫أسألك يِمف‬ ‫ي ي‬ ‫ي‬,RAR ওয়াসৃসালা-তু ওয়াসৃসালা-মু “আলা আল্লা-হুম্া er Prats মিনাশ শাইড়ানির রাজীম।,"“আল্লাহর নামে (বের হচ্ছি)। আল্লাহর রাসুলের ওপর শান্তি বর্ষিত হোক। হে আল্লাহ! আপনি আমার গুনাসমূহ মাফ করে দিন এবং আমার জন্য আপনার দয়ার শয়তান থেকে হিফাযত করুন”৪৩। © আল-হাকিম, ১/২১৮; বাইহাকী, ২/৪৪২, আর শাইখ আলবানী তার সিলসিলাতুস সহীহায় একে হাসান হাদীস বলেছেন, ৫/৬২৪, নং ২৪৭৮। আর সেটার তাখরীজ পূর্বে গত হয়েছে। % মসজিদে প্রবেশের দো'আয় পূর্বে বর্ণিত হাদীসের রেওয়ায়েতসমূহের তাখরীজ দেখুন, (২০ নং) আর “হে আল্লাহ,",,
30,30,50,َّ َّ َ ُ َ َ َ »‫«َل َح ْول َوَلق َّوة ِاَل يِبّلِل ي‬,লা-হাওলা ওয়ালা POM ইল্লা বিলা-হ) “আল্লাহর সাহায্য ছাড়া (পাপ কাজ থেকে দূরে থাকার,"কোনো উপায় এবং (সৎকাজ করার) কোনো শক্তি কারো নেই "" ২৩-১ বলবে, উহ ৩৪৪9 45 & 91419 ও dedi ts অংশের তাখরীজ দেখুন, ইবন মাজাহ ১/১২৯। 4 বুখারী, ১/১৫২, নং ৬১১, ৬১৩; মুসলিম, ১/২৮৮, নং ৩৮৩। 41510117096 ৮০০7:",,entry_arabic_count_mismatch
31,31,50,ُ َ َ َّ َ‫ه َوأ‬ َ َ ُ َ ْ َ ُ َّ َّ َ َ َ ْ َ ُ َ ْ َ َ َ َ ‫ن‬ ‫«وأَن أشهد أن َل ِاله ِاَل ّٰللا وحده َل ي‬ ‫َشيك ل‬,,,,entry_arabic_count_mismatch
32,32,51,ً ً ُ ُ ُ َ َ ُ ُ ْ َ ً َّ َ ُ ،‫د َر ُسوَل‬ َّ ‫ َوِب ُ َح‬،‫ّلِل ي َر َِّب‬ ‫م‬ َّ ُ ‫ َرض‬،‫ه‬ ‫يت يِب‬ ‫ي‬ ‫ممدا عبده ورسول‬ ٍ ‫ي‬ ً َ ْ َ »‫َل ْسَل يم يدينا‬ َ ِ ‫و يِب‬,"য়া আনা আশহাদু আলা ইলা-হা ইলারা-হ ওয়াহৃদাহ লা শারীকা লাহ ওয়া আলা AMAT 677727 ওয়া রাসুলুহ, রাদীতু বিল্লা-হি রবৃবান, ওয়া বিমুহান্মাদিন রাসূলান, ওয়া বিলইসলা-মি দীনান) ١ “আমি সাক্ষ্য দিচ্ছি যে, একমাত্র আল্লাহ ছাড়া কোনো হক দিচ্ছি যে, মুহাম্মাদ সাল্লাল্লাহু আলাইহি ওয়াসাল্লাম তাঁর বান্দাহ ও রাসূল। আমি আল্লাহকে রব, মুহাম্মাদ সাল্লাল্লাহু আলাইহি ওয়াসাল্লামকে রাসূল এবং ইসলামকে দীন হিসেবে গ্রহণ করে সন্তুষ্ট ।”৪৫ * মুসলিম ১/২৯০, নং ৩৮৬।",,,
33,33,52,ً َ ُ ٓ َ َ ْ َ َّ َ َّ َّ َ ْ َّ َ َّ َ َّ ُ َّ ‫ت م َّمدا‬ ‫ والصَل ية الق ي‬،‫ب ه يذ يه الدعو ية التام ية‬ ‫ أ ي‬،‫اِئ ية‬ ‫«اللهم ر‬ َ َّ ُ َ ْ َ َّ ً ًََ َ َ ُ َْْ َ ََ َْ َ ََ ْ ‫ [ ِانك‬،‫اما م ُموداال يذي َوعدته‬ ‫ وابعثه مق‬،‫ضيلة‬ ‫الو يسيلة والف ي‬ َ َ َ ْ ُ ُْ َ .»]‫يعاد‬ ‫َل ُت يلف ال يم‬,"আল্লা-হ্রা TA হা-যাহিদ A GMOS তা-ম্ঘাতি ওয়াস সালা-তিল কা-ইমাতি আ-তি মুহাম্মাদানিল ওয়াসীলাতা “6 ইবন খুযাইমা, ১/২২০। 47 মুসলিম ১/২৮৮, নং ৩৮৪।",,"46 ইবন খুিাইমা, ১/২২০।",
34,34,54,َ َ‫ت بَ ْْي‬ َ ْ َ َ َ َ َ َ َ َ ْ َ َ ْ َ ْ َ َّ ُ َّ )1( ‫ «اللهم ِب يعد بي ين وبْي خطآٰيي َ ِبعد‬-21 َ َّ َ ُ َ َ َ َ ْ ‫َّ ُ َّ َ ن‬ َْْ َ ْ َْ َّ‫م ن يق ين يِم خ َطآٰيي َ ين‬ ‫ الله‬،‫ب‬ ‫ق والمغ ير ي‬ ‫َ ي‬ ‫الم ي‬ َ َ َ ْ ْ ْ َّ ُ َّ َ َّ َ ُ ْ َ ْ ُ ْ َّ ،‫م اغ يسلن يِم خ َطآٰيي‬ ‫ الله‬،‫ب الب َيض يِم الدس يس‬ ‫الثو‬ ََ ْ َ ْ َ ْ َّ .»‫د‬ ‫يِبلثلج والما يء والب ي‬ ‫ي‬,,,"49 যতরযমিী, নং ৩৫৯৪; আবূ দাউদ, নং ৫২৫; আহমাদ, নং ১২২০০; আরও দদখুন, ইরওয়াউি র্ািীি, ১/২৬২।",entry_arabic_count_mismatch
35,35,55,َ ‫) ُ ْ َ َ َّ ُ َّ َ َ ْ َ َ َ َ َ ْ ُ َ َ َ َ َ َ ه‬2( ،‫جدك‬ َ‫ وتعا‬،‫ وتبارك اَسك‬،‫ «ُسانك اللهم و يِبم يدك‬-22 َ َُْ َ َ َ .»‫َوَل ِالهغْيك‬,,,,entry_arabic_count_mismatch
36,36,56,َ َ َّ َّ ‫جه َي ل يلذي َف َط َر‬ ْ َ ُ ْ َّ َ )3( ‫ات َوال ْرض‬ ‫الس َم َو ي‬ ‫ي‬ ‫ «وجهت و ي‬-19 ُ ُ َ َ َ َّ َ ْ ُ ْ َ ََ َ َ ً َ َ ،ِ‫ وسس ي‬،‫ ِان صَل يت‬،‫َكيْي‬ ‫ح ينيفا وما أَن يِم الم ي‬ َ َ ُ َ َ َ َ َ َ َ ْ ‫َّ َ ن‬ ََ َ َ َ َْ َ ‫َشيك له َو يبذل يك‬ ‫ َل ي‬،‫ب العال يمْي‬ ‫ات يّلِل ي ر ي‬ ‫ وم ي‬،‫ومياي‬ َّ َ َ َ ُ َ َ ْ َ َّ ُ َّ َ ْ َ ََ ُ ُ ‫الم يلك َل ِاله ِاَل‬ ‫ اللهم أنت‬.‫أ يم ْرت َوأَن يِم ال ُم ْس يل يمْي‬,সুবহা-নাকাললা-হম্থা ওয়া বিহামাদিকা ওয়া তাবা- MAP ওয়া তা'আ-লা SGP! ওয়া লা- ইলা-হা,"ao গহে আল্লাহ! আপনার প্রশংসাসহ আপনার পবিত্রতা ও মহিমা ঘোষণা করছি, আপনার নাম বড়ই বরকতময়, আপনার প্রতিপত্তি অতি উচ্চ। আর আপনি ব্যতীত অন্য কোনো হরু ইলাহ্‌ নেই।”€১ ৩৪5915৬0195 ও১9 ৩5৩৪ 3)-29 ‎» মুসলিম, নং ৩৯৯; আর সুনান গ্রন্থকার চারজন। আবু দাউদ, নং ৭৭৫; তিরমিযী, নং ২৪৩; ইবন মাজাহ, নং ৮০৬; নাসাঈ, নং ৮৯৯। আরও দেখুন, AAS তিরমিযী, ১/৭৭; সহীহ ইবন মাজাহ্‌ ১/১৩৫।","51 মুসযিম, নং ৩৯৯; আর সু নান গ্রেকার চারেন। আবু দাউদ, নং ৭৭৫; যতরযমিী, নং ২৪৩; ইবন মাোহ, নং ৮০৬; নাসাঈ, নং ৮৯৯। আরও দদখুন, সহীহুত যতরযমিী, ১/৭৭; সহীহ ইবন মাোহ ১/১৩৫।",
37,37,57,‫َت ْف ُ‬ ‫َ ْ ََ‬ ‫َْ َ َْ َ َ ن َ ََ َْ ُ َ َ َْ ُ َْ‬ ‫ت‬ ‫ت نف يِس واع‬ ‫أنت‪ ،‬أنت ر يّب وأَن عبدك‪ ،‬ظلم‬ ‫َّ‬ ‫َ َ ً َّ ُ َ َ ْ ُ ه‬ ‫ُ ُ‬ ‫َ ْ ْ‬ ‫َ ْ‬ ‫ُنب ِاَل‬ ‫الذ َ‬ ‫َيعا ِانه َل يغ يفر‬ ‫يبذن يِ فاغ يفر يِل ذُنّب ي‬ ‫َّ‬ ‫َ‬ ‫َ َْ‬ ‫َ ْ‬ ‫َ ْ َ‬ ‫َْ َ َ ْ‬ ‫دي يل ْح َس يِنا ِاَل‬ ‫َلق َل ُّي ي‬ ‫ن الخ ي‬ ‫د يِن يلحس ي‬ ‫أنت‪ .‬واه ي‬ ‫َّ‬ ‫نَ َ‬ ‫َ َ ْ ُ َن‬ ‫َْ َ َ ْ ْ َن َ نَ َ‬ ‫َف ع ين َس ييَا ِاَل‬ ‫ي‬ ‫ي‬ ‫َل‬ ‫ا‪،‬‬ ‫اْصف ع ين س ييَ‬ ‫أ نت ‪ ،‬و ي‬ ‫َّ‬ ‫َ ْ َ‬ ‫َْ ُ ُه ُ‬ ‫ْ َ ْ َ‬ ‫َ‬ ‫َْ َ َ‬ ‫ت‪ ،‬ل َّب ْيك َو َسعديك‪َ ،‬واْلْي ّكه يب َيـ ـ ـ ـديك‪َ ،‬والشـ ـ ـ هر‬ ‫أن‬ ‫َ َ‬ ‫ل ْي َ‬ ‫َ‬ ‫ِال ْي ـ ـ ـك‪،‬‬ ‫س‬ ‫ُ‬ ‫ََ َ َ َْ َ َ َْ َ َ َ َ َْ َ َ ْ َْ ُ َ َ َ‬ ‫َتب‬ ‫أَن يبك و ِاليك‪ ،‬تباركت وتعاليت‪ ،‬أستغ يفرك وأ‬ ‫َ َ‬ ‫ِال ْيك»‪.‬‬,,,,entry_arabic_count_mismatch
38,38,60,َ ،‫َسا يفيل‬ َ ْ ‫ َوا‬،‫يل‬َ َ َ ‫ َو يم ْيك يئ‬،‫جبا يئيل‬ َْ ‫ب‬ َّ ‫م َر‬ َّ ‫) «الل َّ ُه‬4(-33 ِ ‫ي‬ َ َ َّ َْ َ ‫ع‬ َ َ َ ‫ب َوالشهاد ية‬ ‫اِل الغي ي‬ ‫ي‬ ،‫ض‬ ‫ات َوال ْر ي‬ ‫الس َم َو ي‬ َّ ‫ط َر‬ ‫فا ي‬ ُ َ َ َ ُ َْ ‫د يِن‬ ْ َ ُ َ َْ ‫ْي َُنا يفي ي‬ ‫ْي يع َبا يدك يف‬ َ ْ َ ‫ُك ب‬ ُ ‫َت‬ َ ‫أَ ْن‬ ‫ اه ي‬.‫ه ُت يلفون‬ ‫ت‬ ُ ‫ِم ت َ َش‬ ْ َ ْ َ َ َّ َ ْ ‫َ ْ َن‬ َ ُ ْ ‫اء‬ ‫دي‬ ‫ق يِبِذ ينك ِانك َت ي‬ ‫ه يِم اْل ي‬ ‫ل ي َما اخت يلف يفي ي‬ َ ُ .»‫اط م ْستقي‬ َ ََ ‫ا‬ ٍ ‫ْص‬ ‫ي‬ ِ ٍ,"আ্া-হস্মা 7997 জিরাঈলা ওয়া মীকাঈলা ওয়া ইহা ফীলা ফা-তিরাস্‌ সামা-ওয়া-তি ওয়াল আরাদি 'আ-লিমাল NE ওয়াশশাহা-দাতি। আনতা SPY বাইনা ইবা- দিবা ফীমা কা-নু ফীহি ইয়াখতালিফুন। ইহদিলী 52 মুসলিম ১/৫৩৪, নং ৭৭১।",,,
39,39,61,،‫ ّٰللا أكب ك يبْيا‬،‫ ّٰللا أكب ك يبْيا‬،‫) «ّٰللا أكب ك يبْيا‬1(-31 ً َ ُ َ ْ َ ُ َّ ً َ ُ َ ْ َ ُ َّ ً َ َ ُ َ ْ َ ُ َّ ً َ َّ ُ ْ َ ْ َ ً َ َّ ُ ْ َ ْ َ ً َ َّ ُ ْ َ ْ َ ،‫ واْلمد يّلِل كثْيا‬،‫ واْلمد يّلِل كثْيا‬،‫واْلمد يّلِل ي كثْيا‬ ‫ي‬ ‫ي‬ َّ ُ ُ َ ً َ َ ً ْ ُ َّ َ َ ْ ُ َ ‫( «أعوذ يِبّلِل ي يِم‬যতনবার) »‫صيَل‬ َ ‫وُسان ّٰللاي بك َرة وأ ي‬ َْ َْ َْ ْ َ ْ َّ .»‫ َوَه يز يه‬،‫ َونف يث يه‬،‫ يِم نف يخ يه‬:‫ان‬ ‫الشيط ي‬,,,,entry_arabic_count_mismatch
40,40,63,ْ َ َ ُ َّ َ ‫ات َوال ْر ي‬ َّ ‫ت ُُن ُر‬ َ ‫ أَ ْن‬،‫ك اْل َ ْم ُد‬ َّ ‫)«الله‬1(-32 ‫ض‬ ‫الس َم َو ي‬ ‫مل‬ َ ْ َ َ ‫ات َوال ْر ي‬ َّ ُ ‫ت َق ني‬ َ ‫ك اْل َ ْم ُد أَ ْن‬ ‫ َول‬،‫ن‬ ْ َ َ ‫ض‬ ‫الس َم َو ي‬ ‫ي‬ َّ ‫ِم يفهي‬ ‫ي‬ ‫و‬ َ ْ َ َ ‫وات َوال ْر ي‬ َّ ‫ب‬ ‫ت َر ه‬ َ ‫ك اْل َ ْم ُد أَ ْن‬ َ ،‫ن‬ ْ َ َ ‫ض‬ ‫الس َم ي‬ ‫[ول‬ َّ ‫ِم يفهي‬ ‫ي‬ ‫و‬ َ ُ ْ ُ َ َ ُ ْ َ ْ َ َ َ َّ ْ َ َ ‫ض‬ ‫ات َوال ْر ي‬ ‫الس َم َو ي‬ َّ ‫ك‬ ‫هين] [ولك اْلمد لك مل‬ ‫وِم يف ي‬,,,"54 আবূ দাউদ ১/২০৩, নং ৭৬৪; ইবন মাোহ ১/২৬৫, ৮০৭; আহমাদ, আহমাদ ৪/৮৫, নং ১৬৭৩৯। িাইখ শু‘আইব আি- আরনাউত তার মুসনামদর তাহকীমক এ হাদীমসর সনদমক হাসান যি-র্াইযরযহ বমিমছন। আর আব্দু ি কামদর আরনাউত ইবন তাইযময়যার ‘আি-কামিমুত তাইময়যব’ গ্রমের নং ৭৮, এর তাহকীক বমিন, এযে তার িাওয়ামহদ বা সমােগমবাধক হাদীমসর দ্বারা সহীহ যি-র্াইযরহী প্রমাযণত হয়। আর আিবানী তার সহীহুি কামিযমত তাইময়যব এর ৬২ নং এ হাযদসযে উমল্লখ কমরমছন। তাছাড়া ইমাম মুসযিম ইবন উমর দেমক অনু রূপ হাদীস উিৃ ত কমরমছন, তমব দসখামন একযে ঘেনা বযণগত হময়মছ। ১/৪২০, নং ৬০১।",entry_arabic_count_mismatch
41,41,64,‫َ‬ ‫َّ َ َ َ ْ َ ْ ُ َ ْ َ َ ُ‬ ‫َ َ ْ‬ ‫ض]‬ ‫ات َوال ْر ي‬ ‫ي‬ ‫و‬‫َ‬ ‫م‬‫َ‬ ‫َّ‬ ‫الس‬ ‫ك‬ ‫هين] [ولك اْلمد أنت م يل‬ ‫وِم يف ي‬ ‫َ ُ َ ْ َه‬ ‫ْ ُ َ ْ َه‬ ‫َ َ َ ْ َْ ُ َْ َ ْ َه‬ ‫ت اْلق‪َ ،‬و َوعدك اْلق‪َ ،‬وق ْولك اْلق‪،‬‬ ‫[ولك اْلمد] [أن‬ ‫ْ‬ ‫ُ َ ْ‬ ‫ون َحق‪،‬‬ ‫َ َّ‬ ‫النب هي َ‬ ‫و‬ ‫‪،‬‬ ‫ق‬ ‫ار َ‬ ‫ح‬ ‫َ َّ‬ ‫الن ُ‬ ‫و‬ ‫‪،‬‬ ‫ق‬ ‫ك اْل َ هق‪َ ،‬واْل َ َّن ُة َ‬ ‫ح‬ ‫َوليقاؤ‬ ‫ي‬ ‫ََ َ‬ ‫ك أَ ْسلَ ُ‬ ‫َّ ُ َّ َ َ‬ ‫َ ن َ ُ‬ ‫َ ر‬ ‫مت‪َ ،‬وعل ْيك‬ ‫الساعة َحق] [اللهم ل‬ ‫َوم َّمد َحق‪ ،‬و‬ ‫َ ْ‬ ‫خاَص ُ‬ ‫َ‬ ‫ك أَنَ ْب ُ‬ ‫َ َ َّ ْ ُ َ َ ٓ َ ْ ُ َ َ ْ َ‬ ‫ت‪،‬‬ ‫ت‪َ ،‬و يبك‬ ‫َتّكت‪ ،‬و يبك أمنت‪ ،‬و ِالي‬ ‫َ َّ ُ‬ ‫اغف ْر ِل َما َق َّد ْم ُ‬ ‫َْ ُ َ ْ‬ ‫َ َْ َ‬ ‫ت‪َ ،‬و َما أخ ْرت‪َ ،‬و َما‬ ‫ي‬ ‫ي‬ ‫ف‬ ‫‪.‬‬ ‫ت‬ ‫حاَك‬ ‫ك‬ ‫و ِالي‬ ‫َ‬ ‫َْ َ ْ ُ َ َ َ ْ َْ ُ َْ َ ُ َ ن ُ َ َْ َ ُ َ ن‬ ‫خ ُر َل‬ ‫المؤ ي‬ ‫دم‪ ،‬وأنت‬ ‫أَسرت‪ ،‬وما أعلنت] [أنت المق ي‬ ‫َل أَ ْن َ‬ ‫َ َ َ َّ‬ ‫َ َ َّ َ ْ َ َ ْ َ َ‬ ‫ت]»‪.‬‬ ‫ت ِال يهي َل ِاله ِا‬ ‫ِاله ِاَل أنت] [أن‬,"আলা-হম্থা লাকাল হামদ আনতা TP সামা-ওয়া-তি ওয়াল আরছি ওয়ামান FRA ওয়া লাকাল BATT! আনতা 27/7177 সামা-ওয়া-তি ওয়াল আরাদি ওয়ামান PSA, [CM লাকাল BIG আনতা 7797 সামা-ওয়া-তি ওয়াল আরাদি ওয়ামান ফীহিনা] [CM লাকাল হামদ, লাকা মুলকুস সামা-ওয়া-তি ওয়াল আরছি ওয়ামান BARA, /ওয়ালাকাল BUG, আনতা মালিকৃস সামা-ওয়া-",,,
42,42,67,ْ َ‫ُْ َ َ ن‬ .»‫ّب ال َع يظي‬ ‫ «ُسان ر ي‬-33 ‫ي‬,FAIA রাব্বিয়াল AT) |,"“আমার মহান রব্বের পবিত্রতা ও মহিমা ঘোষণা করছি” (তিনবার) % বুখারী, ফাতহুল বারীসহ) ৩/৩, ১১/১১৬, ১৩/৩৭১, ৪২৩, ৪৬৫, নং ১১২০, ৬৩১৭, ৭৩৮৫, ৭৪৪২, ৭৪৯৯; ও মুসলিম সংক্ষিপ্তাকারে ১/৫৩২, নং AWD! 57 সুনানের গ্রস্থাকারগণ ও আহমাদ হাদীসটি উদ্ধৃত করেছেন। আবু দাউদ, নং ৮৭০; তিরমিযী, নং ২৬২; নাসাঈ, নং ১০০৭; ইবন মাজাহ, নং ৮৯৭; আহমাদ, নং ৩৫১৪। আরও দেখুন, সহীহুত তিরমিযী, ১/৮৩।","56 বু খারী, (ফাতহুি বারীসহ) ৩/৩, ১১/১১৬, ১৩/৩৭১, ৪২৩, ৪৬৫, নং ১১২০, ৬৩১৭, ৭৩৮৫, ৭৪৪২, ৭৪৯৯; ও মুসযিম সংযক্ষপ্তাকামর ১/৫৩২, নং ৭৬৯।",reference_count_mismatch
43,43,68,ْ َّ ُ َّ َ ْ َ َ َ َّ َ َّ ُ َّ َ َ َ ْ ُ )2( .»‫م اغ يف ْر يِل‬ ‫«ُسانك اللهم ربنا و يِبم ي‬ ‫ الله‬،‫دك‬ -34,,,"59 মুসযিম ১/৩৫৩, নং ৪৭৪; আবূ দাউদ ১/২৩০, নং ৮৭২।","entry_arabic_count_mismatch,reference_count_mismatch"
44,44,68,َ َ ‫) ُ ه ُ ر ُ ه ر‬3( .»‫وح‬ ‫َلئيك ية َو ه‬ ‫الر ي‬ َ ‫ب‬ ‫الم‬ ‫ َر ه‬،‫وس‬ ‫ قد‬،‫ «سبوح‬-31,,,,"entry_arabic_count_mismatch,reference_count_mismatch"
45,45,68,َ َ َ ُ ْ َ ْ َ َ َ َ ُ ْ َ ٓ َ َ ُ ْ َ َ َ َ َّ ُ َّ )4( ‫خشع‬،‫ت‬ ‫ولكأسلم‬،‫و يبكأمنت‬،‫ «اللهملكركعت‬-31,,,,"entry_arabic_count_mismatch,reference_count_mismatch"
46,46,69,ْ َّ ‫است َقل‬ ‫ت‬ َ َ َ ‫َ ُن‬ َ ‫ َو َع‬،‫عــ ْظمي‬ ‫[ َو َما‬،ِ‫ص ي‬ ‫ و‬،‫وميي‬،‫َي‬ َ َ َ َْ َ َ ‫ي‬ ‫وب ي‬،‫لك َس يع‬ َ َ .»]‫ه قد يِم‬ ‫يب ي‬,"তআলা-হুম্মা লাকা NG, ওয়াবিকা আ-মানতু ওয়া লাকা আসৃলামতু। খাশা'আ লাকা সাম ওয়া বাসারী ওয়া মুখ্বী ওয়া আযমী ওয়া আসাবী /ওয়ামাভাকাল্লাত বহি কাদামী))।","০) “হে আল্লাহ! আমি আপনার জন্যেই রুকু করেছি, আপনার ওপরই ঈমান এনেছি এবং আপনার কাছেই আত্মসমর্পণ করেছি। আমার কান, আমার চোখ, আমার বিনয়াবনত। [আর যা আমার পা বহন করে দাঁড়িয়ে আছে","60 মুসযিম ১/৫৩৪, নং ৭৭১; তাছাড়া চার সু নান গ্রেকারর্মণর মমধয ইবন মাোহ বযতীত সবাই তা উিৃ ত কমরমছন। আবূ দাউদ, নং","entry_arabic_count_mismatch,reference_count_mismatch"
47,47,69,,"আমার সমগ্র সত্তা) তাও (আপনার জন্য বিনয়াবনত)]”৬০। © মুসলিম ১/৫৩৪, নং ৭৭১; তাছাড়া চার সুনান গ্রন্থকারগণের মধ্যে ইবন মাজাহ ব্যতীত সবাই তা উদ্ধৃত করেছেন। আবু দাউদ, নং 41510117096 ৮০০7:",,,"entry_arabic_count_mismatch,reference_count_mismatch"
48,48,70,ْ ‫)«ُسان ي‬1(-31 َ ْ ْ َ ُ َ ْ ََُ ،‫يبٰٓي يء‬‫ك‬‫ال‬‫و‬ ، ‫وت‬ ‫ك‬ ‫ل‬‫م‬َ ‫ال‬‫و‬َ ،‫بوت‬ ‫اْل‬ ‫ذي‬ َ َ ُْ ‫ي‬ ‫ي‬ ‫ي‬ َ ْ .»‫َوال َعظ َم ية‬,"Fenian জাবারাতি ওয়াল 37/3725 ওয়াল কিবরিয়াই ওয়াল 'আযামাতি)। ‏لون‎ “পবিত্রতা ও মহিমা ঘোষণা করছি সেই ASIA, যিনি প্রবল প্রতাপ, বিশাল সাম্রাজ্য, বিরাট গৌরব-গরিমা এবং অতুলনীয় মহত্বের অধিকারী”১১।",রুকু থেকে উঠার দো'আ,"61 আবূ দাউদ ১/২৩০, নং ৮৭৩; নাসাঈ, নং ১১৩১; আহমাদ, নং ১৩৯৮০। আর তার সনদ হাসান।",reference_count_mismatch
49,49,70,ُ َ َ ْ َ ُ َّ َ َ )1( .»‫حده‬ ‫ « ي‬-83 ‫َسع ّٰللا ليمن ي‬,"সামি'আলা-হ লিমান হামিদাহ)। ৭৬০, ৭৬১; তিরমিযী, নং ৩৪২১; নাসাঈ, নং ১০৪৯; তবে দুই ব্রাকেটের অংশ ইবন খুযাইমার শব্দ, নং ৬০৭; ইবন হিব্বান, নং ১৯০১। এ আবু দাউদ ১/২৩০, নং ৮৭৩; নাসাঈ, নং ১১৩১; আহমাদ, নং ১৩৯৮০ | আর তার সনদ হাসান।",,,reference_count_mismatch
50,50,71,ً ً َ ً ْ َ ُ ْ َ ْ َ َ َ َ َّ َ )2( .»‫ه‬ َ ‫كثْيا ً َط نيبا ُم‬ ‫بارَ يفي ي‬ ‫ حدا‬،‫ «ربنا ولك اْلمد‬-33 ‫ي‬,"FRA ওয়া লাকাল হামদ, হামদান কাছীরান STAT মুবা-রাকান ফীহি","‏لون‎ “হে আমাদের FA! আর আপনার জন্যই সমস্ত প্রশংসা; অঢেল, পবিত্র ও বরকত-রয়েছে-এমন প্রশংসা re € বুখারী, (ফাতহুল বারীসহ) ২/২৮২, নং ৭৯৬। € বুখারী, (ফাতহুল বারীসহ) ২/২৮৪, নং ৭৯৬। ‎41510117096 ৮০০7:","62 বু খারী, (ফাতহুি বারীসহ) ২/২৮২, নং ৭৯৬।",entry_arabic_count_mismatch
51,51,71,َّ ‫)« يمل َء‬3(-43 ْ َُ َ َ ْ ْ ‫ َو يمل َء‬،‫ َو َماب ْيِن َما‬،‫ض‬ ‫ات َو يمل َءال ْر ي‬‫الس َم َو ي‬ َ َ ‫َ َْ ْ َ ه‬ َّ َ َ ُ ْ َ َ ْ َ ْ ‫ أ َحق َما قال‬،‫د‬ ‫ي‬ ‫ج‬ ‫م‬ ‫ال‬‫و‬ ‫ء‬‫ي‬ ‫نا‬ ‫الث‬ ‫ أهل‬.‫ت يِم ش ٍء بعد‬ ‫َما يشئ‬ َ َ ‫َل َمان َع ل َما أَ ْع َط ْي‬َ َّ ُ َّ ‫ْ َ ْ ُ َ ُ ه َ َ َ َ ْ ر‬ ‫ َوَل‬،‫ت‬ ‫ي ي‬ ‫ اللهم‬.‫ وّكنا لك عبد‬،‫العبد‬ ‫ُ ْ َ َ َ َ ْ َ َ َ َْ َ ُ َ َن ْ َ َه‬ .»‫د يمنك اْلد‬ ‫ وَل ينفع ذا اْل ي‬،‫مع يِط ليما منعت‬,,,"63 বু খারী, (ফাতহুি বারীসহ) ২/২৮৪, নং ৭৯৬।",entry_arabic_count_mismatch
52,52,72,,"মিল'আস সামা-ওয়া-তি ওয়া মিল'আল 373/77 ওয়ামা বাইনাহুমা, ও মিল'্আ মা Prot মিন শাইয়িন বাদ, আহলাস সানা-য়ি ওয়াল মাজাদি, আহার মা 7 a, ওয়া 375797 লাকা 'আবদুন, আলা-হুম্মা লা wien লিমা ত'্তাইতা, ওয়ালা y fear লিমা মানাতা, ওয়ালা SMTA Y যাল-জাদি মিনকাল জাদু) ١ ‎“(আপনার প্রশংসা করছি) আসমানসমূহ পর্ণ‏ مع ‎করে, যমীন পূর্ণ করে ও যা এ দু'টির মাঝে রয়েছে (তাও‏ ‎পূর্ণ করে), আর এর পরে যা পূর্ণ করা আপনার ইচ্ছা তা‏ ‎পূর্ণ করে। হে প্রশংসা ও সম্মান-মর্যাদার যোগ্য সত্তা!‏ ‎বান্দা সবচেয়ে যে সঠিক কথাটি বলেছে তা হচ্ছে (আর‏ ‎আমরা সবাই আপনার বান্দা) হে আল্লাহ, আপনি যা‏ ‎প্রদান করেছেন তা বন্ধ করার কেউ নেই, আর আপনি যা‏",,,entry_arabic_count_mismatch
53,53,73,َ ْ َ ‫) ُ ْ َ َ ن‬1( .»‫ان َر يّبَالَع‬‫ «ُس‬-41,"সুবহা-না রাব্বিয়াল আ'লা) ‏“زوع‎ “আমার রব্বের পবিত্রতা ও মহিমা বর্ণনা করছি, যিনি সবার উপরে ।” (তিনবার)৬৫ 5458015804৬৪50৫7 ‏اللَّهُمَ‎ এ৫ঞ 2১42",,"65 হাদীসযে সু নানগ্রেকারর্ণ ও ইমাম আহমাদ সংকিন কমরমছন। আবূ দাউদ, হাদীস নং ৮৭০; যতরযমিী, হাদীস নং ২৬২; নাসাঈ, হাদীস নং ১০০৭; ইবন মাোহ, হাদীস নং ৮৯৭; আহমাদ, হাদীস নং ৩৫১৪। আরও দদখুন, সহীহুত যতরযমিী, ১/৮৩।",reference_count_mismatch
54,54,73,ْ َّ ُ َّ َ ْ َ َ َ َّ َ َّ ُ َّ َ َ َ ْ ُ )2( .»‫م اغ يف ْر يِل‬ ‫ الله‬،‫دك‬‫ «ُسانك اللهم ربنا و يِبم ي‬-42,"সুবহা-নাকাললা-হম্মা রববানা ওয়া বিহামাদিকা আল্লা- হন্রাগফির লী)। « মুসলিম, ১/৩৪৬; নং ৪৭৭। © হাদীসটি সুনানগ্রন্থকারগণ ও ইমাম আহমাদ সংকলন করেছেন। আবু দাউদ, হাদীস নং ৮৭০; তিরমিযী, হাদীস নং ২৬২; নাসাঈ, হাদীস নং ১০০৭; ইবন মাজাহ, হাদীস নং ৮৯৭; আহমাদ, হাদীস নং ৩৫১৪। আরও দেখুন, সহীহুত তিরমিযী, ১/৮৩।",,,reference_count_mismatch
55,55,74,‫ قد‬،‫) « ُسبوح‬3(-43 َ َ ْ ‫ر ُ ه ر‬ .»‫وح‬ ‫ب ال َمَلئيك ية َو ه‬ ‫الر ي‬ ‫ َر ه‬،‫وس‬,,,"67 মুসযিম ১/৩৫৩, নং ৪৮৭; আবূ দাউদ, নং ৮৭২। পূ মবগ ৩৫ নং এ র্ত হময়মছ।","entry_arabic_count_mismatch,reference_count_mismatch"
56,56,74,‫ ول‬،‫) «اللهم لك َسدت و يبك أمنت‬4(-44 َ َ َ ُ ْ َ ٓ َ َ ُ ْ َ َ َ َ َّ ُ َّ ُ ‫ك أَ ْسلَ ْم‬ ،‫ت‬ ُ َ َ َ َ ُ َ ْ َ َّ َ َ ُ َ َّ َ َ ُ َ َ َ َّ ْ َ َ َ َ ،‫َه‬ ‫ وشق َسعه وب‬،‫ وصوره‬،‫ذي خلقه‬ ‫َسد وج يه َي ل يل ي‬ ْ َ ُ َّ َ َ َ َ َ ‫سن اْلَال‬ .»‫قْي‬ ُ ‫ّٰللا أ ْح‬ ‫تبارك‬ ‫ي‬,,,,"entry_arabic_count_mismatch,reference_count_mismatch"
57,57,75,ْ ‫) «ُسان ي‬1(-41 َ ْ ْ َ ُ َ ْ ََُ َ َ َ ُْ ،‫يبٰٓي يء‬ ‫ وال َملك ي‬،‫وت‬ ‫ والك ي‬،‫وت‬ ‫ذي اْلب ي‬ َ ْ .»‫َوال َعظ َم ية‬,"আল্লা-হন্রা লাকা সাজাদতু ওয়াবিকা আ-মানত ওয়া লাকা আসলামতু । সাজাদ৷ ওয়াজাহিয়া লিল্লামী খালাকাহু ওয়া সাওয়্যারাহ ওয়া শাকা সামণআহ ওয়া বাসারাহু, তাবারাকাল্লাহু আহ্সানুল খালিকীন) | ‏قوع‎ “হে আল্লাহ! আমি আপনার জন্যই সাজদাহ করেছি, আপনার ওপরই ঈমান এনেছি, আপনার কাছেই নিজেকে সঁপে দিয়েছি। আমার মুখমণ্ডল সাজদায় অবনত সেই মহান সম্ভার জন্য, যিনি একে সৃষ্টি করেছেন এবং আকৃতি দিয়েছেন, আর তার কান ও চোখ বিদীর্ণ করেছেন। সর্বোত্তম ত্রষ্টা আল্লাহ অত্যন্ত বরকতময় ।”৬৮",,,entry_arabic_count_mismatch
58,58,75,,"সুবহা-নাধিল জাবারাতি, ওয়াল মালাকুতি, ওয়াল কিবরিয়া-ই ওয়াল 'আযামাতি)। 8 মুসলিম ১/৫৩৪, নং ৭৭১ ও অন্যান্যগণ। 41510117096 ৮০০7:",,,entry_arabic_count_mismatch
59,59,76,ُ ٓ َ ُ َ َّ َ َ ُ َّ َ ُ َّ ُ َّ ُ ْ َ ْ َّ ُ َّ )1( ،‫خ َره‬ ‫ وأوله وأ ي‬،‫جله‬ ‫ي‬ ‫و‬ ‫ه‬‫ق‬ ‫د‬ ‫ي‬ :‫ه‬‫ّك‬ ِ‫ي‬ ‫ن‬‫ذ‬ ‫ِل‬ ‫ي‬ ْ ‫اغ يف‬ ‫ر‬ ‫ «اللهم‬-41 ُ َّ َ ُ َ َّ َ َ َ .»‫َسه‬ ‫وعَل ينيته و ي‬,,,"69 আবু দাঊদ ১/২৩০, নং ৮৭৩; নাসাঈ, নং ১১৩১; আহমাদ, নং ২৩৯৮০। আর িাইখ আিবানী এমক সহীহ আবু দাউমদ ১/১৬৬ সহীহ বমিমছন। িার তাখরীে ৩৭ নং এ চমি দর্মছ।",entry_arabic_count_mismatch
60,60,77,َ َ ُ َ َ َ ْ َ َ ُ ُ َ ‫) َّ ُ َّ ن‬1( ‫ َو يِب َعافاتيك‬،‫طك‬ ‫ِبضاك يِم َس ي‬ ‫ «اللهم ِا يِن أعوذ ي ي‬-41 َ ََ ً َ َ ْ ُ َ َ ْ َ ُ ُ َ َ َ َ ُ ْ ،‫اء عل ْيك‬ ‫ص ثن‬ ‫ َل أح ي‬،‫ وأعوذ يبك يمنك‬،‫يِم عقوب يتك‬ َ َْ َ َ َ ْ َ َْ ََ َ َْ .»‫ت َع نف يسك‬ ‫أنت َ أثني‬,"আলা-হস্মা ইনী আউয়াবারিছা-কা মিন সাখাত়িকা, ওয়া বিযু'আ-ফা-তিকা মিন উদ্লুবাতিকা, ওয়া আউয় Ker আসনাইতা তালা নাফাসিকা)। ‎“হে আল্লাহ! আমি আপনার সন্তুষ্টির মাধ্যমে‏ “لوو ‎অসন্তুষ্টি থেকে, আর আপনার নিরাপত্তার মাধ্যমে আপনার ‎শাস্তি থেকে আশ্রয় চাই। আর আমি আপনার নিকটে ‎আপনার (পাকড়াও) থেকে আশ্রয় চাই। আমি আপনার ‎প্রশংসা গুনতে সক্ষম নই, আপনি সেরূপই, যেরূপ ‎প্রশংসা আপনি নিজের জন্য করেছেন” 1 ‎২০. দুই সাজদার মধ্যবর্তী বৈঠকের দো'আ ‎7 মুসলিম ১/৩৫২, নং ৪৮৬। 41510117096 ৮০০7:",,,
61,61,78,ْ ‫) َ ن ْ ْ َ ن‬1 ( .»‫ب اغ يف ْر يِل‬ ‫ «ر ي‬-42 ‫ ر ي‬،‫ب اغ يفر يِل‬,,,"72 আবূ দাউদ ১/২৩১, নং ৮৭৪; ইবন মাোহ নং ৮৯৭। আরও দদখুন, সহীহ ইবন মাোহ, ১/১৪৮।","entry_arabic_count_mismatch,reference_count_mismatch"
62,62,78,َّ ُْ ْ ْ َ َْ ْ َ ْ ْ َّ ُ ‫ واه ي‬،‫ وارح ين‬،‫ «اللهم اغ يفر يِل‬-43 ،‫ َواجب يِن‬،‫د يِن‬ ْ َ ْ َ ْ ُ ْ َ .»‫ارفع ين‬ َ ‫ و‬،‫ارزق ين‬ ‫ و‬،‫َوعا يف ين‬,,,,"entry_arabic_count_mismatch,reference_count_mismatch"
63,63,79,ُ َ َ َ َ ُ َ ْ َ َّ َ َ ُ َ َ َ َّ ْ َ َ َ َ )1 ( ‫َه‬ ‫ وشق َسعه وب‬،‫ذي خلقه‬ ‫ «َسد وج يه َي ل يل ي‬-13 ْ َ ُ َّ َ َ َ َ ُ َ ‫ن اْلَالق‬ .»﴾‫ْي‬ ُ ‫ّٰللا أ ْح َس‬ ‫ ﴿فتبارك‬،‫ه‬ ‫ه َوق َّو يت ي‬ َ ‫يِب ْول ي ي‬ ‫يي‬,"সাজাদা ওয়াজাহিয়া 18277 খালাাহু, ওয়া শাকা 3773/5 ওয়া Wee, বিহাওলিহি ওয়া কুওয়াতিহি ফাতবারাকাল্লা-হু আহসানুল খা-লিকীন) |","১) “আমার FIST সাজদাহ করেছে সে সত্তার জন্য, যিনি একে সৃষ্টি করেছেন, আর নিজ শক্তি ও % হাদীসটি নাসাঈ ব্যতীত সুনান গ্রন্থগারগণ সবাই সংকলন করেছেন। আবু দাউদ, ১/২৩১, নং ৮৫০; তিরমিযী, নং ২৮৪, ২৮ ইবন মাজাহ, নং ৮৯৮। আরও দেখুন, সহীহুত তিরমিযী, ১/৯০; সহীহ ইবন মাজাহ ১/১৪৮। 41510117096 ৮০০7:","73 হাদীসযে নাসাঈ বযতীত সু নান গ্রের্ারর্ণ সবাই সংকিন কমরমছন। আবূ দাউদ, ১/২৩১, নং ৮৫০; যতরযমিী, নং ২৮৪, ২৮৫; ইবন মাোহ, নং ৮৯৮। আরও দদখুন, সহীহুত যতরযমিী, ১/৯০; সহীহ ইবন মাোহ ১/১৪৮।",
64,64,80,َ ‫َ ْ َ َ َ ْ ً َ ْ َن‬ ْ َّ ُ َّ )2( ‫ َوضع ع ين يِا‬،‫ب يِل يِا يعندك أجرا‬ ْ ‫م اك ُت‬ ‫ «الله‬-11 ََْ َ َ ََ ‫ْ َ َ ُ ْ ً َ َ َْ ن‬ َْ ْ ً ْ ‫ َوتق َّبلها يم ين َ تق َّبلَا‬،‫ َواج َعلها يِل يعندك ذخرا‬،‫يوزرا‬ َ ُ َ َ َْ ْ .»‫اود‬ ‫دك د‬ ‫يِم عب ي‬,,,"74 যতরযমিী, ২/৪৭৪, নং ৩৪২৫; আহমাদ ৬/৩০; নং ২৪০২২; হাযকম ও সহীহ বমিমছন এবং িাহাবী দসো সমেগন কমরমছন, ১/২২০; আর বাড়যত অংিেুকু তাাঁরই। আয়াতেুকু সূ রা আি- মুযমনূ ন এর ১৪ নং আয়াত।",entry_arabic_count_mismatch
65,65,81,ُ َ َّ ُ َ َّ َ ‫َّ َّ ُ َّ ي‬ ‫ والصل‬،‫«الت يحيات يّلِل‬-51 ُ َّ ‫ َو‬،‫وات‬ ‫السَلم‬ ،‫الط نييبات‬ َ َ َ ُ َ َّ ُ ُ َ َ َ َ ‫َّ ه َ َ ْ َ ُ َّ ي‬ َ‫ََ َ َه‬ ‫السَلم عل ْينا‬ ،‫عل ْيك أُّيا الن يِ ورحة ّٰللا وِبَته‬ ُ َّ َّ َ َ َ ْ َ ُ َ ْ َ َ َّ َّ َ َ ‫ن َل ِاله ِاَل ّٰللا‬ ‫ أشهد أ‬.‫اْل يْي‬‫الص ي‬ ‫َوَع يع َبا يد ّٰللا ي‬ ُ ُ ُ ُ َ ً َ ُ َّ َ ُ َ ْ َ َ .»‫ن م َّمدا ع ْبده َو َرسوله‬ ‫وأشهد أ‬,"আভাহিয়্যা-তু লিললা-হি ওয়াসৃসালাওয়া-তু ওয়াভায়িবা-তু আস্ৃসালা-য় আলাইকা 9752723 3/927 ওয়া রাহমাতুল্লা-হি ওয়া বারাকা-তুহু। আসৃসালা-ম্ব 'আলাইনা 75 তিরমিযী ২/৪৭৩, নং ৫৭৯; হাকেম ও সহীহ বলেছেন, আর ইমাম যাহাবী সমর্থন করেছেন, ১/২১৯। 41510117096 ৮০০7:",,,
66,66,82,َ َّ ‫صل‬ َ َ َّ َ ُ ٓ َ َ َ َّ َ ُ َ َ ‫) َّ ُ َّ َ ن‬1( ‫ «اللهم ص ي‬-13 ‫يت‬ َ َ ،‫د‬ ٍ ‫ وَع أ يل مم‬،‫د‬ ٍ ‫ل َع مم‬,,,"76 বু খারী, (ফাতহুি বারীসহ) ১১/১৩, নং ৮৩১; মুসযিম ১/৩০১, নং ৪০২।",entry_arabic_count_mismatch
67,67,83,َّ ‫ الل َّ ُه‬،‫يد‬ ‫َ َّ َ َ ر َ ر‬ َ ْ ٓ َ َ َ َ ْ َ َ ‫م‬ ‫م‬ ‫حيد ي‬‫ ِانك ي‬،‫ وَع أ يل ِاِبا يهي‬،َ‫َع ِاِبا يهي‬ َ‫ِبا يهي‬ َ َ َ ْ َ َ َ َ َّ َ ُ ٓ َ َ َ َّ َ ُ َ َ ْ َ َ ْ ‫َع ِا‬ ‫ َ ِبركت‬،‫د‬ ٍ ‫د وَع أ يل مم‬ ٍ ‫ِب يرك َع مم‬ ‫َ َّ َ َ ر َ ر‬ .»‫ميد‬ َ ْ ٓ َ َ َ ‫حيد ي‬ ‫ ِانك ي‬،‫وَع أ يل ِاِبا يهي‬,"আলা-হুন্দা 778 9157 721775577 'আলা আ-লি যহাম্থাদিন কামা সাল্লাইতা 'আলা ইবরাহীমা ওয়া আলা আ-লি 337257 5578 হামীদুম মাজীদ । 3757-2 বারিক আলা ম্বহাম্মাদিউওয়া 'আলা আলি মৃহাম্মািন, কামা বা-রাকতা আলা 39/2/37 ওয়া 'আলা আ.-লি ইন্রাহীমা SHH হামীদুষ মাজীদ) ।",১ “হে আল্লাহ! আপনি (আপনার নিকটস্থ উচ্চসভায়) মুহাম্মাদকে সম্মানের সাথে স্মরণ করুন এবং তাঁর নিশ্চয় আপনি অত্যন্ত প্রশংসিত ও মহামহিমান্বিত। হে আল্লাহ! আপনি মুহাম্মাদ ও তাঁর পরিবার পরিজনের ওপর বরকত নাযিল করুন যেমন আপনি বরকত নাযিল,,
68,68,84,ََ َّ ُ َ ‫َع أَ ْز‬ َ َ َ َّ َ ُ َ َ ‫) َّ ُ َّ َ ن‬2( َ ،‫ه‬ ‫ه َوذ ن يري يت ي‬ ‫اج ي‬‫ي‬ ‫و‬ ‫دو‬ ٍ ‫ل َع مم‬ ‫ «اللهم ص ي‬-14 ْ َ َ َ َ َّ َ ُ َ َ ْ َ َ َ َ َ َ ْ َّ َ َ ْ ‫َع أٓل ِا‬ ‫واج ي‬ ‫ه‬ ‫ي‬ ‫ز‬ ‫أ‬ ‫َع‬ ‫و‬ ‫د‬ ٍ ‫م‬ ‫م‬ ‫َع‬ ‫ك‬ ‫ر‬ ‫ي‬ ‫ِب‬ ‫و‬ . ‫ي‬ ‫ه‬ ‫ي‬ ‫ا‬‫ِب‬ ‫ي‬ ‫صليت‬ ‫َ َّ َ َ ر َ ر‬ َ ْ ‫َع أٓل ِا‬ َ َ َ َْ َ ََ َّ ‫َ ُ ن‬ .»‫ميد‬ ‫ي‬ ‫يد‬ ‫ح‬ ‫ي‬ ‫ك‬ ‫ن‬ ‫ا‬ ِ . ‫ي‬ ‫ه‬ ‫ي‬ ‫ا‬‫ِب‬ ‫ي‬ ‫ت‬ ‫ك‬ ‫ر‬ ‫ِب‬ َ ، ‫ي‬ ‫ه‬ ‫ت‬ ‫ي‬ ‫وذ يري‬,"আলা-হুম্থা 378 'আলা মুহাস্মািউওয়া আলা আয়ওয়াজিহি ওয়া যুররিয়্যাতিহি কামা সাল্লাইতা আলা আলি ইবরাহীমা, ওয়া বারিক 'আলা মৃহান্মাদিউওয়া আলা আয়ওয়াজিহি ওয়া FARMER কামা বা-রাতা “আলা আ-লি BNA SNP AAG মাজীদ) |","২ “হে আল্লাহ! আপনি (আপনার নিকটস্থ উচ্চসভায়) মুহাম্মাদকে সম্মানের সাথে স্মরণ করুন এবং তাঁর স্ত্রীগণ ও তাঁর বংশধরকেও, যেমন আপনি সম্মানের সাথে স্মরণ 7 বুখারী, (ফাতহুল বারীসহ) ৬/৪০৮, নং ৩৩৭০; মুসলিম, নং ৪০৬। 71510171105 ০০০7","77 বু খারী, (ফাতহুি বারীসহ) ৬/৪০৮, নং ৩৩৭০; মুসযিম, নং ৪০৬।",
69,69,85,‫) «الله ـم ِا يِن أعوذ يب‬1(-11 ْ ْ َ ْ َ َ ْ َ ُ ُ َ ‫َّ ُ َّ ن‬ ‫ َو يِم‬،‫ب‬‫اب الق ي‬ ‫ي‬ ‫ذ‬ ‫ع‬ ‫ِم‬ ‫ي‬ ‫ك‬ ‫َ ْ َ ن‬ ْ َ ْ ْ َ ْ ْ َ َ َّ َ َ َ َ ‫ و يِم ي‬،‫ات‬ ‫َش‬ ‫ و يِم يفتن ية ال َمح َيا وال َم َم ي‬،‫اب جهَّن‬ ‫عذ ي‬ َّ َّ ْ َ ْ .»‫ال‬ ‫يح الدج ي‬ ‫يفتن ية ال َم يس‬ ‫ي‬,"আলা-হম্মা Sap আয়ু বিকা মিন 'আযা-বিল কাবারি ওয়া মিন 'আহযা-বি জাহানামা, ওয়া মিন ফিতনাতিল মাহইয়া ওয়াল মামা-তি, ওয়া মিন শাররি ফিতনাতিল মাসীহিদ দাজ্জা-ল) | 75 বুখারী, (ফাতহুল AAA) ৬/৪০৭, নং ৩৩৬৯; মুসলিম ১/৩০৬, নং ৪০৭। আর শব্দটি মুসলিমের ١",,"78 বু খারী, (ফাতহুি বারীসহ) ৬/৪০৭, নং ৩৩৬৯; মুসযিম ১/৩০৬, নং ৪০৭। আর িব্দযে মুসযিমমর।",
70,70,86,َ ُ َ ْ َْ َ َ ْ َ ُ َ ‫) َّ ُ َّ ن‬2( ‫ َوأعوذ يبك‬،‫ب‬ ‫ي‬ ‫ق‬ ‫ال‬ ‫ب‬‫ي‬ ‫ا‬‫ذ‬ ‫ «اللهم ِا يِن أعوذ يبك يِم ع‬-11 ْ ْ َ ْ ْ ‫َ َ ُ َ ي‬ َّ َّ ْ َ ‫ِم يف ْت َن ية ال‬ ْ ‫ي‬ ‫ة ال َمح َيا‬ ‫ وأعوذ يبك ِم يفتن ي‬،‫ال‬ ‫ي‬ ‫ج‬ ‫الد‬ ‫يح‬ ‫س‬‫ي‬ ‫م‬ ‫ي‬ َْ َ ْ َ َ ْ َ ْ َ َ ُ َ ‫َّ ُ َّ ن‬ ْ َ .»‫ُث والمغر يم‬ ‫ اللهم ِا يِن أعوذ يبك يِم المأ ي‬.‫ات‬ ‫وال َم َم ي‬,,,,entry_arabic_count_mismatch
71,71,87,َْ َ ً َ ً ْ ُ ْ َ ُ ْ َ َ ‫) َّ ُ َّ ن‬3( ‫ َوَل يغ يف ُر‬،‫ت نف يِس ظلما ك يثْيا‬ ‫ «اللهم ِا يِن ظلم‬-11 َْ ْ َ َ ْ ْ ‫َ ْ َ ً ي‬ ْ ْ َ َ ْ َ َّ َ ‫ه‬ ،‫ارح ين‬ ‫دك و‬ ‫ فاغ يفر يِل مغ يفرة ِم يعن ي‬،‫الذُنب ِاَل أنت‬ َ َ ْ َ َ َّ .»ُ ‫الرحي‬ ُ ‫الغ‬ َّ ‫فور‬ ‫ِانك أنت‬,,,,entry_arabic_count_mismatch
72,72,88,ُ َّ َ ُ ‫اغف ْر ِل َما َق َّد ْم‬ ْ َّ ُ َّ )4( ‫ َو َما‬،‫ َو َما أخ ْرت‬،‫ت‬ ‫ي‬ ‫ي‬ ‫ «اللهم‬-12 ‫م يب ي‬ ‫ه‬ ُ َ‫ت أَ ْعل‬ َ ‫ َو َما أَ ْن‬،‫ت‬ ُ ‫َس ْف‬َ ْ َ‫ َو َما أ‬،‫ت‬ُ ‫ َو َما أَ ْعل َ ْن‬،‫ت‬ ُ ْ َ َْ ‫أَسر‬ َّ َ َ َ ُ ‫ن َ ْ َ ْ ُ َ ن ُ َ َ ْ َ ْ ُ َ ن‬ َ ‫َل أَ ْن‬ .»‫ت‬ ‫خر َل ِاله ِا‬ ‫ وأنت المؤ ي‬،‫دم‬ ‫ أنت المق ي‬.‫يم ين‬,আলা-হুম্মাগফিরলী মা 7977375 ওয়া মা আখখারতু ওয়া মা আসরারতু ওয়া মা 377572 ওয়া মা MAES ওয়া মা আনতা আল-লামু বিহী fiat) আনতাল 377/937 ওয়া আনতাল মুতআখখির লা ইলাহা ইল্লা আনতা)।,"৪) “হে আল্লাহ! ক্ষমা করে দিন আমার গুনাহসমূহ- যা পূর্বে করেছি, যা পরে করেছি, যা আমি গোপন করেছি, যা প্রকাশ্যে করেছি, যা সীমালজ্ঘন করে করেছি, আর যা আপনি আমার চেয়ে বেশি জানেন। আপনিই (কাউকে) 51 বুখারী ৮/১৬৮, নং ৮৩৪; মুসলিম ৪/২০৭৮, নং ২৭০৫। 41510117096 ৮০০7:",,
73,73,89,‫) «اللهم أ يع ين‬9(-95 َ ْ ُ َ َ ْ ْ ‫ َو ُح‬،‫ك‬ َ َ ‫َّ ُ َّ َ ن‬ ‫ن‬ ‫ي‬ ‫س‬ ‫ر‬ ‫ي‬ ‫ك‬‫ش‬‫و‬ ، ‫ك‬ ‫ر‬ ‫ي‬ ‫ك‬ ‫ذ‬ ‫ي‬ ‫َع‬ َ َ .»‫يعباد يتك‬,"আল্লা-হন্া আইনী “আলা যিকরিকা ও শুকরিকা ওয়াহুসানি ইবা-দাতিকা)। es- “হে আল্লাহ! আপনার যিকির করতে, আপনার শুকরিয়া জ্ঞাপন করতে এবং সুন্দরভাবে আপনার ইবাদত করতে আমাকে সাহায্য করুন” ।৮৩ © মুসলিম ১/৫৩৪, নং ৭৭১। * আবূ দাউদ ২/৮৬, নং ১৫২২; নাসাঈ ৩/৫৩, নং ২৩০২। আর শাইখ আলবানী সহীহ আবি দাউদ ১/২৮৪ এটাকে সহীহ বলেছেন।",,"83 আবূ দাউদ ২/৮৬, নং ১৫২২; নাসাঈ ৩/৫৩, নং ২৩০২। আর িাইখ আিবানী সহীহ আযব দাঊদ ১/২৮৪ এোমক সহীহ বমিমছন।","entry_arabic_count_mismatch,reference_count_mismatch"
74,74,89,َ َ ُ َ ْ ُ ْ َ َ ُ ُ َ ‫) َّ ُ َّ ن‬1( ‫ «اللهم ِا يِن أعوذ يبك يِم الب ي‬-13 ‫ َوأعوذ يبك يِم‬،‫ل‬ ‫خ‬,,,,"entry_arabic_count_mismatch,reference_count_mismatch"
75,75,90,ْ َ ُ ُ َ ُ ْ َ َ َ َّ ُ ْ َ ْ ‫ُ ْ َ َ ُ ُ َ ي‬ ‫ َوأعوذ يبك‬،‫ن أ َرد ِاَ أ ْرذ يل الع ُم ير‬‫ وأعوذ يبك ِم أ‬،‫ب‬‫ي‬ ‫اْل‬ ْ َ ْ َ َ َ َ ْ ‫ه‬ .»‫ب‬ َ ْ ْ ‫اب الق ي‬ ‫يِم يفتن ية الدنيا وعذ ي‬,"আল্লা-হন্া ইনী 97157 বিকা মিনাল Teles, ওয়া HET বিকা মিনাল জুবানি, ওয়া 9757 বিকা মিন আন Carat ইলা আরযালিল ‘ey, ওয়া আন্উয়ু বিকা মিন ফিতনাতিদ দুনইয়া ও আযা-বিল কাবারি)।","৬ “হে আল্লাহ! আমি আপনার আশ্রয় চাই কৃপণতা থেকে, আপনার আশ্রয় চাই কাপুরুষতা থেকে, আপনার আশ্রয় চাই চরম বার্ধক্যে উপনীত হওয়া থেকে, আর থেকে।”৮৪ 51 বুখারি, (ফাতহুল বারীসহ) ৬/৩৫, নং ২৮২২ ও নং Yodo!","84 বু খাযর, (ফাতহুি বারীসহ) ৬/৩৫, নং ২৮২২ ও নং ৬৩৯০।","entry_arabic_count_mismatch,reference_count_mismatch"
76,76,90,َّ َ ‫) َّ ُ َّ ن َ ْ َ ُ َ ْ َ َّ َ َ َ ُ ُ َ ي‬1( .»‫ار‬ ‫ي‬ ‫الن‬ ‫ «اللهم ِا يِن أسألك اْلنة وأعوذ يبك ِم‬-11,,,,"entry_arabic_count_mismatch,reference_count_mismatch"
77,77,91,‫(‪َ َ ْ َ َ َ َ ْ ُ َ َ ْ َ َ ْ َّ ُ َّ )2‬‬ ‫لق أ ْح يي ين‬ ‫‪« -12‬اللهم يب يعل يمك الغيب وقدر يتك َع اْل ي‬ ‫َ َ َ َْ َ َ َ ْ ً‬ ‫َ َ َّ‬ ‫َ ْ َ َ َ ْ ً‬ ‫َ‬ ‫ت اْل َياة خْيا يِل‪َ ،‬وَتف ين ِاذا علي ْمت الوفاة خْيا‬ ‫َما ع يل ْم‬ ‫َّ َ َ‬ ‫َْ‬ ‫ْ‬ ‫َّ ُ َّ ن َ ْ َ ُ َ َ ْ َ َ َ‬ ‫ب َوالشهاد ية‪،‬‬ ‫يِل‪ ،‬اللهم ِا يِن أسألك خشيتك يِف الغي ي‬ ‫َ َُ َ‬ ‫ن َ َ ْ َ َ‬ ‫َ َْ َُ َ َ َ َ ْ َن‬ ‫ب‪َ ،‬وأ ْسألك‬ ‫ي‬ ‫ض‬ ‫غ‬ ‫ال‬ ‫و‬ ‫ا‬ ‫ض‬ ‫الر‬ ‫ي‬ ‫ِف‬ ‫ّكمة اْل ي ي‬ ‫ق‬ ‫وأسألك ي‬ ‫َ َُ َ َ ً َ َْ َ ُ َ َُ َ‬ ‫ْ َ ْ‬ ‫ْ َ‬ ‫ْ َ ْ َ‬ ‫صد يِف ال يغن َوالفق ير‪َ ،‬وأ ْسألك ن يعْي َل ينفد‪َ ،‬وأ ْسألك‬ ‫الق‬ ‫ن َ َْ َ ْ َ َ‬ ‫َ َْ َ ُ َ َْ َُ َ‬ ‫ُ َّ َ َ ْ‬ ‫الرضا بعد القضا يء‪،‬‬ ‫ي‬ ‫ك‬ ‫طع‪ ،‬وأسأل‬ ‫ْي َل تنق ي‬ ‫قرة ع ٍ‬ ‫َ َ ُ َ َ َّ َ َّ َ‬ ‫َْ َ ْ ْ‬ ‫َ َ ْ َُ َ َْ َ ْ َ ْ‬ ‫ت‪َ ،‬وأ ْسألك لذة النظ ير‬ ‫ِبد العي يش بعد ال َمو ي‬ ‫وأس ـ ـألك‬,আলা-হুন্মা SH আসতালুকাল জানাতা ওয়া STE বিকা মিনানার) |,"০) “হে আল্লাহ! আমি আপনার কাছে জান্নাত চাই এবং জাহান্নাম থেকে আপনার কাছে আশ্রয় চাই” ।৮৫ * আবূ দাউদ, নং ‏يدهو‎ ইবন মাজাহ নং ৯১০। আরও দেখুন, সহীহ ইবন মাজাহ, ২/৩২৮। 41510117096 ৮০০7:",,
78,78,92,َ َّ ‫اء ُم‬ َ ََّ َ ‫غْي‬ َ َ َ َ َّ َ ْ َ ‫ َوَل‬،‫َض ٍة‬‫ي‬ ‫ َوالش ْوق ِاَ ليقائيك يِف‬،‫ِاَ َوج يهك‬ ً َ ُ َْ ْ َ َ َ ‫َّ ُ َّ َ ن‬ َّ ُ َ ْ ‫ َواج َعلنا هداة‬،‫ان‬ ‫ي‬ ‫ْي‬ ‫اَل‬ ِ ‫ي‬ ‫ة‬ ‫ن‬ ‫ي‬‫ب‬ ‫ا‬ ‫ي يي‬‫ن‬ ‫ي‬‫ز‬ ‫م‬ ‫ه‬ ‫الل‬ ،‫ة‬ٍ ‫ضل‬ ٍ ‫يفتن‬ ‫ةم ي‬ .»‫ْي‬ َ ‫ُم ْه َتد‬ ‫ي‬,"আল্লা-হম্মা বিইলমিকাল 975/9 ওয়া কৃদরাতিকা 'আলাল খালাকি আহয়িনী মা আলিমৃতাল হায়া-তা MAT লী ওয়া তাওয়াফুফানী ইহা তআলিমৃতাল ওয়াফা-তা খাইরাল লী। আল্লা-হুম্থা 377 আসআলুকা খাশইয়াতাকা ফিল aT ওয়াশ-শাহাদাতি ওয়া আসত্বানুকা কালিমাতাল হাককি ফির-রিদা ওয়াল-গাদাবি। ওয়া আসআলুবকাল কাসদা ফিল গিনা ওয়াল ফাকরি, ওয়া আসআলুকা লাঈমান লা ইয়ানফাদু, ওয়া আসত্মালুকা Pato তাইনিন লা CAPSS, ওয়া আসুআলুকার-রিদা বাণ্দাল কাদায়ে, ওয়া আসআনুকা বারদাল MAY বাণ্দাল মাওতি, ওয়া আসতালুকা লাষযাতান-নাযারি ইলা ওয়াজাহিকা, ওয়াশ- শাওকা ইলা লিকাইকা, ফী 975/9 দাররাতা 77755 ওয়ালা ফিতনাতিম হ্রাদিলাহ। আলা-হস্যা যাইইলা বিষীনাতিল ঈমানি ওয়াজণ্আলনা হুদাতাম মুহতাদীন) |",,,
79,79,94,ُ َّ ُ َ َ ْ ُ َ ْ َ َّ َ ُ َّ َ َ َ ُ َ ْ َ ‫) َّ ُ َّ ن‬3( ‫الص َمد‬ ‫حد الحد‬ ‫ «اللهم ِا يِن أسألك ٰٓي أّلِل يبأنك الوا ي‬-13 َْ َ ‫َْ َ َ ْ َ ْ َ ُ ُُ ًَ ر‬ َ ْ ‫ِل يَل ْد َو‬ َ ْ ‫الَّذي‬ ‫ أ ْن تغ يف َر يِل‬،‫كن له كفوا أ َحد‬ ‫ وِل ي‬،‫ِل َيلد‬ ‫ي‬ ‫ي‬ .»ُ ‫حي‬ ُ ‫ت ْال َغ ُف‬ ‫ور َّ ن‬ َ ‫ك أَ ْن‬ َ َّ ُُ ‫الر ي‬ ‫ذُن يّب ِان‬,"আলা-হুম্মা 577 আসতালুব ইয়া আল্লা-হু বিআনাকাল ওয়া-হিদ্ুল HAT TINGED লাম ইয়ালিদ ওয়ালাম vo “হে আল্লাহ! আপনিই একক, অদ্বিতীয়, অমুখাপেক্ষী; যিনি জন্ম দেন নি, জন্ম নেনও নি; আর যার 56 নাসাঈ ৩/৫৪, ৫৫, নং ১৩০৪; আহমাদ ৪/৩৬৪, নং ২১৬৬৬। আর শাইখ আলবানী সহীহুন নাসাঈ ১/২৮১ তে একে সহীহ বলেছেন। 41510117096 ৮০০7:",,"86 নাসাঈ ৩/৫৪, ৫৫, নং ১৩০৪; আহমাদ ৪/৩৬৪, নং ২১৬৬৬। আর িাইখ আিবানী সহীহুন নাসাঈ ১/২৮১ দত এমক সহীহ বমিমছন।",
80,80,95,َ َ َ َ َ ْ َ َ َّ َ َ ُ َ ْ َ ‫َّ ُ َّ ن‬ ِ ‫) «اللهم ِا يِن أسألك يبأن لك اْل ْمد َل ِال‬13(-14 ‫ت‬َ ‫ه اَلَّ أَ ْن‬ َ َ َ ُ َّ َ ْ َ َ َ َ َ َ َ ْ َ ‫ات‬ ‫الس َم َو ي‬ َّ ‫يع‬ ‫د‬ ‫ ٰٓي ب ي‬،‫ المنان‬،‫َشيك لك‬ ‫وحدك َل ي‬ ‫َ َ ه َ َ ُ ن‬ ْ َ َ ْ َ َ َ ْ َ ْ ‫ال‬ ‫ح ٰٓي ق هيوم ِا يِن‬ ‫ ٰٓي‬،‫ام‬‫كر ي‬َ ‫َلل َواَل‬ ‫اْل‬ ‫ا‬‫ذ‬ ‫ٰٓي‬ ‫ض‬‫ي‬ ‫ر‬ ‫و‬ ِ ‫ي‬ َّ َ َ ُ ُ َ َ َ َّ َ ْ َ ُ َ ْ َ .»‫ار‬ ‫أسألك اْلنة وأعوذ يبك يِم الن ي‬,,,"87 নাসাঈ ৩/৫২, নং ১৩০০; িব্দ তাাঁরই, আহমাদ ৪/৩৩৮, নং ১৮৯৭। আর আিবানী সহীহুন নাসাঈ ১/২৮০ দত এমক সহীহ বমিমছন।",entry_arabic_count_mismatch
81,81,96,َ ُ َّ َ ْ َ َ َّ َ ُ َ ْ َ َّ َ َ ُ َ ْ َ ‫) َّ ُ َّ ن‬11( ‫ت ّٰللا َل‬ ‫«اللهم ِا يِن أسألك يبأِن أشهد أنك أن‬ -11 َ َ َ ْ ‫ِل َُيلَ ْد َو‬ ‫ِل‬ ْ ‫الص َم ُد الَّذي‬ ْ ‫ِل يَل ْد َو‬ َ ْ َ ْ َ َّ َ َ َّ ‫ال َح ُد‬ ‫ِاله ِاَل أنت‬ ‫ي‬ ‫ي‬ ‫َ ُ ْ َ ُ ُ ُ ًَ ر‬ .»‫ن له كفوا أ َحد‬ ‫يك‬,"আল্লা-হন্রা ইনী আসতালুকা বিআনী আশৃহাদ আনাকা আনতালা-হু লা ইলাহা ইল্লা আনতাল 7 * হাদীসটি সুনানগ্রস্থকারগণ সকলে সংকলন করেছেন। আবূ দাউদ, নং ১৪৯৫; তিরমিযী, নং ৩৫৪৪; ইবন মাজাহ, নং ৩৮৫৮; নাসাঈ, নং ১২৯৯। আরও দেখুন, সহীহ ইবন মাজাহ, ২/৩২৯। 71510171105 ০০০7",,"88 হাদীসযে সু নানগ্রেকারর্ণ সকমি সংকিন কমরমছন। আবূ দাউদ, নং ১৪৯৫; যতরযমিী, নং ৩৫৪৪; ইবন মাোহ, নং ৩৮৫৮; নাসাঈ, নং ১২৯৯। আরও দদখুন, সহীহ ইবন মাোহ, ২/৩২৯।",
82,82,97,)যতনবার( »‫)«أ ْستغ يف ُر ّٰللا‬1(-11 َ َّ ْ َ َ,"তআজাগফিরজ্লা-হ) (তিনবার) © আবূ দাউদ ২/৬২, নং ১৪৯৩; তিরমিযী ৫/৫১৫, নং ৩৪৭৫; ইবন মাজাহ, ২/১২৬৭, নং ৩৮৫৭; নাসাঈ, নং ১৩০০, আর শব্দ তাঁরই; আহমাদ নং ১৮৯৭৪। আর শাইখ আলবানী সহীহ নাসাঈ ১/২৮০ তে একে সহীহ বলেছেন। তাছাড়া আরও দেখুন, সহীহ ইবন মাজাহ ২/৩২৯; সহীহ আত-তিরমিযী, ৩/১৬৩।",,"89 আবূ দাউদ ২/৬২, নং ১৪৯৩; যতরযমিী ৫/৫১৫, নং ৩৪৭৫; ইবন মাোহ, ২/১২৬৭, নং ৩৮৫৭; নাসাঈ, নং ১৩০০, আর িব্দ তাাঁরই; আহমাদ নং ১৮৯৭৪। আর িাইখ আিবানী সহীহ নাসাঈ ১/২৮০ দত এমক সহীহ বমিমছন। তাছাড়া আরও দদখুন, সহীহ ইবন মাোহ ২/৩২৯; সহীহ আত-যতরযমিী, ৩/১৬৩।",
83,83,98,َ َ َ ْ َ َ َ ُ َ َّ ‫ت ٰٓي ذا‬ َ ْ ُ َ َّ ‫ تبارك‬،‫ َو يمنك السَلم‬،‫السَلم‬ ‫ت‬ َّ ‫«الل َّ ُه‬ َ ‫م أَ ْن‬ ْ ْ َ َ َ ْ .»‫ام‬ ‫اَلك َر ي‬ ِ ‫اْلَل يل و‬,আলা-হুম্মা আনতাস সালা-ম্ব ওয়া মিনকাস সালা-ম তাবা-রভ্গ ইয়া যালজালা-লি ওয়াল-ইকরা-ম)। “হে আল্লাহ! আপনি শান্তিময়। আপনার নিকট থেকেই সম্মানের অধিকারী!”,"% মুসলিম 9/898, নং ৫৯১। 41510117096 ৮০০7:",,entry_arabic_count_mismatch
84,84,98,ُ َ ُ ْ ْ ُ َ ُ َ َ َ َ ُ َ ْ َ ُ َّ َّ َ َ َ )2( ‫ له ال ُملك َوله‬،‫َشيك له‬‫ «َل ِاله ِاَل ّٰللا وحده َل ي‬-11 ‫ْ َ ُ ُ َ َ ن‬ ، [যতনবার]‫ي‬ ْ َ ُُ ‫َع‬ ‫ش ٍء َقد ر‬ ‫اْل ْمد َوه َو‬ ‫ي‬ ‫ي‬ َ َ ‫ِط ل َما َم َن ْع‬ ْ ُ َ َ َ ْ َ َ َ َ َّ ُ َّ ‫ َوَل‬،‫ت‬ ‫ َوَل مع ي َ ي‬،‫م َل ما ينع ل ي َما أعط ْيت‬ ‫الله‬ ‫َْ َ ُ َ َن ْ َ َه‬ ْ .»‫د يمنك اْلد‬ ‫ينفع ذا اْل ي‬,,,,entry_arabic_count_mismatch
85,85,100,ُ َ ُ ْ ْ ُ َ ُ َ َ َ َ ُ َ ْ َ ُ َّ َّ َ َ َ )3( ‫ َوله‬،‫ له ال ُملك‬،‫َشيك له‬ ‫ «َل ِاله ِاَل ّٰللا وحده َل ي‬-12 َّ َّ َ ُ َ َ َ ‫ْ َ ُ َ ُ َ َ َ ُن َ ْ َ ر‬ ،‫ َل َح ْول َوَل ق َّوة ِاَل يِبّلِل ي‬.‫ي‬ ‫ُ ش ٍء ق ي‬ ‫د‬ ‫ وهو َع ي‬،‫اْلمد‬ ُ ْ َ ْ ُ َ ُ ْ ‫َ َ َ َّ َّ ُ َ َ َ ْ ُ ُ َّ َّ ُ َ ُ ن‬ ‫النع َمة َوله الفضل‬ ‫ له ي‬،‫ وَل نعبد ِاَل ِآٰيه‬،‫َل ِاله ِاَل ّٰللا‬ َ َ ‫َ َ ُ ن‬ ْ ُ ُ َّ َّ َ َ َ ُ َ َ ْ ُ َ َّ ُ َ َ ‫ْي َول ْو‬ ‫الد‬ ‫صْي له ي‬ ‫ َل ِاله ِاَل ّٰللا م يل ي‬،‫ن‬ ‫وله الثناء اْلس‬ َ َ َ .»‫ون‬ َ ‫الكف ُر‬ ‫ي‬ ‫ك يره‬,"লো ইলা-হা ইলালা-হ ওয়াহ্দাহু লা শারীকা লাহ, NLT YAP ওয়া লাহুল হামদ, ওয়া হয়া আলা কালি শাইইন কাদীর । লা হাওলা ওয়ালা কুওয়াতা ইল্লা বিলাহি। লা ইলাহা SHAMS, ওয়ালা 37 97 ইল্লা SMS | NLT FMS ওয়া MSA ফাদলু, ওয়া লাহসসানাউল হাসান | লা ইলাহা 31 বুখারী ১/২২৫, নং ৮৪৪; মুসলিম ১/৪১৪, নং ৫৯৩। আর দু ব্রাকেটের মাঝের অংশ বুখারীতে বর্ধিত এসেছে, নং ৬৪৭৩।",,,
86,86,101,ْ ُ َ ْ َ ُ َّ َ ‫) ُ ْ َ َ َّ ي َ َ ْ ُ َّ ي‬4( (৩৩ বার)»‫ وّٰللا أكب‬،‫ واْلمد يّلِل‬،‫ «ُسان ّٰللا‬-13 ُ َ ْ ُ َ ُ ْ ْ ُ َ ُ َ َ َ َ ُ َ ْ َ ُ َّ َّ َ َ َ ‫« َل ِاله ِاَل ّٰللا وحده َل ي‬ ‫ له ال ُملك َوله اْل ْمد‬،‫َشيك له‬,"৩৩ বার) Tails hdl ofl 02 4)9 এগ হওখাতা ঘর খ৩০০৪9৪5ব এ, % মুসলিম ১/৪১৫, নং ৫৯৪।",,,
87,87,102,‫ُ َ َ ن‬ ْ َ ُُ ‫َع‬ ‫ش ٍء َقد ر‬ .»‫ي‬ ‫َوه َو‬ ‫ي‬ ‫ي‬,,,,entry_arabic_count_mismatch
88,88,103,‫ُْ ُ ه ُ َ ر‬ ‫۝‬Ǻۚ ‫ح ْي ۝ ﴿قل ه َو ّٰللا ا َحد‬ َّ ‫حن‬ ٰ ْ َّ ‫ه ي‬ ْ )1 ( ‫ي‬ ‫الر ي‬ ‫ي‬ ‫ بيس ي‬-13 ‫م ّٰللا الر‬ ُ ُ ٗ َّ ْ ُ َ ْ َ َ ْ َ ْ ُ ْ َ َ ْ َ ْ َ ۚ ُ َ َّ ُ ‫َ ه‬ ‫ن له كف ًوا‬ ‫۝ وِل يك‬Ǽ ‫َيلد‬ ‫۝ ِل ي يلد ڏ وِل‬Ą ‫ّٰللا الصمد‬ ‫َ ر‬ ،﴾‫۝‬Ć ‫ا َحد‬,,,,entry_arabic_count_mismatch
89,89,104,َ َ ْ َ ‫ع ْو ُذ‬ ُ َ ُْ ٰ ْ َّ ‫ه ي‬,,,,entry_arabic_count_mismatch
90,90,104,‫ِب ن‬ ْ ‫الرح‬ َّ ‫حن‬ ْ ‫۝‬Ǻ ‫ق‬ ‫ي‬ ‫ل‬‫ف‬ ‫ال‬ ‫ب‬‫ي‬ ‫ي‬ ‫ا‬ ‫ل‬ ‫ق‬ ‫۝‬ ‫ي‬ ‫ي‬ ‫م ّٰللا الر ي‬ ‫بيس ي‬ ‫ي‬ ‫َ ْ َ ن‬ َ َ َ َ َ ‫َ ْ َ ن‬ ََ َ َ ‫ْ َ ن‬ ‫۝ و يِم ي‬Ǽ ‫ق ايذا وقب‬ ‫َش‬ ٍ ‫اس‬‫َش غ ي‬ ‫۝ و يِم ي‬Ą ‫َش ما خلق‬ ‫يِم ي‬ َ َ ‫َ ي ْ َ ن‬ َ ُ ْ ٰ ‫َّ ه‬ ،﴾‫۝‬Ĉ ‫د ايذا َح َسد‬ ٍ ‫اس‬‫ي‬ َ ‫َش‬ ‫ح‬ ‫ي‬ ‫ِم‬ ‫و‬ ‫۝‬ Ć ‫د‬ ‫ت يِف الع ي‬ ‫ق‬ ‫النفث ي‬,,,,entry_arabic_count_mismatch
91,91,104,ُ َ ُْ َ ‫ع ْو ُذ‬ ٰ ْ َّ ‫ه ي‬ ‫ح ْي ۝ ﴿قل ا‬ َّ ‫الن ي‬ ‫ِب ن‬ َّ ‫حن‬ ْ ‫۝‬Ǻ ‫اس‬ ‫ب‬ ‫ي ي‬ ‫الر ي‬ ‫ي‬ ‫م ّٰللا الر‬‫بيس ي‬ ‫ي‬ ْ ‫ْ َ ن‬ َّ ‫ٰ ي‬ َّ َ ‫َش ال َو ْس َو ي‬ ‫اس ڏ‬ ‫۝ يِم ي‬Ǽ ‫اس‬ ‫الن ي‬ ‫۝ ايله‬Ą ‫اس‬ ‫الن ي‬ ‫ك‬ ‫م يل ي‬,,,,entry_arabic_count_mismatch
92,92,105,ْ َ َّ ُ ُ ْ ُ َُ ‫ي‬ْ َّ َّ َ ‫الن ي‬ ‫۝ يِم‬Ĉ ‫اس‬ ‫صد ْو ير‬ ‫َي ْس يوس يِف‬ ‫ذ‬‫ي‬ ‫ال‬ ‫۝‬ Ć ‫اس‬‫ي‬ ‫ن‬ ‫اْل‬ َّ َ َّ ْ ﴾‫۝‬Č ‫اس‬ ‫الن ي‬ ‫اْلن ية و‬ ‫ي‬,,,"94 আবু দাঊদ ২/৮৬, নং ১৫২৩; যতরযমিী, নং ২৯০৩; নাসাঈ ৩/৬৮, নং ১৩৩৫। আরও দদখুন, সহীহুত যতরযমিী, ২/৮। আর উপিু গি যতনযে সূ রামক ‘আি-মু‘আওয়ািাত’ বিা হয়। দদখুন, ফাতহুি বারী, ৯/৬২।",entry_arabic_count_mismatch
93,93,106,‫) َ ه ُ َ ٓ ٰ َ َّ ُ َ َ ْ َ ْ َ ُ َ َ ْ ُ ُ ٗ َ ر‬1( ‫ـَح الق هي ْوم ڬ َل َتخذه يسـنة‬ ‫ ﴿ ّٰللا َل ايله ايَل ھو ۚ ال ه‬-11 ْ َّ َ ْ َ ‫ْ َ ْ ي‬ َ َ ‫الس ٰم ٰو‬ َّ ‫ُن رم ۭ ل ٗه َما ِف‬ َ ْ َ َ َّ ‫ذي‬ ‫ت وما يِف اَلرض ۭ ِم ذا ال ي‬ ‫ي‬ ‫ي‬ ‫وَل‬ ْ ْ َ َ ْ َ َ ُ َ ْ َ ٖ‫ْ ه‬ َّ ٗٓ َ ْ ُ َ ْ َ ‫ُّي ْم َو َما‬ ‫ي‬ ‫د‬ ‫ي‬ ‫ي‬ ‫ا‬ ‫ْي‬ ‫ب‬ ‫ا‬ ‫م‬ ‫م‬ ‫ل‬‫ع‬ ‫ي‬ ۭ ‫ن‬ ‫ي‬ ‫ذ‬ ‫ي‬ ‫ِب‬ ‫ي‬ ‫يَل‬ ‫يشفع يعنده ا‬ ۗ َ َ َّ ٓ ْ َ ْ ‫َ ْ َ ُ ْ َ َ ُ ْ ُ ْ َ َ ْ ن‬ ‫َش ٍء يِم يعل يمهٖ ايَل يِبا شا َء ۚ َو يسع‬ ‫خلفھم ۚ وَل ُيييطون بي‬ ُ ُ ُ ْ ُٗ َُْ َ َ َ َْ ْ َ ُ ‫ُْ ه‬ ‫حفظه َما ۚ َوھ َو‬ ‫ت واَلرض ۚ وَل ي ـ ـ ـ ـوده ي‬ ‫الس ٰم ٰو ي‬ َّ ‫ه‬ ‫كر يسـي‬ ْ ْ .﴾ ‫ۧ؁‬١٥٥ ُ ‫ل ال َع يظ ْي‬ ‫ال َع ه‬ ‫ي‬,আল্লাহ লা ইলা-হা ইল্লা হওয়াল 35287 কাইযায় লা Cree Prange ওয়ালা নাউম। লাহু মা-ফিসসামা-ওয়া- তি ওয়ামা ফিল orate মান যাল্লাযী ইয়াশফাণ্উ 3 ইল্লা বিইযানিহী। ইয়া'্লায় মা বাইনা তাইদীহিম ওয়ামা খালফাহুম। ওয়ালা BAe বিশাইইম মিন ইলমিহী ইল্লা বিমা শাতা। 5377/9317 কুরসিযুহস সামা-ওয়া-তি ওয়াল,,,
94,94,108,ُ َ ُ ْ ْ ُ َ ُ َ َ َ َ ُ َ ْ َ ُ َّ َّ َ َ َ )1( ‫ له ال ُملك َوله‬،‫َشيك له‬ ‫ «َل ِاله ِاَل ّٰللا وحده َل ي‬-12 ‫ُ َ َ ن‬ ْ َ ُُ ‫َع‬ ‫ش ٍء َقد ر‬ ُْ ُ َْ ْ ُ ‫ُيي َو ُْي‬ »‫ي‬ ‫ي‬ ‫ي‬ َ ‫يت َوه‬ ‫و‬ ‫اْلمد ي‬,"লা ইলা-হা 3578/5 CMS লা শারীকা MS, MSA YP ওয়ালাহুল AW BRA MAP GAA ""5737 কালি শাই'ইন কাদীর) |","৬ “একমাত্র আল্লাহ ছাড়া কোনো হক ইলাহ নেই, তাঁর কোনো শরীক নেই, রাজত্ব তারই এবং সকল প্রশংসা তাঁর। তিনিই জীবিত করেন এবং মৃত্যু দান করেন। আর তিনি সকল কিছুর ওপর ক্ষমতাবান” ١ মাগরিব ও ফজরের সালাতের পর উপরোক্ত যিকির ১০ বার করে করবে PY নং ৯৭২ তে সহীহ বলেছেন। আর আয়াতটি দেখুন, সুরা আল- বাকারাহ-২৫৫। % তিরমিধী ৫/৫১৫, নং ৩৪৭৪; আহমাদ 8/229, নং ১৭৯৯০। হাদীসটির তাখরীজের জন্য আরও দেখুন, যাদুল মা'আদ ১/৩০০।","96 যতরযমিী ৫/৫১৫, নং ৩৪৭৪; আহমাদ ৪/২২৭, নং ১৭৯৯০। হাদীসযের তাখরীমের েনয আরও দদখুন, িাদু ি মা‘আদ ১/৩০০।",
95,95,109,ً ً ْ ً ً ْ َ َُ َ ‫ن‬ َ ،‫ َو يرزقا ط نييبا‬،‫م ِا يِن أ ْسألك يعلما َن يفعا‬َّ ‫)«الل َّ ُه‬2(-13 ً َ َ ُ ً ََ .»‫َوَعَل متق َّبَل‬,আলা-হুম্মা ইনী আসুআলুকা ইলমান না-ফিআন্‌ ওয়া রিযুকান 17/971137 ওয়া 'আমালান মুতাকাববালান)।,"০) “হে আল্লাহ! আমি আপনার নিকট উপকারী জ্ঞান, পবিত্র রিযিক এবং কবুলযোগ্য আমল প্রার্থনা করি।” এটি ফজর সালাতের সালাম ফিরানোর পর পড়বে ।৯* ২৬. ইসতিখারার সালাতের দো'আ প্রত্যেক কাজেই ইসতিখারা (তথা কল্যাণ কামনার সালাত 7 ইবন মাজাহ, নং ৯২৫; নাসাঈ, তাঁর আমালুল ইয়াওমি ওয়াল্লাইলাহ গ্রন্থে, হাদীস নং ১০২। আরও দেখুন, সহীহ ইবন মাজাহ, ১/১৫২; মাজমাউয যাওয়াইদ, ১০/১১১। তাছাড়া অচিরেই ৯৫ নং হাদীসেও আসবে।","97 ইবন মাোহ, নং ৯২৫; নাসাঈ, তাাঁর আমািু ি ইয়াওযম ওয়াল্লাইিাহ গ্রমে, হাদীস নং ১০২। আরও দদখুন, সহীহ ইবন মাোহ, ১/১৫২; মােমাউি িাওয়াইদ, ১০/১১১। তাছাড়া অযচমরই ৯৫ নং হাদীমসও আসমব।",
96,96,110,‫َ‬ ‫ْ َ َ َ ْ َْ‬ ‫ن َْ َ ُ َ‬ ‫‪ -74‬الل َّ ُه َّ‬ ‫د ُرك‬ ‫ي‬ ‫ق‬ ‫ت‬ ‫س‬ ‫أ‬‫و‬ ‫‪،‬‬ ‫ك‬ ‫م‬ ‫ل‬ ‫ي ي‬‫ع‬ ‫ي‬ ‫ب‬ ‫ك‬ ‫ْي‬ ‫خ‬ ‫ي‬ ‫ت‬ ‫س‬ ‫أ‬ ‫ِن‬ ‫ي‬ ‫ا‬ ‫ِ‬ ‫م‬ ‫َ َّ َ َ ْ ُ َ َ‬ ‫ُ ْ َ َ َ َْ َ َ ْ ْ َ َ‬‫َ‬ ‫ُ‬ ‫در وَل‬ ‫يبقدر يتك‪ ،‬وأسألك يِم فضليك الع يظيي؛ ف ِانك تق ي‬ ‫م‬ ‫الغ ُيوب‪ ،‬الل َّ ُه َّ‬ ‫ُ‬ ‫م‬ ‫َ ْ ُ َ َ ْ َ ُ َ َ َ ْ َ ُ َ َ ْ َ َ َّ ُ‬ ‫در‪ ،‬وتعلم وَل أعلم‪ ،‬وأنت عَل‬ ‫ي‬ ‫أق ي‬ ‫ه ‪َ -‬خ ْ ر‬ ‫أ ْ َ َ ُ َ ن َ َ َ ُ‬ ‫ْ ُ ْ َ َ ْ َ ُ َ َّ َ َ‬ ‫ْي يِل‬ ‫ن هذا المر ‪ -‬ويس يمي حاجت‬ ‫ِان كنت تعلم أ‬ ‫َ‬ ‫َْ َ‬ ‫َ ٓ‬ ‫َ‬ ‫َ َ َ َْ‬ ‫َ َ‬ ‫ه‬‫جلي ي‬ ‫ه وأ ي‬ ‫اجلي ي‬‫ة أم يري – أو قال‪ :‬ع ي‬ ‫اش وعا يقب ي‬ ‫ين َومع ي‬ ‫يِف يد ي‬ ‫م‬ ‫ت َت ْعلَ ُ‬ ‫ك ْن َ‬ ‫َ ْ ُ‬ ‫ه‪ ،‬و ِان‬ ‫ْ‬ ‫ِّه يِل ُث َِب يرك يِل يفي ي‬ ‫َّ‬ ‫َ ْ ُ ْ ُ َ َن ْ ُ‬ ‫‪ -‬فاقدره يِل وي ي‬ ‫َ‬ ‫َ َ َ َْ‬ ‫َ َ‬ ‫َ َّ َ َ ْ َ ْ َ‬ ‫ة أم يري – أ ْو‬ ‫اش وعا يقب ي‬ ‫ين َومع ي‬ ‫د ي‬ ‫أن هذا الم َر َش يِل يِف ي‬ ‫َْ ُ ْ ُ‬ ‫َ ْ ْ ُ َن َ ْ ْ‬ ‫َ ٓ‬ ‫َ َ َ‬ ‫اْصف ين عنه َواقد ْر‬ ‫ي‬ ‫و‬ ‫ن‬ ‫ي‬ ‫ع‬ ‫ه‬ ‫ف‬ ‫اْص‬ ‫ي‬ ‫ف‬ ‫–‬ ‫ه‬‫ي‬ ‫ل‬ ‫ي‬ ‫ج‬ ‫ي‬ ‫أ‬ ‫و‬ ‫ي‬ ‫ه‬ ‫ل‬ ‫ي‬ ‫اج‬ ‫ي‬ ‫ع‬ ‫قال‪:‬‬ ‫ُ‬ ‫ْ‬ ‫ه»‪.‬‬ ‫ض ين يب ي‬ ‫َ َ ْ َ َ ْ ُ َ َ َّ َ ْ‬ ‫يِل اْلْي حيث َن‪ُ ،‬ث أر ي‬,,,,entry_arabic_count_mismatch
97,97,111,,"আলা-হম্থা ইনী আসতাখীরত্কা বিইলামিকা ওয়া আভাকদিরুকা বিরুদ্রাতিকা ওয়া arrange মিন ফাদলিকাল আযীম। ফাইনাকা CTSA ওয়ালা আকাদিরচ ওয়া তালায় ওয়ালা আল্লায়, ওয়া আনতা 8 আমরা (মনে মনে এয়োজন উল্লেখ করন) খাইরদ্ন লী ফী দীনি ওয়া মা'আ-শী ওয়া 'আ-কিবাতি আমরী, (অথবা বলেছেন) 'আজিলিহী ও আজিলিহী 39775799 লী ওয়া ইয়াসাসিরহু লী, TU বা-রিক লী ফীহি। ওয়াইন PTT কর্ন) শাররুন লী ফী দীনী ওয়া মা'আ-শী ওয়া “আ- কিবাতি আমরী (অথবা বলেছেন) তাজিলিহী ও ওয়াকদুর লিয়াল-খাইরা 23737 কা-না, Fa আরাদিনী বিহ)।",“হে আল্লাহ! আমি আপনার জ্ঞানের সাহায্যে সাহায্যে আপনার নিকট শক্তি কামনা করছি এবং 41510117096 ৮০০7:,,entry_arabic_count_mismatch
98,98,113,َّ َ َ ْ َّ َ َ َ ْ َ َ َ َ ْ َ ْ ُ َ َ .﴾‫ت فت َوُ َع ّٰللاي‬ ‫﴿ وش ي‬ ‫او ْرھ ْم يِف اَلم ير ۚ ف ياذا عزم‬,,,,entry_arabic_count_mismatch
99,99,114,ُ َّ َ ٰ ٓ َ ُ ‫َ ه‬ ۚ ‫يم ﴿ ّٰللا َل ايله ايَل ھ َو‬ َّ َ َّ َ َّ ‫)أَعوذ ب‬1(-11 ِ ‫ان الر ِج‬ ِ ‫اّٰلل ِمن الشيط‬ ِ ِ ْ َ ْ َ َ َّ ‫َ ْ َ ْ َ ْ ُ َ َ ُ ُ ٗ َ ر‬ ‫ت‬ َّ ‫ُن رم ۭ ل ٗه َما ِف‬ ‫الس ٰم ٰو ي‬ ‫ـَح الق هيوم ڬ َل َتخذه يسـنة وَل‬ ‫ال ه‬ ‫ي‬,,,"100 আনাস রাযদয়াল্লাহু ‘আনহু দেমক বযণগত, যতযন হাদীসযেমক রাসূ ি সাল্লাল্লাহু আিাইযহ ওয়াসাল্লাম দেমক মারফূ ‘ যহমসমব বণগনা কমরমছন, “দকামনা দর্াষ্ঠী িারা যিযকর করমছ, তামদর সামে ফেমরর সািামতর পমর সূ িগ উঠা পিগন্ত সময় বসা আমার কামছ ইসমাঈমির বংিধরমদর চার েনয দাস মুযির দেমকও দবযি যপ্রয়। অনু রূপভামব দকামনা দর্াষ্ঠী িারা যিযকর করমছ, তামদর সামে আসমরর সািামতর পমর সূ িগ ডুবা পিগন্ত সময় বসা আমার কামছ চার েনয দাস মুযির দেমকও দবযি যপ্রয়।” আবূ দাউদ, নং ৩৬৬৭। আর িাইখ আিবানী, সহীহ আযব দাউদ ২/৬৯৮ দত হাদীসযেমক হাসান বমিমছন।",entry_arabic_count_mismatch
100,100,115,ْ َّ ٗٓ َ ْ ُ َ ْ َ ْ َّ َ ْ َ َ ْ ۭ ٖ‫ذي يشفع يعنده ايَل يِبيذ ينه‬ ‫ض ۭ ِم ذا ال ي‬ ‫َو َما يِف اَل ْر ي‬ ‫َش ٍء‬ْ َ ‫نب‬ َ ‫ْي ا َ ْيد ُّْي ْم َو َما َخ ْل َف ُھ ْم ۚ َو ََل ُُي ْي ُط ْو‬ َ ْ َ ‫م َما ب‬ ُ َ ‫ي َ ْعل‬ ‫ي‬ ‫ي‬ ‫ي ي‬ َ َ ْ ُ ‫ن ْ ْ ٓ َّ َ َ ۗ َ َ َ ُ ْ ه‬ ۚ ‫ت َواَل ْرض‬ ‫الس ٰم ٰو ي‬ َّ ‫ه‬ ‫يِم يعل يمهٖ ايَل يِبا شاء ۚ و يسع كر يسـي‬ ْ ْ ْ ُٗ َُْ َ َ .﴾ ‫ۧ؁‬١٥٥ ُ ‫ل ال َع يظ ْي‬ ‫حف ُظ ُه َما ۚ َو ُھ َو ال َع ه‬ ‫وَل ي ـ ـ ـ ـوده ي‬ ‫ي‬,"আল্লা-হ লা ইলা-হা ইলা হওয়াল 332787 772737 লা তাখ্রুয়ুহ সিনাতুও ওয়ালা নাউম। লাহু মা-ফিসসামা-ওয়া- তি ওয়ামা ফিল আরছি। মান TBAT 37/7/75 2 ইল্লা বিইযনিহী। ইয়া'লাম় মা বাইনা আইদীহিম ওয়ামা খালফাহুম। ওয়ালা Sao বিশাইইম মিন ইলমিহী ইল্লা বিমা শাআ। ওয়াসি'আ PART সামা-ওয়া-তি ওয়াল WAG) ওয়ালা 377272 RPA ওয়া হয়াল MTT 'আযীম)। চিরঞ্জীব, সর্বসত্তার ধারক। তাঁকে তন্দ্রাও স্পর্শ করতে পারে না, নিদ্রাও নয়। আসমানসমূহে যা রয়েছে ও যমীনে যা রয়েছে সবই তাঁর। কে সে, যে তাঁর অনুমতি ব্যতীত",,,
101,101,116,,"তিনবার করে পাঠ করবে):১০২ £ সূরা আল-বাকারাহ্‌, ২৫৫। যে ব্যক্তি সকালে তা বলবে সে বিকাল হওয়া পর্যন্ত জিন্ন শয়তান থেকে আল্লাহর আশ্রয়ে থাকবে, আর যে ব্যক্তি বিকালে তা বলবে সে সকাল হওয়া পর্যন্ত জিন শয়তান থেকে আল্লাহর আশ্রয়ে থাকবে। হাদীসটি হাকিম সংকলন করেছেন, ১/৫৬২। আর শাইখ আলবানী একে সহীহুত 5 ওয়াত-তারহীবে সহীহ বলেছেন ১/২৭৩। আর তিনি একে নাসাঈ, সনদ 'জাইয়্যেদ' বা ভালো। 1 হাদীসে এসেছে, রাসূল বললেন, যে ব্যক্তি সকাল ও বিকালে “কুল 41510117096 ৮০০7:",,"101 সূ রা আি-বাকারাহ, ২৫৫। দি বযযি সকামি তা বিমব দস যবকাি হওয়া পিগন্ত যেন্ন িয়তান দেমক আল্লাহর আশ্রময় োকমব, আর দি বযযি যবকামি তা বিমব দস সকাি হওয়া পিগন্ত যেন িয়তান দেমক আল্লাহর আশ্রময় োকমব। হাদীসযে হাযকম সংকিন কমরমছন, ১/৫৬২। আর িাইখ আিবানী এমক সহীহুত তারর্ীব ওয়াত-তারহীমব সহীহ বমিমছন ১/২৭৩। আর যতযন এমক নাসাঈ, তাবারানীর যদমক সম্পকগিুি কমরমছন এবং বমিমছন, তাবারানীর সনদ ‘োইময়যদ’ বা ভামিা।",entry_arabic_count_mismatch
102,102,117,‫ُْ ُ ه ُ َ ر‬ ‫۝‬Ǻۚ ‫ح ْي ۝ ﴿قل ه َو ّٰللا ا َحد‬ َّ ‫حن‬ ٰ ْ َّ ‫ه ي‬ ْ )2 ( ‫ي‬ ‫الر ي‬ ‫م ّٰللا الر ي‬ ‫ بيس ي‬-11 ُ ُ ٗ َّ ْ ُ َ ْ َ َ ْ َ ْ ُ ْ َ َ ْ َ ْ َ ۚ ُ َ َّ ُ ‫َ ه‬ ‫ن له كف ًوا‬ ‫۝ وِل يك‬Ǽ ‫َيلد‬ ‫۝ ِل ي يلد ڏ وِل‬Ą ‫ّٰللا الصمد‬ ‫َ ر‬ ﴾‫۝‬Ć ‫ا َحد‬,,,,entry_arabic_count_mismatch
103,103,118,َ َ ْ َ ‫ع ْو ُذ‬ ُ َ ُْ ٰ ْ َّ ‫ه ي‬,,,,entry_arabic_count_mismatch
104,104,118,‫ِب ن‬ ْ ‫الرح‬ َّ ‫حن‬ ْ ‫۝‬Ǻ ‫ق‬ ‫ي‬ ‫ل‬‫ف‬ ‫ال‬ ‫ب‬‫ي‬ ‫ي‬ ‫ا‬ ‫ل‬ ‫ق‬ ‫۝‬ ‫ي‬ ‫ي‬ ‫م ّٰللا الر ي‬ ‫بيس ي‬ ‫ي‬ ‫َ ْ َ ن‬ َ َ َ َ َ ‫َ ْ َ ن‬ ََ َ َ ‫ْ َ ن‬ ‫۝ و يِم ي‬Ǽ ‫ق ايذا وقب‬ ‫َش‬ ٍ ‫اس‬‫َش غ ي‬ ‫۝ و يِم ي‬Ą ‫َش ما خلق‬ ‫يِم ي‬ َ َ ‫َ ي ْ َ ن‬ َ ُ ْ ٰ ‫َّ ه‬ ﴾‫۝‬Ĉ ‫د ايذا َح َسد‬ ٍ ‫اس‬‫ي‬ َ ‫َش‬ ‫ح‬ ‫ي‬ ‫ِم‬ ‫و‬ ‫۝‬ Ć ‫د‬ ‫ت يِف الع ي‬ ‫ق‬ ‫النفث ي‬,,,,entry_arabic_count_mismatch
105,105,118,ُ َ ُْ َ ‫ع ْو ُذ‬ ٰ ْ َّ ‫ه ي‬ ‫ح ْي ۝ ﴿قل ا‬ َّ ‫الن ي‬ ‫ِب ن‬ َّ ‫حن‬ ْ ‫۝‬Ǻ ‫اس‬ ‫ب‬ ‫ي ي‬ ‫الر ي‬ ‫ي‬ ‫م ّٰللا الر‬‫بيس ي‬ ‫ي‬ ْ ‫ْ َ ن‬ َّ ‫ٰ ي‬ َّ َ ‫َش ال َو ْس َو ي‬ ‫اس ڏ‬ ‫۝ يِم ي‬Ǽ ‫اس‬ ‫الن ي‬ ‫۝ ايله‬Ą ‫اس‬ ‫الن ي‬ ‫ك‬ ‫م يل ي‬,,,,entry_arabic_count_mismatch
106,106,119,ْ َ َّ ُ ُ ْ ُ َُ ‫ي‬ْ َّ َّ َ ‫الن ي‬ ‫۝ يِم‬Ĉ ‫اس‬ ‫صد ْو ير‬ ‫َي ْس يوس يِف‬ ‫ذ‬‫ي‬ ‫ال‬ ‫۝‬ Ć ‫اس‬‫ي‬ ‫ن‬ ‫اْل‬ َّ َ َّ ْ ﴾‫۝‬Č ‫اس‬ ‫الن ي‬ ‫اْلن ية و‬ ‫ي‬,,,,entry_arabic_count_mismatch
107,107,119,َّ َ َ َ َّ ُ َ ْ َّ ُ ْ ْ َ ْ َ َ َ ْ َ ْ َ )3( ‫ َل ِاله اَل‬،‫ َواْل ْمد يّلِل ي‬،‫ص َبح ال ُملك يّلِل ي‬ ‫ «أصبحنا وأ‬-11 ‫َ َ ُ َ ُ ْ ْ ُ َ ُ ْ َ ُ ُ َ َ ُن‬ َ ُ َ ْ َ ُ َّ ُ ‫َع‬ َ ‫ له ال ُملك َوله اْل ْمد َوه‬،‫َل ََشيك له‬ ‫و‬ ‫ّٰللا وحده‬ ‫ي‬ ‫ي‬ َ َ ْ َ َ َْ َ َ َُ َ ‫َ ْ ٍ َ ر َ ن‬ ‫ب أ ْسألك خْي َما يِف هذا ال َي ْو يم َوخْي َما‬ ‫ ر ي‬،‫دي‬‫شء ق ي‬ ُ َ َْ ‫َ َ ْ َْ َ َ ن‬ ‫َْ َ ُ َ َ ُ ُ َ ي ْ َ ن‬ ،‫َش َما بعده‬ َ ‫َش‬ ‫ي‬ ‫و‬ ‫م‬‫ي‬ ‫و‬‫ي‬ ‫ال‬ ‫ا‬‫ذ‬ ‫ه‬ ‫ِف‬ ‫ي‬ ‫ا‬ ‫م‬ ‫ وأعوذ يبك ِم ي‬،‫بعده‬,,,,entry_arabic_count_mismatch
108,108,120,َ ُ ُ َ ‫ْ َ َ ن‬ َ ْ َ َ ُ ُ َ ‫ب أعوذ يبك‬ ‫ر‬ ، ‫يب‬ ‫ك‬ ‫ال‬ ‫ي‬ ‫ء‬ ‫و‬‫س‬ُ ‫الك َسل َو‬ ‫ب أعوذ يبك يِم‬ ‫َر ن‬ ‫ي‬ ‫ي‬ ‫ي‬ ‫ي‬ ْ َ ْ َ َ َ َّ َ َ ْ . »‫ب‬ ‫اب يِف الق ي‬ ٍ ‫ار وعذ‬ ٍ ‫يِم عذ‬ ‫اب يِف الن ي‬,"HANSA ওয়া আসবাহাল মুলকু AMS”? ওয়ালহামৃদ্ MRT YAP ওয়া লাহল হামদ, ওয়াহুয়া আলা কালি শাই'ইন কাদীর | 7/97 আসুআলুকা খাইরা মা ফী হা-যাল ইয়াউমি ওয়া খাইরা মা AHS, ওয়া 975857 বিকা মিন শারারি মা ফা হা-যাল ইয়াউমি ওয়া শারারি মা Amer 1 বিকালে বলবে,",,,entry_arabic_count_mismatch
109,109,120,َ‫َأ ْم َس ْينَا َو َأ ْم َسى اْلُْ ْل ُك ّلِله‬,"আমসাইনা ওয়া আমসাল TAF লিল্লাহ) অর্থাৎ “আমরা আল্লাহর জন্য বিকালে উপনীত হয়েছি, আর সকল রাজত্বও তাঁরই অধীনে বিকালে উপনীত হয়েছে।” 14 আর যখন বিকাল হবে, তখন বলবে, 41510117096 ৮০০7:",,,entry_arabic_count_mismatch
110,110,120,‫ َو َأع ُْو ُذ بَ َك َم ْن َش َما َ ْف‬،‫َرب َأ ْس َأ ُل َك َخ ْ َي َما َ ْف َه َذ َه ال هل ْي َل َة َو َخ ْ َي َما َب ْعدَ َها‬ . ‫ َو َش َما َب ْعدَ َها‬،‫َه َذ َه ال هل ْي َل َة‬,,,,entry_arabic_count_mismatch
111,111,121,,"রাব্বি আসতালুকা খাইরা মা ফা হাযিহিল্লাইলাতি ও খাইরা মা বাণ্দাহা, ওয়া 97157 বিকা মিন শারারি মা ফী হাযিহিল লাইলাতি, ওয়া শাররি মা বা'্দাহা","“হে রব, আমি আপনার কাছে এ রাতের মাঝে ও এর পরে যে কল্যাণ রয়েছে, তা প্রার্থনা করি। আর এ রাত ও এর পরে যে অকল্যাণ রয়েছে, তা থেকে আশ্রয় প্রার্থনা করি।”",,entry_arabic_count_mismatch
112,112,122,َْ َ َ ْ َْ َ َ ْ ْ َ َ ،‫ َو يبك َن َيا‬،‫ َو يبك أم َسينا‬،‫ص َبحنا‬ ‫م يبك أ‬َّ ‫)«الل َّ ُه‬4(-12 ‫َ َ َ ُ ُ َ َْ َ ه‬ ُ ‫الن ُش‬ .»‫ور‬ ‫و يبك نوت و ِاليك‬,"Gare বিকা আসবাহনা ওয়াবিকা আমসাইনা ওয়াবিকা TEM, ওয়াবিকা 37375 ওয়া ইলাইকান TIX","১০৬। 18 মুসলিম, ৪/২০৮৮, নং ২৭২৩। “° আর বিকাল হলে রাসূলুল্লাহ্‌ সাল্লাল্লাহু আলাইহি ওয়াসাল্লাম বলতেন:",,entry_arabic_count_mismatch
113,113,122,.‫ َوإَ َل ْي َك اْلَْ َص ْ ُي‬،‫ َوبَ َك ن َُم ْو ُت‬،‫َح َيا‬ ْ ‫ َوبَ َك ن‬،‫ َوبَ َك َأ ْص َب ْحنَا‬،‫َال هل ُه هم بَ َك َأ ْم َس ْينَا‬,,,,entry_arabic_count_mismatch
114,114,123,ََ َ ْ َ َ َ ْ َ َّ َ َ َ ‫) َّ ُ َّ َ ْ َ َ ن‬1( ‫ خلقت ين َوأَن‬،‫ت‬ ‫ «اللهم أنت ر يّب َل ِاله ِاَل أن‬-13 ُ ُ َ ُ ْ ََ ْ َ َ ْ َ َ َ َْ َ َ ََ َ َ ُ َْ ‫ أعوذ‬،‫ت‬ ‫دك ما استطع‬ ‫دك ووع ي‬ ‫ وأَن َع عه ي‬،‫عبدك‬,আজা-হম্থা বিকা আমসাইনা ওয়াবিকা 5179337 ওয়াবিকা MRM ওয়াবিকা NYY ওয়া ইলাইকাল মাসীর |,"“হে আল্লাহ! আমরা আপনার জন্য বিকালে উপনীত হয়েছি এবং দ্বারা আমরা জীবিত থাকি, আপনার দ্বারাই আমরা মারা যাব; আর আপনার দিকেই প্রত্যাবর্তিত হব।” © তিরমিযী, ৫/৪৬৬, নং ৩৩৯১। আরও দেখুন, সহীহুত তিরমিযী, ৩/১৪২।",,
115,115,124,ُ َ َّ َ َ َ َ ْ َ َ َُ ُ ْ َ َ َ ‫ْ َ ن‬ َ ‫ َوأِب ُء‬،‫َع‬ ‫ أِب ُء لك يب ينعم يتك‬،‫ت‬ ‫َش ما صنع‬ ‫يبك يِم ي‬ َّ َ ‫َل أَ ْن‬ ‫َ َّ ُ َ َ ْ ُ ه‬ ْ َ ْ َ .»‫ت‬ َ ‫الذ‬ ‫ُنب ِا‬ ‫يبذن يِ فاغ يف ْر يِل ف ِانه َل يغ يفر‬,,,,entry_arabic_count_mismatch
116,116,125,ََََ ُ ْ ُ َ ُ ْ ُ ُ ْ َ ْ َ ‫) َّ ُ َّ ن‬1( ‫ َوأش يهد حلة‬،‫ت أش يهدك‬ ‫ «اللهم ِا يِن أصبح‬-23 َ َ َ ُ َّ َ ْ َ َ َّ َ َ ْ َ َ َ َ َ َ َ َ َ َ َْ ‫ت ّٰللا َل ِاله‬‫ أنك أن‬،‫َيع خل يقك‬ ‫ و ي‬،‫ ومَلئيك يتك‬،‫عر يشك‬ َ ُ َ ً َ ُ َّ َ َ َ َ َ َ َ َ َ ْ َ َ ْ َ َّ ‫ن م َّمدا ع ْبدك‬ ‫ وأ‬،‫َشيك لك‬‫ِاَل أنت وحدك َل ي‬ َ ُ (৪ বার).»‫َو َر ُسولك‬,,,,entry_arabic_count_mismatch
117,117,126,"আর িখন যবকাি হমব, তখন বিমব, ‫( اللهم إَ ّ ْن َأ ْم َس ْي ُت‬আল্লা-হুম্মা","আা-হুন্দা ইলী আসবাহ্ত' উশহিদ্ুকা ওয়া Garey হামালাতা 'আরাশিকা ওয়া মালা-ইকাতিকা ওয়া STA ওয়াহ্দাকা লা শারীকা লাকা, ওয়া 3777 ML ওয়া AATF) ]8 বার]","৬) “হে আল্লাহ! আমি সকালে উপনীত হয়েছি। আপনাকে আমি সাক্ষী রাখছি, আরও সাক্ষী রাখছি আপনার 'আরশ বহনকারীদেরকে, আপনার ফিরিশতাগণকে ও আপনার সকল সৃষ্টিকে, (এর উপর) যে- নিশ্চয় আপনিই আল্লাহ, একমাত্র আপনি ছাড়া আর NO আর যখন বিকাল হবে, তখন বলবে, 114 (আল্লা-হুম্মা 41510117096 ৮০০7:",,
118,118,127,َ ْ َ ْ َ َ ْ ْ َ ْ َ َ َّ ُ َّ )1( ‫ص َبح يّب يِم ينع َم ٍة أ ْو يبأ َح ٍد يِم خل يقك‬ ‫ «اللهم ما أ‬-21 ْ ‫َ َ َ ََ َ َْ ُ َ َ ه‬ َ َ َ َ ْ َ َ ْ َ .»‫ فلك اْل ْمد َولك الشك ُر‬،‫َشيك لك‬ ‫َفنك وحدك َل ي‬ ‫ي‬,"আলা-হস্মা মা আসবাহা a? মিন নি'মাতিন are বিআহাদিন মিন খালকিকা ফামিনকা ওয়াহ্লাকা লা ॥ যে ব্যক্তি সকালে অথবা বিকালে তা চারবার বলবে, আল্লাহ তাকে জাহান্নামের আগুন থেকে যুক্ত করবেন। আবু দাউদ ৪/৩১৭, নং ৫০৭১; বুখারী, আল-আদাবুল মুফরাদ, নং ১২০১; নাসাঈ, 'আমালুল ইয়াওমি ওয়াল লাইলাহ, নং ৯; ইবনুস AA, নং ৭০। সম্মানিত শাইখ আবদুল আযীয ইবন বায রাহেমাহুল্লাহ তাঁর তুহফাতুল আখইয়ার গ্রন্থের পৃ. ২৩ এ নাসাঈ ও আবূ দাউদের সনদকে হাসান বলেছেন।",,"111 দি বযযি সকামি অেবা যবকামি তা চারবার বিমব, আল্লাহ তামক োহান্নামমর আগুন দেমক মুি করমবন। আবূ দাউদ ৪/৩১৭, নং ৫০৭১; বু খারী, আি-আদাবু ি মুফরাদ, নং ১২০১; নাসাঈ, ‘আমািু ি ইয়াওযম ওয়াি িাইিাহ, নং ৯; ইবনু স সু ন্নী, নং ৭০। সম্মাযনত িাইখ আবদু ি আিীি ইবন বাি রামহমাহুল্লাহ তাাঁর তুহফাতুি আখইয়ার গ্রমের পৃ . ২৩ এ নাসাঈ ও আবূ দাউমদর সনদমক হাসান বমিমছন।",
119,119,128,"َْ َ َّ ُ َّ ََ َ َّ ُ َّ )2( ،‫م عا يف ين يِف َس يع‬ ‫ الله‬،‫م عا يف ين يِف بد يِن‬ ‫ «الله‬-22 ُ ُ َ ‫َّ ُ َّ ن‬ َّ َ َ َ َ ‫َل أَ ْن‬ َ َ َ َّ ُ َّ ‫م ِا يِن أعوذ‬ ‫ الله‬.‫ت‬ ‫ َل ِاله ِا‬،‫َي‬ ‫ي‬ ‫ب‬ ‫ِف‬ ‫ن‬ ‫ي ي‬ ‫ف‬ ‫ي‬ ‫ا‬ ‫ع‬ ‫اللهم‬ আর যবকাি হমি বিমব,‫مسى َيب‬ َ ‫( ال هل ُه هم َما َأ‬আল্লা-হুম্মা মা আমসা বী",,,"113 দি বযযি সকািমবিা উপমরাি দদা‘আ পাঠ করমিা দস দিমনা দসই যদমনর শুকযরয়া আদায় করমিা। আর দি বযযি যবকািমবিা এ দদা‘আ পাঠ করমিা দস দিমনা রামতর শুকযরয়া আদায় করমিা’’। হাদীসযে সংকিন কমরমছন, আবূ দাউদ ৪/৩১৮, নং ৫০৭৫; নাসাঈ, আমািু ি ইয়াওযম ওয়াি িাইিাহ, নং ৭; ইবনু স সু ন্নী, নং ৪১; ইবন যহব্বান, (মাওয়াযরদ) নং ২৩৬১। আর িাইখ ইবন বাি তাাঁর তুহফাতুি আখইয়ার পৃ . ২৪ এ এর সনদমক হাসান বমিমছন।",entry_arabic_count_mismatch
120,120,129,َ ْ َ َ َ ْ َ ُ ُ َ َ ْ َ َ ُْ ْ َ َ ‫ َل‬،‫ب‬ ‫ي‬ ‫الق‬ ‫اب‬ ‫ي‬ ‫ذ‬ ‫ وأعوذ يبك يِم ع‬،‫ والفق ير‬،‫يبك يِم الكف ير‬ َّ َ َ َ ‫َل أَ ْن‬ (৩ বার).»‫ت‬ ‫ِاله ِا‬,"৩ বার) ফী সাম'ঈ আলা-হন্মা 'আ-ফিনী ফী বাসারী। লা ইলা-হা ওয়াল-ফাকরি ওয়া ONY বিকা মিন 'আযা-বিল কাবারি, লা ইলাহা ইল্লা আনৃতা)। (৩ বার",ve “হে আল্লাহ! আমাকে নিরাপত্তা দিন আমার শ্রবণশক্তিতে। হে আল্লাহ! আমাকে নিরাপত্তা দিন আমার দৃষ্টিশক্তিতে। আপনি ছাড়া কোনো হক ইলাহ নেই। হে আল্লাহ! আমি আপনার কাছে আশ্রয় চাই কুফরি ও দারিদ্র্য থেকে । আর আমি আপনার আশ্রয় চাই কবরের 41510117096 ৮০০7:,,
121,121,130,‫ت َو ُه َو َر ه‬ َّ َ َ َ َ َ ُ َّ َ َ َ ُ َّ َ ْ َ )3( ‫ب‬ ُ ‫ّك‬ ‫ «حس يِ ّٰللا َل ِاله ِاَل هو علي ي‬-23 ‫ه َت‬ ْ ْ (৭ বার). »‫ال َع ْر يش ال َع يظي‬ ‫ي‬,,,"114 আবূ দাউদ ৪/৩২৪, নং ৫০৯২; আহমাদ ৫/৪২, নং ২০৪৩০; নাসাঈ, আমািু ি ইয়াওযম ওয়াল্লাইিাহ, নং ২২; ইবনু স সু ন্নী, নং ৬৯; বু খারী, আি-আদাবু ি মুফরাদ, নং ৭০১। আর িাইখ আল্লামা ইবন বাি রাযহমাহুল্লাহ ‘তুহফাতুি আখইয়ার’ গ্রমের পৃ . ২৬ এ এর সনদমক হাসান বমিমছন।",entry_arabic_count_mismatch
122,122,131,ْ ‫ه‬ َ ْ ْ ْ َ ُ َ َ ‫) َّ ُ َّ ن‬13( ‫م ِا يِن أ ْسألك ال َعف َو َوال َعا يف َية يِف الدن َيا‬ ‫«الله‬ -24 َ َ َ ْ َ َ ْ َ ْ َ ُ َ ْ َ ‫َّ ُ َّ ن‬ ‫ين‬ ‫د‬ ‫ِف‬ َ ‫َوالٓ ي‬ ‫ي‬ ‫ي‬ ‫ اللهم ِا يِن أسألك العفو والعا يفي ي‬،‫خر ية‬ : ‫ة‬ ْ ٓ َ ْ ُ ْ َّ ُ َّ َ َ ْ َ َ َ َ ُْ َ ‫ َوأ يِم‬،‫ات‬ ‫ي‬ ‫ر‬ َ ‫ع ْو‬ ‫ اللهم اسَت‬،‫اِل‬ ‫ وم ي‬،‫ودنياي وأه يل‬ ْ َ ‫ َو‬،‫ِم َخ ْلف‬ ‫َع‬ ْ ‫َ َ َّ َ ي‬ ‫و‬ ، ‫ي‬‫د‬ ‫ي‬ ‫ْي‬ َ ْ ‫ي‬ ‫ب‬ ‫ِم‬ ‫ن‬ ْ َ ْ َّ ُ َّ َ ْ َ ‫ي‬ ‫ي‬ ‫ اللهم احف ي‬،‫ات‬ ‫ظ‬ ‫روع ي‬ ْ َ‫ك أ‬ َ َ َ َ ُ ُ َ َ َ ْ ‫ وأعوذ يبعظم يت‬،‫ َو يِم ف ْو يِق‬،‫اِل‬ َ ْ َ َ َ ‫ن‬ ‫ وَع يِش ي‬،‫ين‬ ‫ْي ي‬ َْ ْ َ َ ْ ُ .»‫أغتال يِم َت يِت‬,"আলা-হুন্মা ইলী আসআলুকাল 9775577 ওয়াল- 'আ- ফিয়াতা ফিছ্ুনইয়া ওয়াল আ-ধিরাতি। আলা-হন্মা 337 আসত্ালুকাল আফওয়া ওয়াল-'আ-ফিয়াতা ফী দীনী ওয়াদ্ুনইয়াইয়া, ওয়া GML ওয়া মা-লী, আল্লা-হম্মাসতৃর 'আওরা-তী ওয়া আ-মিন রাও“আ-তি। আল্লা-হুম্মাহফাযনী জন্য আল্লাহ্‌ই যথেষ্ট হবেন। ইবনুস HM, নং ৭১, 5177“ সনদে; আবূ দাউদ ৪/৩২১; মাওকুফ সনদে, নং ৫০৮১। আর শাইখ শুআইব ও আব্দুল কাদের আরনাউত এর সনদকে সহীহ বলেছেন। দেখুন, যাদুল মা'আদ ২/৩৭৬। 41510117096 ৮০০7:",,,
123,123,133,َ َ َ َّ َْ َ‫ع ي‬ َ َّ ُ َّ )11( ‫ات‬‫الس َم َو ي‬ َّ ‫اط َر‬ ‫ب َوالشهاد ية ف ي‬ ‫اِل الغي ي‬ ‫«اللهم‬ -21 َ ‫هاَلَّأَ ْن‬ َ َ َ ْ َ ُ َ ْ َ ُ َ َ َ ْ َ ‫َ ْ َ ْ ي َ َّ ُ ن‬ ،‫ت‬ ِ ‫أشهدأنَل ِال‬،‫ُش ٍءوملييكه‬ ‫رب ي‬،‫والرض‬ َ َ َ َ ْ َّ ‫َ ي ْ َ ن‬ َْ ‫َ ُ ُ َ ْ َ ن‬ ‫ َوأ ْن‬،‫ه‬ ‫َشكي ي‬ ‫طان و‬ ‫َش الشي ي‬ ‫ وِم ي‬،‫َش نف يِس‬ ‫أعوذ يبك يِم ي‬ ُ َ َْ ً ْ ‫ج َّر ُه ِا ََ ُم‬ ُ ‫َع نَ ْفِس‬ َ َ َ َ َْ .»‫م‬ ٍ ‫ل‬ ‫ي‬ ‫س‬ ‫أ‬ ‫و‬‫أ‬ ،‫وءا‬‫س‬ ‫ي‬ ‫َتف‬‫أق ي‬,"আলা-হুম্ঘা আ-লিমাল 375/9 ওয়াশশাহা-দাতি ফা-তিরাস সামা-ওয়া-তি ওয়াল Ose, রববা কালি শাইইন ওয়া UAE আশহাদ্দ আল-লা ইলা-হা ইল্লা আনতা। আয বিকা মিন শারারি নাফুসী ওয়া মিন শাররিশ শাইড়া-নি ওয়াশিরাকিহী/ওয়াশারাকিহী ওয়া আন আকতারিফা 'আলা নাফৃসী সৃওতান আউ HEA ইলা সালিম) । ve- “হে আল্লাহ! হে গায়েব ও উপস্থিতের জ্ঞানী, হে আসমানসমূহ ও যমীনের BB, হে সব কিছুর aK ও মালিক! আমি সাক্ষ্য দিচ্ছি যে, আপনি ছাড়া আর কোনো আত্মার অনিষ্ট থেকে, শয়তানের অনিষ্টতা থেকে ও তার 41510117096 ৮০০7:",,,
124,124,134,ْ )12(-21 ْ َ ‫ه‬ ْ َ َ ‫َ َ ُ ه‬ َّ َّ ‫ش رء يِف‬ ‫اَس ي‬ ‫ي‬ ‫ذي َل يَض مع‬ ‫م ّٰللا ي ال ي‬ ‫«بيس ي‬ ْ ُ َ َ َ ْ َّ ‫الس َما يء َو ُه َو‬ .(৩ বার)»ُ ‫الس يميع ال َع يلي‬ ‫َل ِف ن‬ ‫و‬ ‫ض‬‫ي‬ ْ ‫ال‬ ‫ر‬ ‫ي‬,বিসামিজা-হিজাষী লা ইয়াদুরর war ATF শাইউন 'আলীম)। (© বার,"১৯ “আল্লাহর নামে, যার নামের সাথে আসমান ও যমীনে কোনো কিছুই ক্ষতি করতে পারে না। আর তিনি সর্বশ্রোতা, মহাজ্ঞানী ।”৯৮ (৩ বার) 17 তিরমিযী, নং ৩৩৯২; আবু দাউদ, নং ৫০৬৭। আরও দেখুন, সহীহুত তিরমিযী, ৩/১৪২। 1S যে ব্যক্তি সকালে তিনবার এবং বিকালে তিনবার এটি বলবে, কোনো কিছু তার ক্ষতি করতে পারবে AT আবু দাউদ, ৪/৩২৩, 41510117096 ৮০০7:","117 যতরযমিী, নং ৩৩৯২; আবূ দাউদ, নং ৫০৬৭। আরও দদখুন, সহীহুত যতরযমিী, ৩/১৪২।",reference_count_mismatch
125,125,135,ً ْ َ ً َّ َ َّ َ ‫ َو يِب َح َّم ٍد ﷺ‬،‫َل ْسَل يم يدينا‬ َ )13(-21 ‫«ر ي‬ ُ ُ ِ ‫ و يِب‬،‫ضيت يِبّلِل ي رِب‬ ً َ .(৩ বার)»‫ن يب نيا‬,"wae Rane 7403, ওয়াবিল 37719 দীনান, 579 UT সালালা-হ আলাইহি ওয়াসালামা নাবিয়যান)।",,"119 দি বযযি এ দদা‘আ সকাি ও যবকাি যতনবার কমর বিমব, আল্লাহর কামছ তার অযধকার হময় িায় তামক যকয়ামামতর যদন সন্তুি করা। আহমাদ ৪/৩৩৭; নং ১৮৯৬৭; নাসাঈ, আমািু ি ইয়াওযম ওয়াি-িাইিাহ, নং ৪; ইবনু স সু ন্নী, নং ৬৮; আবু দাউদ,","entry_arabic_count_mismatch,reference_count_mismatch"
126,126,135,,0 বার,"০৩ “আল্লাহকে রব, ইসলামকে দীন ও মুহাম্মাদ সাল্লাল্লাহু আলাইহি ওয়াসাল্লামকে নবীরূপে গ্রহণ করে আমি সন্তুষ্ট।”১১৯ (৩ বার) নং ৫০৮৮; তিরমিযী, ৫/৪৬৫, নং ৩৩৮৮; ইবন মাজাহ, নং ৩৮৬৯; আহমাদ, নং ৪৪৬। আরও দেখুন, সহীহ ইবন মাজাহ, ২/৩৩২। আর আল্লামা ইবন বায রাহিমাহুল্লাহ তাঁর 'তুহফাতুল আখইয়ার"" গ্রন্থের ৩৯ পৃষ্ঠায় এটার সনদকে হাসান বলেছেন। 1॥ যে ব্যক্তি এ দো'আ সকাল ও বিকাল তিনবার করে বলবে, সন্তুষ্ট করা। আহমাদ 8/009; নং ১৮৯৬৭; নাসাঈ, আমালুল ইয়াওমি ওয়াল-লাইলাহ, নং ৪; ইবনুস AA, নং ৬৮; আবু দাউদ,",,"entry_arabic_count_mismatch,reference_count_mismatch"
127,127,136,ْ ْ َ ُ َ َ َ َ ْ َ ُ ‫) َ َ ه َ َ ه‬14( ‫ص يلح يِل‬‫ِبح يتك أ ْستغيث أ‬ ‫«ٰٓي ح ٰٓي قيوم ي‬ -22 َْ َ َ ْ َ َْ َ ْ َ َ ُ َّ ُ ْ َ .»‫ْي‬ ٍ ‫ع‬ ‫ة‬ ‫ف‬ ‫ر‬‫ط‬ ‫ِس‬ ‫ي‬ ‫ف‬ ‫ن‬ َ ‫ا‬ ِ ‫ن‬ َ َ ‫شأ يِن ّكه وَل ت ي ي‬ ‫ك‬,,,,entry_arabic_count_mismatch
128,128,137,َ ‫ال َعالَم‬ ْ َّ ُ ْ ُ ْ َ َ ْ َ َ َ ْ َ ْ َ )11( ،‫ْي‬ ‫ي‬ ‫ب‬ ‫ّلِلي َر ن‬ ‫ي‬ ‫«أصبحنا وأصبح الملك ي‬ -23 ُ َ َ ُ َ ْ َ َ ُ َ َْ ْ َ َ َ ْ َ َ ُ َ َ ‫َّ ُ َّ ن‬ ،‫ُنره‬ ‫ و‬،‫ ونَه‬،‫فتحه‬:‫م ِا يِن أ ْسألك خْي هذا ال َي ْو يم‬ ‫اللهـ‬ ‫ي َ َ ن‬ ‫َ ََ َ َ ُ َ ُ َ ُ َ َ ُ ُ َ ي ْ َ ن‬ ‫َش َما‬ َ ‫َش‬ ‫ي‬ ‫و‬ ‫ه‬‫ي‬ ‫ف‬ ‫ي‬ ‫ا‬ ‫م‬ ‫ وأعوذ يبك ِم ي‬،‫ وهداه‬،‫وِبكته‬ ُ َ َْ .»‫بعده‬,"আসবাহৃনা ওয়া আসবাহাল-মুলকু লিলা-হি রাবিবিল আলামীন “4 আলা-হুম্মা 2277 ATP খাইরা হাযাল Such” ফাতহাহ ওয়া নাসরাহু ওয়া TAS ওয়া 1 আর যখন বিকাল হবে, তখন বলবে,",,,entry_arabic_count_mismatch
129,129,137,‫رب العاْلني‬ ّ ‫أمسينا وأمسى اْللك ّلِله‬,"আমসাইনা ওয়া আমসাল মুলকু লিল্লাহি রাব্বিল 'আলামীন) “আমরা বিকালে উপনীত হয়েছি, অনুরূপ যাবতীয় রাজত্বও বিকালে 1 আর যখন বিকাল হবে, তখন বলবে,",,,entry_arabic_count_mismatch
130,130,137,،‫ وبركتها‬،‫ ونورها‬،‫ ونرصها‬،‫ فتحها‬:‫ال هلهم إن أسألك خي هذه الليلة‬ .‫ وش ما بعدها‬،‫ وأعوذ بك من ش ما فيها‬،‫وهداها‬,,,,entry_arabic_count_mismatch
131,131,139,َ ْ ْ َ َ َ َ َ َ ْ ْ َ ْ َ َ ْ َ ْ َ )11( ،‫اَلخَل يص‬ ِ ‫ّكم ية‬ ‫ وَع ي‬،‫اَلسَل يم‬ ِ ‫«أصبحنا َع يفطر ية‬ -33 ً ً َ َ َّ َ َ َ َُ َ‫َ ن‬ ََ َ َ ْ ‫ينا ِا‬‫ وَع يمل ية أ يب‬،‫ْي ن يب يينا م َّم ٍد ﷺ‬ ُ ‫ َح ينيفا م ْس يلما‬،َ‫ِبا يهي‬ ‫وَع يد ي‬ َ ‫ِم ْال ُمَك‬ .»‫ْي‬ َ ‫َ َ َ َ ي‬ ‫وما َن‬ ‫ي ي‬,আসবাহনা “আলা ফিড়রাতিল ইসলামি ওয়া আলা কালিমাতিল ইখলাসি ওয়া আলা Aa নাবিয়ানা মৃহাম্মাদিন সালালা-হু আলাইহি ওয়াসাল্লাম ওয়া আলা মিলাতি 3779/37 ইবরা-হীমা হানীফাম মুসালিমাও ওয়ামা কা-না মিনাল মুশরিকীন) |,"৯৬) “আমরা সকালে উপনীত হয়েছি ইসলামের ফিত্বরাতের ওপর, নিষ্ঠাপূর্ণ বাণী (তাওহীদ)-এর ওপর, 14 যখন বিকাল হবে, তখন বলবে,",,
132,132,139,.....‫أمسينا عىل فطرة اإلسالم‬,আমসাইনা “আলা ফিতরাতিল ইসলাম...) 41510117096 ৮০০7:,,,
133,133,140,َ َّ َ َ ْ ُ )11( .(১০০ বার)»‫ان ّٰللاي َو يِب ْم يد يه‬‫«ُس‬ -31,১০০ বার)85455861 92017) 9৫,,"125 আহমাদ ৩/৪০৬, ৪০৭, নং ১৫৩৬০ ও নং ১৫৫৬৩; ইবনু স সু ন্নী, আমািু ি ইয়াওযম ওয়াি-িাইিাহ, নং ৩৪। আরও দদখুন, সহীহুি োমম‘উ ৪/২০৯।",reference_count_mismatch
134,134,140,ُ َ ُ ْ ْ ُ َ ُ َ َ َ َ ُ َ ْ َ ُ َّ َّ َ َ َ )12( ‫«َل ِاله ِاَل ّٰللا وحده َل ي‬ ‫ له ال ُملك َوله‬،‫َشيك له‬ -32,সুবহা-নালা-হি ওয়া বিহামাদিহী)। (১০০ কার,"১৯ “আমি আল্লাহর প্রশংসাসহ পবিত্রতা ও মহিমা ঘোষণা করছি।” (১০০ বার)১৬ SoA হ এ৪০৪930552091219।48)92 1 আহমাদ ৩/৪০৬, ৪০৭, নং ১৫৩৬০ ও নং ১৫৫৬৩; ইবনুস সুন্নী, আমালুল ইয়াওমি ওয়াল-লাইলাহ, নং ৩৪। আরও দেখুন, সহীহুল GMAT 8/2081 @ ব্যক্তি তা সকালে একশত বার ও বিকালে একশত বার বলবে, কিয়ামতের দিন তার চেয়ে বেশি উৎকৃষ্ট কিছু কেউ নিয়ে আসতে পারবে না, তবে সে ব্যক্তি যে তার মত বলবে, বা তার চেয়ে বেশি আমল করবে। মুসলিম ৪/২০৭১, নং ২৬৯২।",,reference_count_mismatch
135,135,141,‫ُ َ َ ن‬ ْ ْ َ ُُ ‫َع‬ ‫ش ٍء َقد ر‬ .(১০ বার)»‫ي‬ ‫و‬َ ‫ َوه‬،‫اْل َ ْم ُد‬ ‫ي‬ ‫ي‬,"লা ইলা-হা ইল্লাল্লাহ MUS লা শারীকা AMS, ANT YAP, ওয়া MST হামদ, ওয়া হুয়া “আলা কারি শাই'ইন PAT) | (১০ বার) অথবা (অলসতা লাগলে ১ বার","‎“একমাত্র আল্লাহ ছাড়া কোনো হু ইলাহ নেই,‏ جح ‎তাঁর কোনো শরীক নেই, রাজত্ব তাঁরই, সমস্ত প্রশংসাও ‎(১০ বার)১ অথবা (অলসতা লাগলে ১ বার)৯৮ ‎127 নাসাঈ, আমালুল ইয়াওমি ওয়াল-লাইলাহ, নং ২৪। আরও দেখুন, ‎সহীহুত তারগীব ওয়াত তারহীব, ১/২৭২; ইবন বায, তুহফাতুল ‎আখইয়ার পৃ. 881 এর ফযীলতের ব্যাপারে আরও দেখন, পৃ. ‎হাদীস নং ২৫৫। ‎VS আবূ দাউদ, নং ৫০৭৭; ইবন মাজাহ, নং ৩৭৯৮; আহমাদ নং ‎৮৭১৯। আরও দেখুন, সহীহুত AAS ওয়াত তারহীব, ১/২৭০;","127 নাসাঈ, আমািু ি ইয়াওযম ওয়াি-িাইিাহ, নং ২৪। আরও দদখুন, সহীহুত তারর্ীব ওয়াত তারহীব, ১/২৭২; ইবন বাি, তুহফাতুি আখইয়ার পৃ . ৪৪। এর ফিীিমতর বযাপামর আরও দদখন, পৃ . হাদীস নং ২৫৫।",reference_count_mismatch
136,136,142,ُ َ ُ ْ ْ ُ َ ُ َ َ َ َ ُ َ ْ َ ُ َّ َّ َ َ َ )13( ‫ وحده َل ي‬،‫«َل ِاله ِاَل ّٰللا‬ ‫ له ال ُملك َوله‬،‫َشيك له‬ -33 ‫ْ َ ُ ُ َ َ ن‬ ْ َ ُُ ‫َع‬ ‫ش ٍء َقد ر‬ .»‫ي‬ ‫اْل ْمد َوه َو‬ ‫ي‬ ‫ي‬,"A ইলা-হা 3578/5 CUMS লা শারীকা MS, MST YAP, ওয়া লাহুল হামদ, ওয়া হয়া 'আলা কুলি শাইইন কাদীর)।","১৯ “একমাত্র আল্লাহ ছাড়া কোনো © ইলাহ নেই, তাঁর কোনো শরীক নেই, রাজত্ব তাঁরই, সমস্ত প্রশংসাও",129 (সকািমবিা ১০০ বার বিমব) সহীহ আযব দাউদ ৩/৯৫৭; সহীহ ইবন মাোহ ২/৩৩১ ও িাদু ি মা‘আদ ২/৩৭৭।,"entry_arabic_count_mismatch,reference_count_mismatch"
137,137,142,,"সকালবেলা Soo বার বলবে)১৯ সহীহ আবি দাউদ ৩/৯৫৭; সহীহ ইবন মাজাহ ২/৩৩১ ও যাদুল মা'আদ ২/৩৭৭। 1% যে ব্যক্তি দিনে একশত বার বলবে, সেটা তার জন্য দশটি দাসমুক্তির অনুরূপ হবে, তার জন্য একশত সাওয়াব লিখা হবে, সে দিন বিকাল পর্যন্ত সেটা তার জন্য শয়তান থেকে বাঁচার উপায়",,,"entry_arabic_count_mismatch,reference_count_mismatch"
138,138,143,ْ َ َ َّ َ َ ْ ُ )23(-34 َْ َ ْ َ َ َ َ ‫ َو يرضا نف يس ي‬،‫ عدد خل يقهي‬:‫د يه‬ ،‫ه‬ ‫«ُسان ّٰللاي و يِبم ي‬ .(৩ বার)»‫ه‬ َ َ َ َ ‫ّك َما يت ي‬ َْ ََ َ ‫ و يمداد ي‬،‫و يزنة عر يشهي‬,"সুবহা-নালা-হি ওয়া বিহামাদিহী “আদাদা খালাকিহী, ওয়া রিদা নাফসিহী, ওয়া Rarer 'আরশিহী, ওয়া মিদা-দা কালিমা-তিহী)। (৩ বার","০) “আমি আল্লাহর প্রশংসাসহ পবিত্রতা ও মহিমা ঘোষণা করছি- তাঁর সৃষ্ট বন্তসমূহের সংখ্যার সমান, তাঁর ও তাঁর বাণীসমূহ লেখার কালি পরিমাণ (অগণিত অসংখ্য)”1১৩০ (৩ বার) a ৫82 পারবে না, হাঁ, সে ব্যক্তি ব্যতীত যে তার চেয়েও বেশি আমল PAA | বুখারী, ৪/৯৫, নং ৩২৯৩; মুসলিম, 8/2099, নং ২৬৯১। ও মুসলিম ৪/২০৯০, নং ২৭২৬। 41510117096 ৮০০7:",,entry_arabic_count_mismatch
139,139,143,ً َ َ ً َ ً ْ ً َ ً ْ َ ُ َ َ ‫) َّ ُ َّ ن‬21( ‫ َوَعَل‬،‫ َو يرزقا ط ينيبا‬،‫م ِا يِن أ ْسألك يعلما َن يفعا‬‫«الله‬ -31 ً ََُ .»‫متق َّبَل‬,,,,entry_arabic_count_mismatch
140,140,144,َ َ َّ ُ ْ َ ْ َ )22( ُ ‫ّٰللا َوأَ َُت‬ .» ‫ه‬ ‫ب ِال ْي ي‬ ‫«أستغ يفر‬ -31,সকালবেলা বলবে,,"131 হাদীসযে সংকিন কমরমছন, ইবনু স সু ন্নী, নং ৫৪; ইবন মাোহ, নং ৯২৫। আর আব্দু ি কামদর ও শু‘আইব আি-আরনাঊত িাদু ি মা‘আমদর সম্পাদনায় ২/৩৭৫; এর সনদমক হাসান বমিমছন। আর পূ বগ ৭৩ নং এ ও তা র্ত হময়মছ।","entry_arabic_count_mismatch,reference_count_mismatch"
141,141,144,,MER হানি আসআলুবা ইলমান CK SMT ওয়া রিযুকান তাইয়োবান ওয়া 'আমালান ম্বতাকাব্বালান,,,"entry_arabic_count_mismatch,reference_count_mismatch"
142,142,144,,সকালবেলা বলবে,"৯১) “হে আল্লাহ! আমি আপনার নিকট উপকারী জ্ঞান, পবিত্র রিযিক এবং কবুলযোগ্য আমল প্রার্থনা করি।”",,"entry_arabic_count_mismatch,reference_count_mismatch"
143,143,144,,সকাল বেলা বলবে)১১,,,"entry_arabic_count_mismatch,reference_count_mismatch"
144,144,144,,আভ্াগফিরজ্লাহ ওয়া আতুর FN ١,"৯৯) “আমি আল্লাহর কাছে ক্ষমা প্রার্থনা করছি এবং তাঁর নিকটই তাওবা করছি”। (প্রতি দিন ১০০ বার)১২ 19 হাদীসটি সংকলন করেছেন, ইবনুস BAN, নং ৫8; ইবন মাজাহ, নং ৯২৫। আর আব্দুল কাদের ও শু'আইব আল-আরনাউত যাদুল মা'আদের সম্পাদনায় ২/৩৭৫; এর সনদকে হাসান বলেছেন। আর পূর্ব ৭৩ নং এ ও তা গত হয়েছে।",,"entry_arabic_count_mismatch,reference_count_mismatch"
145,145,145,‫)«أعوذ يب ي ي‬23(-31 ََ َ ‫ي ْ َ ن‬ َّ َّ ‫َّ ي‬ َ ُ ُ َ .»‫َش َما خلق‬ ‫ي‬ ‫ِم‬ ‫ات‬ ‫ي‬ ‫ام‬ ‫الت‬ ‫ّٰللا‬ ‫ات‬ َ ‫م‬ ‫ك‬,বিকালে ৩ বার,,"132 বু খারী (ফাতহুি বারীসহ) ১১/১০১, নং ৬৩০৭; মুসযিম ৪/২০৭৫, নং ২৭০২।","entry_arabic_count_mismatch,reference_count_mismatch"
146,146,145,ُ َ َ ْ ‫) َّ ُ َّ َ ن َ َ ن‬24( َّ َ‫َع نَ َب ني َنا م‬ .»‫د‬ ٍ ‫م‬ ‫ي‬ ‫ل وس يلم‬‫«اللهم ص ي‬ -32,আয় বিকালিমা-তিল্াএহিত তা-ম্ছাতি মিন শারার মা খালাকা)। (বিকালে ৩ বার,১১ “আল্লাহর পরিপূর্ণ কালেমাসমূহের উসীলায় আমি তাঁর নিকট তাঁর সৃষ্টির ক্ষতি থেকে আশ্রয় চাই।””৩৩,"133 দি দকউ যবকাি দবিা এ দদা‘আযে যতনবার বিমব, দস রামত দকামনা যবষধর প্রাণী তার ক্ষযত করমত পারমব না। আহমাদ ২/২৯০, নং ৭৮৯৮; নাসাঈ, আমািু ি ইয়াওযম ওয়াি িাইিাহ, নং ৫৯০; ইবনু স সু ন্নী, নং ৬৮; আরও দদখুন, সহীহুত যতরযমিী ৩/১৮৭; সহীহ ইবন মাোহ ২/২৬৬; তুহফাতুি আখইয়ার যি ইবন বাি, পৃ . ৪৫।","entry_arabic_count_mismatch,reference_count_mismatch"
147,147,145,,"বিকালে ৩ বার) 5 বুখারী (ফাতহুল বারীসহ) ১১/১০১, নং ৬৩০৭; মুসলিম ৪/২০৭৫, নং ২৭০২। 1» যে কেউ বিকাল বেলা এ দো'আটি তিনবার বলবে, সে রাতে কোনো বিষধর প্রাণী তার ক্ষতি করতে পারবে না। আহমাদ ২/২৯০, নং ৭৮৯৮; নাসাঈ, আমালুল ইয়াওমি ওয়াল লাইলাহ, নং ৫৯০; ইবনুস সুন্নী, নং ৬৮; আরও দেখুন, সহীহুত তিরমিযী ৩/১৮৭; সহীহ ইবন মাজাহ ২/২৬৬; তুহফাতুল আখইয়ার লি ইবন বাধ, পৃ. ৪৫।",,,"entry_arabic_count_mismatch,reference_count_mismatch"
148,148,147,‫ُْ ُ ه ُ َ ر‬ ‫۝‬Ǻۚ ‫ح ْي ۝ ﴿قل ه َو ّٰللا ا َحد‬ َّ ‫حن‬ ٰ ْ َّ ‫ه ي‬ ْ )1 ( ‫ي‬ ‫الر ي‬ ‫م ّٰللا الر ي‬ ‫ بيس ي‬-33 ُ ُ ٗ َّ ْ ُ َ ْ َ َ ْ َ ْ ُ ْ َ َ ْ َ ْ َ ۚ ُ َ َّ ُ ‫َ ه‬ ‫ن له كف ًوا‬ ‫۝ وِل يك‬Ǽ ‫َيلد‬ ‫۝ ِل ي يلد ڏ وِل‬Ą ‫ّٰللا الصمد‬ ‫َ ر‬ ،﴾‫۝‬Ć ‫ا َحد‬,,,,entry_arabic_count_mismatch
149,149,147,َ َ ْ َ ‫ع ْو ُذ‬ُ َ ُْ ٰ ْ َّ ‫ه ي‬ ‫۝‬Ǻ ‫ق‬ ‫ي‬ ‫ل‬‫ف‬ ‫ال‬ ‫ب‬ ‫ِب ن‬ ‫ي ي‬ ‫ح ْي ۝ ﴿قل ا‬ َّ ‫حن‬ ‫الر ي‬ ‫ي‬ ‫م ّٰللا الر‬ ‫بيس ي‬ ْ ‫ي‬ ‫َ ي ْ َ ن‬ َ ‫يذا َو َق‬َ َ ‫َ ْ َ ن‬ ََ َ َ ‫ْ َ ن‬ ‫َش‬ ‫ي‬ ‫ِم‬ ‫و‬ ‫۝‬ Ǽ ‫ب‬ ‫ا‬ ‫ق‬ٍ ‫اس‬ ‫ي‬ ‫غ‬ ‫َش‬ ‫ي‬ ‫ِم‬ ‫ي‬ ‫و‬ ‫۝‬ Ą ‫ق‬ ‫َش ما خل‬ ‫يِم ي‬ َ َ َ ‫ِم َ ن‬ َ ُ ْ ٰ ‫َّ ه‬ ،﴾‫۝‬Ĉ ‫د ياذا َح َسد‬ ْ ‫َ ي‬ ٍ ‫اس‬ ‫َش ح ي‬ ‫ي‬ ‫و‬ ‫۝‬ Ć ‫د‬ ‫ي‬ ‫ق‬ ‫ت يِف الع‬ ‫النفث ي‬,,,,entry_arabic_count_mismatch
150,150,148,ْ َ ُ ُْ َ ُ ٰ ْ َّ ‫ه ي‬ ‫حيي ۝ ﴿قل اعوذ ي ي‬ َّ ‫ِب ن‬ ْ ‫الر‬ ْ ‫۝‬Ǻ ‫اس‬ ‫الن ي‬ ‫ب‬ ‫ن َّ ي‬ ‫م ّٰللا الرح ي‬ ‫بيس ي‬ ْ ‫ْ َ ن‬ َّ ‫ٰ ي‬ َّ َ ‫اس ڏ‬‫َش ال َو ْس َو ي‬ ‫۝ يِم ي‬Ǽ ‫اس‬ ‫الن ي‬ ‫۝ ايله‬Ą ‫اس‬ ‫الن ي‬ ‫ك‬‫م يل ي‬ ْ َ َّ ُ ُ ْ ُ َُ ‫ي‬ْ َّ َّ َ ‫۝ يِم‬Ĉ ‫اس‬ ‫الن ي‬ ‫صد ْو ير‬ ‫َي ْس يوس يِف‬ ‫ذ‬ ‫ي‬ ‫ال‬ ‫۝‬ Ć ‫ي‬ ‫اس‬ ‫ن‬ ‫اْل‬ َّ َ َّ ْ ﴾‫۝‬Č ‫اس‬ ‫الن ي‬ ‫اْلن ية و‬ ‫ي‬,,,,entry_arabic_count_mismatch
151,151,149,‫) َ ه ُ َ ٓ ٰ َ َّ ُ َ َ ْ َ ْ َ ُ َ َ ْ ُ ُ ٗ َ ر‬2( ‫ ﴿ ّٰللا َل ايله ايَل ھو ۚ ال ه‬-133 ‫ـَح الق هي ْوم ڬ َل َتخذه يسـنة‬,,,"135 বু খারী, (ফাতহুি বারীসহ) ৯/৬২, নং ৫০১৭; মুসযিম ৪/১৭২৩, নং ২১৯২।",entry_arabic_count_mismatch
152,152,150,ْ َّ َ ْ َ ‫ْ َ ْ ي‬ َ ْ َ َ َّ َّ ‫ُن رم ۭ ل ٗه َما ِف‬ َ َ ‫الس ٰم ٰو‬ ‫ذي‬ ‫ت وما يِف اَلرض ۭ ِم ذا ال ي‬ ‫ي‬ ‫ي‬ ‫وَل‬ ْ ْ َ َ ْ َ َ ُ َ ْ َ ٖ‫ْ ه‬ َّ ٗٓ َ ْ ُ َ ْ َ ‫ُّي ْم َو َما‬ ‫د ي‬ ‫يشفع يعنده ايَل يِبيذ ين ۭ يعلم ما بْي اي ي‬ ۗ َ َ َّ ٓ ْ َ ْ ‫َ َْ ُ ْ َ َ ُ ْ ُ ْ َ َ ْ ن‬ ‫َش ٍء يِم يعل يمهٖ ايَل يِبا شا َء ۚ َو يسع‬ ‫خلفھم ۚ وَل ُيييطون بي‬ ُ ُ ُ ْ ُٗ َُْ َ َ َ َْ ْ َ ُ ‫ُْ ه‬ ‫حفظه َما ۚ َوھ َو‬ ‫ت واَلرض ۚ وَل ي ـ ـ ـ ـوده ي‬ ‫الس ٰم ٰو ي‬ َّ ‫ه‬ ‫كر يسـي‬ ْ ْ .﴾ ‫ۧ؁‬١٥٥ ُ ‫ل ال َع يظ ْي‬ ‫ال َع ه‬ ‫ي‬,আলা-হ লা ইলা-হা 357 হওয়াল 3577 95273 লা তাখ্রুয়হ Prange ওয়ালা নাউম। লাহু মা-ফিসসামা-ওয়া- তি ওয়ামা ফিল orate মান যাল্লাযী ইয়াশফাণ্উ 3 ইল্লা বিইযনিহী। ইয়া'লায় মা বাইনা আইদীহিম ওয়ামা খালফাহুম। ওয়ালা BAe বিশাইইম মিন ইলমিহী ইল্লা বিমা শাআ। ওয়াসি'আ 375997795 সামা-ওয়া-তি ওয়াল আরদ। ওয়ালা ইয়াউদুহ PLA ওয়া হয়াল MYC 'আযীম)।,"০) “আল্লাহ, তিনি ছাড়া কোনো সত্য ইলাহ্‌ নেই। তিনি চিরঞ্জীব, সর্বসত্তার ধারক। তাঁকে তন্দ্রাও স্পর্শ 41510117096 ৮০০7:",,
153,153,151,َ ُْ ٓ َ ُ ‫)﴿اِم‬3(-131 ْ ‫َْ ي ي‬ ٖ‫ِم َّر يبنه‬ َ َ ٰ ‫ُنل ايليه‬ ‫ي‬ ‫ا‬ ‫ا‬ ‫ِب‬ ‫ي‬ ‫ل‬ ‫الر ُس ْو‬ َّ َ ُ ُ َ ٰۗ ‫َ ْ ُْ ُْ َ ُ ٰ َ َ ه‬ ‫ن ۭ ُ اِم يِبّلِلي َو َمل ِىك يتهٖ َوكت يبهٖ َو ُر ُس يلهٖ َۣل‬ ‫والمؤ يمنو‬,,,"136 সূ রা আি-বাকারাহ-২৫৫। রাসূ িুল্লাহ সাল্লাল্লাহু আিাইযহ ওয়াসাল্লাম বমিন: ‘দি দকউ িখন রামত আপন যবছানায় িামব এবং ‘আয়াতুি কুরসী’ পড়মব, তখন দস রামতর পুমরা সময় আল্লাহর পক্ষ দেমক তার েনয দহফািতকারী োকমব; আর সকাি হওয়া পিগন্ত িয়তান তার যনকমেও আসমত পারমব না’। বু খারী, (ফাতহুি বারীসহ), ৪/৪৮৭, নং ২৩১১।",entry_arabic_count_mismatch
154,154,152,َ ْ ََ َ ْ َ ْ ُ َ َ ٖ‫ُ َ ن ُ َ ْ َ َ َ ن ي ْ ه ُ ه‬ ‫َسعنا َواطعنا ڭ‬ ‫د ِم رس يل ۣ وقالوا ي‬ ٍ ‫نف يرق بْي اح‬ َّ َْ ُ ‫ه‬ ُ ‫ُ ْ َ َ َ َ َّ َ َ َ ْ َ ْ َ ْ ُ َ ُ َ ن‬ ‫ۧ؁َل يكيف ّٰللا نف ًسا ايَل‬١١٥ ‫صْي‬ ‫غفرانك ربنا وايليك الم ي‬ َ َ َّ ْ َ َ َْ َ َ ْ َ َ َ َ َ َ َ ْ ُ ْ ‫اك َت َس َب‬ ‫ت َۭربنا َل‬ ‫وسعها ۭ لها ما ك َسبت وعلهيا ما‬ ٓ ََ ْ َْ َ َ َ َّ َ ْ ْ َ َ ٓ َ ْ َّ ْ ٓ َ ْ َ ُ ‫ين س يسينا ا ْو اخ َطاَن ۚ َربنا َوَل َت يمل عل ْينا‬ ‫اخذَن ا‬‫تؤ ي‬ َ َ ْ َ ُ َ َ َّ َ َ ْ َ ْ َّ َ َ ٗ َ ْ َ َ َ ً ْ ‫ْي يِم ق ْب يلنا ۚ َربنا َوَل َت ي نملنا َما‬ ‫ذ‬‫ايْصا َ حلته َع ال ي‬ ‫ت‬َ ‫ح َنا ۪ اَ ْن‬ ْ َ ْ َ َ َ ْ ْ َ َّ َ ُ ْ َ ‫َل طاقة لنا يبهٖ ۚ واعف عنا ۪ واغ يفر لنا ۪ وار‬ ََ َ َ َ َ ٰ ْ َ ْ َ َ َ ْ ُ ْ َ َ ٰ َْ .﴾ ‫ۙ؀‬١١١ ‫ْي‬َ ْ ‫الكفر‬ ‫ـََن َع الق ْو يم‬ ‫مولىنا فان‬ ‫يي‬,,,,entry_arabic_count_mismatch
155,155,154,َ ُ ُ َ َ َ ْ َ ُ ْ َ َ ‫) ْ َ َ ن‬4 ( ‫ ف ِان‬،‫ َو يبك أ ْرفعه‬،ِ‫جن ي‬ ‫َسك ر يّب وضعت‬ ‫ « يِب ي‬-132 َ َ ْ َ ْ َ َ َْ َ َْ ْ َ َ ْ َ ْ َْ َ ْ َ َْ ‫ يِبا‬،‫احفظها‬ ‫ و ِان أرسلَا ف‬،‫ت نف يِس فارحها‬ ‫أمسك‬ َ َ ُ َ َْ .»‫ْي‬ َ ‫اْل‬ َّ ‫ه يع َبادك الص ي ي‬‫َتفظ يب ي‬,,,"137 সূ রা আি-বাকারা ২৮৫-২৮৬। রাসূ িুল্লাহ সাল্লাল্লাহু আিাইযহ ওয়াসাল্লাম বমিন: দি বযযি রামতর দবিা সূ রা বাকারার দিষ দু যে আয়াত পড়মব, তা তার েনয িমেি হমব। বু খারী, ফাতহুি বারীসহ, ৯/৯৪, ৪০০৮; মুসযিম ১/৫৫৪, নং ৮০৭।",entry_arabic_count_mismatch
156,156,155,"বমি। (হাদীমস বযণগত ‫ صنفة إزاره‬িমব্দর অেগ হমে, চাদমরর",বিইসামিকা'* রবী ওয়াদাণ্ত জাহী ওয়া বিকা সা-লিহীন)।,"৪) “আমার রব! আপনার নামে আমি আমার afer! রেখেছি শুয়েছি) এবং আপনারই নাম নিয়ে আমি তা উঠাবো। যদি আপনি (ঘুমন্ত অবস্থায়) আমার প্রাণ আটকে রাখেন, তবে আপনি তাকে দয়া করুন। OS রাসূলুল্লাহ সাল্লাল্লাহু আলাইহি ওয়াসাল্লাম বলেন: “তোমাদের এলো সে যেনো তার চাদর বা লুঙ্গির আঁচল দিয়ে তিনবার বিছানাটি ঝেড়ে নেয়। আর যেন সে বিসমিল্লাহ পড়ে, (আল্লাহর নাম নেয়); কেননা সে জানে না যে, তার চলে যাবার পর এতে কী পতিত হয়েছে। তারপর সে যখন শোয়, তখন যেনো এ দো'আটি পার্্দিকস্থ অংশ। এর জন্য দেখুন, নিহায়া ফী গারিবিল হাদীস",,entry_arabic_count_mismatch
157,157,155,ওয়াি আসার’ ‘‫’صنف‬।),,,,entry_arabic_count_mismatch
158,158,156,َ َ َ َّ َ َ َ ْ َ َ ْ َ َ ْ َ َ َ َّ َّ ُ َّ )1( ‫ لك‬،‫ت َتفاها‬ ‫ت نف يِس وأن‬ ‫ «اللهم ِانك خلق‬-133 ْ َ َ َّ َ ْ َ َ ْ َ ْ َ َ َ ْ َ ْ َ ْ َ َْ َُ ََ ‫ن أ َمَا فاغ يف ْر‬ ‫ و ِا‬،‫ ِان أحييَا فاحفظها‬،‫ماَتا َومياها‬ َ َ ُ َ َ ‫َّ ُ َّ ن‬ ََ .»‫م ِا يِن أ ْسألك ال َعا يف َية‬ ‫ الله‬.‫لها‬,আল্লা-হন্রা 3578 9373787 নাফসী ওয়া আভা তাওয়াফৃফাহা। লাকা মামা-তুহা ওয়া মাহইয়া-হা। 7 আহ্ইয়াইতাহা ফাহফাযৃহা ওয়াইন আমাভাহা ফাগফির লাহা। আলা-হন্া ইনী আসৃআলুকাল 'আ-ফিয়াতা)।,"৫ “হে আল্লাহ! নিশ্চয় আপনি আমার আত্মাকে সৃষ্টি করেছেন এবং আপনি তার মৃত্যু ঘটাবেন। তার মৃত্যু ও তার জীবন আপনার মালিকানায়। যদি তাকে বাঁচিয়ে 1” বুখারী, ফাতহুল বারীসহ ১১/১২৬, নং ৬৩২০; মুসলিম ৪/২০৮৪, নং ২৭১৪।","139 বু খারী, ফাতহুি বারীসহ ১১/১২৬, নং ৬৩২০; মুসযিম ৪/২০৮৪, নং ২৭১৪।",
159,159,157,َ َ َ َ َْ َ َ َ َ .»‫َيم ت ْب َعث يع َبادك‬ ُ َّ ‫)«الل َّ ُه‬1(-134 ‫م يق ين عذابك‬,"আলা-হম্মা কিনী 'আযা-বাকা ইয়াওমা তাবণ্আাছু ইবা- দাকা)। so8- “হে আল্লাহ!১৯ আমাকে আপনার আযাব থেকে পুনজীবিত করবেন ।”১২ M0 মুসলিম ৪/২০৮৩, নং ২৭১২; আহমাদ, তাঁর শব্দে ২/৭৯, নং ৫৫০২। 4 “রাসূলুল্লাহ সাল্লাল্লাহু আলাইহি ওয়াসাল্লাম যখন ঘুমানোর ইচ্ছা এ দো'আটি বলতেন।” 41510117096 ৮০০7:",,"140 মুসযিম ৪/২০৮৩, নং ২৭১২; আহমাদ, তাাঁর িমব্দ ২/৭৯, নং ৫৫০২।",
160,160,158,َ ُ ُ َ َّ ُ َّ َ ْ )1( .»‫م أموت َوأ ْح َيا‬ ‫ « يِب ي‬-131 ‫َسك الله‬,,,"142 আবূ দাউদ, িব্দ তাাঁরই, ৪/৩১১, নং ৫০৪৫; যতরযমিী, নং ৩৩৯৮; আরও দদখুন, সহীহুত যতরযমিী, ৩/১৪৩; সহীহ আবী দাঊদ, ৩/২৪০।",entry_arabic_count_mismatch
161,161,158,ً َّ ُ َ ْ ً َّ َ َ ْ ُ )2( ‫ان ّٰللا ي(ثَلاثوثَلثْي) َواْل ْمد يّلِل ي(ثَلاث‬ ‫ «ُس‬-131 ً ‫أ‬ ُ َ ْ َ ُ َّ »‫وثَلثْي‬ َ ‫وثَلثْي) َوّٰللا أكب (أربعا‬,,,"143 বু খারী, (ফাতহুি বারীসহ) ১১/১১৩, নং ৬৩২৪; মুসযিম ৪/২০৮৩, নং ২৭১১।",entry_arabic_count_mismatch
162,162,159,،‫ض‬ َ ‫ب ال ْر ي‬ َّ ‫الس ْبع َو َر‬ َّ ‫ات‬ ‫الس َم َو‬ َّ ‫ب‬ َّ ‫م َر‬ َّ ‫)«الل َّ ُه‬3(-131 ‫ي‬ ‫ي‬ ْ َ َ ‫ن‬ ْ ْ ‫ب‬ ‫ فاليق اْل ن‬،‫ب ُُ ش ٍء‬ َ ْ َ َّ ‫ َرب َّ َنا َو َر‬،‫ب ال َع ْر يش ال َع يظي‬ َّ ‫َو َر‬ ‫ي‬ ‫ي‬ ‫ي‬ ُ ُ َ َ ْ ُ ْ َ ْ ْ َّ َ ْ ‫ أعوذ‬،‫ان‬ ‫ق‬ ‫ر‬‫ف‬ ‫ال‬ ‫و‬ ، ‫يل‬ ‫ن‬ ‫اَل‬ ‫و‬َ ‫الت ْو َرا ية‬ ‫ل‬ ‫ن‬ ُ َ َ َّ َ ‫ي‬ ‫ي ي‬ ِ ‫ وم ي‬،‫والنوى‬ َ ‫م أَ ْن‬ َّ ‫ الل َّ ُه‬.‫ه‬ ‫اص َي يت ي‬ َ ‫َ ي ْ َ ن ُن َ ْ ٍ َْ َ ٓ ر‬ ‫ت‬ ‫خذ يبن ي‬ ‫ُ ش ء أ نت أ ي‬ ‫َش ي‬ ‫يبك ِم ي‬ َ َ َْ َ ََ ُ ٓ ُ َ َ ْ َ ‫ال َّول َفلَ ْي َ َ َ َ َ ْ ر‬ ‫يس بعدك‬ ‫خر فل‬ ‫ َوأنت ال ي‬،‫س ق ْبلك شء‬,"ফাতহুল বারীসহ) ৭/৭১, নং ৩৭০৫; মুসলিম ৪/২০৯১, নং ২৭২৬।",,"144 রাসূ িুল্লাহ সাল্লাল্লাহু আিাইযহ ওয়াসাল্লাম আিী এবং ফমতমামক বমিন: আযম যক দতামামদরমক এমন যকছু বমি যদমবা না িা দতামামদর েনয খামদম অমপক্ষাও উিম হমব? িখন দতামরা দতামামদর যবছানায় িামব, তখন দতামরা দু ’েমন ৩৩ বার সু বহানাল্লাহ, ৩৩ বার আিহামদু যিল্লাহ, এবং ৩৪ বার বিমব, িা তা খামদম অমপক্ষাও দতামামদর েনয উিম হমব’’। বু খারী, (ফাতহুি বারীসহ) ৭/৭১, নং ৩৭০৫; মুসযিম ৪/২০৯১, নং ২৭২৬।",
163,163,160,ْ َ َْ ‫َ َ َ َ ْ ر‬ َ َّ َ ْ َ َ ‫َ ْ ر‬ ‫ن‬ُ ‫ط‬ ‫ َوأنت ال َبا ي‬،‫س ف ْوقك شء‬ َ ‫الظا يه ُر َفل ْي‬ ‫ وأنت‬،‫شء‬ ْ َْ َ َ ْ َ َ ْ َّ َّ َ ْ ‫ََْ َ ُ َ َ َ ْ ر‬ .»‫ْي َوأغ يننا يِم الفق ير‬ ‫ض عنا الد‬ ‫ اق ي‬،‫س دونك شء‬ ‫فلي‬,"আলা-হুম্মা FT সামা-ওয়া-তিস সাব'ই ওয়া রববাল 'আরাশিল “আযীম, TH ওয়া THT কৃতি NSA, ফা- লিকাল হাবিব ওয়ান-নাওয়া, ওয়া মুনাধিলাত-তাওরা-তি ওয়াল ইনজীলি ওয়াল ফুরকা-ন, আয়ু বিকা মিন শারারি কারি শাইইন আনতা আ-ধিযুম-বিনা-সিয়াতিহি। আলা- ‏دج‎ আনতাল তাউওয়ালু ফালাইসা AI শাইউন। ওয়া আনতাল আ-খিরু ফালাইসা বাণ্দাকা NEST | ওয়া আনতায UR ফালাইসা ফাওকাকা শাইউন। ওয়া আনতাল 37799 ফালাইসা দুনাকা NEST) 8 'আনাদৃ-দাইনা ওয়া আগনিনা মিনাল ফাকারি) ١","০) হে আল্লাহ! হে সপ্ত আকাশের রব্ব, যমীনের তাওরাত, 34 ও কুরআন নাধিলকারী, আমি প্রত্যেক এমন বস্তুর অনিষ্ট থেকে আপনার নিকট আশ্রয় প্রার্থনা 41510117096 ৮০০7:",,
164,164,161,َّ َّ ُ َ ْ َ َ َ َ َ َْ )13(-132 ‫«اْلمد يّلِل ي ال ي‬ َ ،‫ َوكفاَن‬،‫ذي أط َع َمنا َو َسقاَن‬ ْ َ ْ ُ َ ُ َ َ َ َ ْ َّ ‫َ ٓ َ َ َ َ ْ ي‬ .»‫ِف له َوَل مؤ يوي‬ ‫ فُك من َل َ ي‬،‫وأواَن‬,"নিয়ন্ত্রণ করছেন)। হে আল্লাহ! আপনিই প্রথম, আপনার পূর্বে কিছুই ছিল না, আপনি সর্বশেষ, আপনার পরে কোনো কিছু থাকবে না, আপনি সব কিছুর উপরে, আপনার উপরে কিছুই নেই; আপনি সর্বনিকটে, আপনার চেয়ে নিকটবর্তী কিছু নেই, আপনি আমাদের সমস্ত খণ পরিশোধ করে দিন এবং আমাদেরকে অভাবপ্রস্ততা থেকে অভাবমুক্ত করুন।”১৪৫",4658895436৭ 3 ৮৬৪5,,entry_arabic_count_mismatch
165,165,161,,"আলহামদু Fen REPT আত'আমানা, ওয়া ATA, ওয়া কাফা-না, ওয়া আ-ওয়ানা, ফাকাম মিম্মান লা কা-ফিয়া লাহ, ওয়ালা YER) | 15 মুসলিম ৪/২০৮৪, নং ২৭১৩। 41510117096 ৮০০7:",,,entry_arabic_count_mismatch
166,166,162,َ َ َ َّ َ َ ‫ع‬ َ َّ ‫)«الل َّ ُه‬11(-133 ‫ط َر‬ ‫ب َوالشهاد ية فا ي‬ ‫ي‬ ‫ي‬ْ ‫الغ‬ ‫اِل‬ ‫ي‬ ‫م‬ َ ْ َ ُ َ ْ َ ُ َ َ َ ْ َ ‫َ َّ ُ ن‬ َ ْ َ ْ ‫ال‬ ‫ أشهد أن َل‬،‫ُ ش ٍء وملييكه‬ ‫ي‬ ‫ب‬ ‫ر‬ ، ‫ض‬ ‫ي‬ ‫ر‬ ‫ات و‬‫الس َم َو ي‬ َّ ْ َّ ‫َ ي ْ َ ن‬ ْ َ ‫َ َ َّ َ ْ َ َ ُ ُ َ ْ َ ن‬ ‫طان‬ ‫ي‬ ‫ي‬ ‫الش‬ ‫َش‬ ‫ي‬ ‫ِم‬ ‫و‬ ،‫ِس‬ ‫ي‬ ‫ف‬ ‫ أعوذ يبك يِم ي‬،‫ِاله ِاَل أنت‬ ‫َش ن‬ َ ُ ُ َ َ ً َْ َ َ َ َ َْ ْ َ َ ْ َ َ‫ أ ْو أج َّره ِا‬،‫َتف َع نف يِس ُسوءا‬ ‫ وأن أق ي‬،‫ه‬ ‫َشك ي ي‬ ‫و ي‬ .»‫م‬ ْ ُ ٍ ‫مس يل‬,,,,entry_arabic_count_mismatch
167,167,164,ْ َ ُ ْ َّ َ َ َ ْ َ ْ َ ُ ْ َ ْ َ َّ ُ َّ )13( ‫ت أم يري‬ ‫ وفوض‬،‫ت نف يِس ِاليك‬ ‫«اللهم أسلم‬ -111 َ َ ْ َ ُ ْ َ َْ َ َ ْ ُ ‫ج ْه‬َّ َ َ َ ْ َ ،‫ َوأْلأت ظه يري ِال ْيك‬،‫ت َوج يهي ِال ْيك‬ ‫ وو‬،‫ِاليك‬ َ َ َّ َ ْ ْ َ َ ْ َ َ َ ً ْ ً ْ ،‫ َل َمل َجأ َوَل َمن َجا يمنك ِاَل ِال ْيك‬،‫َرغ َبة َو َره َبة ِال ْيك‬ َ ‫َْ َ ْ َ َ َ ن‬ َ ‫ك ال َّذي أَ ْر َس ْل‬ َّ َ َ ُ َْ ٓ .»‫ت‬ ‫ي‬ ‫ و يبن يب يي‬،‫ذي أُنلت‬ ‫ابك ال ي‬ ‫أمنت يبكيت ي‬,"আলা-হম্মা আসৃলামতু নাফুসী ইলাইকা, ওয়া ফাউওয়াদত আমরী ইলাইকা, ওয়া GHW! ওয়াজহিয়া ইলাইকা, ওয়াআলজাপ্ত UH ইলাইকা, রাগবাতান ওয়া রাহবাতান ইলাইকা। লা মালজা'আ ওয়ালা মানৃজা মিনকা ইল্লা MS রাসূলুল্লাহ সাল্লাল্লাহু আলাইহি ওয়াসাল্লাম সূরা সাজদা এবং সূরা মুলক না পড়ে ঘুমাতেন না। তিরমিযী, নং ৩৪০৪; নাসাঈ, আমালুল ইয়াওমি ওয়াল লাইলাহ, নং ৭০৭। আরও দেখুন, সহীহুল জামে* ৪/২৫৫। 71510171105 ০০০7",,"148 রাসূ িুল্লাহ সাল্লাল্লাহু আিাইযহ ওয়াসাল্লাম সূ রা সােদা এবং সূ রা মুিক না পমড় ঘুমামতন না। যতরযমিী, নং ৩৪০৪; নাসাঈ, আমািু ি ইয়াওযম ওয়াি িাইিাহ, নং ৭০৭। আরও দদখুন, সহীহুি োমম‘ ৪/২৫৫।",
168,168,165,,"পাকড়াও) থেকে বাঁচার কোনো আশ্রয়স্থল নেই এবং কোনো মুক্তির উপায় নেই। আমি ঈমান এনেছি আপনার 1 রাসূলুল্লাহ সাল্লাল্লাহু আলাইহি ওয়াসাল্লাম বলেছেন, “যখন তুমি বিছানা গ্রহণ করবে, তখন নামাযের মত ওযু করবে, তারপর তোমার GIT AMAT শুয়ে পড়বে। তারপর বল, .... আল- হাদীস। 41510117096 ৮০০7:",,,entry_arabic_count_mismatch
169,169,166,ْ ُ ُ ‫ال َق نه‬ ْ ُ َّ َّ َ َ َ ‫الس َم َو ي‬ ‫ات‬ َّ ‫ب‬‫ َر ه‬،‫ار‬ ‫حد‬ ‫«َل ِاله ِاَل ّٰللا ال َوا ي‬-111 ْ ُ َ ْ ُ َ َ َ َ ُ ‫ال َغ َّف‬ َ ْ .»‫ار‬ ‫ض وما ب ْيِن َما العززي‬ ‫َوال ْر ي‬,,,"150 রাসূ িুল্লাহ সাল্লাল্লাহু আিাইযহ ওয়াসাল্লাম িামক এ দদা‘আযে যিক্ষা যদমিন, তামক বমিন: িযদ তুযম ঐ রামত মারা িাও তমব ‘যফতরাত’ তো দীন ইসিামমর উপর মারা দর্মি। বু খারী, (ফাতহুি বারীসহ) ১১/১১৩, নং ৬৩১৩; মুসযিম ৪/২০৮১, নং ২৭১০।",entry_arabic_count_mismatch
170,170,167,َ َ َ َ ْ َّ َ ُ ُ َ ‫«أعوذ يبكي َم ي‬-113 ‫ات ي‬ َّ َّ ،‫ابهي‬ ‫ه و يعق ي‬ ‫ِم غض يب ي‬ ‫ات ّٰللا ي التام ي‬ َْ ْ َ َ ُ ُ ‫ُي‬ َّ َ ََ ْ ‫َ ي‬ ‫َ َ ن‬ .»‫ون‬ ‫ي‬ ‫َض‬ ‫ن‬ ‫أ‬‫و‬ ‫ْي‬ ‫ي‬ ‫ط‬ ‫ي‬ ‫يا‬ ‫الش‬ ‫ات‬ ‫ي‬ ‫ز‬ ‫َه‬ ‫ِم‬ ‫و‬ ، ‫ه‬ ‫ي‬ ‫د‬ ‫ي‬ ‫ا‬ َ ‫َش يع‬ ‫ب‬ ‫ي‬ ‫و‬,"আন্উয় 777677 8297© ‏75د‎ fry 9779 ওয়া ইকা-বাহি ওয়া শারার 'ইবা-দিহি ওয়ামিন হামাযা- তিশৃশায়া-তীনি ওয়া আন SVG) ١ 1» আয়েশা রাদিয়াল্লাহু আনহা বলেন, রাসূলুল্লাহ সাল্লাল্লাহু আলাইহি ওয়াসাল্লাম রাতে যখন বিছানায় পার্শ্ব পরিবর্তন করতেন তখন তা বলতেন। হাদীসটি সংকলন করেছেন, হাকেম এবং তিনি তা সহীহ বলেছেন, আর ইমাম যাহাবী তাকে সমর্থন করেছেন, ১/৫৪০; নাসাঈ, আমালুল ইয়াওমি ওয়াল্লাইলা, নং ২০২; ইবনুস BE, নং ৭৫৭। আরও দেখুন, সহীহুল জামে"" ৪/২১৩।",,"151 আময়িা রাযদয়াল্লাহু আনহা বমিন, রাসূ িুল্লাহ সাল্লাল্লাহু আিাইযহ ওয়াসাল্লাম রামত িখন যবছানায় পার্শ্গ পযরবতগন করমতন তখন তা বিমতন। হাদীসযে সংকিন কমরমছন, হামকম এবং যতযন তা সহীহ বমিমছন, আর ইমাম িাহাবী তামক সমেগন কমরমছন, ১/৫৪০; নাসাঈ, আমািু ি ইয়াওযম ওয়াল্লাইিা, নং ২০২; ইবনু স সু ন্নী, নং ৭৫৭। আরও দদখুন, সহীহুি োমম‘ ৪/২১৩।",
171,171,169,َ ‫ن َه َد ْي‬ ْ َّ ُ َّ )1( ‫ن‬ْ ‫يم‬َ ‫ َو َعا يفن يف‬،‫ت‬ ‫ي‬ َ ‫اهدِن يف‬ ْ ‫يم‬ ‫ي ي‬ ‫ «اللهم‬-111 ،‫ت‬َ ‫ْي أَ ْع َط ْي‬ َ ْ ‫ َو َِب يرك يِل يف‬،‫ت‬ َ ‫َتل َّ ْي‬ ََ ْ َ َّ َ َ ‫ َوَتل ين يفيمن‬،‫ت‬ َ ‫اف ْي‬ َ َ ‫ع‬ َ ُ َّ َ َ َ َ ْ ُ َ ْ َ َ َّ َ َ ْ َ َ َ َّ َ ‫ ِانه َل‬،‫ض َوَليقض عل ْيك‬ ‫و يق ين َشما قضيت؛ ف ِانكتق ي‬ َ ‫َ ه‬ َّ َ ْ َ َ َ ْ َ َ ْ َ ‫َ ْ َ َ ْ َ َ َ َ ه‬ ‫ت َربنا‬ ‫ تبارك‬،]‫ [وَل ي يعز ِم عاديت‬،‫ذل ِم واليت‬ ‫ي ي‬ َ ‫َو َت َعالَ ْي‬ .»‫ت‬,"আলা-হম্মাহদিনী ফীমান হাদাইতা ওয়া 'আ-ফিনী ফীমান 'আ-ফাইতা ওয়া তাওয়াল্লানী ফীমান তাওয়াল্লাইতা ওয়াবা- 1 মুসলিম, 8/5995, নং ২২৬১। 1» মুসলিম ৪/১৭৭৩, নং QUO! 41510117096 ৮০০7:",,,
172,172,171,َ َ َ ْ َ َ ُ ُ َ ‫ن‬ َّ ‫)«الل َّ ُه‬2(-111 ،‫طك‬ ‫ِبضاك يِم َس ي‬ ‫يي‬ ‫وذ‬ ‫ع‬ ‫أ‬ ‫ِن‬ ‫ي‬ ‫ا‬ ِ ‫م‬ ْ ُ َ َ ْ َ ُ ُ َ َ َ َ ُ ُ ْ َ َ َُ َ ‫ص‬ ‫ َل أح ي‬،‫ وأع ـ ـوذ يبك يمنك‬،‫و يِبعافا يتك يِم عقوب يتك‬ َ َْ َ َ َ ْ َ َْ ََ َ َْ َ َْ َ ً َ َ .»‫ت َع نف يسك‬ ‫ أنت َ أثني‬،‫ثناء عليك‬,"আলা-হুম্মা ইনী আউয়াবিরিদ্া-কা মিন সাখাড়িকা, ওয়া বিয্ু'আ-ফা-তিকা মিন Seales, ওয়া আউয়ু বিকা আসনাইতা AA নাফাসিকা)। 1 সুনান গ্রন্থকারগণ, আহমাদ, দারামী ও বাইহাকী এ হাদীসটি সংকলন করেছেন। আবু দাউদ, নং ১৪২৫; তিরমিযী, নং ৪৬৪; নাসাঈ, নং ১৭৪৪; ইবন মাজাহ, নং ১১৭৮; আহমাদ, নং ১৭১৮; দারামী, নং ১৫৯২; হাকিম, ৩/১৭২; বাইহাকী, ২/২০৯। আর দু"" ব্রাকেটের মাঝখানের অংশ বাইহাকীর। আরও দেখুন, সহীহুত তিরমিযী ১/১৪৪, সহীহ ইবন মাজাহ, ১/১৯৪; ইরওয়াউল গালীল, লিল আলবানী, ২/১৭২।",,"158 সু নান গ্রেকারর্ণ, আহমাদ, দারামী ও বাইহাকী এ হাদীসযে সংকিন কমরমছন। আবূ দাউদ, নং ১৪২৫; যতরযমিী, নং ৪৬৪; নাসাঈ, নং ১৭৪৪; ইবন মাোহ, নং ১১৭৮; আহমাদ, নং ১৭১৮; দারামী, নং ১৫৯২; হাযকম, ৩/১৭২; বাইহাকী, ২/২০৯। আর দু ’ ব্রামকমের মােখামনর অংি বাইহাকীর। আরও দদখুন, সহীহুত যতরযমিী ১/১৪৪, সহীহ ইবন মাোহ, ১/১৯৪; ইরওয়াউি র্ািীি, যিি আিবানী, ২/১৭২।",
173,173,172,َ َ ُ َ ‫) َّ ُ َّ َّ َ ْ ُ ُ َ َ َ ُ َ ن‬3( ‫ َو ِال ْيك‬،‫ص يل َوس ْس ُجد‬ ‫ ولك ن‬،‫ «اللهم ِآٰيك نعبد‬-112 َ َ َ َ َّ َ َ َ َ َ ْ َ َ َ َ َ ْ َ ُ ْ َ ُ ْ َ َ َ ْ َ ‫ن عذابك‬ ‫ ِا‬،‫ وَنَش عذابك‬،‫ َنجو رحتك‬،‫سسع وَن يفد‬ َ َْ َ َ ُ َ َ َّ َّ ُ َّ ‫َ ُْ ر‬ َ ،‫ َوس ْستغ يف ُرك‬،‫م ِاَن س ْستعينك‬ ‫ الله‬.‫ْي مل َحق‬ ‫يِبلك يف ير‬ ُ َ َْ َ َ ُ ُْ َ َ ُ ُ ْ َ َ َ َ َْْ َ ََْ ْ ُ ‫ وَنضع‬،‫ ونؤ يِم يبك‬،‫ وَل نكفرك‬،‫َونث ين عليك اْلْي‬,,,"159 সু নান গ্রেকারর্ণ ও আহমাদ হাদীসযে সংকিন কমরমছন। আবূ দাউদ, নং ১৪২৭; যতরযমিী, নং ৩৫৬৬; নাসাঈ, নং ১৭৪৬; ইবন মাোহ, নং ১১৭৯; আহমাদ, নং ৭৫১। আরও দদখুন, সহীহুত যতরযমিী, ৩/১৮০; সহীহ ইবন মাোহ, ১/১৯৪, আি-ইরওয়া, ২/১৭৫।",entry_arabic_count_mismatch
174,174,173,َ ُ ْ َ ْ َ ََُْ َ َ َ .»‫فرك‬ ‫ وَنلع ِم يك‬،‫لك‬,,,,entry_arabic_count_mismatch
175,175,174,ُ ُْ ‫ك الق هد ي‬ »‫وس‬ َ ‫ان‬ ‫الم يل ي‬ َ َ ‫ُس‬ « -115,সুবহা-নাল মালিকিল কুদস,"“কতই না পবিত্র-মহান সেই মহাপবিভ্র বাদশাহ!” বলতেন, 1 হাদীসটি বায়হাকী তাঁর 'আস-সুনানুল কবরা' গ্রন্থে সংকলন করেছেন এবং তার সনদ বিশুদ্ধ বলেছেন, ২/২১১। আর শাইখ আলবানী ইরওয়াউল গালীল এর ২/১৭০ এ বলেন, “এর সনদ বিশুদ্ধ। আর তা উমর রা. থেকে মওকুফ হাদীসে বর্ণিত।",,entry_arabic_count_mismatch
176,176,174,َ َ ْ . »]‫وح‬ ‫َلئيك ية َو ه‬ ‫الر ي‬ َ « ‫[ر ن‬ ‫ب ال َم‬‫ي‬,,,,entry_arabic_count_mismatch
177,177,175,َ َ ُ ْ َ ْ َ ُ ْ َ ُ ْ َ ‫) َّ ُ َّ ن‬1( ،‫اْب أ َم يتك‬ ،‫د ك‬‫ اْب عب ي‬،‫ «اللهم ِا يِن عبدك‬-123 َ ُ َ َ َّ ‫ر‬ ْ َ َ ُ ْ ُ َّ َ َ َ ‫ََن ي‬ ،‫ِف قضاؤك‬ ‫ي‬ ‫ل‬ ‫د‬ ‫ ع‬،‫اض يِف حْكك‬ ٍ ‫ َم‬،‫ك‬ ‫د‬ ‫صي يِت يبي ي‬ ُ َ ْ َ َْ َ َ َْ َّ َ َ َ َ ُ ْ ‫َ ْ َ ُ َ ُ ن‬ ‫ أ ْو أُنلته يِف‬،‫ه نف َسك‬ َ ‫َس ْي‬ ‫ت يب ي‬ ،‫اْس هو لك‬ٍ ‫ل‬ ‫أسألك يبك ـ ـ ي‬ ‫ت يب ي‬َ ْ َ ْ َ ْ َ َ ْ َ ْ ‫َ َ َ ْ َ َّ ْ َ ُ َ َ ً ي‬ ‫ه يِف‬ ‫ أ يو استأَث‬،‫ أو علمته أحدا ِم خل يقك‬،‫ابك‬ ‫ك يت ي‬ ُ َْ َ ُ َ َ ْ َ ْ َ َ َ ْ َ ٓ‫الق ْرأ‬ َ ْ ‫ َوُن َر‬،ِ‫ن َر يبيع قل ي‬ ‫ أن َتعل‬،‫ب يعندك‬ ‫ي‬ ْ ‫الغ‬ ‫ي‬ ‫م‬‫يع ي‬ ‫ل‬ ‫َ َ َ َ َن‬ ْ ُ َ َ َ َ ْ َ .»‫َهي‬ ‫ وذهاب ي‬،‫ وجَلء حز يِن‬،‫صد يري‬,রাব্বিল মালা-ইকাতি ওয়ার-রাহ])। ৃষিনি ফিরিশতা ও রূহ -এর vay?,"দুঃখ ও দুশ্চিন্তার সময় পড়ার দো'আ 2০৪0 Ne HS 0 ০৪৩ ৫১০ ৪৪০৪ উরি 94৪৪৬৪৪৫৪৪৭ 16) নাসাঈ, ৩/২৪৪, নং ১৭৩৪; দারা কুতনী, ২/৩১ ও GTA আর দুই ব্রাকেটের মাঝখানের অংশ দারা কুতনীতে ২/৩১, নং ২ বেশি বর্ণিত। যার সনদ বিশুদ্ধ। আরও দেখুন, শু'আইব আল- আরনাউত ও আবদুল কাদের আল-আরনাউত এর ""যাদুল মা'আদ"" গ্রন্থের সম্পাদনা ১/৩৩৭।","161 নাসাঈ, ৩/২৪৪, নং ১৭৩৪; দারা কুতনী, ২/৩১ ও অনযানযর্ণ। আর দু ই ব্রামকমের মােখামনর অংি দারা কুতনীমত ২/৩১, নং ২ দবযি বযণগত। িার সনদ যবশুি। আরও দদখুন, শু‘আইব আি- আরনাঊত ও আবদু ি কামদর আি-আরনাঊত এর ‘িাদু ি মা‘আদ’ গ্রমের সম্পাদনা ১/৩৩৭।",
178,178,176,,"আলা-হম্মা BH Hager ইবনু 'আবাদিকা ইবনু আমাতিকা, না-লিয়াতী বিয়াদিকা, মা-দিন ফিয়্যা PYF, BM লাকা সাম্মাইতা বিহি নাফসাকা, আও আনযালতাহু ফী কিতা-বিকা আও 'আলামতাহ আহাদামৃ-মিন খালকিকা তাজ আলাল PHN FHA FIT, ওয়া TA ANT, ওয়া জালা'আ 2727 ওয়া যাহা-বা WH) ١",") “হে আল্লাহ! আমি আপনার বান্দা, আপনারই এক বান্দার পুত্র এবং আপনার এক বাঁদীর পুন্র। আমার কপাল (নিয়ন্ত্রণ) আপনার হাতে, আমার ওপর আপনার নির্দেশ কার্যকর, আমার ব্যাপারে আপনার ফয়সালা ন্যায়পূর্ণ। আমি আপনার কাছে প্রার্থনা করি আপনার প্রতিটি নামের উসীলায়; যে নাম আপনি নিজের জন্য নাধিল করেছেন অথবা আপনার সৃষ্টজীবের কাউকেও শিখিয়েছেন অথবা নিজ গায়েবী জ্ঞানে নিজের জন্য সংরক্ষণ করে রেখেছেন- আপনি কুরআনকে বানিয়ে দিন 41510117096 ৮০০7:",,entry_arabic_count_mismatch
179,179,177,ْ ْ َ َ ْ َ ‫) َّ ُ َّ ن َ ُ ُ َ ي َ ْ َ ن‬2( ‫ «اللهم ِا يِن أعوذ يبك ِم اله يم واْل ي‬-121 ‫ َوال َعج يز‬،‫ن‬ ‫ز‬ َ َّ َ َ َ ْ ُ ْ َ ْ ُ ْ َ َ َ ْ َ ‫الد ْْي َو َغل َب ية ن‬ .»‫ال‬ َ ‫الر‬ ‫ي ي‬‫ج‬ ‫ي‬ ‫ وضلع‬،‫ب‬ ‫ل واْل ي‬ ‫ والبخ ي‬،‫ل‬ ‫والكس ي‬ ‫ي‬,"আলা-হুম্মা হানি 9727 বিকা মিনাল 237/897 ওয়াল হাধানি, ওয়াল “আজি ওয়াল কাসালি, ওয়াল বৃখলি ওয়াল FA, ওয়া দালা'ইদ ছাইনে ওয়া গালাবাতির রিজা-লি","১ “হে আল্লাহ! নিশ্চয় আমি আপনার আশ্রয় নিচ্ছি দুশ্চিন্তা ও দুঃখ থেকে, অপারগতা ও অলসতা থেকে, 5. আহমাদ ১/৩৯১, নং ৩৭১২। আর শাইখ আলবানী তাঁর সিলসিলাতুল আহাদীসিস সহীহাহ গ্রন্থে ১/৩৩৭ একে সহীহ বলেছেন। 41510117096 ৮০০7:","162 আহমাদ ১/৩৯১, নং ৩৭১২। আর িাইখ আিবানী তাাঁর যসিযসিাতুি আহাদীযসস সহীহাহ গ্রমে ১/৩৩৭ এমক সহীহ বমিমছন।",
180,180,178,ُ َّ َّ َ َ َ ُ َ ْ ُ َ ْ ُ َّ َّ َ َ َ )1( ‫ب‬ ‫ّٰللا َر ه‬ ‫ َل ِاله ِاَل‬،‫ «َل ِاله ِاَل ّٰللا الع يظي اْل يلي‬-111 ُ َّ َّ َ َ َ ْ ْ ‫ب‬‫ات َو َر ه‬ ‫الس َم َو ي‬ َّ ‫ب‬ ‫ّٰللا َر ه‬ ‫ َل ِاله ِاَل‬،‫ال َع ْر يش ال َع يظي‬ ‫ي‬ َ ْ ْ َ ْ .» ‫ب العر يش الك يريي‬ ْ َ ‫ض َو َر ه‬‫ال ْر ي‬,"লা ইলা-হা ইল্লাল্লা-হুল OAT হালীম। লা ইলা-হা ইললারা-হ রব্বুল 'আরশিল 'আযীম। লা ইলাহা ইল্লাললা-হু FHT সামা-ওয়া-তি ওয়া রব্বুল আরাদি ওয়া রব্বুল 18 বুখারী, ৭/১৫৮, নং ২৮৯৩; সেখানে এসেছে, রাসূলুল্লাহ সাল্লাল্লাহু আলাইহি ওয়াসাল্লাম এ দো""আটি বেশি বেশি করতেন। আরও দেখুন, বুখারী, (ফাতহুল বারীসহ) ১১/১৭৩; আরও দেখুন যা পৃষ্ঠায় ১৩৭ নং এ বর্ণিত হবে।",,"163 বু খারী, ৭/১৫৮, নং ২৮৯৩; দসখামন এমসমছ, রাসূ িুল্লাহ সাল্লাল্লাহু আিাইযহ ওয়াসাল্লাম এ দদা‘আযে দবযি দবযি করমতন। আরও দদখুন, বু খারী, (ফাতহুি বারীসহ) ১১/১৭৩; আরও দদখুন িা পৃ ষ্ঠায় ১৩৭ নং এ বযণগত হমব।",
181,181,179,َّ ‫) «الل َّ ُه‬1(-118 َْ َ ْ َ َ َ ُ َ َ ََ ْ ‫ فَل ت يك ين ِاَ نف يِس‬،‫م َرحتك أ ْرجو‬ َّ َ َ َ ُ َّ ُ ْ َ َ ‫َل أَ ْن‬ ْ ْ َ َ َْ َ َ ْ َ .»‫ت‬ ‫ َل ِاله ِا‬،‫ص يلح يِل شأ يِن ّكه‬ ‫ وأ‬،‫ْي‬ ٍ ‫طرفة ع‬,,,"164 বু খারী, (ফাতহুি বারীসহ) ৭/১৫৪, নং ৬৩৪৫; মুসযিম ৪/২০৯২, নং ২৭৩০।",entry_arabic_count_mismatch
182,182,180,‫)«َل ِاله ِاَل أن‬3(-124 َ ُ ‫ن‬ ُ ‫ك ْن‬ َ َ َ ْ ُ َ ْ َ َّ َ َ َ ‫ت يِم‬ ‫ت ُسانك ِا يِن‬ ‫ن‬ .»‫ْي‬ َ ‫الظالم‬ ‫يي‬,লা ইলাহা ইল্লা আনতা TAIN SA PAS মিনায-যা- লিমীন) 1,"৩) “আপনি ছাড়া কোনো হরু ইলাহ নেই, আপনি পবিভ্রমহান, নিশ্চয় আমি যালিমদের অন্তভুক্তি।”১৬৬ 1” আবু দাউদ, 8/08, নং ৫০৯০; আহমাদ ৫/৪২, নং ২০৪৩০। আর শাইখ আলবানী সহীহ আবি দাউদ গ্রন্থে ৩/৯৫৯ এটাকে হাসান হাদীস বলেছেন। 166 তিরমিযী ৫/৫২৯, নং ৩৫০৫; হাকেম এবং তিনি একে সহীহ বলেছেন, যাহাবী সেটা সমর্থন করেছেন, ১/৫০৫। আরও দেখুন, সহীহুত তিরমিযী, ৩/১৬৮।","165 আবূ দাউদ, ৪/৩২৪, নং ৫০৯০; আহমাদ ৫/৪২, নং ২০৪৩০। আর িাইখ আিবানী সহীহ আযব দাউদ গ্রমে ৩/৯৫৯ এোমক হাসান হাদীস বমিমছন।","entry_arabic_count_mismatch,reference_count_mismatch"
183,183,180,ً َ ُ َُْ ‫ُ ُ ن‬ .»‫َشك يب يهشيئا‬ َ َّ َّ )4( ‫ «ّٰللا ّٰللار يّب َل أ ي‬-121 ْ,,,,"entry_arabic_count_mismatch,reference_count_mismatch"
184,184,181,ْ َ ُ ُ َ ُ ُ َ ُ َ ْ َ َّ َّ ُ َّ )1( ‫ «اللهم ِاَن نعلك يِف َن ي‬-121 ‫ َونعوذ يبك يِم‬،‫ور يه‬ ُ ُ .»‫ور يه‬ ْ ‫َش ي‬,আল্লা-হন্মা Far নাভৃ'আলুকা ফা TART ওয়া 7 বিকা মিন শুরারাহিম) ١,") “হে আল্লাহ! আমরা আপনাকে তাদের গলদেশে রাখছি এবং তাদের অনিষ্ট থেকে আপনার নিকট আশ্রয় প্রার্থনা করছি।”১৬৮ 10 হাদীসটি সংকলন করেছেন, আবুদাউদ, ২/৮৭, নং ১৫২৫; ইবন মাজাহ, নং ৩৮৮২। আরও দেখুন, সহীহ ইবন মাজাহ, ২/৩৩৫। 41510117096 ৮০০7:","167 হাদীসযে সংকিন কমরমছন, আবূ দাউদ, ২/৮৭, নং ১৫২৫; ইবন মাোহ, নং ৩৮৮২। আরও দদখুন, সহীহ ইবন মাোহ, ২/৩৩৫।",
185,185,182,ُ َ َ َ َ َْ َ ُ َ َ ْ َ َّ ُ َّ )2( ‫ يبك أ ُحول‬،‫صْيي‬ ‫ وأنت ن ي‬،‫دي‬‫ «اللهم أنت عض ي‬-121 ُ ُ َ ُ .»‫ َو يبك أقا يتل‬،‫صول‬ ُ َ‫ك أ‬ َ َ ‫و يب‬,"TASH আনতা 'আদুদী, ওয়া আনতা নাসীরী, বিকা আহুলু, ওয়া বিকা আসুলু, ওয়া বিকা উ্কা-তিলু) ١","9 “হে আল্লাহ! আপনি আমার শক্তি এবং আপনি করি, আপনারই সাহায্যে আমি আক্রমণ করি এবং আপনারই সাহায্যে আমি যুদ্ধ করি ।”১৬৯","169 আবূ দাউদ ৩/৪২, নং ২৬৩২; যতরযমিী ৫/৫৭২, নং ৩৫৮৪। আরও দদখুন, সহীহুত যতরযমিী, ৩/১৮৩।",reference_count_mismatch
186,186,182,.»‫) « َح ْسبنا ّٰللا َو ينع َم ال َوكييل‬32(-122 ُ ْ ْ ُ َّ ُ,"হাসবুনাল্লা-হ ওয়া FMT ওয়াকীল)। 16 আবু দাউদ ২/৮৯, নং ১৫৩৭; আর হাকেম হাদীসটিকে সহীহ বলেছেন এবং ইমাম যাহাবী একে সমর্থন করেছেন ২/১৪২। 1” আবূ দাউদ ৩/৪২, নং ২৬৩২; তিরমিযী ৫/৫৭২, নং ৩৫৮৪। আরও দেখুন, সহীহুত তিরমিযী, ৩/১৮৩।",,,reference_count_mismatch
187,187,183,ْ ‫ب ال َع ْر يش‬ َّ ‫ َو َر‬،‫الس ْبع‬ َّ ‫ات‬ ‫الس َم َو‬ َّ ‫رب‬ َّ ‫م‬ َّ ‫)«الل َّ ُه‬1(-123 ‫ي‬ ‫ي‬ َ َ َ ْ َ َ َ ُ ْ َ ُ ْ ‫َ ًي‬ ُ ْ ،‫ َوأ ْحز ياب يه يِمخَل يئ يقك‬،‫ْبفَل ٍن‬ ‫ن‬ ‫َل‬ ‫ف‬ ‫ِم‬ ‫ارا‬‫ج‬ ‫ِل‬ ‫ن‬ ْ ‫ ك‬،‫ال َع يظي‬ ‫ي ي‬ ‫ي‬ ‫ي‬ ََ َ َ َ ُ َ َ َّ َ َ َ ُ َ َّ َ َ ْ َ ْ َ ْ ُ ْ ‫َ ْ َ ْ َ َ َ َ َ ر‬ ‫وَل ِاله‬،‫وجلثناؤك‬،‫عزجارك‬،‫أنيف ُرطَعأحد يمِنمأويطَغ‬ َّ .»‫ت‬ َ ‫اَلَّأَ ْن‬ ِ,"MMB TET সামা-ওয়া-তিস HTH, ওয়া 7 ফুলানিন, ওয়া আহ্যাবিহী মিন খালায়েকিকা, আই ইয়াফরন্তা Mane আহাদ্ুম মিনহুম আও ইয়াতগা, আয্যা জা-রুকা, ওয়া জাল্লা সানা-উকা, ওয়া লা ইলা-হা ইল্লা আনতা)। 1? বুখারী ৫/১৭২, নং ৪৫৬৩ |",,,
188,188,184,ً ‫ ّٰللا أعز ي‬،‫)«ّٰللا أكب‬2(-133 ‫َّ ُ َ َ ه‬ َ ْ َ ْ ‫َّ ُ َ ْ َ ُ َّ ُ َ َ ه‬ ‫ ّٰللا أعز يم َّا‬،‫َيعا‬ ‫ه ي‬ ‫ِم خل يق ي‬ ْ ُ َّ َ َ َ َّ َّ ُ ُ َ ُ َ ْ َ َ ُ َ َ ‫ك‬ ‫ ال ُم ْم يس ي‬،‫ذي َل ِاله ِاَل ه َو‬ ‫ أعوذ يِبّلِل ي ال ي‬،‫أخاف وأحذر‬ ْ ْ َّ َ ْ َ َ ْ َ َ ْ َ ْ َّ ‫ يِم‬،‫ض ِاَل يِب ِذ ينهي‬ ‫ن َع ال ْر ي‬ َ ‫ات السبع أن يقع‬ ‫الس َم َو ي‬ َّ ‫ي‬ ْ ‫ِم اْل ن‬ ْ ‫ي‬ َ ْ َ َ ‫َ َْ َ ي‬ ُ ُ َ َ ُ َ َْ ‫َ ن‬ ‫ن‬ ‫ي‬ ‫ي‬ ،‫ي‬ ‫ه‬ ‫ع‬ ‫ي‬ ‫ا‬‫ي‬ ‫ش‬ ‫أ‬‫و‬ ‫ه‬ ‫ع‬‫ي‬ ‫ا‬‫ب‬‫ت‬ ‫أ‬ ‫و‬ ‫ه‬ ‫ي‬ ‫د‬ ‫ي‬ ‫و‬ ‫ن‬ ‫ وج‬،‫ن‬ ٍ ‫دك فَل‬ ‫َش عب ي‬ ‫ي‬,,,,entry_arabic_count_mismatch
189,189,185,َ ُ َ َ َّ َ ْ ‫َ ً ْ َ ن‬ ْ ُ َّ ُ َّ ْ َ ‫جل ثناؤك‬ ‫ اللهم كن يِل جارا يِم ي‬،‫اَلس يس‬ ،‫َش يه‬ ِ ‫و‬ َ ُ َْ َ َ َ َ ُ ْ َ َ َ َ َ َ ُ َ َّ َ َ .(৩ বার)»‫ َوَل ِاله غْيك‬،‫ارك اَسك‬ ‫ وتب‬،‫وعز جارك‬,"আল্লা-হু আকবার, আল্লা-হু 375177 মিন খালকিহী জামী'আন। আল্লাহু sary frat আখা-ফু ওয়া আহ্যার। 3757 বিল্লা-হিলাষী লা ইলা-হা ইল্লা হওয়াল মুমসিকুস সামা-ওয়া-তিস MTF আন SPA আলাল ওয়া FURY ওয়া আতবাইহী ওয়া আশইয়া ইহী মিনাল জিমি ওয়াল ইনাসি। আল্লা-হম্মা কুন লী জা-রান মিন শারারাহিম, জাল্লা সানা-উকা ওয়া ORG জা-রকা ওয়াতাবা-রকাসম্বকা ওয়া লা ইলা-হা গাইরকা)। (৩ বার","“আল্লাহ সবচেয়ে বড়, আল্লাহ তাঁর সমস্ত সৃষ্টি থেকে মহামর্যাদাবান। আমি যা থেকে ভীত ও শঙ্কিত তার চেয়ে আল্লাহ মহাপরাক্রমশালী। আমি আল্লাহর কাছে পৃথিবীর ওপর পতিত হওয়া থেকে- (আশ্রয় চাই) তাঁর 41510117096 ৮০০7:",,
190,190,186,ْ ْ َ َ َ ْ َ ْ ُ َّ ُ َّ ‫«اللهم م ي‬-131 ‫ اه يز يم‬،‫اب‬ َ ‫يع اْل ي‬ ‫س‬ ‫َس‬ ، ‫اب‬ ‫ي‬ ‫ي‬ ‫نل الك ي‬ ‫يت‬ ُْ ْ َ َّ ُ َّ َ َ ْ َ .»‫اهزمه ْم َوزل يزله ْم‬ ُ ْ ‫ اللهم ي‬،‫الحزاب‬,,,,entry_arabic_count_mismatch
191,191,187,ْ َّ ُ َّ َ ‫اكفنهي ْم ِبَا ش ْئ‬ .»‫ت‬ ‫«اللهم ي ي ي ي ي‬131,omen 779573 কিতা-বি সারী'আল হিসা-বি ইহযিমিল আহ্যা-ব। আললা-হুম্মাহযিমহম. ওয়া যালাধিলহুম) |,"“হে আল্লাহ, কিতাব নািলকারী, wo হিসাব গ্রহণকারী! আপনি শক্রবাহিনীকে পরাভূত FHA হে আল্লাহ! আপনি তাদেরকে পরাজিত করুন এবং তাদের মধ্যে ত্রাস সৃষ্টি করে দিন।”১৩ ৩৯. কোনো সম্প্রদায়কে ভয় করলে যা বলবে",,entry_arabic_count_mismatch
192,192,187,,"আলা-হম্মাকাফিনীহিম বিমা শি”্তা)। yor “হে আল্লাহ! আপনি যা ইচ্ছে তা দ্বারাই এদের মোকাবেলায় আমার জন্য যথেষ্ট হোন।”১৭৪ 1S মুসলিম, ৩/১৩৬২, নং ১৭৪২। 1 মুসলিম ৪/২৩০০, নং ৩০০৫। 41510117096 ৮০০7:",,,entry_arabic_count_mismatch
193,193,188,.»‫ه‬ َّ ُ ‫«أٓ َم ْن‬ ‫ت يِبّلِلي َو ُر ُس يل ي‬,"আ-মানত বিল্লাহ ওয়া ware) আনলাম।”৭৭ soe আল্লাহ তা'আলার নিনোক্ত বাণী পড়বে, ""বুখারী, (ফাতহুল বারীসহ) ৬/৩৩৬, নং ৩২৭৬; মুসলিম ১/১২০, নং ১৩৪। 176 বুখারী, (ফাতহুল বারীসহ) ৬/৩৩৬, নং ৩২৭৬; মুসলিম ১/১২০, ১৩৪। 17 মুসলিম ১/১১৯-১২০, নং ১৩৪।",,"175 বু খারী, (ফাতহুি বারীসহ) ৬/৩৩৬, নং ৩২৭৬; মুসযিম ১/১২০, নং ১৩৪।",reference_count_mismatch
194,194,189,ْ َ ُ‫َ ُ َ ُن‬ ْ َ ‫ُ َ ْ أ َّ ُ َ ْ ٓ ُ َ ن‬ ‫ش ٍء‬ ‫ي ي‬ ‫ب‬ ‫و‬‫ه‬‫و‬ ُ ‫ط‬ ‫ن‬ ‫ي‬ ‫با‬ ‫ال‬‫و‬ ُ ‫الظا يه‬ ‫ر‬ ‫«﴿هو الول وال ي‬ ‫خر و‬ .»﴾‫ع يلير‬ َ,"ইয়াল আউওয়ালু ওয়াল আ-খির ওয়াধ্যা-হিরু ওয়াল-বা- foq ওয়া হয়া Right শাইইন 'আলীম)। “তিনিই সর্বপ্রথম, তিনিই সর্বশেষ, তিনিই সকলের উপরে, তিনিই সকলের নিকটে এবং তিনি সব কিছু সম্পর্কে সর্বজ্ঞ।”১৭৮",খণ মুক্তির জন্য দো'আ ck bls cals ৩৪৩০9৪40005,"178 সূ রা হাদীদ-৩, আবূ দাউদ ৪/৩২৯, নং ৫১১০। আর িাইখ আিবানী সহীহ আযব দাউদ ৩/৯৬২ এমক হাসান বমিমছন।",reference_count_mismatch
195,195,189,ْ َ ْ َ َ َ ْ َ َ َ َ ْ َّ ُ َّ )1( ‫ َوأغ ين ين يبفض يل ي‬،‫م اك يف ين يِبَلليك َع ح َرا يمك‬ ‫ك‬ ‫ «الله‬-181 َ َ ْ َّ ‫َع‬ .»‫ن يس َواك‬,"আলা-হুম্মাকাফিনী বিহালা-লিকা “আন হারা-মিকা ওয়া আগনিনী বিফাদলিকা 'আম্মান সিওয়া-ক)। U8 সূরা হাদীদ-৩, আবূ দাউদ ৪/৩২৯, নং ৫১১০। আর শাইখ আলবানী সহীহ আবি দাউদ ৩/৯৬২ একে হাসান বলেছেন।",,,reference_count_mismatch
196,196,190,ْ ْ َ َ ْ َ ‫) َّ ُ َّ ن َ ُ ُ َ ي َ ْ َ ن‬2( ‫ َوال َعج يز‬،‫ن‬ ‫م واْل ي‬ ‫ز‬ ‫ «اللهم ِا يِن أعوذ يبك ِم اله ي‬-131 َ َ َ ْ َّ َ َ َ ُْ ْ َ ْ ُ ْ َ َ ْ .»‫ال‬ َ ‫الر‬ ‫غل َب ية ن‬ َ ‫َوالك‬ ‫ي‬ ‫ج‬ ‫ي‬ ‫و‬ ‫ْي‬ ‫ي‬ ‫الد‬ ‫ع‬ ‫ل‬‫ض‬ ‫و‬ ،‫ب‬‫ي‬ ‫اْل‬‫و‬ ‫ل‬ ‫ي‬ ‫خ‬‫ب‬‫ال‬‫و‬ ،‫ل‬‫ي‬ ‫س‬ ‫ي‬,"আলা-হুম্মা Sap আ'্উয়ু বিকা মিনাল হাম্রি ওয়াল হাযানি, ওয়া আউয্বু বিকা মিনাল-'আজহি ওয়াল-কাসালি, ওয়া আয়ু বিকা মিনাল-বুখলি ওয়াল-জুবনি, ওয়া 7 বিকা মিন ছালা'য়িদ্বাইীনি ওয়া গালাবাতির রিজা-ল) 1 soa-© “হে আল্লাহ! নিশ্চয় আমি আপনার আশ্রয় নিচ্ছি দুশ্চিন্তা ও দুঃখ থেকে, অপারগতা ও অলসতা থেকে, 179 তিরমিহী ৫/৫৬০, নং ৩৫৬৩ | আরও দেখুন, সহীহুত তিরমিযী, ৩/১৮০। 41510117096 ৮০০7:",,,
197,197,191,َّ َ َّ ُ ُ َ .»‫جي‬ َ ‫الش‬ َّ ‫يطان‬ ‫الر‬ ‫ي‬ ‫ِم‬ ‫ي‬ ‫ّلِل‬‫«أعوذ يِب‬-131 ‫ي ي‬ ‫ي‬,,,"181 মুসযিম ৪/১৭২৯, ২২০৩। দসখামন এমসমছ, উসমান ইবনু ি ‘আস রাযদয়াল্লাহু ‘আনহু বমিন, আযম বিিাম, দহ আল্লাহর রাসূ ি! িয়তান আমার ও আমার নামামির মামে অনু প্রমবি কমর এবং যকরাআমত যবভ্রাযন্ত সৃ যি কমর। তখন রাসূ িুল্লাহ সাল্লাল্লাহু আিাইযহ",entry_arabic_count_mismatch
198,198,192,ُ ْ َ َ ْ َ َ ً ْ َ ُ َ ْ َ َ َ َّ َ ْ َ َّ ُ َّ ‫ت َت َعل‬ ‫ وأن‬،‫م َل َسهل ِاَل ما جعلته سهَل‬ ‫«الله‬-139 ً ْ َ ْ َ َ َْ ْ .»‫ت َسهَل‬ ‫ن ِاذا يشئ‬ ‫اْلز‬,"আল্লা-হন্মা লা সাহুলা ইল্লা মা জা'আলতাহু সাহুলান, ওয়া আনতা তাজ'আলুল হাযনা SA শি'তা সাহ্‌লান) |","“হে আল্লাহ! আপনি যা সহজ করেছেন তা ছাড়া কোনো কিছুই সহজ নয়। আর যখন আপনি ইচ্ছা করেন তখন কঠিনকেও সহজ করে দেন।”১৮২ 88, পাপ করে ফেললে যা বলবে এবং যা করবে আল্লাহ তাঁকে সেটা থেকে মুক্ত করেন। 1 সহীহ ইবন হিব্বান ২৪২৭, (মাওয়ারিদ); ইবনুস Fall, নং ৩৫১। আর হাফেয (ইবন হাজার) বলেন, এটি সহীহ হাদীস। তাছাড়া তাখরীজে পৃ. ১০৬, একে সহীহ বলে মত প্রকাশ করেছেন।","182 সহীহ ইবন যহব্বান ২৪২৭, (মাওয়াযরদ); ইবনু স সু ন্নী, নং ৩৫১। আর হামফি (ইবন হাোর) বমিন, এযে সহীহ হাদীস। তাছাড়া আবদু ি কামদর আরনাউত ইমাম নওয়াবীর আিকার গ্রমের তাখরীমে পৃ . ১০৬, এমক সহীহ বমি মত প্রকাি কমরমছন।",
199,199,194,َ َ َ َ َ َ َّ ُ َ َ .»‫اء ف َعل‬ ‫«قدر ّٰللا وما ش‬-144,,,,entry_arabic_count_mismatch
200,200,195,َََ َ َْ َ َْ َ َ َ َ ُ َْْ َ َ ُ َّ َ َ َ ‫ َوبلغ‬،‫ب‬ ‫ «ِبرك ّٰللالك يِفالموه ي‬-145 ‫وشكرتالوا يه‬،‫وبلك‬ ُ َّ َ ْ ُ َ ُ َّ ُ َ .»‫ِبه‬ ‫ ور يزقت ي‬،‫أشده‬,"PAPAS, GAA শা-তা BATA","“এটি আল্লাহর ফয়সালা, আর তিনি যা ইচ্ছা করেছেন।”১৮৭ 8৭. সন্তান লাভকারীকে অভিনন্দন ও তার জবাব","187 হাদীমস এমসমছ, “িযিিািী ঈমানদার আল্লাহর যনকে উিম ও যপ্রয় দু বগি ঈমানদামরর দচময়। আর তামদর (ঈমানদারমদর) প্রমতযমকর মমধযই কিযাণ যনযহত রময়মছ। দতামার িা কামে িার্মব দসো করার বযাপামর সমচি হও আর আল্লাহর সাহািয চাও, অপারর্ হময় দিও না। আর িযদ দতামার দকামনা অনাকাযিত যবষয় উদয় হয়, তখন বমিা না দি, ‘িযদ আযম এরকম করতাম তাহমি তা এই এই হমতা’, বরং বমিা, “এো আল্লাহর ফয়সািা, আর যতযন িা ইমে কমরমছন।” দকননা, ‘িযদ’ িয়তামনর কামের সূ চনা কমর দদয়। মুসযিম, ৪/২০৫২, নং ২৬৬৪।",
201,201,196,ُ َّ َ َ َ ً ْ َ ُ َّ َ َ َ َ َ ْ َ َ َ َ َ َ َ َ ُ َّ َ َ َ ‫ َو َرزقك ّٰللا‬،‫جزاك ّٰللا خْيا‬‫ و‬،‫«ِبرك ّٰللا لك وِبرك عليك‬ َ َ ََ َ َ ْ َ َ ُ َ ْ .»‫َثابك‬ ‫ وأجزل‬،‫يمثله‬,"বা-রাকালা-হু লাকা ফিল TERT লাক, ওয়া শাকারতাল ওয়া-হিবা, ওয়া বালাগা 978775: ওয়া PTET বিররাহ) ١","“আল্লাহ আপনাকে যা দিয়েছেন তাতে আপনার জন্য বরকত দান করুন, সন্তান দানকারীর শুকরিয়া আদায় করুন, সন্তানটি পরিপূর্ণ বয়সে পদার্পণ করুক এবং তার সদ্যবহার প্রাপ্ত হোন।”১৮৮ অভিনন্দনের জবাবে বলবে 1% এটি হাসান বসরী রাহিমাহুল্লাহর বাণী হিসেবে উল্লেখিত হয়েছে। দেখুন, তুহফাতুল মাওদৃদ লি ইবনিল কাইয়্েম, পৃ. ২০; তিনি একে ইবনুল মুনধির এর আল-আওসাত্ব গ্রন্থের দিকে সম্পর্কযুক্ত করেছেন।","188 এযে হাসান বসরী রাযহমাহুল্লাহর বাণী যহমসমব উমল্লযখত হময়মছ। দদখুন, তুহফাতুি মাওদূ দ যি ইবযনি কাইময়যম, পৃ . ২০; যতযন এমক ইবনু ি মুনযির এর আি-আওসাত্ব গ্রমের যদমক সম্পকগিুি কমরমছন।",
202,202,197,,"বা-রাকাল্লা-হু লাকা ওয়া বা-রাকা 'আলাইকা, ওয়া জাযা- কালা-হু খাইরান, ওয়া রাযাকাকাল্লা-হু মিসলাহ ওয়া আজযালা সাওয়া-বাকা)। “আল্লাহ আপনাকে বরকত দান করুন, আর আপনার ওপর বরকত নাযিল করুন। আল্লাহ আপনাকে উত্তম প্রতিদান দিন, আর আপনাকেও অনুরূপ দান করুন এবং আপনার সাওয়াব বহুগুণ বৃদ্ধি করুন ।”১৮৯",যা দ্বারা শিশুদের জন্য আশ্রয় প্রার্থনা করা হয় ১৪৬- রাসূলুল্লাহ সাল্লাল্লাহু আলাইহি ওয়াসাল্লাম হাসান ও হুসাইন রাদিয়াল্লাহু “আনহুমা-এর জন্য এই বলে,,entry_arabic_count_mismatch
203,203,197,,"আল্লাহর) আশ্রয় প্রার্থনা করতেন- © এটি ইমাম নাওয়াবী তার আল-আযকার গ্রন্থে পৃ. ৩৪৯ উল্লেখ আল-হিলালী, ২/৭১৩। আর এর বিস্তারিত তাখরীজ দেখার জন্য গ্রন্থকারের 'আয-যিকর ওয়াদ দো'আ ওয়াল “ইলাজ বির wer গ্রন্থটি দেখুন, পৃ. ১/৪১৬।",,,entry_arabic_count_mismatch
204,204,198,َّ َ َ ‫ن‬ َ ‫ِم ُُ َش ْي‬ ْ ‫َّ ي َّ َّ ي ي‬ َ َُ ُ ُ ٍ ‫ام‬ ،‫ة‬ ‫انوه‬ٍ ‫ط‬ ‫ي‬ ‫ة‬ ‫ام‬ ‫الت‬ ‫ّٰللا‬ ‫«أ يعيذَ يب ي ي‬-146 ‫ات‬ َ ‫م‬ ‫ك‬ َ َْ ‫َ ْ ُن‬ .»‫ة‬ ٍ ‫ْيَل َّم‬ ٍ ‫ُع‬ ‫و يِم ي‬,"উইয়ুকুমা বিকালিমা-তিললা-হিত তা-ম্থাতি মিন কারি শাইতানিওয়া BMS, ওয়ামিন কালি আইনিলা-স্যাহ)। “আমি তোমাদের দু'জনকে আল্লাহর পরিপূর্ণ জন্ত থেকে এবং যাবতীয় ক্ষতিকর চক্ষু (বদনযর",থেকে ।”১৯০ ৪৯. রোগী দেখতে গিয়ে তার জন্য দো'আ,"190 বু খারী ৪/১১৯, নং ৩৩৭১; ইবন আব্বাস রাযদয়াল্লাহু আনহুমার হাদীস দেমক।",reference_count_mismatch
205,205,198,ُ َّ َ َ ْ ‫) َ ْ َ َ ُ ر‬1( .»‫اء ّٰللا‬‫ «َل بأس طهور ِان ش‬-141,"WH তুহরুন ইন শা-আল্লা-হ)। 19 বুখারী ৪/১১৯, নং ৩৩৭১; ইবন আব্বাস রাদিয়াল্লাহু আনহুমার হাদীস থেকে।",,,reference_count_mismatch
206,206,199,َُ َ ‫)«أ ْسأل‬2(-142 َ ْ ْ ْ َ َّ ‫ب ال َع ْر يش ال َع يظي أ ْن‬ َّ ‫ّٰللا ال َعظي َ َر‬ ‫ي‬ َ َ َْ (সাতবার)»‫فيك‬ ‫يش‬,রোগটি গুনাহ থেকে) পবিত্রকারী হবে ।”১৯১,"‎ইয়াশফিয়াকা)। (সাতবার) ‎১৪৮-১) “আমি মহান আল্লাহর কাছে চাচ্ছি, যিনি মহান ‎আরশের রব, তিনি যেন আপনাকে রোগমুক্তি প্রদান ‎করেন।”১৯২ (সাতবার) ‎1) বুখারী (ফাতহুল বারীসহ) ১০/১১৮, নং ৩৬১৬। ‎1 নবী সাল্লাল্লাহু আলাইহি ওয়াসাল্লাম বলেন, কেউ মৃত্যু আসন নয় ‎এমন কোনো রোগীকে দেখতে গেলে, সে তার সামনে এই দো'আ ‎সাতবার পাঠ করবে, এর ফলে আল্লাহ তাকে [মৃত্যু আসন্ন না ‎হলে) রোগমুক্ত করবেন। এ দো'আ সাতবার পড়বে। তিরমিযী, নং ‎২০৮৩; আবূ দাউদ, নং ৩১০৬। আরও দেখুন, ২/২১০; সহীহুল ‎জামে"" ৫/১৮০।","191 বু খারী (ফাতহুি বারীসহ) ১০/১১৮, নং ৩৬১৬।",reference_count_mismatch
207,207,201,ْ ْ َّ ُ َّ )1( ‫يق‬ ‫ف‬ ‫ي‬ َّ ‫ َوأَْل ي ْقن ِب‬،‫حن‬ ‫لر‬ َْ ْ َ ‫ار‬ ‫و‬ ، ‫ِل‬ ْ ‫اغ يف‬ ‫ر‬ ‫ «اللهم‬-113 ‫ي‬ ‫ي ي‬ ‫ي‬ ‫ي‬ َ ْ َ ْ .»‫الَع‬,আলা-হস্মাগফিরলী ওয়ারহামনী ওয়া আলাহিকনী বির,"১) “হে আল্লাহ! আমাকে ক্ষমা করুন, আমার প্রতি দয়া করুন এবং আমাকে সর্বোচ্চ বন্ধুর সঙ্গ পাইয়ে দিন 8 ১৫১১) “রাসূলুল্লাহ সাল্লাল্লাহু আলাইহি ওয়াসাল্লাম মৃত্যুর চেহারা মুছছিলেন এবং বলছিলেন,",,
208,208,201,َ .»‫ات‬ ْ ْ َّ ُ َّ َّ َ َ َ ‫«َل ِاله ِاَل ّٰللا ِان ل يل َمو ي‬ ٍ ‫ت َسك َر‬,"লা ইলা-হা ইল্লালা-হ্‌ Sar লিল মাওতি সাকারা-তিন) 1% বুখারী ৭/১০, নং ৪৪৩৫ মুসলিম ৪/১৮৯৩, নং ২৪৪৪।",,,
209,209,202,‫ َل‬،‫ َل ِاله ِاَل ّٰللا َو ْحده‬،‫)«َل ِاله ِاَل ّٰللا َوّٰللا أكب‬3(-112 َ ُ َ ُ َّ َّ َ َ َ ُ َ ْ َ ُ َّ ُ َّ َّ َ َ َ ُ ْ ُ ُ َ ُ َّ َّ َ َ َ ُ َ َ َ َ ُ َ ْ َ ُ َّ َّ َ َ ‫الملك‬ ‫ َل ِاله ِاَل ّٰللا له‬،‫َشيك له‬ ‫ِاله ِاَل ّٰللا وحده َل ي‬ َّ َّ َ ُ َ َ َ ُ َّ َّ َ َ َ ُ َ ْ ُ َ .»‫ َل ِاله ِاَل ّٰللا َوَل َح ْول َوَل ق َّوة ِاَل يِبّلِلي‬،‫َوله اْل ْمد‬,"লা ইলা-হা ইললালা-হ, আল্লাহু আকবার, লা ইলা-হা BAAS GMA, লা ইলা-হা ইল্লালা-হ GAS লা শারীকা লা লা ইলা-হা ইল্লাল্লাহ লাহুল TAS ওয়ালাহুল হামদ, লা ইলা-হা ইল্লালা-হ ওয়ালা হাউলা ওয়ালা কৃওয়াতা ইল্লা বিলা-হ","৩) “আল্লাহ ব্যতীত কোনো হক ইলাহ নেই, আল্লাহ মহান। একমাত্র আল্লাহ ব্যতীত কোনো হর ইলাহ নেই। একমাত্র আল্লাহ ব্যতীত কোনো হক ইলাহ নেই, তাঁর 135 বুখারী, (ফাতহুল বারীসহ), ৮/১৪৪, নং ৪৪৪৯; তবে হাদীসে মিসওয়াকের উল্লেখও এসেছে। 41510117096 ৮০০7:","195 বু খারী, (ফাতহুি বারীসহ), ৮/১৪৪, নং ৪৪৪৯; তমব হাদীমস যমসওয়ামকর উমল্লখও এমসমছ।",
210,210,203,ُ َّ َّ َ َ َ .»‫«َل ِاله ِاَل ّٰللا‬,সৎকাজ করার) কোনো শক্তি নেই।”১৯৬,মরণীপন্ন ব্যক্তিকে তালকীন (কালেমা স্মরণ করিয়ে দেওয়া) ১৫৩- “যার শেষ কথা হবে-,"196 হাদীসযে ইমাম যতরযমিী সংকিন কমরমছন, নং ৩৪৩০; ইবন মাোহ, নং ৩৭৯৪; আর িাইখ আিবানী এমক সহীহ বমিমছন। দদখুন, সহীহুত যতরযমিী ৩/১৫২; সহীহ ইবন মাোহ ২/৩১৭।","entry_arabic_count_mismatch,reference_count_mismatch"
211,211,203,,"লো ইলা-হা ইল্লালা-হ) হাদীসটি ইমাম তিরমিযী সংকলন করেছেন, নং ৩৪৩০; ইবন মাজাহ, নং ৩৭৯৪; আর শাইখ আলবানী একে সহীহ বলেছেন। দেখুন, সহীহুত তিরমিযী ৩/১৫২; সহীহ ইবন মাজাহ ২/৩১৭। 41510117096 ৮০০7:",,,"entry_arabic_count_mismatch,reference_count_mismatch"
212,212,204,ُ ْ َّ ُ َّ َ ُ َ ْ ‫ّلِل ي َو ِا ََّن ِال‬ َّ َّ ‫« ِاَن ي‬-154 َ ُ َ‫ه‬ ‫ اللهم أج ْر يِن يِف م ي‬،‫اجعون‬ ،‫صيب يِت‬ ‫ي‬ ‫ر‬ ‫ي‬ ‫ي‬ َ ْ ًَْ َ ْ ْ َ .»‫َوأخ يلف يِل خْيا يمِنا‬,Bat লিল্লাহি ওয়া Sar ইলাহাহি রাজিউন । আল্লা-হস্মা আভ্ুরনী ফা মুসীবাতী ওয়াখলুফ লী খাইরাম মিনহা)।,"“আমরা তো আল্লাহরই | আর নিশ্চয় আমরা তাঁর দিকেই প্রত্যাবর্তনকারী। হে আল্লাহ! আমাকে আমার বিপদে সাওয়াব দিন এবং আমার জন্য তার চেয়েও উত্তম কিছু স্থলাভিষিক্ত করে দিন।”১৯৮ ৫৪. মৃত ব্যক্তির চোখ বন্ধ করানোর দো'আ 1” আবূ দাউদ ৩/১৯০, নং ৩১১৬; আরও দেখুন, সহীহুল জামে"" ৫/৪৩২। 8 মুসলিম ২/৬৩২, নং ৯১৮। 41510117096 ৮০০7:","197 আবূ দাউদ ৩/১৯০, নং ৩১১৬; আরও দদখুন, সহীহুি োমম‘ ৫/৪৩২।",
213,213,205,ُ َ َ ََ َْ ْ َ ْ َ ُ ْ ْ َّ ُ َّ ‫جته يِف‬ ‫ه) وارفع در‬ ‫ن ( يِب ي‬ ‫َس ي‬ ٍ ‫ «اللهم اغ يفر ليفَل‬-199 ُ َ ََ ْ َ ‫ال َغاِب‬ ْ َ ُ ُْ ْ َ َ ‫ْ َْ ن‬ ‫ َواغ يف ْر لنا َوله‬،‫ْي‬ ‫ي ي‬ ‫ِف‬ ‫ي‬ ‫ واخلفه يِف ي ي ي‬،‫د ييْي‬ ‫ه‬ ‫ب‬ ‫ق‬ ‫ع‬ ‫المه ي‬ ُ َ ‫َ َن‬ ْ َ ُ َ ْ َ ْ َ َ َ َ ْ َّ َ َ .»‫ه‬ ‫ُن ْر له يفي ي‬ ‫ي‬ ‫و‬ ، ‫ه‬ ‫ي‬ ‫ب‬ ‫ وافسح له يِف ق ي‬،‫ٰٓي رب العال يمْي‬,,,,entry_arabic_count_mismatch
214,214,206,‫ْ ُ َْ ُ‬ ‫(‪َ ُ ْ َ ْ َ ُ َ ْ ْ َّ ُ َّ )1‬‬ ‫ه‪َ ،‬واعف عنه‪،‬‬ ‫ارحه‪َ ،‬وعا يف ي‬ ‫‪« -111‬اللهم اغ يفر له و‬ ‫َّ ْ‬ ‫ْ ْ ُ ْ‬ ‫ْ ُ ْ َ َ ُ‬ ‫َ ْ ْ ُُ َ ُ‬ ‫َوأك يرم ُنله‪َ ،‬و َو ن يسع مدخله‪َ ،‬واغ يسله يِبل َما يء َوالثلج‬ ‫ي‬ ‫َ‬ ‫ْ‬ ‫َ ْ َ َ َ َ ن ي ي َ َ َ َ َ َ َّ ْ َ َّ ْ َ َ ْ َ َ ي َ‬ ‫والب يد‪ ،‬ون يقه ِم اْلطآٰي َ نقيت الثوب البيض ِم‬ ‫َ ْ ً َ ْ ً ْ‬ ‫َ َْ ْ ُ َ ً َ ْ ً ْ َ‬ ‫َّ َ‬ ‫ار يه‪َ ،‬وأهَل خْيا يِم‬ ‫دله دارا خْيا يِم د ي‬ ‫الدس يس‪ ،‬وأب ي‬ ‫ْ‬ ‫ً‬ ‫َ ْ ي َ َ ْ َ َ ْ ً ي ْ َ ْ ي َ َ ْ ْ ُ َ َّ َ َ ْ ُ ْ‬ ‫خله اْلنة‪َ ،‬وأ يعذه يِم‬ ‫ي‬ ‫د‬‫أ‬‫و‬ ‫‪،‬‬‫ه‬ ‫ج‬‫ي‬ ‫و‬‫ز‬ ‫ِم‬ ‫ا‬ ‫ْي‬‫خ‬ ‫أه يله‪ ،‬وزوجا‬ ‫َ ْ َ َ َ‬ ‫َ َ‬ ‫ار]»‪.‬‬ ‫َّ‬ ‫اب الن ي‬ ‫ب [وعذ ي‬ ‫اب الق ي‬ ‫عذ ي‬,"তআলা-হম্মাগফির লাহু, ওয়ারহামহু, ওয়া 'আ-ফিহি, Cre আনহু, ওয়া আকরিম TINS ওয়াওয়াসাসি' 1” মুসলিম ২/৬৩৪, নং ৯২০।",,,
215,215,208,َ َ َ َ َ ‫) َّ ُ َّ ْ ْ َ ن َ َ َ ن‬2( ‫ و‬،‫ «اللهم اغ يفر يْل يينا وم يي يتنا‬-111 َ ،‫دَن َوغائ ييبنا‬ ‫ي‬ ‫ه‬ ‫ي‬ ‫ا‬ ‫ش‬ ُ َ ْ َ ْ َ َّ ُ َّ َ َ ُْ َ َ َ َ َ َ ‫م ِم أ ْح َييته‬ ‫ الله‬.‫ َوذك يرَن َوأنثاَن‬،‫ص يغْيَن َوكبْيَن‬ َ ‫َو‬ َ َ ُ َّ َ َ َّ ُ َ َّ َ َ ْ َ ‫ َوِم َتف ْيته يمنا فت َوفه َع‬،‫اَل ْسَل يم‬ َ ْ َ َ ‫َع‬ ‫ي‬ ‫ه‬ ‫ي‬ ‫ح‬ْ ‫م َّنا َف َأ‬ ِ ‫ي‬ ‫ي‬ ُ َ ْ َ َ َّ ُ َ َ ُ َ ْ َ َ ْ ْ َ َ َّ ُ َّ .»‫ضلنا بعده‬ َ ‫ وَل ت ي‬،‫ اللهم َل َت يرمنا أجره‬،‫ان‬ ‫اَلْي ي‬ ِ,"আলা-হুস্মাগফির লিহায়িনা ওয়া মায়াতিনা ওয়া শা- Rit ওয়া গা-যিবিনা ওয়া সগীরিনা ওয়া কাবীরিনা ওয়া যাকারিনা ওয়া উনসা-না। আল্লা-হস্মা মান NENT মিরা ফাণআহায়ীহি. আলাল-ইসলাম। ওয়ামান তাওয়াফুফাইতাহ মিনা ফাতাওয়াফফাহ 'আলাল ঈমান । আল্লা-হন্মা লা তাহারিমনা তজরাহু ওয়ালা 57 বা'দাহু)। 200 মুসলিম ২/৬৬৩, নং ৯৬৩।",,,
216,216,209,َ َ َ َّ َ ُ َ ْ َ َ ُ َّ َّ ُ َّ )3( ‫ «اللهم ِانفَلنْبفَل ٍ ي‬-112 ‫ف يق يه‬،‫ل يج َوا يرك‬ ْ ‫ َو َح‬،‫ك‬ ‫ب‬ ‫ت‬ ‫م‬‫ذ‬ ‫ِف‬ ‫ن‬ ‫ي‬ ‫ي‬ ‫ي‬ ُ َ ْ َ ‫ْ َن‬ َ ْ ُ ْ َ َ ْ َ َ َّ ََ َ ْ َْ َ ْ ْ ‫فاغ يف ْرله‬،‫تأهلال َوفا يء َواْل يق‬ ‫ وأن‬،‫ار‬ ‫ابالن ي‬ ‫ وع ي‬،‫ب‬ ‫ذ‬ ‫يِم يفتن يةالق ي‬ َ َ ْ َ َ َّ ُ ْ َ ْ َ ُ ‫الغ ُف‬ .»ُ ‫الرحي‬ َّ ‫ور‬ ‫وارحه ِانكأنت‬,মৃত্যুতে ধৈয্যধারণের) সাওয়াব থেকে বঞ্চিত করবেন না এবং তার (মৃত্যুর) পর আমাদেরকে পথভ্রষ্ট করবেন না 1৮২০১,"201 আবু দাউদ, নং ৩২০১; তিরমিযী, নং ১০২৪; নাসাঈ, নং ১৯৮৫; ইবন মাজাহ, ১/৪৮০, নং ১৪৯৮; আহমাদ ২/৩৬৮, নং ৮৮০৯। আরও দেখুন, সহীহ ইবন মাজাহ ১/২৫১।","201 আবূ দাঊদ, নং ৩২০১; যতরযমিী, নং ১০২৪; নাসাঈ, নং ১৯৮৫; ইবন মাোহ, ১/৪৮০, নং ১৪৯৮; আহমাদ ২/৩৬৮, নং ৮৮০৯। আরও দদখুন, সহীহ ইবন মাোহ ১/২৫১।",
217,217,210,َ َ ْ َ َ َ ْ َ َ َ ُ ْ َ َ ُ ْ َ َّ ُ َّ )4( ،‫احتاج ِاَ َرح يتك‬ ‫ «اللهم عبدك واْب أم يتك‬-113,"আল্লা-হম্মা Sar ফুলানাবনা ফুলা-নিন ফী যিন্মাতিকা, ওয়া হাবলি জিওয়ারিকা, 39/997 মিন ফিতনাতিল 797/9 ওয়া আযা-বিন না-রি, ওয়া তআনতা 377327 ওয়াফাই ওয়াল রাহীম) |","৩) “হে আল্লাহ, অমুকের পুত্র অমুক আপনার যিম্মাদারীতে, আপনার প্রতিবেশিত্বের নিরাপত্তায়; সুতরাং আপনি তাকে কবরের পরীক্ষা থেকে এবং জাহান্নামের শাস্তি থেকে রক্ষা করুন। আর আপনি প্রতিশ্রুতি পূর্ণকারী এবং প্রকৃত সত্যের অধিকারী ١ অতএব, আপনি তাকে ক্ষমা করুন এবং তার ওপর দয়া করুন। নিশ্চয় আপনি ক্ষমাশীল, দয়ালু।”২০২ 202 ইবন মাজাহ, নং ১৪৯৯। দেখুন, সহীহ ইবন মাজাহ ১/২৫১। তাছাড়া হাদীসটি আবূ দাউদও বর্ণনা করেছেন, ৩/২১১, নং ৩২০২।","202 ইবন মাোহ, নং ১৪৯৯। দদখুন, সহীহ ইবন মাোহ ১/২৫১। তাছাড়া হাদীসযে আবূ দাউদও বণগনা কমরমছন, ৩/২১১, নং ৩২০২।",
218,218,211,َ ْ َ ً ُْ َ َ ْ َ َ ْ َ َ َ َْ َ ‫ن م يسنا ف يزد يِف َح َسنا يت ي‬ ،‫ه‬ ‫اب ي‬ َ ‫ ِان‬،‫ه‬ ‫وأنت غ ين َع عذ ي‬ ُ َْ ْ َ َ َ َ ً ُ َ َ ْ َ .»‫اوز عنه‬ ‫ن م يسيئا فتج‬ َ ‫و ِان‬,"আলা-হুম্মা NIGH, CNTY AMS, এহতাজা ইলা রাহমাতিকা, ওয়া আনতা 970 ‏مرج‎ 'আন 'আযা-বিহি ইন কা-না মুহসিনান ফাহিদ ফী হাসানা-তিহি, ওয়া ইনকা-না মুসীতান ফা তাজা-ওয়ায ATS","‏وود‎ “হে আল্লাহ, আপনার এক দাস, আর এক দাসীর পুত্র, আপনার অনুগ্রহের মুখাপেক্ষী, আপনি তাকে শাস্তি দেওয়া থেকে অমুখাপেক্ষী। যদি সে নেককার বান্দা হয়, তবে তার সাওয়াব আরও বাড়িয়ে দিন, আর যদি বদকার বান্দা হয়, তবে তার অপরাধকর্ম এড়িয়ে যান।”২০৩ 203 হাদীসটি সংকলণ করেন, হাকেম তাঁর মুস্তাদরাকে এবং সহীহ বলেছেন, ১/৩৫৯; আর যাহাবী সেটা সমর্থন করেছেন। আরও দেখুন, আলবানী, আহকামুল জানায়েয, পৃ. ১২৫।",,
219,219,212,ْ َ َ َ ْ ُ ْ َ َّ ُ َّ )1( .»‫ب‬ ‫ي‬ ‫الق‬ ‫ «اللهم أ يعذه يِم ع ي‬-113 ‫اب‬‫ذ‬,,,"204 সা‘ঈদ ইবনু ি মুসাইময়যব বমিন, আযম আবু হুরাইরা রাযদয়াল্লাহু আনহুর যপছমন একযে যিশুর োনািার সািাত আদায় কমরযছ, দি যিশু কখনও দকামনা গুনাহ কমর যন, তখন আযম তামক (উপমরাি দদা‘আযে) বিমত শুনিাম....। হাদীসযে ইমাম মামিক তার মুওয়ািা গ্রমে সংকিন কমরন, ১/২৮৮; ইবন আবী িাইবাহ তার মুসান্নাফ গ্রমে, ৩/২১৭; বাইহাকী, ৪/৯। আর িাইখ শু‘আইব আি- আরনাউত িারহুস সু ন্নাহ যিি বার্ভীর তাহকীমক ৫/৩৫৭, এোর সনদমক সহীহ বমিমছন।","entry_arabic_count_mismatch,reference_count_mismatch"
220,220,212,ً َُ ً َ ً ْ ُ ً َ ُ ْ ْ َّ ُ َّ ْ َ ‫اج َعله ف َرطا َوذخرا ل ي َواليدي ي‬ ،‫ َوش يفيعا ماِب‬،‫ه‬ ‫«اللهم‬,,,,"entry_arabic_count_mismatch,reference_count_mismatch"
221,221,213,ُ ْ َْ َ ُ َ ُ ْ َ َُ َ َ ‫م َث نق ْل ب ي‬َّ ‫الل َّ ُه‬ ‫ َوأْليقه‬،‫جورَها‬ ‫هأ‬‫ َوأع يظ ْم يب ي‬،‫ازيِن َما‬ ‫ه مو ي‬ ‫ي ي‬ ُ ْ ْ ْ ‫ َو يق ي‬،َ‫ِبا يهي‬ ‫ه‬ َ ْ ‫ك َفالَ ية ِا‬ َ ‫ َواج َعله يِف‬،‫ْي‬ َ ‫ال ُم ْؤمن‬ ‫يي‬ ‫ص يي‬ ‫اِل‬ َ ‫ب‬ ‫ي‬ ً ً ْ ْ َ ْ ْ َ َ ُ َْ َ َ َ َ َ َ َ ْ َ ‫دله دارا خْيا يِم د ي‬ ،‫ار يه‬ ‫ وأب ي‬،‫يِبح يتك عذاب اْل يحيي‬ َ َ ْ َ َ َ َ ْ َ ْ ْ َّ ُ َّ ْ َ ْ ً ْ َ ً ْ َ ،‫طنا‬ ‫ وأفرا ي‬،‫ اللهم اغ يفر يلسَل يفنا‬،‫َوأهَل خْيا يِم أه يلهي‬ َ ْ َ َ َ َ ْ َ َ .»‫ان‬‫َلْي ي‬ ِ ‫وِم سبقنا يِب‬,"তোলা-হম্মাজণ্আলহু. PINT =A AMAT সাক্চিল বিহী মাওয়াযীনাহুমা, 377371957 বিহী উজ্রাহুমা, ওয়া আলাহিক্হু বিসা-লিহিল মু'মিনীন, ওয়াজ আলহু ফী জাহীম, ওয়া আবাদিলহ দা-রান খাইরান মিন দা-/রাহি ওয়া আহলান খায়রান মিন আহালিহি, আল্লা-হন্রাগফির লি'আসলাফিনা ওয়া আফরাড়িনা ওয়া মান সাবাকানা বিল ঈমান |",41510117096 ৮০০7:,,
222,222,215,ً ْ َ ً َ ً َ َ َ ُ ْ ْ َّ ُ َّ )2( .»‫ َوأجرا‬،‫ َو َسلفا‬،‫م اج َعله لنا ف َرطا‬ ‫ «الله‬-111,আলা-হম্জাজ 'ত্যালহু লানা PAG ওয়া সালাফান ওয়া আজরান,"১) “হে আল্লাহ, আমাদের জন্য তাকে অগ্রগামী প্রতিনিধি, অগ্রিম পূণ্য এবং সাওয়াব হিসেবে নির্ধারণ করে দিন।”২০৬ ৫৭. শোকার্তদের সাস্তনা দেওয়ার দো'আ আযীয ইবন আবিল্লাহ ইবন বাষ, রাহেমাহুল্লাহ, পৃ. ১৫। £ হাসান বসরী রাহেমাহুল্লাহ যখন ছোট শিশুদের জানাযা পড়তেন তখন তার উপর সূরা ফাতেহা পড়তেন এবং উপরোক্ত দো'আ বলতেন। হাদীসটি ইমাম বাগভী তার শারহুস সুন্নাহ ৫/৩৫৭ এ বর্ণনা করেছেন। আরও বর্ণনা করেছেন, আব্দুর রায্যাক তার মুসান্নাফে, নং ৬৫ ৮৮। তাছাড়া ইমাম বুখারী, কিতাবুল জানায়েয এর, ৬৫, বাবু কিরাআতি ফাতিহাতিল কিতাব আলাল জানাযাত ২/১১৩; ১৩৩৫ নং হাদীসের পূর্বে এটাকে তা'লীক বা সনদ ব্যতীত বর্ণনা করেছেন।",,
223,223,216,‫ه‬ ُ َ َ َ َ َ َ َّ َّ ُ َ ْ ْ َ ُُ ‫ َو‬،‫ه َما أَ ْع َِط‬ ‫ش ٍء يعنده‬ ‫ ول‬،‫« ِان ّلِل ي ما أخذ‬-161 ْ ْ ْ ََْ ْ ‫ب َول َت ْح َت يس‬ َ ‫ب َأ‬ .»‫ب‬ ‫ي‬ ‫ص‬ ‫ت‬ ‫ل‬‫ف‬ ... ‫ى‬‫م‬َّ ‫جل ُم َس‬ ٍ ‫ي‬,"Sa লিলা-হি মা আখাযা, ওয়ালা মা AMT, ওয়া FH তাহতাসিব","“নিশ্চয় যা নিয়ে গেছেন আল্লাহ তা তাঁরই, আর যা কিছু প্রদান করেছেন তাও wld | তাঁর কাছে সব কিছুর একটি নির্দিষ্ট সময় রয়েছে। কাজেই সবর করা এবং সাওয়াবের আশা করা উচিৎ।”২০৭ আর নিম্নোক্ত দো'আটি পড়াও ভালো:",,
224,224,216,َ ََ َ َ َ َ َ َ ْ َ َ َ َ ْ َ ُ َّ َ َ ْ َ . »‫ َوغف َر ل ي َم نيي يتك‬،‫اءك‬ ‫ وأحسن عز‬،‫«أعظم ّٰللا أجرك‬,"আ'্যামাল্লাহু আজরাকা, ওয়া আহসানা 'আযা- আকা, ওয়াগাফারা লিমাইয্যিতিকা","207 বুখারী, ২/৮০, নং ১২৮৪; মুসলিম, ২/৬৩৬, নং ৯২৩।",,
225,225,217,َّ َ َ َ َّ ُ ‫َع ُس َّن ية َر‬ .»‫ول ّٰللاي‬ ‫ي‬ ‫س‬ ‫ « يب ْس يم ّٰللاي و‬-163,"শোকার্ত মনে) সুন্দর ধৈর্য ধরার তাওফীক দিন, আর আপনার মৃতকে ক্ষমা করে দিন।”২০৮",মৃতকে কবরে প্রবেশ করানোর দো'আ,"209 আবূ দাউদ ৩/৩১৪, নং ৩২১৫ সহীহ সনমদ; অনু রূপভামব আহমাদ, নং ৫২৩৪; আর ৪৮১২ এর িব্দ হমে, ‘যবসযমল্লাহ ওয়া আিা যমল্লাযত রাসূ যিল্লাহ’ অেগাৎ ‘আল্লাহর নামম এবং রাসূ িুল্লাহর যমল্লামতর ওপর।’ তার সনদও যবশুি।",reference_count_mismatch
226,226,217,ُ ْ ‫َّ ُ َّ ْ ْ َ ُ َّ ُ َّ َ ن‬ .»‫م ث يبته‬ ‫ الله‬،‫«اللهم اغ يفر له‬-164,Ramiele ওয়া আলা 7315 রাসালিলা-হি)।,"“আল্লাহর নামে এবং রাসূলুল্লাহ সাল্লাল্লাহু আলাইহি ওয়াসাল্লামের নিয়মে ।”২০৯ ৫৯. মৃতকে দাফন করার পর দো'আ 28 আল-আযকার লিন নাওয়াওয়ী, পৃ. ১২৬। 2 আবূ দাউদ ৩/৩১৪, নং ৩২১৫ সহীহ সনদে; অনুরূপভাবে আহমাদ, নং ৫২৩৪; আর ৪৮১২ এর শব্দ হচ্ছে, “বিসমিল্লাহ ওয়া মিল্লাতের ওপর ।' তার সনদ বিশুদ্ধ।",,reference_count_mismatch
227,227,218,َ ‫ال ُم ْؤمن‬ ْ َ َ ‫ن‬ َ ْ َ ْ ُ ََ ُ َ ‫ْي‬ ‫ي ي‬ ‫ يِم‬،‫الدٰٓي ير‬ ‫ُك أهل‬ ‫السَلم عل ْي‬َّ «-165 ‫ي‬ ُ َّ ُ َ ْ َ َ َ ُ َ ْ ُ ُ َّ َ َ ْ َّ َ َ ْ َ ‫يَح ّٰللا‬ ‫ [و‬،‫حقون‬ ‫ و ِاَن ِان شاء ّٰللا يبُك َل ي‬،‫وال ُم ْس يل يمْي‬ ُ َ َّ ُ َ ْ َ َ ُ َ‫ّٰللا لَ َنا َول‬ ْ ْ َّ َ َ ْ ُ ْ ‫ُك‬ ‫خ يرْي] أسال‬ ‫د يمْي يمنا َوال ُم ْس ي‬ ‫تأ‬ ‫المستق ي‬ َ َ ْ .»‫العا يف َية‬,"আলা-হুম্মাগফির লাহ, আললা-হম্া সাবাবিতহ)।","“হে আল্লাহ! আপনি তাকে ক্ষমা করুন, হে আল্লাহ আপনি তাকে (প্রশ্নোত্তরের সময়) স্থির রাখুন।”২১০ ৬০. কবর যিয়ারতের দো'আ 2৩ নবী সাল্লাল্লাহু আলাইহি ওয়াসাল্লাম মৃত ব্যক্তিকে দাফন করার পর কবরের পাশে দাঁড়াতেন এবং বলতেন, “তোমাদের ভাইয়ের জন্য ক্ষমা প্রার্থনা কর, আর তার জন্য দৃঢ়তা চাও। কেননা এখনই তাকে জিজ্ঞাসা করা ACA | আবুদাউদ ৩/৩১৫, নং ৩২২৩; হাকেম এবং তিনি একে সহীহ বলেছেন, আর যাহাবী সমর্থন করেছেন, ১/৩৭০।",,
228,228,219,,"আসৃসালা-মব আলাইকুম আহলাদিয়ারি মিনাল মুমিনীনা ওয়াল মুসলিমীনা, ওয়াইলা ইনশা-আল্লা-হু APT লা- REN, ওয়া ইয়ারহামুললাহুল মুসতাকদিমীনা মিলা ওয়াল ফিয়াহ্‌) 1","“হে গৃহসমূহের অধিবাসী মুমিন ও মুসলিমগণ! ইনশাআল্লাহ আপনাদের সাথে মিলিত হবো। [আল্লাহ আমাদের পুর্ববর্তীদের এবং পরবর্তীদের প্রতি দয়া করুন।] আমি আল্লাহর নিকট আমাদের জন্য এবং তোমাদের জন্য নিরাপত্তা প্রার্থনা করি।”২১ ৬১. বায়ু প্রবাহিত হলে পড়ার দো'আ 21 মুসলিম ২/৬৭১, নং ৯৭৫; ইবন মাজাহ, ১/৪৯৪, আর শব্দ তাঁরই, নং ১৫৪৭; বুরাইদা রাদিয়াল্লাহু 'আনহু থেকে। আর দু ব্রাকেটের মাঝখানের অংশ আয়েশা রাদিয়াল্লাহু আনহার হাদীস থেকে, যা সংকলন করেছেন, মুসলিম, ২/৬৭১, নং ৯৭৫।","211 মুসযিম ২/৬৭১, নং ৯৭৫; ইবন মাোহ, ১/৪৯৪, আর িব্দ তাাঁরই, নং ১৫৪৭; বু রাইদা রাযদয়াল্লাহু ‘আনহু দেমক। আর দু ব্রামকমের মােখামনর অংি আময়িা রাযদয়াল্লাহু আনহার হাদীস দেমক, িা সংকিন কমরমছন, মুসযিম, ২/৬৭১, নং ৯৭৫।",entry_arabic_count_mismatch
229,229,220,ْ َ ُ ُ َ َ َ ْ َ َ َُ َ ‫ن‬ َّ ‫)«الل َّ ُه‬1(-111 ‫ َوأعوذ يبك يِم‬،‫م ِا يِن أ ْس ـ ـ ـألك خْيها‬ َ ‫َ ن‬ .»‫َشها‬ ‫ي‬,,,"212 আবূ দাউদ ৪/৩২৬, নং ৫০৯৯; ইবন মাোহ ২/১২২৮, নং ৩৭২৭। আরও দদখুন, সহীহ ইবন মাোহ ২/৩০৫।","entry_arabic_count_mismatch,reference_count_mismatch"
230,230,220,َْ َ َ ْ َ َ َ ْ َ َ ُ َ َ ‫) َّ ُ َّ ن‬1( ‫ «الله‬-111 َ ‫ َوخْي‬،‫ َوخْي َما يفهيا‬،‫م ِا يِن أ ْسألك خْيها‬ ‫َ َ َ ن‬ َ ‫ َو َ ن‬،‫َش َها‬‫َ ُْ َ ْ ي َ َ ُ ُ َ ْ َ ن‬ ‫َش‬ ‫ و ي‬،‫َش ما يفهيا‬ ‫ي‬ ‫ وأعوذ يبك يِم ي‬،‫ه‬ ‫ما أر يسلت يب‬ .»‫ه‬‫ت يب ي‬ ْ َ ‫َما أُ ْرسل‬ ‫ي‬,,,,"entry_arabic_count_mismatch,reference_count_mismatch"
231,231,221,ْ ُ َ ْ ْ َ ُ ْ َّ ُ ‫ُ َ ن‬ َّ َ َ ْ ُ ‫د يه َوال َمَل يئكة يِم‬ ‫ «ُسان ال ي‬-113 ‫ذي يس يبح الرعد يِبم ي‬ َ .»‫ه‬ ‫خيف يت ي‬ ‫ي‬,,,,entry_arabic_count_mismatch
232,232,222,ً َ ً ً ً ً َ َ ْ َّ ُ َّ )1( ‫ «اللهم‬-169 ُ ‫ َن يفعا‬،‫اس يقنا غ ْيثا م يغيثا َم يريئا َم يريعا‬ ٓ ََْ ً َ ‫َْ َ َ ن‬ .» ‫ل‬ ٍ ‫اجَل غْي أ‬ ‫ج‬ ‫ي‬ ‫ ع ي‬،‫ار‬ ٍ ‫غْي ض‬,"mare আসকিনা গাইসান মুগীসান 37 তা-জিলিন) ١ 44 “আবদুল্লাহ ইবনু যুবাইর রাদিয়াল্লাহু আনহুমা মেঘের গর্জন শুনলে কথা বলা বন্ধ করে দিতেন এবং এই দো'আ পড়তেন... মুওয়াত্তা ইমাম মালেক ২/৯৯২। আর আলবানী তাঁর সহীহুল কালেমিত তাইয়্যে গ্রন্থে পৃ. ১৫৭, বলেন, “এর সনদটি মওকুফ সহীহ”।",,"214 ‘‘আবদু ল্লাহ ইবনু িু বাইর রাযদয়াল্লাহু আনহুমা দমমঘর র্েগন শুনমি কো বিা বন্ধ কমর যদমতন এবং এই দদা‘আ পড়মতন...। মুওয়ািা ইমাম মামিক ২/৯৯২। আর আিবানী তাাঁর সহীহুি কামিযমত তাইময়যব গ্রমে পৃ . ১৫৭, বমিন, “এর সনদযে মওকূফ সহীহ”।",
233,233,223,َ ْ َ َّ ُ َّ َ ْ َ َّ ُ َّ َ ْ َ َّ ُ َّ )2( .» ‫غ ثنا‬ ‫ اللهم أ ي‬،‫غثنا‬‫ اللهم أ ي‬،‫غثنا‬‫ «اللهم أ ي‬-113,,,"215 আবূ দাউদ, ১/৩০৩, নং ১১৭১। আর িাইখ আিবানী সহীহ আযব দাউমদ এমক সহীহ বমিমছন, ১/২১৬।","entry_arabic_count_mismatch,reference_count_mismatch"
234,234,223,َ ََ ْ ْ ُ ْ َ َ ََ َ َ َ َ ،‫ َواسَ َرحتك‬،‫اِئك‬ ‫ وِ ي‬،‫ق يعبادك‬ ْ ‫م‬ ‫اس‬ َّ ‫)«الل َّ ُه‬3(-111 ‫ي‬ ْ َ َََ ْ َ َ .»‫ت‬ َ ‫ال َم ني‬ ‫وأح يي بلدك ي‬,,,,"entry_arabic_count_mismatch,reference_count_mismatch"
235,235,224,ً َ ً ‫َّ ُ َّ َ ن‬ .»‫«اللهم ص ييبا َن يفعا‬-171,আলা-হুন্মাসাক্কি ইবা-দাকা ওয়া বাহা-ইমাকা ওয়ার রহমাতাকা ওয়া MAT বালাদাকাল MSY) |,"৩) “হে আল্লাহ! আপনি আপনার বান্দাগণকে ও জীব-জন্তগুলোকে পানি পান করান, আর আপনার রহমত fags করুন এবং আপনার মৃত শহরকে সজীব করুন।”২৯৭ ৬৪. বৃষ্টি দেখলে দো'আ","217 আবূ দাউদ ১/৩০৫, নং ১১৭৮। আর িাইখ আিবানী তাাঁর সহীহ আযব দাউমদ এমক হাসান বমিমছন, ১/২১৮।",entry_arabic_count_mismatch
236,236,224,,আলা-হুম্মা সায়িবান নাফি 'আন)।,"“হে আল্লাহ! মুষলধারায় উপকারী বৃষ্টি বর্ষণ করুন।”২১৮ 217 আবূ দাউদ ১/৩০৫, নং ১১৭৮। আর শাইখ আলবানী তাঁর সহীহ আবি দাউদে একে হাসান বলেছেন, ১/২১৮। 8 বুখারী, (ফাতহুল বারীসহ) ২/৫১৮, নং ১০৩২। 41510117096 ৮০০7:","218 বু খারী, (ফাতহুি বারীসহ) ২/৫১৮, নং ১০৩২।",entry_arabic_count_mismatch
237,237,225,َ ْ َّ ْ َ َ ْ ُ .»‫ه‬ ‫ل ّٰللا ي َو َرح يت ي‬ ‫«م ي‬-173 ‫طرَن يبفض ي‬,afer বিফাদলিলা-হি ওয়া রহযাতি-হ)।,“আল্লাহর অনুগ্রহ ও দয়ায় আমাদের উপর বৃষ্টি বর্ষিত হয়েছে।”৯৯ ৬৬. অতিবৃষ্টি বন্ধের জন্য কিছু দো'আ,,
238,238,225,َ ٓ َ َ َّ ُ َّ َ ََ َ َ َ َّ ‫«الل َّ ُه‬-174 ‫م َع الَ يم‬ ‫ الله‬،‫م َح َوال ْينا َوَل عل ْينا‬ َّ َ َ َ َ َْ ْ َ ‫َو ن ي‬ .»‫ت الش َج ير‬ ُُ َ ‫ ومن ي‬،‫ون الو يدي ية‬ ‫اب ي‬ ‫ وبط ي‬،‫اب‬ ‫الظر ي‬,MMV হাওয়ালাইনা ওয়ালা MMA | TELA আলাল-আ-কা-মি 537797-19 ওয়াবুতুনিল আওাদিয়াতি 71510171105 ০০০7,,,
239,239,226,َ ْ َ َْ ْ َ ْ َ َ ُ َّ َ َّ ُ َّ ُ َ ْ َ ُ َّ ،‫ان‬ ‫ي‬ ‫ْي‬‫اَل‬ ِ ‫و‬ ‫ِم‬ ‫ي‬ ‫ل‬ ‫ اللهم أ يهله علي ي‬،‫«ّٰللا أكب‬-175 ‫ِب‬ ‫ا‬ ‫ن‬ َ َّ ُ َّ َ َ ْ ْ َ َ َّ َ َ ‫َل‬ ‫يب َربنا‬ ‫الت ْو يفيق ل ي َما َت ه‬ ‫ي‬ ‫و‬ ، ‫م‬ ‫ي‬ ‫َل‬‫س‬ ‫اَل‬ ِ ‫و‬ ‫ي‬ ‫ة‬ ‫م‬ ‫والس‬ ُ َّ َ ‫ه‬ َ َْ .»‫ َربنا َو َربك ّٰللا‬،‫َوَتض‬ َ‫ه‬,"আল্লাহু আকবার, Tee আহিলাহু 'আলাইনা ওয়াভাওফীকি লিমা CR রব্বানা ওয়া তারছা, 0 ওয়া TYAN 220 বুখারী ১/২২৪, নং ৯৩৩; মুসলিম ২/৬১৪, নং ৮৯৭।",,,
240,240,227,َ ‫) « َذ َه‬1(-111 َ ‫ن َش‬ ْ َ ْ َ َ َ َ ُ ُ ْ ‫ج ُرا‬ َّ َ ْ َ ُ َّ ‫اء‬ ِ ‫وثبتال‬،‫تالع ُروق‬ ‫بالظ َمأوابتل ي‬ ُ َّ .»‫ّٰللا‬,"যাহাবাষ-যামাউ ওয়াবতাল্লাতিল CHP ওয়া সাবাতাল আজর ইনশা-আললা-হ)। 221 তিরমিযী ৫/৫০৪, নং ৩৪৫১; আদ-দারিমী, শব্দ তাঁরই, ১/৩৩৬। আরও দেখুন, সহীহুত তিরমিযী, ৩/১৫৭। 41510117096 ৮০০7:",,,
241,241,228,َّ ُ َ َ ْ َ َ ُ َ ْ َ ‫) َّ ُ َّ ن‬2( ُ‫ت‬ ْ ‫ك ال َِّت َوس َع‬ ‫ «اللهم ِا يِن أسألك يِبح يت‬-111 ‫ي‬ ‫ي‬ ْ َ ْ َ ْ َ .»‫ن تغ يف َر يِل‬ ‫ش ٍء أ‬,,,"222 হাদীসযে সংকিন কমরমছন আবূ দাউদ ২/৩০৬, নং ২৩৫৯ ও অনযানয। আরও দদখুন, সহীহুি োমম‘ ৪/২০৯।","entry_arabic_count_mismatch,reference_count_mismatch"
242,242,229,َّ »‫م ّٰللا ي‬ ‫«بيس ي‬ ْ,"বিসমিল্লাহ) “আল্লাহর নামে ।” আর শুরুতে বলতে ভুলে গেলে যেন বলে,",,"224 হাদীসযে সংকিন কমরমছন আবূ দাঊদ ৩/৩৪৭, নং ৩৭৬৭; যতরযমিী, ৪/২৮৮, নং ১৮৫৮। আরও দদখুন, সহীহুত যতরযমিী, ২/১৬৭।",reference_count_mismatch
243,243,229,ٓ َ َّ »‫خ ير يه‬ ‫«ب ي‬ ‫سم ّٰللا ي يِف أ َّول ي ي‬ ‫ه َوأ ي‬,"বিসামিললাহি ফী আওওয়ালিহী ওয়া আধিরিহী)। “এর শুরু ও শেষ আল্লাহর নামে ।”২৪ £4 হাদীসটি সংকলন করেছেন আবূ দাউদ ৩/৩৪৭, নং ৩৭৬৭; তিরমিযী, ৪/২৮৮, নং ১৮৫৮। আরও দেখুন, সহীহুত তিরমিযী, ২/১৬৭।",,,reference_count_mismatch
244,244,230,ُ ْ ً ْ َ َ َْ ‫ي‬ ََ ْ َّ ‫«الل َّ ُه‬ .»‫ه َوأط يع ْمنا خْيا يمنه‬‫م َِب يرك لنا يفي‬,আলা-হম্া MAE লানা ফীহি ওয়া MS SAN খাইরাম- মিনহু) 1 “হে আল্লাহ! আপনি আমাদেরকে এই খাদ্যে বরকত দিন এবং এর চেয়েও উত্তম খাদ্য আহার করান।” আর আল্লাহ কাউকে দুধ পান করালে সে যেন বলে:,,,
245,245,230,ُ ْ َ ْ َ ْ َّ ‫«الل َّ ُه‬ .»‫ه َو يزدَن يمنه‬ ‫م َِب يرك ل َنا يفي ي‬,SE-B বারিক লানা ফীহি ওয়াধিদনা মিনহ)।,,,
246,246,231,َّ َّ ُ َ ْ َْ ْ َ َ َ َ َ ْ )1 ( ‫ «اْلمد يّلِل ي ال ي‬-123 ‫ َو َرزق يني ي‬،‫ذي أ ْط َع َم ين هذا‬ ‫ يِم غ ي‬،‫ه‬ ‫ْي‬ ُ َ ‫ن‬ .»‫َح ْو ٍل يم ين َوَل ق َّو ٍة‬,আলহামদু লিল্লা-হি্লাযী আতণ্আমানী হা-যা ওয়া কুওয়াতিন) ١,"০) “সকল প্রশংসা আল্লাহর জন্য, যিনি আমাকে এ আহার করালেন এবং এ রিযিক দিলেন যাতে ছিল না * তিরমিযী ৫/৫০৬, নং ৩৪৫৫ | আরও দেখুন, সহীহুত তিরমিযী, ৩/১৫৮।",,
247,247,232,ً ً َ ً ْ َ َّ ُ ْ َ ْ )2( ََْ ‫ي‬ ‫ غْي‬،‫ه‬‫ارَ يفي‬ َ ‫كثْيا ً َط نيبا ُم َب‬ ‫ «اْلمد يّلِل ي حدا‬-121 ‫ي‬ ‫ي‬ َ َّ ُ ْ َ ً َ ْ َ ْ ُ َ َ ٍ َّ َ ُ َ َ ‫َ ْ ن‬ .»‫ن عنه َربنا‬ ‫ وَل مستغ‬،‫ف وَل ] مودع‬ ٍ ‫[مك ي‬,,,"226 হাদীসযে নাসাঈ বযতীত সকি সু নান গ্রেকারর্ণ সংকিন কমরমছন। আবূ দাউদ, নং ৪০২৫; যতরযমিী, নং ৩৪৫৮; ইবন মাোহ, নং ৩২৮৫। আরও দদখুন, সহীহুত যতরযমিী ৩/১৫৯।",entry_arabic_count_mismatch
248,248,233,َُ ْ َُْ َ َ َُ ْ َّ ‫«الل َّ ُه‬-111 ‫ َواغ يف ْر له ْم‬،‫م َِب يرك له ْم يفْي َرزقَم‬ َُْ ْ َ .»‫ارحه ْم‬ ‫و‬,আল্লা-হন্রা বা-রিক eT ফামা রাযাজাহুম ওয়াগফির লাহুম ওয়ারহামহৃম) |,"“হে আল্লাহ! আপনি তাদেরকে যে রিযিক দান করেছেন তাতে তাদের জন্য বরকত দিন এবং তাদের গুনাহ মাফ করুন, আর তাদের প্রতি দয়া করুন।”২২৮ 227 বুখারী ৬/২১৪, হাদীস নং ৫৪৫৮; তিরমিযী, আর শব্দটি তাঁরই, ৫/৫০৭, নং ৩৪৫৬। 28 মুসলিম ৩/১৬১৫, নং ২০৪২। 41510117096 ৮০০7:",,
249,249,234,َ َ ْ َ ْ َ ْ ْ َ َّ ُ َّ ْ ‫ َو‬،‫ِم أَ ْط َع َمن‬ .»‫اِن‬ ‫ي‬ ‫ق‬ ‫س‬ ‫ِم‬ ‫ق‬ ‫ي‬ ‫اس‬ ‫ي‬ ‫ «اللهم أط يعم‬-138,TAP আড'ইম মান ATP ATT ওয়াসাক্কি মান সাকা-নী)।,"“হে আল্লাহ! যে আমাকে আহার করাবে আপনি তাদেরকে আহার করান এবং যে আমাকে পান করাবে আপনি তাদেরকে পান করান।”২২৯ ৭৩. কোনো পরিবারের কাছে ইফতার করলে তাদের জন্য দো'আ pales ৩৪5৩৯ 4৫৩3 shh -4 229 মুসলিম ৩/১৬২৬, নং ২০৫৫। 41510117096 ৮০০7:",,entry_arabic_count_mismatch
250,250,234,ُ َ َ َ ََ َ ُ َْ ُ ‫ام‬ ‫ُك‬ ‫ َوأُ طع‬،‫ون‬َ ُ ‫اِئ‬ َّ ‫الص ي‬ ُ َ ْ ‫ «أف َط َر يعندُك‬-131 ُ َ َ ْ ُ ُ ْ َ َ ْ َّ َ َ ُ َ ْ َ ْ .»‫ُك ال َمَلئيكة‬ ‫ وصلت علي‬،‫الِبار‬,,,,entry_arabic_count_mismatch
251,251,235,,"আফড়ারা ইন্দাকয়স সা-ইমুন, ওয়া আকালা তা'আ- মাকুয়ুল আবরা-র ওয়াসাল্লাত 3727355377 মালা-ইকাহ","“আপনাদের কাছে সাওম পালনকারীরা ইফতার আপনাদের জন্য ফিরিশতারা ক্ষমা প্রার্থনা করুন।”২৩০ ৭৪. সাওম পালনকারীর নিকট যদি খাবার উপস্থিত হয়, আর সে সাওম না ভাঙ্গে তখন তার দো'আ করা ১৮৫- “যদি কাউকে খাবারের দাওয়াত দেওয়া হয় সে যেন তাতে সাড়া দেয়; তারপর যদি সে সাওম পালনকারী হয়, তবে যেন সে তার (খাবার ওয়ালার) জন্য দো'আ 230 সুনান আবি দাউদ ৩/৩৬৭, নং ৩৮৫৬; ইবন মাজাহ ১/৫৫৬, নং ১৭৪৭; নাসাঈ, আমালুল ইয়াওমি ওয়াল লাইলাহ, নং ২৯৬- ২৯৮। আর সেখানে স্পষ্টভাবে বর্ণিত আছে যে রাসূলুল্লাহ সাল্লাল্লাহু আলাইহি ওয়াসাল্লাম যখন তার পরিবারের কাছে ইফতার করতেন তখন তা বলতেন। আর শাইখ আলবানী তাঁর সহীহ আবি দাউদে একে সহীহ বলেছেন, ২/৭৩০।","230 সু নান আযব দাউদ ৩/৩৬৭, নং ৩৮৫৬; ইবন মাোহ ১/৫৫৬, নং ১৭৪৭; নাসাঈ, আমািু ি ইয়াওযম ওয়াি িাইিাহ, নং ২৯৬- ২৯৮। আর দসখামন স্পিভামব বযণগত আমছ দি রাসূ িুল্লাহ সাল্লাল্লাহু আিাইযহ ওয়াসাল্লাম িখন তার পযরবামরর কামছ ইফতার করমতন তখন তা বিমতন। আর িাইখ আিবানী তাাঁর সহীহ আযব দাউমদ এমক সহীহ বমিমছন, ২/৭৩০।",entry_arabic_count_mismatch
252,252,236,‫ن َ ر ن َ ر‬ .»‫اِئ‬ ‫« ِا يِن ص ي‬-116 ‫ ِا يِن ص ي‬،‫اِئ‬,,,"232 বু খারী, (ফাতহুি বারীসহ) ৪/১০৩, নং ১৮৯৪; মুসযিম, ২/৮০৬, নং ১১৫১।","entry_arabic_count_mismatch,reference_count_mismatch"
253,253,236,ََ ْ َ َ َ ََ َ َ ْ َ َّ ُ َّ ‫ وِب يرك لنا يِف م ي‬،‫«اللهم ِب يرك لنا يِف َ يرَن‬-117 َ َ َ ،‫دين يتنا‬ َ ‫ُ ن‬ ََ ْ َ َ َ َ ََ ْ َ َ .»‫دَن‬‫ وِب يرك لنا يِف م ي‬،‫وِب يرك لنا يِف صا يعنا‬,,,,"entry_arabic_count_mismatch,reference_count_mismatch"
254,254,237,َّ ُ َ ْ »‫«اْل ْمد يّلِل ي‬,"আল্লা-হন্রা বা-রিক লানা ফী সামারিনা, ওয়াবা-রিক লানা ফী মাদীনাতিনা, ওয়াবা-রিক লানা ফী সানা, ওয়াবা- fae লানা ফী নানা","“হে আল্লাহ, আপনি আমাদের ফল-ফলাদিতে বরকত দিন, আমাদের শহরে বরকত দিন, আমাদের সা"" তথা ছোট পরিমাপক যন্ত্রে বরকত দিন।”২৩৩ ৭৭. হাঁচির দো'আ soo”) তোমাদের কেউ হাঁচি দিলে বলবে,",,entry_arabic_count_mismatch
255,255,237,,"আলহামদু লিলা-হি) “সকল প্রশংসা আল্লাহর” এবং তার মুসলিম ভাই বা সাথী যেন অবশ্যই বলে, 23 মুসলিম, ২/১০০০, নং ১৩৭৩। 41510117096 ৮০০7:",,,entry_arabic_count_mismatch
256,256,238,ُ َّ َ ُ َ ْ َ » ‫يحك ّٰللا‬ «,,,,entry_arabic_count_mismatch
257,257,238,ُ ُ َّ ُ ُ ْ َ‫صل ُح َِبل‬ .»‫ُك‬ َْ ‫« ُّي ي‬ ْ ُ‫ّٰللا َوي‬ ‫ديُك‬ ‫ي‬,,,,entry_arabic_count_mismatch
258,258,238,ُ ْ ُ َ ُ َّ ُ ُ ْ َ ْ َ ‫صل ُح َِبل‬ .»‫ُك‬ ‫«ُّي يديُك ّٰللا وي ي‬-123,,,,entry_arabic_count_mismatch
259,259,239,َ ُ َ ْ َ َ َ َ َ َ ْ َ َ َ َ َ َ َ َ ُ َّ َ َ َ ‫ وَع بينْكا يِف‬،‫ وِبرك عليك‬،‫«ِبرك ّٰللا لك‬-191 ْ َ .»‫ْي‬ ٍ ‫خ‬,ইয়াহদীকুমুল্লাহ ওয়া SEAS বা-লাকুম)।,"“আল্লাহ আপনাদেরকে সৎপথ প্রদর্শন করুন এবং আপনাদের অবস্থা উন্নত করুন।”২৩৫ ৭৯. নব বিবাহিতের জন্য দো'আ 2 পা ‏جو‎ ‎(বা-রাকাল্লা-হ লাকা ওয়াবা-রাকা HNL ওয়া CNA বাইনাকুমা ফা খাইরিন্‌)। ওপর বরকত নাযিল করুন এবং কল্যাণের সাথে আপনাদের উভয়কে একত্রিত করুন ।”২৩৬ 235 তিরমিযী ৫/৮২, নং ২৭৪১; আহমাদ 8/800, নং ১৯৫৮৬; আবু দাউদ, ৪/৩০৮, নং ৫০৪০। আরও দেখুন, সহীহুত তিরমিযী, ২/৩৫৪।","235 যতরযমিী ৫/৮২, নং ২৭৪১; আহমাদ ৪/৪০০, নং ১৯৫৮৬; আবু দাউদ, ৪/৩০৮, নং ৫০৪০। আরও দদখুন, সহীহুত যতরযমিী, ২/৩৫৪।",
260,260,240,َ َ َ َ ْ َ َ َ ْ َ َ َ َ ْ َ َ ُ َ ْ َ ‫َّ ُ َّ ن‬ ‫ج َبلَا عل ْي ي‬ ،‫ه‬ ‫ وخْي ما‬،‫«اللهم ِا يِن أسألك خْيها‬-191 ََ ْ َ ََ ََْ َ َ ‫َ َ ُ ُ َ ْ َ ن َ َ َ ن‬ ‫ َو ِاذا اشَتى‬،‫ه‬ ‫ج َبلَا عل ْي ي‬ ‫َش ما‬ ‫ و ي‬،‫َشها‬ ‫وأعوذ يبك يِم ي‬ َ َ َ ْ ْ ُ ْ َ ْ ُ ْ َ َْ ً .»‫ه َول َيقل يمثل ذليك‬ ‫ذ ْر َو ية َسنا يم ي‬ َ ‫ب يعْيا فليأخذ يب ي‬,"আল্লা-হন্রা ইনি আসআলুকা খাইরাহা ওয়া খাইরা মা জাবালতাহা 'আলাইাহি, ওয়া 375237 বিকা মিন শারারিহা ওয়া শারারি মা জাবালতাহা 'আলাইহি","Se হাদীসটি নাসাঈ ব্যতীত সকল সুনানগ্রস্থকারগণই সংকলন করেছেন। আবু দাউদ, নং ২১৩০; তিরমিযী, নং ১০৯১; ইবন মাজাহ, নং ১৯০৫; নাসাঈ, আমালুল ইয়াওমি ওয়াল-লাইলাহ, নং ২৫৯। আরও দেখুন, সহীহুত তিরমিযী ১/৩১৬।","236 হাদীসযে নাসাঈ বযতীত সকি সু নানগ্রেকারর্ণই সংকিন কমরমছন। আবু দাঊদ, নং ২১৩০; যতরযমিী, নং ১০৯১; ইবন মাোহ, নং ১৯০৫; নাসাঈ, আমািু ি ইয়াওযম ওয়াি-িাইিাহ, নং ২৫৯। আরও দদখুন, সহীহুত যতরযমিী ১/৩১৬।",
261,261,241,‫َّ ْ َ َ َ َ ن‬ َ ْ ‫َّ ُ َّ َ ن‬ َّ ‫«بيس ي‬-191 ْ ‫ وج ين ي‬،‫ اللهم ج ينبنا الشيطان‬،‫م ّٰللا ي‬ ‫ب‬ َ َ ْ َ َّ .»‫ان َما َرزقتنا‬ َ ‫الش ْي َط‬,"বিসমিল্লাহি আলা-হম্থা জানিবনাশ্‌-শাইভ়ানা ওয়া জানিবিশৃ-শাইড়ানা মা রযাকতানা) | 27 আবু দাউদ-২/২৪৮, নং ২১৬০; ইবন মাজাহ ১/৬১৭, নং ১৯১৮। আরও দেখুন, সহীহ ইবন মাজাহ, ১/৩২৪। 41510117096 ৮০০7:",,"237 আবু দাঊদ-২/২৪৮, নং ২১৬০; ইবন মাোহ ১/৬১৭, নং ১৯১৮। আরও দদখুন, সহীহ ইবন মাোহ, ১/৩২৪।",
262,262,242,َّ َ َّ ُ ُ َ .»‫جي‬ َّ ‫الش ْي َطان‬ ‫الر‬ ‫ي‬ ‫ِم‬ ‫ي‬ ‫ّلِل‬‫«أعوذ يِب‬-193 ‫ي ي‬ ‫ي‬,আয়ু Fame মিনাশ-শাইড়া-নির রাজীম) ١,"“আল্লাহর নিকট আশ্রয় চাই বিতাড়িত শয়তান থেকে ।”২৩৯ ৮৩. বিপন্ন লোক দেখলে পড়ার দো'আ 238 বুখারী ৬/১৪১, নং ১৪১; মুসলিম ২/১০২৮, নং ১৪৩৪। £ বুখারী ৭/৯৯, নং ৩২৮২ মুসলিম ৪/২০১৫, নং ২৬১০।",,entry_arabic_count_mismatch
263,263,242,َ َّ َ َ َ َْ َ َ َّ َّ ُ َ ْ ‫ َوفضل ين‬،‫اِن يم َّا ابتَلك يبهي‬ ‫«اْلمد يّلِل ي ال ي‬-194 ْ ‫ذي عاف ي‬ ً ْ َ َ َ َ ْ َّ َ َ َ .»‫ضيَل‬ ‫ن خلق تف ي‬ ‫ْي يم‬ٍ ‫َع ك يث‬,,,,entry_arabic_count_mismatch
264,264,243,َ ُ َّ َّ َ ْ َ َ َّ َّ َ َ ْ ُ َ ْ ْ ‫َ ن‬ ُ ‫الغ ُف‬ .»‫ور‬ ‫ ِانكأنتالتواب‬،‫وتبَع‬،‫باغ يفر يِل‬ ‫ «ر ي‬-159,"আলহামদন লিঙ্লা-হিলাষী 'আ-ফানী মিম্মাবতালা-কা বিহী, ওয়া ফাদ্দালানী “আলা কাসীরিম মিন্রান খালাকা তাফদীলা)।","“সকল প্রশংসা আল্লাহর জন্য, যিনি আপনাকে যে পরীক্ষায় ফেলেছেন তা থেকে আমাকে নিরাপদ রেখেছেন এবং তার সৃষ্টির অনেকের ওপরে আমাকে অধিক সম্মানিত করেছেন ।”২৪০ ৮৪. মজলিসে যা বলতে হয় দেখা যেত যে, রাসূলুল্লাহ সাল্লাল্লাহু আলাইহি ওয়াসাল্লাম এক বৈঠক থেকে উঠে যাবার পূর্বে শতবার এ দো'আ © তিরমিযী ৫/৪৯৪, ৫/৪৯৩, নং ৩৪৩২। আরও দেখুন, সহীহুত তিরমিযী, ৩/১৫৩।",,
265,265,244,َ ْ َ َ َ ْ َ َّ َ َ َ ْ َ ُ َ ْ َ َ ْ َ َ َّ ُ َّ َ َ َ ْ ُ ‫أ ْستغ يف ُرك‬،‫ت‬‫أشهدأنَل ِاله ِاَلأن‬،‫«ُسانكاللهمو يِبم يدك‬-196 َ َ ُ ََُ .»‫ب ِال ْيك‬‫وأَت‬,"রবিবগফির লী ওয়াতুব “আলাইরযা, 3377 আনতাত তাউওয়া-বুল WPA) |","“হে আমার FH! আপনি আমাকে মাফ করুন এবং তাওবাহ কবুল করুন; নিশ্চয় আপনিই তাওবা কবুলকারী ক্ষমাশীল ।”২৪১ be, বৈঠকের কাফৃফারা (HBA)","241 যতরযমিী, নং ৩৪৩৪; ইবন মাোহ, নং ৩৮১৪। আরও দদখুন, সহীহুত যতরযমিী, ৩/১৫৩; সহীহু ইবযন মাোহ, ২/৩২১। আর িব্দযে যতরযমিীর।","entry_arabic_count_mismatch,reference_count_mismatch"
266,266,244,,সুবৃহা-নাকাললা-হম্মা ওয়া বিহামাদিকা আশহাদ্র আলা ইলাহা ইল্লা MTT আভাগফিরকা ওয়া MSY ইলাইকা) |,"“হে আল্লাহ! আমি আপনার প্রশংসা সহকারে আপনার পবিত্রতা ঘোষণা করি। আমি সাক্ষ্য দেই যে, ২ তিরমিযী, নং ৩৪৩৪; ইবন মাজাহ, নং ৩৮১৪। আরও দেখুন, সহীহুত তিরমিযী, ৩/১৫৩; সহীহু ইবনি মাজাহ, ২/৩২১। আর শব্দটি তিরমিযীর।",,"entry_arabic_count_mismatch,reference_count_mismatch"
267,267,245,َ َ .»‫ « َولك‬-151,,,"242 হাদীসযে সু নান গ্রেকারর্ণ সবাই সংকিন কমরমছন। আবু দাঊদ, নং ৪৮৫৮; যতরযমিী, নং ৩৪৩৩; নাসাঈ, নং ১৩৪৪। আরও দদখুন, সহীহুত যতরযমিী ৩/১৫৩। তাছাড়া এোও প্রমাযণত হময়মছ দি, আময়িা রাযদয়াল্লাহু আনহা বমিন, রাসূ িুল্লাহ সাল্লাল্লাহু ‘আিাইযহ ওয়াসাল্লাম িখনই দকামনা মেযিমস বমসমছন, অেবা কুরআন দতিাওয়াত কমরমছন, অেবা সািাত আদায় কমরমছন, তখনই এমক যকছু বামকযর মাধযমম সম্পন্ন কমরমছন। ...। হাদীসযে নাসাঈ তাাঁর আমািু ি ইয়াওযম ওয়াি-িাইিাহ গ্রমে নং ৩০৮ এ বণগনা কমরমছন। অনু রূপভামব আহমাদ, ৬/৭৭, নং ২৪৪৮৬। আর ড. ফারূক হাম্মাদাহ, ইমাম নাসাঈ এর আমািু ি ইয়াওযম ওয়াি- িাইিাহ গ্রমের তাহকীমকর সময় এ হাদীসযেমক সহীহ বমিমছন। পৃ . ২৭৩।",entry_arabic_count_mismatch
,268,246,ً ْ َ ُ َّ َ َ َ .»‫جزاك ّٰللا خْيا‬ « -153,ওয়া লাকা,“আর আপনাকেও ।”২৪৩ ৮৭. কেউ আপনার সাথে সদাচারণ করলে তার জন্য দো'আ,"243 আহমাদ ৫/৮২, নং ২০৭৭৮; আন-নাসাঈ, আমািু ি ইয়াওযম ওয়াি িাইিাহ, পৃ . ২১৮, নং ৪২১। তাহকীক, ড. ফারূক হাম্মাদাহ।","entry_arabic_count_mismatch,reference_count_mismatch"
,269,246,,জোযা-কালা-হ খাইরান) ١ ১৯৮ “আল্লাহ আপনাকে উত্তম বিনিময় দান করুন ৮২৪৪,"আল্লাহ যা দ্বারা দাজ্জাল থেকে হিফাযত করবেন ১৯৯- “যে ব্যক্তি সূরা কাহফের প্রথম দশটি আয়াত মুখস্থ করবে, তাকে দাজ্জাল থেকে রক্ষা করা হবে।”২৪৫ 25 আহমাদ ৫/৮২, নং ২০৭৭৮; আন-নাসাঈ, আমালুল ইয়াওমি ওয়াল লাইলাহ, পৃ. ২১৮, নং ৪২১। তাহকীক, ড. ফারূক হাম্মাদাহ। ৮ তিরমিযী, হাদীস নং ২০৩৫। আরও দেখুন, সহীহুল জামে ৬২৪৪; সহীহুত তিরমিযী, ২/২০০।",,"entry_arabic_count_mismatch,reference_count_mismatch"
,270,247,ُ َ َ ْ َ َّ َ َّ َ َ .»‫ذي أ ْح َببت ين له‬ ‫ «أحبك ال ي‬-122,আহাববাকাল্লাধী আহ্বাবতানী NZ) |,"“যার জন্য আপনি আমাকে ভালোবেসেছেন, তিনি আপনাকে ভালোবাসুন ।”২৪৭ °8 মুসলিম ১/৫৫৫, নং ৮০৯; অন্য বর্ণনায় এসেছে, সুরা কাহাফের শেষাংশ, ১/৫৫৬, নং ৮০৯। 216 দেখুন, এ গ্রন্থের হাদীস নং ৫৫, ও হাদীস নং ৫৬, পৃ. । 217 হাদীসটি সংকলন করেছেন, আবু দাউদ ৪/৩৩৩, নং ৫১২৫। আর শাইখ আলবানী একে সহীহ আবি দাউদে হাসান বলেছেন, ৩/৯৬৫।",,
,271,248,َ َ ْ َ َ َ ُ َّ َ .»‫ « َِب َرك ّٰللالك يِفأهليك َو َماليك‬-121,বা-রাকাল্লা-হু লাকা ফী MATH ওয়া মা-লিকা)।,“আল্লাহ আপনার পরিবারে ও সম্পদে বরকত দান করুন।”২৮ ৯১. কেউ খণ দিলে তা পরিশোধের সময় দো'আ ৩5845185585 3029 এ ০৮420,"248 বু খারী, (ফাতহুি বারীসহ) ৪/২৮৮, হাদীস নং ২০৪৯।",reference_count_mismatch
,272,248,َ َ َ َ َ ْ َ َ َ ُ َّ َ َ َ ‫ ا َّن َا‬،‫ك‬ ِ ‫ «ِبرك ّٰللا لك يِف أه يلك ومال ي‬-121 ‫ف‬ ُ ‫ج َز‬ َّ ‫اء‬ ‫السل ي‬ َ َ ُ َْ ْ ُ ‫ال َد‬ .»‫اء‬ ‫اْلمد و‬,"বা-রাকাল্লা-হু লাকা ফী আহলিকা ওয়া মা-লিকা, SAAT 245 বুখারী, (ফাতহুল বারীসহ) ৪/২৮৮, হাদীস নং ২০৪৯।",,,reference_count_mismatch
,273,249,َ ْ َ َ ُ َ ْ َ َ َ َ َ َ ْ ُ ْ َ َ ُ ُ َ ‫َّ ُ َّ ن‬ ‫ َوأ ْستغ يف ُرك‬،‫م‬ ‫«اللهم ِا يِنأعوذ يبكأنأ ي‬-113 ‫َشك يبكوأَنأعل‬ .»‫م‬ُ َ‫َل أَ ْعل‬ َ ‫ل ي َما‬,ঠিকভাবে) আদায়।”২৯,শির্কের ভয়ে দো'আ,"249 হাদীসযে সংকিন কমরমছন, নাসাঈ, তাাঁর আমািু ি ইয়াওযম ওয়াি-িাইিাহ গ্রমে, পৃ . ৩০০; ইবন মাোহ, ২/৮০৯, নং ২৪২৪। আরও দদখুন, সহীহ ইবন মাোহ, ২/৫৫।","entry_arabic_count_mismatch,reference_count_mismatch"
,274,249,,আলা-হুম্মা Sap EY বিকা আন উশরিকা বিকা ওয়া 'আনা MAY ওয়া আন্ডাগফিরুকা লিমা লা আলামু)।,“হে আল্লাহ! আমি জ্ঞাতসারে আপনার সাথে শির্ক করা থেকে আপনার নিকট আশ্রয় চাই এবং অজ্ঞতাসারে,,"entry_arabic_count_mismatch,reference_count_mismatch"
,275,249,,"শিক হয়ে গেলে তার জন্য ক্ষমা চাই।”২৫০ 8 হাদীসটি সংকলন করেছেন, নাসাঈ, তাঁর আমালুল ইয়াওমি ওয়াল-লাইলাহ গ্রন্থে, পৃ. ৩০০; ইবন মাজাহ, ২/৮০৯, নং ২৪২৪। আরও দেখুন, সহীহ ইবন মাজাহ, ২/৫৫। 41510117096 ৮০০7:",,,"entry_arabic_count_mismatch,reference_count_mismatch"
,276,250,ُ َّ َ َ .»‫ « َو يفيك َِب َرك ّٰللا‬-114,ওয়াফীকা বা-রাকাললা-হ,"“আর আপনার মধ্যেও আল্লাহ বরকত দিন।”২৫১ ৯৪. অশ্তভ লক্ষণ গ্রহণকে অপছন্দ করে দো'আ ৮ আহমাদ 8/800, নং ১৯৬০৬; ইমাম বুখারীর আল-আদাবুল মুফরাদ, নং ৭১৬। আরও দেখুন, সহীহ আল জামে ৩/২৩৩; সহীহুত তারগীব ওয়াত তারহীব লিল আলবানী, ১/১৯। ‏ات‎ হাদীসটি ইবনুস সুমী সংকলন করেছেন, পৃ. ১৩৮, নং ২৭৮। ৩০৪। তাহকীক, বশীর মুহাম্মাদ BAT","250 আহমাদ ৪/৪০৩, নং ১৯৬০৬; ইমাম বু খারীর আি-আদাবু ি মুফরাদ, নং ৭১৬। আরও দদখুন, সহীহ আি োমম ৩/২৩৩; সহীহুত তারর্ীব ওয়াত তারহীব যিি আিবানী, ১/১৯।",entry_arabic_count_mismatch
,277,250,َ َ ُ ْ َ َّ َ ْ َ َ َ ُ ْ َ َّ َ ْ َ َ َّ ُ َّ ‫ َوَل‬،‫ َوَل خْي ِاَل خْيك‬،‫م َل طْي ِاَل طْيك‬ ‫«الله‬-115 َ ُ َْ َ َ .»‫ِاله غْيك‬,,,"251 হাদীসযে ইবনু স সু ন্নী সংকিন কমরমছন, পৃ . ১৩৮, নং ২৭৮। আরও দদখুন, ইবনু ি কাইময়যমমর আি-ওয়াযবিু স সাইময়যব, পৃ . ৩০৪। তাহকীক, বিীর মুহাম্মাদ উয়ূ ন।",entry_arabic_count_mismatch
,278,251,,আোলা-হুম্থা লা GEA 337 GPRM ওয়ালা খাইরা ইলা EPH ওয়ালা ইলা-হা গাইরতকা)।,"“হে আল্লাহ! আপনার পক্ষ থেকে অশুভ মঞ্জুর না হলে অশুভ বলে কিছু নেই। আপনার কল্যাণ ছাড়া কোনো কল্যাণ নেই। আর আপনি ছাড়া কোনো হক ইলাহ নেই।”২৫২ ৯৫. বাহনে আরোহণের দো'আ °° আহমাদ ২/২২০, নং ৭০৪৫; ইবনুস সুন্নী, হাদীস নং ২৯২। আর শাইখ আলবানী তাঁর সিলসিলাতুল আহাদীসিস সহীহায় ৩/৫৪, নং ১০৬৫, একে সহীহ বলেছেন। তবে সুলক্ষণ নেওয়া রাসূলুল্লাহ সাল্লাল্লাহু 'আলাইহি ওয়াসাল্লাম পছন্দ করতেন। সে জন্য যখন তিনি কোনো মানুষ থেকে কোনো ভালো বাক্য বা সুবচন শুনতেন, তখন সেটা তাঁর কাছে ভালো লাগত এবং বলতেন, “তোমার মুখ থেকে তোমার সুলক্ষণ গ্রহণ করেছি”। আবু দাউদ, নং ৩৭১৯; আহমাদ, নং ৯০৪০। আর শাইখ আলবানী তাঁর সিলসিলাতুস সহীহায় একে সহীহ বলেছেন, ২/৩৬৩; আবুশ শাইখ, আখলাকুন নবী সাল্লাল্লাহু 'আলাইহি ওয়াসাল্লাম, পৃ. ২৭০।","252 আহমাদ ২/২২০, নং ৭০৪৫; ইবনু স সু ন্নী, হাদীস নং ২৯২। আর িাইখ আিবানী তাাঁর যসিযসিাতুি আহাদীযসস সহীহায় ৩/৫৪, নং ১০৬৫, এমক সহীহ বমিমছন। তমব সু িক্ষণ দনওয়া রাসূ িুল্লাহ সাল্লাল্লাহু ‘আিাইযহ ওয়াসাল্লাম পছে করমতন। দস েনয িখন যতযন দকামনা মানু ষ দেমক দকামনা ভামিা বাকয বা সু বচন শুনমতন, তখন দসো তাাঁর কামছ ভামিা িার্ত এবং বিমতন, “দতামার মুখ দেমক দতামার সু িক্ষণ গ্রহণ কমরযছ”। আবু দাউদ, নং ৩৭১৯; আহমাদ, নং ৯০৪০। আর িাইখ আিবানী তাাঁর যসিযসিাতুস সহীহায় এমক সহীহ বমিমছন, ২/৩৬৩; আবু ি িাইখ, আখিাকুন নবী সাল্লাল্লাহু ‘আিাইযহ ওয়াসাল্লাম, পৃ . ২৭০।",entry_arabic_count_mismatch
,279,252,َ َ َ َ َّ َ َّ َ َ ْ ُ َّ ُ ْ َ ْ َ َّ ‫ذي َس َر لنا هذا َو َما‬ ‫ي‬ ‫ال‬ ‫ان‬‫ُس‬ ﴿ ‫ي‬ ‫ّلِل‬ ‫ واْلمد‬،‫م ّٰللاي‬ ‫«بيس ي‬-116 ْ ُ َ ْ َّ ُ َ ْ َ َ َ ‫َ َ َّ َ َ ن‬ ْ ُ ُ َ َّ ُ ‫ اْل ْمد‬،‫ «اْل ْمد يّلِلي‬،﴾‫ون‬ َ ‫نقل ُب‬ ‫ و ِاَن ِاَ ر يبنال ُم ي‬،‫كنالهمق ير ينْي‬ َّ ‫ك الل َّ ُه‬َ َ َ ْ ُ ُ َ ْ َ ُ َّ ُ َ ْ َ ُ َّ ُ َ ْ َ ُ َّ َّ ُ ْ َ ْ َّ ‫م‬ ‫ ُسان‬،‫ ّٰللا أكب‬،‫ ّٰللا أكب‬،‫ ّٰللا أكب‬،‫ اْلمد يّلِلي‬،‫يّلِل ي‬ َ ‫َلأَ ْن‬َّ َ ُ ‫َ َّ ُ َ َ ْ ُ ه‬ ْ َ َْ ُ َْ َ ‫ن‬ .»‫ت‬ ‫تنف يِسفاغ يف ْر يِل؛ف ِانهَليغ يفرالذُنب ِا‬ ‫ِا يِنظلم‬,,,,entry_arabic_count_mismatch
,280,253,َ َ َّ َ َّ َ َ ْ ُ َ ‫َّ َ م َ َّ َ م َ َّ َ م‬ ‫ذي َس َر لنا‬ ‫ ﴿ُسان ال ي‬،‫ اّٰلل أكب‬،‫ اّٰلل أكب‬،‫اّٰلل أكب‬-117 َ َ َ ‫َ َ َّ َ َ ن‬ ْ ُ ُ َ َّ ُ َ َ َ َ ﴾‫ون‬ َ ‫نقل ُب‬ ‫هذا وما كنا له مق ير ينْي * و ِاَن ِاَ ر يبنا ل ُم ي‬ ْ َّ َ َ َ َ َ َ ُ َ ْ َ ‫َّ ُ َّ ن‬ ‫«اللهم ِاَن سسألك يِف سف يرَن هذا ي‬ َ َّ ‫ َو يِم‬،‫الب َوالتق َوى‬ ْ َ َ َ َ َ َ َ ْ ‫َّ ُ َّ َ ن‬ َ َْ ْ ‫ن عل ْينا َسف َرَن هذا َواط يو‬ ‫ اللهم ه يو‬،‫ل َما َتض‬ ‫ي‬ َ ‫ال َع‬ ‫م‬ ُ َ َ ْ َ َ َّ َّ َ ْ َ َّ ُ َّ ُ َ ْ ُ َّ َ ‫ واْلليفة يِف‬،‫ب يِف السف ير‬ ُ ‫ح‬ ‫ اللهم أنت الصا ي‬،‫عنا بعده‬,,,,entry_arabic_count_mismatch
,281,254,ٓ َ ْ ْ َ ُ ُ َ ‫َّ ُ َّ ن‬ َ َ َ َّ ْ َ ْ ‫ َوكب ي‬،‫لسف ير‬ ‫ة‬ ‫م ِا يِن أعوذ يبك يِم َوعثا يء ا‬ ‫ الله‬،‫ل‬ ‫اله ي‬ ْ َ ْ َ ْ َ ْ ْ »‫ل‬ ‫ه‬ ‫ال‬ ‫و‬ ‫ال‬ َ ‫ َو ُسو يء ال ُم ْن َقلب ِف ال‬،‫ال َم ْن َظر‬ ‫م‬ ‫ي‬ ‫ي‬ ‫ي ي‬ ‫ي‬,"HZ আকবার আল্লা-হু আকবার আল্লা-হু আকবার | সুবৃহা-নালাষী সাখখারা লানা হা-যা ওয়ামা FH MS মুকরিনীনা। ওয়া Say ইলা রাব্বিনা 277799187927١ আল্লা- ওয়াভাকওয়া, ওয়ামিনাল 'আমালি মা তারা । আললা-হম্মা হাউইন 'আলাইনা সাফারানা BM ওয়াতউই আলা Te আলা-হম্া আনতাস ALG ফিস সাফারি ওয়াল- খালীফাত ফিল আহলি। আলা-হুম্মা ইনী 9757 বিকা মিন ওয়া'আসা-ইসু সাফারি ওয়া কাণ্আবাতিল মানযারি ওয়া সৃ-ইল মুনকালাবি ফিল মা-লি ওয়াল আহল)।","“আল্লাহ সবচেয়ে বড়, আল্লাহ সবচেয়ে বড়, আমরা একে বশীভূত করতে সক্ষম ছিলাম না। আর 41510117096 ৮০০7:",,
,282,255,َ ‫ ل َر نب َنا َحام ُد‬،‫ون‬ . »‫ون‬ َ ‫ َعاب ُد‬،‫ون‬ َ ‫«أٓي ُبو‬ َ ‫ َتئ ُيب‬،‫ن‬ ‫ي‬ ‫ي ي‬ ‫ي‬ ‫ي‬,,,,entry_arabic_count_mismatch
,283,256,َْ َ َّ ‫«الل َّ ُه‬-111 ‫ب‬ َ ‫الس ْبع َو َما أ ْظلل‬ َّ ‫ َو َر‬،‫ن‬ َّ ‫ات‬ ‫ي‬ ‫الس َم َو‬ َّ ‫ب‬ َّ ‫م َر‬ ‫ي‬ َّ َْ َْ َ ‫ْي َو َما‬ ‫ط‬‫ي‬ ‫يا‬ ‫الش‬ ‫ب‬ َّ ‫ َو َر‬،‫ن‬ َ ‫الس ْبع َو َما أقلل‬ َّ ‫ْي‬ َ ‫ال َرض‬ ‫ي‬ ‫ي‬ ‫ي‬ َ َْ َ َ ُ َ َ َ َْ ْ َ ‫ذ يه‬ ْ َ ْ َ َ َ ‫الر َٰٓي ي‬‫ب ن‬ َّ ‫ َو َر‬،‫ن‬ َ ‫ضلل‬ ‫ أسألك خْي ه ي‬،‫ح وما ذرْي‬ ‫ي‬ ‫أ‬ َ ‫َ َ َ ُ ُ َ ْ َ ن‬ َ َْ َ َ َ ْ َ َْ َ َ َ ْ َ ْ ،‫َشها‬ ‫ وأعوذ يبك يِم ي‬،‫ وخْي ما يفهيا‬،‫ وخْي أهليها‬،‫القري ية‬ َ ‫ َو َ ن‬،‫َش أَ ْهل َها‬ ‫َ َ ن‬ .»‫َش ما يفهيا‬ َ ‫ي‬ ‫و ي ي‬,"আলা-হুম্মা 7037 সামা-ওয়া-তিস সাবন্ঈ ওয়ামা আযলালনা, ওয়ারব্বাল তারাদীনাস HTH ওয়ামা আকলালনা, ওয়া রববাশ শাইয়া-তী-নি ওয়ামা GSAT, ওয়া রববাররিয়া-হি ওয়ামা যারাইনা, MMT খাইরা হা-যাহিল কারইয়াতি ওয়া খাইরা আহলিহা ওয়া MA মা 24 মুসলিম ২/৯৭৮, হাদীস নং ১৩৪২। 41510117096 ৮০০7:",,,
,284,258,ُ َ ُ ْ ْ ُ َ ُ َ َ َ َ ُ َ ْ َ ُ َّ َّ َ َ َ ‫ َوله‬،‫ له ال ُملك‬،‫َشيك له‬ ‫«َل ِاله ِاَل ّٰللا وحده َل ي‬-119 ُ ُ َْْ َ ُ ُ َ ‫ َو ُه َو َح‬،‫يت‬ُ ُْ ‫ُيي َو‬ ُْ ُ َْ ْ ‫ َوه َو‬،‫د يه اْلْي‬ ‫ يبي ي‬،‫َل ْيوت‬ ‫ي‬ ‫ي‬ ‫ ي‬،‫اْلمد‬ ‫َ َ ن‬ .»‫ي‬ ْ َ ُُ ‫َع‬ ‫ش ٍء َقد ر‬ ‫ي‬ ‫ي‬,লা ইলা-হা 3575/5 9277775 লা শারীবালাহ লাহুল- YAP GMAT WAG 5737 ওয়াইরুমীতি ওয়াছয় 7777 লা Frye বিয়াদিহিল wee ওয়া হওয়া “আলা PE শাইইন BAIA) |,"“একমাত্র আল্লাহ ছাড়া কোনো BH ইলাহ নেই, তাঁর কোনো শরিক নেই, রাজত্ব তাঁরই, প্রশংসা মাত্রই তাঁর। তিনিই জীবন দান করেন এবং তিনিই মারেন। আর তিনি চিরঞ্জীব, মারা যাবেন না। সকল প্রকার কল্যাণ 41510117096 ৮০০7:",,
,285,259,َّ .»‫م ّٰللا ي‬ ‫«بيس ي‬-111 ْ,বিসমিলা-হ,“আল্লাহর নামে ।”২৫৭ ১০০. FST বা অবস্থানকারীদের জন্য মুসাফিরের দো'আ,"256 যতরযমিী, নং ৩৪২৮; ইবন মাোহ, ৫/২৯১, নং ৩৮৬০; হামকম ১/৫৩৮। আর িাইখ আিবানী হাদীসযেমক সহীহ ইবন মাোহ ২/২১; সহীহুত যতরযমিী, ৩/১৫২ হাসান হাদীস বমিমছন।",
,286,259,ُ ُ َ ُ َ َ َّ َ َّ ُ ُ ُ ْ َ ْ َ .»‫ضيع َودائيعه‬ ‫ «أستو يدعُك ّٰللا ال ي‬-111 ‫ذي َل ت ي‬,"আভ্ঞাউদি'উ FM-VAD লা TAG ওয়াদা-ই'উহ) | 2° তিরমিযী, নং ৩৪২৮; ইবন মাজাহ, ৫/২৯১, নং ৩৮৬০; হাকেম ১/৫৩৮। আর শাইখ আলবানী হাদীসটিকে সহীহ ইবন মাজাহ ২/২১; সহীহুত তিরমিযী, ৩/১৫২ হাসান হাদীস বলেছেন। 257 আবু দাউদ, ৪/২৯৬, নং ৪৯৮২। আর শাইখ আলবানী একে সহীহ বলেছেন, সহীহ আবি দাউদে, ৩/৯৪১।",,"257 আবূ দাউদ, ৪/২৯৬, নং ৪৯৮২। আর িাইখ আিবানী এমক সহীহ বমিমছন, সহীহ আযব দাউমদ, ৩/৯৪১।",
,287,260,‫ وأمانت‬،‫) أ ْست ْو يدع ّٰللا يدينك‬1(-111 َ ََ َ َ َ َ َ َ ‫ َو َخ َوا يتي‬،‫ك‬ َ َّ ُ َ َ َ ََ .»‫َع يلك‬,আভ্ঞাউদি'উ্লা-হা দীনাকা ওয়া আমা-নাতাকা ওয়া খাওয়া-তীমা 'আআমালিকা)।,"“আমি আপনার দীন, আপনার আমানত","258 আহমাদ ২/৪০৩, নং ৯২৩০; ইবন মাোহ, ২/৯৪৩, নং ২৮২৫। আরও দদখুন, সহীহ ইবন মাোহ ২/১৩৩।","entry_arabic_count_mismatch,reference_count_mismatch"
,288,260,,"পরিবার-পরিজন ও ধন-সম্পদ) এবং আপনার সর্বশেষ আমলকে আল্লাহর হিফাযতে রাখছি।”২৫৯ 255 আহমাদ ২/৪০৩, নং ৯২৩০; ইবন মাজাহ, ২/৯৪৩, নং ২৮২৫। আরও দেখুন, সহীহ ইবন মাজাহ ২/১৩৩। 41510117096 ৮০০7:",,,"entry_arabic_count_mismatch,reference_count_mismatch"
,289,261,‫ وي‬،‫ وغفر ذنبك‬،‫)«ز َّودك ّٰللا التق َوى‬2(-213 َ ْ َ َ َ َ َّ َ َ َ َ ْ َ َ َ َ َ ْ َّ ُ َّ َ َ َ ‫ِّ لك اْلْي‬ َ ‫ثما ُك ْن‬ .»‫ت‬ ُ ْ َ ‫حي‬,"যাওয়াদাকাল্লাহুত তাকওয়া, ওয়াগাফারা যানবাকা, ওয়া ইয়াসসারা লাকাল খাইরা MEY মা FT) |","৯ “আল্লাহ আপনাকে তাকওয়ার পাথেয় প্রদান করুন, আপনার গুনাহ ক্ষমা করুন, আর যেখানেই থাকুন না কেন আপনার জন্য কল্যাণকে সহজ করে দিন।”২৬০ ১০২, সফরে চলার সময় তাকবীর ও তাসবীহ ২১৪- 'জাবের রাদিয়াল্লাহু “আনহু বলেন, “আমরা যখন 259 আহমাদ ২/৭, ৪৫২৪, তিরমিযী ৫/৪৯৯, নং ৩৪৪৩। আর শাইখ আলবানী একে Fale সুনানিত তিরমিযীতে ৩/৪১৯ সহীহ হাদীস বলেছেন। + তিরমিযী, নং ৩৪৪৪; আরও দেখুন, সহীহুত তিরমিযী, ৩/১৫৫।","259 আহমাদ ২/৭, ৪৫২৪, যতরযমিী ৫/৪৯৯, নং ৩৪৪৩। আর িাইখ আিবানী এমক সহীহু সু নাযনত যতরযমিীমত ৩/৪১৯ সহীহ হাদীস বমিমছন।",
,290,262,َ ََ ‫َ َ ي‬ ْ ُ َ ‫َّ ي‬ َْ ‫ر‬ َ َ َّ َ ‫«َسع سا يمع يِبم ي‬-115 َ َّ ‫ َربنا‬،‫ه عل ْينا‬ ‫ن بَل يئ‬ ‫ وحس ي‬،‫د ّٰللا‬ َّ ً َ َ ََْ ْ َْ َ َ ْ .»‫ار‬ َّ َ ‫ عائيذا يِبّلِل ي يِم الن ي‬،‫ضل علينا‬ ‫ وأف ي‬،‫حبنا‬ ‫صا ي‬,,,"261 বু খারী, (ফাতহুি বারীসহ) ৬/১৩৫, নং ২৯৯৩।",entry_arabic_count_mismatch
,291,263,ََ َ ‫ي ْ َ ن‬ َّ َّ ‫َّ ي‬ َ ُ ُ َ .»‫َش َما خلق‬ ‫ي‬ ‫ِم‬ ‫ات‬ ‫ي‬ ‫ام‬ ‫الت‬ ‫ّٰللا‬ ‫ات‬ ‫ي‬ ‫«أع ي‬-116 َ ‫وذ بكي‬ ‫م‬,"০৮ ধরা হয়, তখন অর্থ হবে, 'একজন শ্রোতা আমার এ কথা শুনে তা অন্যের কাছে পৌঁছে দিক।"" আর এ-কথাটি তিনি বলেছেন শেষ রাত্রির দো'আ ও যিকর সম্পর্কে সচেতন করার জন্য। শারহুন নাওয়াওয়ী 'আলা সহীহ মুসলিম, ১৭/৩৯।",,,entry_arabic_count_mismatch
,292,263,"َ ‫س َمع‬ মুসযিম, ৪/২০৮৬, নং ২৭১৮। আর হাদীমস বযবহৃত ‫سامع‬ َ َ",,,,entry_arabic_count_mismatch
,293,263,"উিম দান-দয়ার উপর।’ আর িযদ হাদীমস বযবহৃত িব্দযেমক ‫َس هم َع‬ َ ধরা হয়, তখন অেগ হমব, ‘একেন দশ্রাতা আমার এ কো ‫سامع‬",,,,entry_arabic_count_mismatch
,294,264,ُ َْ ْ ُ َ َ ُ ُْ ْ ُ َ ُ َ َ َ َ ُ َ ْ َ ُ َّ َّ َ َ َ ،‫ وله اْلمد‬،‫ له الملك‬،‫َشيك له‬ ‫« َل ِاله ِاَل ّٰللا وحده َل ي‬ ‫ن‬ َ َ ُ َ َ ُ ٓ ‫َ ُ َ َ َ ُن َ ْ َ ر‬ َ ‫عاب ُد‬ ‫ ل ي َر يبنا‬،‫ون‬ ‫ ي‬،‫ َتئيبون‬،‫ أ ييبون‬،‫دي‬ ‫ُ ش ٍء ق ي‬ ‫وهو َع ي‬ َ َ َ ُ َ َ َ َ َ َ ُ َ ْ َ ُ َّ َ َ َ َ ُ َ ‫ َوهزم‬،‫َ ع ْبده‬ ‫ ون‬،‫صدق ّٰللا وعده‬ ،‫حا يمدون‬ ُ َ َ ْ .»‫زاب َو ْحده‬ َ ‫ال ْح‬,"লো ইলা-হা ইল্লাল্লা-হ ওয়াহদাহু লা শারীকা লাহ, লাহুল YIP ওয়া লাহুল হামদ, ওয়াহুয়া 'আলা বি শাই'ইন কাদীর, আ-ইবৃনা, তা-ইবুনা, 'আ-বিদুনা, লি রাবিবনা হা- 28 মুসলিম, ৪/২০৮০, নং ২৭০৯। 41510117096 ৮০০7:",,,
,295,266,ُ َ ‫ْ َ ي َ ه َّ ي‬ َّ َّ ُ َ ْ »‫اْلات‬ ‫«اْلمد يّلِل ي ال ي‬ ‫ذي يب ينعم يته ت يِت الص‬ ْ,"আলহামদু লিললা-হিললাযী বিনি'মাতিহী CNOA সা-লিহা- ত)/ “আল্লাহর জন্য সমস্ত প্রশংসা, যাঁর নি'আমত দ্বারা সকল ভাল কিছু পরিপূর্ণ হয়।” আর যখন তার কাছে অপছন্দনীয় বিষয় আসত, তখন তিনি বলতেন,",,,
,296,266,‫ْ َ ُ َّ َ َ ُ ن‬ .»‫ال‬ َ ٍ ‫ُح‬ ‫«اْلمد يّلِل ي َع ي‬ ْ,আলহামদুলিল্া-হি 'আলা FF হাল) 41510117096 ৮০০7:,,,
,297,270,,৩) অল্প সম্পদ থাকা সত্তেও তা থেকে ব্যয় করা ।”২৭২,"“আবদুল্লাহ ইবন “আমর রাদিয়াল্লাহু 'আনহুমা থেকে বর্ণিত, এক ব্যক্তি নবী সাল্লাল্লাহু আলাইহি শ্রেষ্ঠ? নবী সাল্লাল্লাহু আলাইহি ওয়াসাল্লাম বললেন, “তুমি 2 মুসলিম ১/৭৪, নং ৫৪; আহমাদ, নং ১৪৩০; আর শব্দ তাঁরই । মুসলিমের শব্দ হচ্ছে, “লা তাদখুলুনা...”"" 'তোমরা প্রবেশ করবে না... % বুখারী, (ফাতহুল বারীসহ) ১/৮২, নং ২৮; আম্মার রাদিয়াল্লাহু আনহু থেকে মাওকৃফ ও মু'আল্লাক হিসেবে।","271 মুসযিম ১/৭৪, নং ৫৪; আহমাদ, নং ১৪৩০; আর িব্দ তাাঁরই। মুসযিমমর িব্দ হমে, “িা তাদখুিূনা...” ‘দতামরা প্রমবি করমব না...’।","entry_arabic_count_mismatch,reference_count_mismatch"
,298,271,ُ َ ْ ‫علَ ْي‬ »‫ُك‬ ‫« َو‬,ওয়া 'আলাইকুম।) “আর তোমাদেরও ওপর ।”২৭৪,"মোরগের ডাক ও গাধার স্বর শুনলে পড়ার দো'আ ২২৮- “যখন তোমরা মোরগের ডাক শুনবে, তখন তোমরা আল্লাহর অনুগ্রহ চাইবে, কেননা সে একটি %ঃ বুখারী, (ফাতহুল বারীসহ) ১/৫৫, নং ১২ মুসলিম ১/৬৫, নং ৩৯। ‎বুখারী, (ফাতহুল বারীসহ) ১১/৪২, নং ৬২৫৮; মুসলিম‏ نا ‎৪/১৭০৫, নং ২১৬৩।‏","273 বু খারী, (ফাতহুি বারীসহ) ১/৫৫, নং ১২; মুসযিম ১/৬৫, নং ৩৯।",reference_count_mismatch
,299,272,َ َ ًَ ُ ُ َ َ َ ْ ْ َ ُ ُ َ ْ ُ َ ‫َّ ُ َّ َ َ ه‬ ‫ِم َسب ْبته فاج َعل ذليك له ق ْربة ِال ْيك‬ ٍ ‫ي‬ ‫ؤ‬ ‫«اللهم فأْيا م‬,,,"275 বু খারী (ফাতহুি বারীসহ), ৬/৩৫০, নং ৩৩০৩; মুসযিম, ৪/২০৯২, নং ২৭২৯।","entry_arabic_count_mismatch,reference_count_mismatch"
,300,273,ْ َ َ .»‫ام ية‬ َ ‫الق َي‬ ْ ‫َيم ي‬,"MES NEMA 1775/07 7717799 ফাভ আল যা-লিকা ME কুরবাতান ইলাইকা ইয়াউমাল কিয়া-মাতি)। “হে আল্লাহ! যে মুমিনকেই আমি গালি দিয়েছি, তা তার জন্য কিয়ামতের দিন আপনার নৈকট্যের মাধ্যম করে দিন।”২৭৭","কোনো মুসলিম অপর মুসলিমকে প্রশংসা করলে যা বলবে ২৩১- রাসূলুল্লাহ সাল্লাল্লাহু আলাইহি ওয়াসাল্লাম বলেন, “যখন তোমাদের মধ্যে কেউ কারো প্রশংসা করতেই হয়, তখন যেন সে বলে, 27 বুখারী ফোতহুল বারীসহ) ১১/১৭১, নং ৬৩৬১; মুসলিম ৪/২০০৭, নং ৩৯৬, আর তার শব্দ হচ্ছে, “ফাজ'আলহা লাহু যাকাতান ও রাহমাতান”। অর্থাৎ “সেটা তার জন্য পবিত্রতা ও রহমত বানিয়ে দিন'।","277 বু খারী (ফাতহুি বারীসহ) ১১/১৭১, নং ৬৩৬১; মুসযিম ৪/২০০৭, নং ৩৯৬, আর তার িব্দ হমে, “ফাে‘আিহা িাহূ িাকাতান ও রাহমাতান”। অেগাৎ ‘দসো তার েনয পযবত্রতা ও রহমত বাযনময় যদন’।",
,301,274,ً َ َّ َ َ ‫َ ُ َ ن‬ ُ ُ ُ َّ ً َ ُ ُ َ ،‫ َوَل أز يّك َع ّٰللاي أ َحدا‬،‫يبه‬ ‫ب فَلَن َوّٰللا َح يس‬‫«أ ْح يس‬ َ َ َ َ َ َ ُ َ َْ َ َ ْ ُ ُ ْ َ .»‫م ذاك – كذا َوكذا‬ ‫أح يسبه – ِان َن يعل‬,"আলা-হুস্ছা লা-তু'আ-ধ্ষিনী বিমা SGT, ওয়াগফিরলী মালা ইয়ালামূনা, /ওয়াজণ্ঘালনী খাইরাম Ara ইয়াযুনুনা)","£* মুসলিম, ৪/২২৯৬, নং ৩০০০। 41510117096 ৮০০7:",,entry_arabic_count_mismatch
,302,274,َ ْ َ ُ‫َل ُت َؤاخ ْذِن ِبَا يَ ُقول‬ ‫ َواغ يف ْر يِل َما َل‬،‫ون‬ َ َّ ُ َّ ‫«اللهم‬-131 ‫ي ي ي‬ َ ‫اج َع ْلن َخ ْْيا ً يمَّا يَ هظ هن‬ .»]‫ون‬ ْ َ َ َُ َْ ‫ [و‬،‫يعلمون‬ ‫ي‬,,,,entry_arabic_count_mismatch
,303,275,َ َّ َ َ َ َ َ َ َ ْ َّ َ َ ْ َّ َ َّ ُ َّ َ ْ َّ َ ‫ لبيك َل ي‬،‫«لبيك اللهم لبيك‬-133 َّ ‫ ا‬،‫ك‬ ‫ن‬ ِ ‫َشيك لك لب ْي‬ َ َ َ َ َ َ ُْ ْ َ َ َ َ َ ْ ‫ْ َْ َ َ ن‬ .»‫َشيك لك‬ ‫ َل ي‬،‫ لك والملك‬،‫النعمة‬ ‫ و ي‬،‫اْلمد‬,,,,entry_arabic_count_mismatch
,304,276,,"ফাতহুল বারীসহ), ৩/৪৭২।",,"281 বু খারী, (ফাতহুি বারীসহ) ৩/৪৭৬, নং ১৬১৩। আর ‘দকামনা যকছু ’ বমি এখামন বাাঁকা িাযঠ দবাোমনা হময়মছ। দদখুন, বু খারী, (ফাতহুি বারীসহ), ৩/৪৭২।",entry_arabic_count_mismatch
,305,277,ً َ ٓ ْٰ َّ ً َ َ ْ ‫ه‬ َ ٰ َ َّ ‫«﴿ َربنا ا يتنا يِف الدن َيا ح َسنة و يِف اَل ي‬-135 ‫خ َر ية َح َسـنة‬ َّ َ َ َ َ َّ .»﴾‫ۧ؁‬١٠٢ ‫ار‬ ‫و يقنا عذاب الن ي‬,রব্বানা আ-তিনা ফিছুনিয়া হাসানাতাও ওয়াফিল আ- Rafe হাসানাতাও ওয়াকিনা “আযা-বানা-র)।,"“হে আমাদের রব্ব! আমাদেরকে দুনিয়াতে কল্যাণ দিন এবং আখেরাতেও কল্যাণ দিন এবং আমাদেরকে আগুনের শাস্তি থেকে রক্ষা করুন।”২৮২ ১১৮. সাফা ও মারওয়ায় দাঁড়িয়ে যা পড়বে 2S আবূ দাউদ ২/১৭৯, নং ১৮৯৪; মুসনাদে আহমাদ ৩/৪১১, নং ১৫৩৯৮; আল-বাগভী ফী শারহিস সুন্নাহ, ৭/১২৮। আর শাইখ আলবানী সহীহ আবি দাউদে ১/৩৫৪ একে সহীহ বলেছেন। আয়াতটি সুরা আল-বাকারাহর আয়াত নং ২০১।","282 আবূ দাউদ ২/১৭৯, নং ১৮৯৪; মুসনামদ আহমাদ ৩/৪১১, নং ১৫৩৯৮; আি-বার্ভী ফী িারযহস সু ন্নাহ, ৭/১২৮। আর িাইখ আিবানী সহীহ আযব দাউমদ ১/৩৫৪ এমক সহীহ বমিমছন। আয়াতযে সূ রা আি-বাকারাহর আয়াত নং ২০১।",
,306,278,َّ ٓ َ ْ َ ْ َ َّ َّ »﴾‫الصفا َوال َم ْر َوة يِم ش َعأئ يير ّٰللا ي‬ ‫«﴿ ِان‬,"ইনাসৃসাফা ওয়াল-মারওয়াতা মিন শা'আ-ইরিল্লা-হ)। “নিশ্চয় সাফা ও মারওয়া আল্লাহর নিদর্শনসমূহের আর বলেন, “আল্লাহ যেখান থেকে শুরু করেছেন আমিও সেখান থেকে শুরু করব।” অতঃপর তিনি সাফা পর্বতে আরোহণ করতে লাগলেন যতক্ষণ না কা'বা দেখলেন,",,,entry_arabic_count_mismatch
,307,278,ُ َ ْ ُ َ ُ ْ ْ ُ َ ُ َ َ َ َ ُ َ ْ َ ُ َّ َّ َ َ َ ‫ له ال ُملك َوله اْل ْمد‬،‫َشيك له‬ ‫«َل ِاله ِاَل ّٰللا وحده َل ي‬ ُ َ ْ َ َ َْ ُ َ ُ َّ َّ َ َ َ ‫َ ُ َ َ َ ُ ن َ ْ َ ر‬ ،‫ أنز َوعده‬،‫ َل ِاله ِاَل ّٰللا َو ْحده‬،‫ي‬ ‫ُ ش ٍء ق ي‬ ‫د‬ ‫وهو َع ي‬ ُ َ َ ْ َ َ َ َ ُ َ َْ َ َ َ َ .»‫اب َو ْحده‬َ ‫ال ْح َز‬ ‫ وهزم‬،‫ونَ عبده‬,লা ইলাহা ইল্লাল্লাহ) ঘোষণা করেন এবং তাকবীর,,,entry_arabic_count_mismatch
,308,278,,"আল্লাহু আকবার) বলেন, অতঃপর এই দো'আ পড়েন,",,,entry_arabic_count_mismatch
,309,280,ُ َ ُ ْ ْ ُ َ ُ َ َ َ َ ُ َ ْ َ ُ َّ َّ َ َ َ ‫« َل ِاله ِاَل ّٰللا وحده َل ي‬-137 ‫ له ال ُملك َوله‬،‫َشيك له‬ ‫ْ َ ُ ُ َ َ ن‬ ْ َ ُُ ‫َع‬ ‫ش ٍء َقد ر‬ .»‫ي‬ ‫اْل ْمد َوه َو‬ ‫ي‬ ‫ي‬,,,,entry_arabic_count_mismatch
,310,283,َّ َ َ ْ ُ )1( .»‫ان ّٰللا ي‬ ‫«ُس‬ -243,আলা-হু আকবার,"“আল্লাহ সবচেয়ে বড়।”২৮৮ ১২৩. আনন্দদায়ক কোনো সংবাদ আসলে যা করবে 27 বুখারী, (ফাতহুল বারীসহ) ১/২১০, Odo, ৪১৪, নং ১১৫, ৩৫৯৯, ৬২১৮; মুসলিম ৪/১৮৫৭, নং ১৬৭৪। 288 বুখারী, (ফাতহুল বারীসহ) ৮/৪৪১, নং 8989; তিরমিযী নং ২১৮০; আন- নাসাঈ ফিল কুবরা, নং ১১১৮৫। আরও দেখুন, সহীহুত তিরমিষী ২/১০৩, ২/২৩৫, আহমাদ-৫/২১৮, নং ২১৯০০।","287 বু খারী, (ফাতহুি বারীসহ) ১/২১০, ৩৯০, ৪১৪, নং ১১৫, ৩৫৯৯, ৬২১৮; মুসযিম ৪/১৮৫৭, নং ১৬৭৪।",entry_arabic_count_mismatch
,311,283,.»‫) «ّٰللا أكب‬2(-241 ُ َ ْ َ ُ َّ,,,"288 বু খারী, (ফাতহুি বারীসহ) ৮/৪৪১, নং ৪৭৪১; যতরযমিী নং ২১৮০; আন- নাসাঈ যফি কুবরা, নং ১১১৮৫। আরও দদখুন, সহীহুত যতরযমিী ২/১০৩, ২/২৩৫, আহমাদ-৫/২১৮, নং ২১৯০০।",entry_arabic_count_mismatch
,312,284,َّ »‫م ّٰللا ي‬ ‫«بيس ي‬ ْ,"বিসমিল্লাহ) © হাদীসটি নাসাঈ ব্যতীত অপরাপর সুনান গ্রন্থকারগণ উদ্ধৃত করেছেন। আবূ দাউদ নং ২৭৭৪; তিরমিযী নং ১৫৭৮; ইবন মাজাহ ১৩৯৪। আরও দেখুন, সহীহ ইবন মাজাহ ১/২৩৩; ইরওয়াউল গালীল, ২/২২৬।",,"289 হাদীসযে নাসাঈ বযতীত অপরাপর সু নান গ্রেকারর্ণ উিৃ ত কমরমছন। আবূ দাউদ নং ২৭৭৪; যতরযমিী নং ১৫৭৮; ইবন মাোহ ১৩৯৪। আরও দদখুন, সহীহ ইবন মাোহ ১/২৩৩; ইরওয়াউি র্ািীি, ২/২২৬।",
,313,285,.»‫ذ ُر‬ َ ُ َ ُ َ‫َش َما أ‬ ‫َ ُ ُ َّ ي َ ُ ْ َ ي ْ َ ن‬ ‫«أعوذ يِبّلِل وقدر يت‬ ‫جد وأحا ي‬ ‫ي‬ ‫ه يِم ي‬,,,,entry_arabic_count_mismatch
,314,286,ُ َّ َّ َ َ َ .»!‫ «َل ِاله ِاَل ّٰللا‬-145,বদ নজরের) বিষয়টি সত্য ।”২৯১,ভীত অবস্থায় যা বলবে,"291 মুসনামদ আহমাদ ৪/৪৪৭, নং ১৫৭০০; ইবন মাোহ, নং ৩৫০৮; মামিক ৩/১১৮-১১৯। আর িাইখুি আিবানী, সহীহুি োমম‘ গ্রমে সহীহ বমিমছন, ১/২১২; আরও দদখুন, আরনাঊমতর এর িাদু ি মা‘আদ এর তাহকীক ৪/১৭০।",
,315,286,َّ ‫ك] الل َّ ُه‬ َ َ َ َ ْ َّ ُ َّ ُ َ ْ َ ُ َّ َ َّ ‫«بيس ي‬-146 ‫م‬ ‫م ّٰللا ي وّٰللا أكب [اللهم يمنك ول‬ ْ ‫َ َ ْ ن‬ .»‫تق َّبل يم ين‬,লো ইলা-হা 35/513 |) ‏هود‎ “আল্লাহ ব্যতীত কোনো হক উপাস্য নেই!”২৯২,"AV যবেহ বা নাহর করার সময় যা বলবে 201 মুসনাদে আহমাদ 8/889, নং ১৫৭০০; ইবন মাজাহ, নং ৩৫০৮ মালেক ৩/১১৮-১১৯। আর শাইখুল আলবানী, সহীহুল জামে গ্রন্থে সহীহ বলেছেন, ১/২১২; আরও দেখুন, আরনাউতের এর যাদুল মা'আদ এর তাহকীক 8/3901 % বুখারী, (ফোতহুল বারীসহ) ৬/৩৮১, নং ৩৩৪৬; মুসলিম ৪/২২০৮, নং ২৮৮০।","292 বু খারী, (ফাতহুি বারীসহ) ৬/৩৮১, নং ৩৩৪৬; মুসযিম ৪/২২০৮, নং ২৮৮০।",
,316,287,َ َّ ُ ُ َ ُ َ َّ َّ َ ُ ُ َ ‫ «أعوذ بكي َم ي‬-147 َّ َّ ‫ن ِب‬ ‫اوزه‬ ‫ات ال يِت َل ُي ي‬ ‫ات ّٰللا ي التام ي‬ ُ َْ َ ‫ِم َ ن‬ ْ ‫َ َ َ ر ي ْ َ ن َ َ ََ َ ََ َ َ ََ َ َ ي‬ ‫نل‬ ‫َش ما ي ي‬ ‫ي‬ ‫ و‬،‫ وِبأ وذرأ‬،‫َش ما خلق‬ ‫ ِم ي‬:‫اجر‬ ‫وَل ف ي‬ َ َ ‫َ َ ْ َ ن‬ ُ ُ َْ َ ‫َ ْ َ ن‬ َ َّ َ ‫َش َما ذ َرأ يِف‬ ‫ و يِم ي‬،‫َش ما يعرج فهيا‬ ‫ و يِم ي‬،‫يِم السما يء‬ َّ ‫ْ َْ ي َ ي ْ َ ن َ َْ ُ ُ ْ َ َ ْ َ ن‬ ْ ‫َش يف َِن الل‬ ‫ل‬‫ي‬ ‫ي‬ ‫ي‬ ‫ و يِم ي‬،‫َش ما ُرج يمِنا‬ ‫ وِم ي‬،‫الرض‬,,,,entry_arabic_count_mismatch
,317,288,ً ‫ن‬ َ ْ َ ُ ُ َْ َ َّ َ ُ ‫َ ي ْ َ ن‬ َ َّ َ ‫ْي ٰٓي‬‫ب‬ ٍ ‫ي‬ ‫ق‬‫ر‬ ‫ط‬ ‫ي‬ ‫قا‬ ‫ار‬ ‫ي‬ ‫ط‬ ‫َل‬ ‫ا‬ ‫ق‬ ‫ار‬ ِ ٍ ‫ي‬ ‫ط‬ ُ ‫َش ي‬ ‫ وِم ي‬،‫ار‬‫والِن ي‬ ُ َ‫َر ْح‬ .» ‫ن‬,,,,entry_arabic_count_mismatch
,318,290,ُ َ َ ْ ُ َّ َ َ َ َّ ْ َ َ َ َّ ُ ْ َ ْ َ ‫«أستغ يفر ّٰللا العظي ال ي‬ ‫ذي َل ِاله ِاَل ه َو اْل هي الق ني ُوم‬ َ .» ‫ه‬ ‫ب ِالي ي‬ُ ‫َوأَ َُت‬,,,,entry_arabic_count_mismatch
,319,292,"মুসযিম, ৪/২০৭৫, নং ২৭০২। ইবনু ি আসীর বমিন, « ‫ل ُيغان عىل‬ ‫ »قلبي‬এর অেগ হমে, ঢাকা পমড় িায়, পদগাবৃ ত হময় িায়। উমদ্দিয",,,,entry_arabic_count_mismatch
,320,293,.»‫د يه‬ ْ َ َ َّ َ َ ْ ُ ‫«ُسان ّٰللا ي و يِبم ي‬,"সুবহানাল্লা-হি ওয়াবিহামাদিহী) “আমি আল্লাহর সপ্রশংস পবিত্রতা ঘোষণা করছি"", তার পাপসমূহ মুছে ফেলা হয়, যদিও তা সাগরের ফেনারাশির সমান হয়ে থাকে ।”৩০১","০) রাসূলুল্লাহ সাল্লাল্লাহু আলাইহি ওয়াসাল্লাম আরও বলেন, যে ব্যক্তি নিম্নোক্ত বাণীটি ১০ বার বলবে, 301 বুখারী ৭/১৬৮, নং ৬৪০৫; মুসলিম 8/2099, নং ২৬৯১; তাছাড়া এ কিতাবের ১৩৭ পৃষ্ঠায় যে ব্যক্তি সকাল ও সন্ধায় একশতবার পড়বে, তার যে ফযিলত বর্ণিত হয়েছে তা দেখুন।",,entry_arabic_count_mismatch
,321,293,ُ َ ْ ُ َ ُ ْ ْ ُ َ ُ َ َ َ َ ُ َ ْ َ ُ َّ َّ َ َ َ ‫«َل ِاله ِاَل ّٰللا وحده َل ي‬ ،‫ َوله اْل ْمد‬،‫ له ال ُملك‬،‫َشيك له‬ ‫ُ َ َ ن‬ .»‫ي‬ ْ َ ُُ ‫َع‬ ‫ش ٍء َقد ر‬ ‫َوه َو‬ ‫ي‬ ‫ي‬,,,,entry_arabic_count_mismatch
,322,294,ْ َّ َ ْ ُ َ َّ َ َ ْ ُ .»‫ان ّٰللاي ال َع يظي‬ ‫ ُس‬،‫د يه‬ ‫ي‬ ‫ان ّٰللاي َو يِب ْم‬ ‫«ُس‬ ‫ي‬,"লো ইলা-হা ইলালা-হ GMS লা শারীকা NS লাহুল YAP ওয়া লাহুল WE ওয়া হয়া Mat কালি শাই'ইন কাদীর)। কোনো শরীক নেই; রাজত্ব তাঁরই, সমস্ত প্রশংসাও তাঁর; আর তিনি সকল কিছুর ওপর ক্ষমতাবান।” এটা তার জন্য এমন হবে যেন সে ইসমাঈলের সন্তানদের চারজনকে দাসত্ব থেকে মুক্ত করল ।”৩০২","৩ রাসূলুল্লাহ সাল্লাল্লাহু আলাইহি ওয়াসাল্লাম বলেছেন, “দুটি বাক্য এমন রয়েছে, যা যবানে সহজ, মীযানের পাল্লায় ভারী এবং করুণাময় আল্লাহর নিকট অতি প্রিয়। আর তা হচ্ছে, 5 বুখারী ৭/৬৭ নং ৬৪০৪; মুসলিম, তার শব্দে ৪/২০৭১ নং ২৬৯৩; অনুরূপভাবে একশবার বলার ফযীলত দেখুন, ৯৩ নং দো'আর হাদীস, পৃ. নং ১৩৯।",,
,323,295,,"সুবহানালা-হি ওয়া বিহামাদিহী, সৃবৃহানালা-হিল ARN) | 'আল্লাহর প্রশংসাসহকারে তাঁর পবিত্রতা ও মহিমা বর্ণনা করছি। মহান আল্লাহর পবিত্রতা ও মহিমা ঘোষণা করছি"" 1৮৩০৩","৪) রাসূলুল্লাহ সাল্লাল্লাহু আলাইহি ওয়াসাল্লাম বলেন, “সুবহানাল্লাহ, আলহামদুলিল্লাহ, লা ইলাহা ইল্লাল্লাহ, আল্লাহু আকবার- সূর্য যা কিছুর উপর উদিত হয় তার চেয়ে এগুলো বলা আমার কাছে অধিক প্রিয় ।”৩০5 ২৫৮- রাসূলুল্লাহ সাল্লাল্লাহু আলাইহি ওয়াসাল্লাম বলেন, “তোমাদের কেউ কি প্রতিদিন এক হাজার সাওয়াব অর্জন করতে অপারগ?” তাঁর সাথীদের মধ্যে একজন প্রশ্ন করে বলল, আমাদের কেউ কী করে এক হাজার সাওয়াব অর্জন করতে পারে? নবী সাল্লাল্লাহু আলাইহি ওয়াসাল্লাম বললেন, “যে ব্যক্তি ১০০ বার 'সুবহানাল্লাহ' বলবে, তার 203 বুখারী ৭/১৬৮, নং ৬৪০৪; মুসলিম 8/2092, নং ২৬৯৪। ম॥ মুসলিম, ৪/২০৭২, নং ২৬৯৫। 71510171105 ০০০7",,entry_arabic_count_mismatch
,324,296,َْ َ َ ْ َّ َ َ ْ ُ .» ‫د يه‬ ‫« ُسان ّٰللاي الع يظيي و يِبم ي‬,সুবহানা্া-হিল 'আযীম ওয়াবিহামাদিহী)। রোপণ করা হবে।”০৬,"০ রাসূলুল্লাহ সাল্লাল্লাহু আলাইহি ওয়াসাল্লাম বলেন, “ওহে আব্দুল্লাহ ইবন কায়েস! আমি কি জান্নাতের এক 305 মুসলিম 8/2099, নং ২৬৯৮। 306 তিরমিযী ৫/১১, নং ৩৪৬৪; হাকেম-১/৫০১ এবং এটাকে সহীহ বলেছেন। আর ইমাম যাহাবী তার সাথে একমত হয়েছেন। দেখুন, সহীহুল জামে ৫/৫৩১; সহীহুত তিরমিযী ৩/১৬০।",,
,325,297,َّ َّ َ ُ َ َ َ .»‫«َل َح ْول َوَل ق َّوة ِاَل يِبّلِل ي‬,লো হাউলা ওয়ালা কৃওয়াতা ইল্লা বিরা-হ)। “আল্লাহর সাহায্য ছাড়া (পাপ কাজ থেকে দূরে থাকার,"কোনো উপায় এবং (সৎকাজ করার) কোনো শক্তি কারো নেই ৮৬০৭ ২৬১-০) রাসূলুল্লাহ সাল্লাল্লাহু আলাইহি ওয়াসাল্লাম বলেন, “আল্লাহর নিকট সর্বাধিক প্রিয় বাক্য চারটি, তার যে কোনটি দিয়েই শুরু করাতে তোমার কোনো ক্ষতি নেই। আর তা হলো, এপুহি520 9121959215৬ 307 বুখারী, ফাতহুল বারীসহ ১১/২১৩, নং ৪২০৬; মুসলিম ৪/২০৭৬, নং ২৭০৪। 41510117096 ৮০০7:","307 বু খারী, ফাতহুি বারীসহ ১১/২১৩, নং ৪২০৬; মুসযিম ৪/২০৭৬, নং ২৭০৪।","entry_arabic_count_mismatch,reference_count_mismatch"
,326,297,ُ َ ْ َ ُ َّ ُ َّ َّ َ َ َ َّ ُ َ ْ َّ َ َ ْ ُ .»‫ َوّٰللا أكب‬،‫ َوَل ِاله ِاَل ّٰللا‬،‫ َواْل ْمد يّلِل ي‬،‫ان ّٰللاي‬ ‫«ُس‬,,,,"entry_arabic_count_mismatch,reference_count_mismatch"
,327,298,ً َ ُ َ ْ َ ُ َّ ُ َ َ َ َ ُ َ ْ َ ُ َّ َّ َ َ َ ،‫ ّٰللا أكب ك يبْيا‬،‫َشيك له‬ ‫«َل ِاله ِاَل ّٰللا وحده َل ي‬ َ َ َ َ َ َ ‫ً ُ ْ َ َ َّ َ ن‬ َ َّ ُ ْ َ ْ َ ‫ َل َح ْول َوَل‬،‫ْي‬ ‫ب العال يم‬ ‫ي‬ ‫ر‬ ‫ي‬ ‫ّٰللا‬ ‫ان‬ ‫ُس‬ ، ‫ْيا‬ ‫واْلمد يّلِل ي ي‬ ‫ث‬ ‫ك‬ َ ْ ْ َّ َّ َ َّ ُ »‫زي اْلكيي‬ َ ‫ال‬ ‫ي‬ ‫قوة ِاَل يِبّلِلي ي ي‬ ‫ز‬ ‫ع‬,সুবহানালা-হি emery লিলা-হি ওয়ালা ইলা-হা SAAS ওয়াল্লা-হু আকবার,"“আল্লাহ পবিত্রমহান। সকল হামদ-প্রশংসা আল্লাহর ١ আল্লাহ ছাড়া কোনো হক ইলাহ নেই। আল্লাহ সবচেয়ে ২৬২-৯) এক বেদুঈন রাসূলুল্লাহ সাল্লাল্লাহু আলাইহি ওয়াসাল্লামের কাছে এসে জিজ্ঞেস করল, আমাকে একটি কালেমা শিক্ষা দিন যা আমি বলব। তখন রাসূল বললেন, ম মুসলিম ৩/১৬৮৫, নং ২১৩৭। 41510117096 ৮০০7:",,
,328,299,ْ ُ ْ َ َّ .»‫ارزق ين‬ ْ َ َْ ْ َ ْ ْ َّ ُ ‫ واه ي‬،‫ وارح ين‬،‫«اللهم اغ يفر يِل‬ ‫ و‬،‫د يِن‬,"ইলা-হা ইল্লালা-হ ওয়াহদাহ লা NA NZ, 3127-5 আকবার কাবীরান, MTA কাসীরান, TA নালা-হি রাবিবল আ-লামীন, লা হাউলা ওয়ালা কৃওয়াতা ইল্লা ব্রা-হিল 97737987 হাকীম","আল্লাহর অনেক-অভস্্র প্রশংসা। সৃষ্টিকুলের রব আল্লাহ কতই না পবিভ্র-মহান। প্রবল পরাক্রমশীল ও প্রজ্ঞাময় আল্লাহর সাহায্য ছাড়া (পাপ কাজ থেকে দূরে থাকার) কোনো উপায় এবং (সৎকাজ করার) কোনো শক্তি কারো নেই।” তখন বেদুঈন বলল, এগুলো তো আমার রবের জন্য; ওয়ারযুকনী) 71510171105 ০০০7",,
,329,300,ْ ُ ْ َ ْ َ َْ ْ َ ْ َّ ُ َّ .»‫ارزق ين‬ ‫«اللهم‬ َ ‫ َوعا يف ين و‬،‫د يِن‬ ‫ي‬ ‫اه‬‫و‬ ، ‫ن‬‫ي‬ ‫ح‬ ‫ار‬‫و‬ ، ‫ِل‬ ‫ر‬ ‫ي ي‬ ‫ف‬ ‫ي‬ ‫اغ‬,"আল্লা-হুম্মাগফির লী ওয়ারহামনী ওয়াহদিনী ওয়া 'আ- ফিনী ওয়ারযুকনী)। °° মুসলিম ৪/২০৭২, নং ২৬৯৬। আর আবূ দাউদ বর্ধিত বর্ণনা করেন, ১/২২০, নং ৮৩২: এরপর যখন বেদুঈন ফিরে গেল, তখন হাত কল্যাণে পূর্ণ করে নিল”।",,"309 মুসযিম ৪/২০৭২, নং ২৬৯৬। আর আবূ দাউদ বযধগত বণগনা কমরন, ১/২২০, নং ৮৩২: এরপর িখন দবদু ঈন যফমর দর্ি, তখন রাসূ িুল্লাহ সাল্লাল্লাহু ‘আিাইযহ ওয়াসাল্লাম বিমিন, “দিাকযে তার হাত কিযামণ পূ ণগ কমর যনি”।",
,330,301,َّ ُ َ ْ »‫«اْل ْمد يّلِل ي‬,"আলহামদ লিলাহ) “সকল প্রশংসা আল্লাহরই” | আর সর্বোর্তম যিকির হল,",,,
,331,301,ُ َّ َّ َ َ َ »‫«َل ِاله ِاَل ّٰللا‬,"লা ইলাহা SAENZ) “আল্লাহ ব্যতীত কোনো হক ইলাহ AS” » মুসলিম 8/2099; নং ৩৬৯৭ | মুসলিমের অপর বর্ণনায় এসেছে, ঘটাবে 1”",,,
,332,302,َ ُ َ ْ َ ُ َّ ُ َّ َّ َ َ َ َّ ُ َ ْ َّ َ َ ْ ُ ‫ َوَل‬،‫ َوّٰللا أكب‬،‫ َوَل ِاله ِاَل ّٰللا‬،‫ َواْل ْمد يّلِل ي‬،‫ان ّٰللاي‬ ‫«ُس‬ َّ َّ َ ُ َ َ .»‫َح ْول َوَل ق َّوة ِاَل يِبّلِل ي‬,"সুবহা-নালা-হি, ওয়ালহামদ্ুলিল্লা-হি ওয়া লা-ইলা-হা ইল্লালা-হ, ওয়ারা-হু আকবার, ওয়ালা হাউলা ওয়ালা কুওয়াতা ইল্লা বিরা-হি","“আল্লাহ পবিত্রমহান। সকল হামদ-প্রশংসা আল্লাহর আল্লাহ ছাড়া কোনো হক ইলাহ নেই। আল্লাহ সবচেয়ে বড়। আর আল্লাহর সাহায্য ছাড়া (পাপ কাজ থেকে দূরে 51 fea ৫/৪৬২, নং ৩৩৮৩; ইবন মাজাহ ২/১২৪৯, নং ৩৮০০; আল-হাকিম, ১/৫০৩ এবং সহীহ বলেছেন, আর ইমাম যাহাবী তা সমর্থন করেছেন। আরও দেখুন, সহীহুল জামে"" ১/৩৬২। 41510117096 ৮০০7:","311 যতরযমিী ৫/৪৬২, নং ৩৩৮৩; ইবন মাোহ ২/১২৪৯, নং ৩৮০০; আি-হাযকম, ১/৫০৩ এবং সহীহ বমিমছন, আর ইমাম িাহাবী তা সমেগন কমরমছন। আরও দদখুন, সহীহুি োমম‘ ১/৩৬২।",
,333,305,َ َ َ َّ َ ُ َ ‫َ َ َّ َّ ُ َ َ َّ َ َ َ َ َ َ َ َ ن‬ َ ‫َعأٓل يه َوأَ ْْصَاب يهأَ ََْع‬ .‫ْي‬ ‫ي‬ ‫ي‬ ‫ي‬ ‫وصَّلّٰللاوسلموِبركَعن يب يينامم ٍدو‬,,,"314 বু খারী, ফাতহুি বারীসহ, ১০/৮৮; নং ৫৬২৩; মুসযিম, ৩/১৫৯৫, নং ২০১২।",entry_arabic_count_mismatch
,334,306,এ বইযে ‫اذلكر وادلاعء والعالج بالرىق من الكتاب والسنة‬,,,,entry_arabic_count_mismatch
