dua_seq,section_title_bn,page_start,page_end,entry_number_bn,arabic,transliteration_bn,translation_bn,reference_bn,notes,raw_pages,parse_status,review_flag,source_excerpt
1,১. ঘুম থেকে জেগে উঠার সময়ের যিকিরসমূহ,23,23,১-(১),اَلْحَمْدُ لِلّٰهِ الَّذِيْ أَحْيَانَا بَعْدَ مَا أَمَاتَنَا وَإِلَيْهِ النُّشُوْرُ,আলহামদু লিল্লা-হিল্লাযী আহইয়া-না- বা'দা মা- আমা-তানা- ওয়া ইলাইহিন নুশূর,"""হামদ-প্রশংসা আল্লাহর জন্য, যিনি (নিদ্রারূপ) মৃত্যুর পর আমাদেরকে জীবিত করলেন, আর তাঁরই নিকট সকলের পুনরুত্থান""।","বুখারী ফাতহুল বারী ১১/১১৩, নং ৬৩১৪; মুসলিম ৪/২০৮৩, নং ২৭১১।",,23,ok,,"اَلْحَمْدُ لِلّٰهِ الَّذِيْ أَحْيَانَا بَعْدَ مَا أَمَاتَنَا وَإِلَيْهِ النُّشُوْرُ (আলহামদু লিল্লা-হিল্লাযী আহইয়া-না- বা'দা মা- আমা-তানা- ওয়া ইলাইহিন নুশূর) ""হামদ-প্রশংসা আল্লাহর জন্য, যিনি (নিদ্রারূপ) মৃত্যুর পর আমাদেরকে জীবিত করলেন, আর তাঁরই নিকট সকলের পুনরুত্থান""। বুখারী ফাতহুল বারী ১১/১১৩, নং ৬"
2,১. ঘুম থেকে জেগে উঠার সময়ের যিকিরসমূহ,23,25,২-(২),لَا إِلٰهَ إِلَّا اللّٰهُ وَحْدَهُ لَا شَرِيكَ لَهُ لَهُ الْمُلْكُ وَلَهُ الْحَمْدُ وَهُوَ عَلَى كُلِّ شَيْءٍ قَدِيرٌ سُبْحَانَ اللّٰهِ وَالْحَمْدُ لِلّٰهِ وَلَا إِلٰهَ إِلَّا اللّٰهُ وَاللّٰهُ أَكْبَرُ وَلَا حَوْلَ وَلَا قُوَّةَ إِلَّا بِاللّٰهِ الْعَلِيِّ الْعَظِيمِ، رَبِّ اغْفِرْ لِي,"লা ইলা-হা ইল্লাল্লা-হু ওয়াহদাহূ লা- শারীকালাহূ, লাহুল মুলকু, ওয়ালাহুল হামদু, ওয়াহুয়া 'আলা কুল্লি শাইইন ক্বাদীর। সুবহা-নাল্লাহি, ওয়ালহামদু লিল্লাহি, ওয়া লা ইলা-হা ইল্লাল্লা-হু, ওয়াল্লা-হু আকবার, ওয়া লা- হাওলা ওয়া লা- কুওয়াতা ইল্লা- বিল্লা-হিল 'আলিয়্যিল 'আযীম, রব্বিগফির লী","""একমাত্র আল্লাহ ছাড়া কোনো হক ইলাহ নেই, তাঁর কোনো শরীক নেই; রাজত্ব তাঁরই, প্রশংসাও তাঁরই; আর তিনি সকল কিছুর ওপর ক্ষমতাবান। আল্লাহ পবিত্র-মহান। সকল হামদ-প্রশংসা আল্লাহর। আল্লাহ ছাড়া কোনো হক ইলাহ নেই। আল্লাহ সবচেয়ে বড়। সুউচ্চ সুমহান আল্লাহর সাহায্য ছাড়া (পাপ কাজ থেকে দূরে থাকার) কোনো উপায় এবং (সৎকাজ করার) কোনো শক্তি কারো নেই। হে রব্ব! আমাকে ক্ষমা করুন""।","যে ব্যক্তি তা বলবে তাকে ক্ষমা করে দেওয়া হবে। যদি সে দো'আ করে, তবে তার দো'আ কবুল হবে। যদি সে উঠে অযু করে নামায পড়ে, তবে তার নামায কবুল করা হবে। বুখারী, ফাতহুল বারী, ৩/৩৯, নং ১১৫৪। হাদীসের ভাষ্য ইবন মাজাহ এর অনুরূপ। দেখুন, সহীহ ইবন মাজাহ: ২/৩৩৫।",continued_from_previous_or_next_page,"23,24,25",ok,,لَا إِلٰهَ إِلَّا اللّٰهُ وَحْدَهُ لَا شَرِيكَ لَهُ لَهُ الْمُلْكُ وَلَهُ الْحَمْدُ وَهُوَ عَلَى كُلِّ شَيْءٍ قَدِيرٌ سُبْحَانَ اللّٰهِ وَالْحَمْدُ لِلّٰهِ وَلَا إِلٰهَ إِلَّا اللّٰهُ وَاللّٰهُ أَكْبَرُ وَلَا حَوْلَ وَلَا قُوَّةَ إِلَّا بِاللّٰهِ الْعَلِيِّ الْعَظِيمِ، رَبِّ اغْفِرْ لِي (লা ইলা-হা ই
3,১. ঘুম থেকে জেগে উঠার সময়ের যিকিরসমূহ,25,26,৩-(৩),اَلْحَمْدُ لِلّٰهِ الَّذِيْ عَافَانِيْ فِيْ جَسَدِيْ، وَرَدَّ عَلَيَّ رُوْحِيْ، وَأَذِنَ لِيْ بِذِكْرِهِ,"আলহামদু লিল্লা-হিল্লাযী 'আ-ফা-নী ফী জাসাদী, ওয়ারাদ্দা 'আলাইয়্যা রূহী ওয়া আযিনা লী বি যিকরিহী","""সকল হামদ-প্রশংসা আল্লাহর জন্য, যিনি আমার দেহকে নিরাপদ রেখেছেন, আমার রূহকে আমার নিকট ফেরত দিয়েছেন এবং আমাকে তাঁর যিকির করার অনুমতি (সুযোগ) দিয়েছেন""।","তিরমিযী ৫/৪৭৩, নং ৩৪০১। দেখুন, সহীহুত তিরমিযী, ৩/১৪৪।","reference_recovered_manual_override,continued_from_previous_or_next_page","25,26",ok,,"اَلْحَمْدُ لِلّٰهِ الَّذِيْ عَافَانِيْ فِيْ جَسَدِيْ، وَرَدَّ عَلَيَّ رُوْحِيْ، وَأَذِنَ لِيْ بِذِكْرِهِ (আলহামদু লিল্লা-হিল্লাযী 'আ-ফা-নী ফী জাসাদী, ওয়ারাদ্দা 'আলাইয়্যা রূহী ওয়া আযিনা লী বি যিকরিহী) ""সকল হামদ-প্রশংসা আল্লাহর জন্য, যিনি আমার দেহকে নিরাপদ রেখেছেন, আমার রূহকে আমার নিকট ফেরত দিয়েছেন এ"
4,১. ঘুম থেকে জেগে উঠার সময়ের যিকিরসমূহ,26,31,৪-(৪),إِنَّ فِي خَلْقِ السَّمَوَاتِ وَالْأَرْضِ وَاخْتِلَافِ اللَّيْلِ وَالنَّهَارِ لَآيَاتٍ لِأُولِي الْأَلْبَابِ الَّذِينَ يَذْكُرُونَ اللَّهَ قِيَامًا وَقُعُودًا وَعَلَىٰ جُنُوبِهِمْ وَيَتَفَكَّرُونَ فِي خَلْقِ السَّمَوَاتِ وَالْأَرْضِ رَبَّنَا مَا خَلَقْتَ هَٰذَا بَاطِلًا سُبْحَانَكَ فَقِنَا عَذَابَ النَّارِ رَبَّنَا إِنَّكَ مَنْ تُدْخِلِ النَّارَ فَقَدْ أَخْزَيْتَهُ وَمَا لِلظَّالِمِينَ مِنْ أَنْصَارٍ رَبَّنَا إِنَّنَا سَمِعْنَا مُنَادِيًا يُنَادِي لِلْإِيمَانِ أَنْ آمِنُوا بِرَبِّكُمْ فَآمَنَّا رَبَّنَا فَاغْفِرْ لَنَا ذُنُوبَنَا وَكَفِّرْ عَنَّا سَيِّئَاتِنَا وَتَوَفَّنَا مَعَ الْأَبْرَارِ رَبَّنَا وَآتِنَا مَا وَعَدْتَنَا عَلَىٰ رُسُلِكَ وَلَا تُخْزِنَا يَوْمَ الْقِيَامَةِ إِنَّكَ لَا تُخْلِفُ الْمِيعَادَ فَاسْتَجَابَ لَهُمْ رَبُّهُمْ أَنِّي لَا أُضِيعُ عَمَلَ عَامِلٍ مِنْكُمْ مِنْ ذَكَرٍ أَوْ أُنْثَىٰ بَعْضُكُمْ مِنْ بَعْضٍ ۖ فَالَّذِينَ هَاجَرُوا وَأُخْرِجُوا مِنْ دِيَارِهِمْ وَأُوذُوا فِي سَبِيلِي وَقَاتَلُوا وَقُتِلُوا لَأُكَفِّرَنَّ عَنْهُمْ سَيِّئَاتِهِمْ وَلَأُدْخِلَنَّهُمْ جَنَّاتٍ تَجْرِي مِنْ تَحْتِهَا الْأَنْهَارُ ثَوَابًا مِنْ عِنْدِ اللَّهِ ۚ وَاللَّهُ عِنْدَهُ حُسْنُ الثَّوَابِ لَا يَغُرَّنَّكَ تَقَلُّبُ الَّذِينَ كَفَرُوا فِي الْبِلَادِ مَتَاعٌ قَلِيلٌ ثُمَّ مَأْوَاهُمْ جَهَنَّمُ ۚ وَبِئْسَ الْمِهَادُ لَٰكِنِ الَّذِينَ اتَّقَوْا رَبَّهُمْ لَهُمْ جَنَّاتٌ تَجْرِي مِنْ تَحْتِهَا الْأَنْهَارُ خَالِدِينَ فِيهَا نُزُلًا مِنْ عِنْدِ اللَّهِ ۗ وَمَا عِنْدَ اللَّهِ خَيْرٌ لِلْأَبْرَارِ وَإِنَّ مِنْ أَهْلِ الْكِتَابِ لَمَنْ يُؤْمِنُ بِاللَّهِ وَمَا أُنْزِلَ إِلَيْكُمْ وَمَا أُنْزِلَ إِلَيْهِمْ خَاشِعِينَ لِلَّهِ لَا يَشْتَرُونَ بِآيَاتِ اللَّهِ ثَمَنًا قَلِيلًا ۗ أُولَٰئِكَ لَهُمْ أَجْرُهُمْ عِنْدَ رَبِّهِمْ ۗ إِنَّ اللَّهَ سَرِيعُ الْحِسَابِ يَا أَيُّهَا الَّذِينَ آمَنُوا اصْبِرُوا وَصَابِرُوا وَرَابِطُوا وَاتَّقُوا اللَّهَ لَعَلَّكُمْ تُفْلِحُونَ,"ইন্না ফী খলকিস্ সামাওয়াতি ওয়াল আরদি ওয়াখতিলাফিল লাইলি ওয়ান্নাহারি লা-আয়া-তিল লিউলিল আলবা-ব আল্লাযীনা ইয়াযকুরুনাল্লা-হা ক্বিয়া-মাওঁ ওয়া ক্বুউদাওঁ ওয়া 'আলা জুনূবিহিম ওয়াইয়াতাফাক্কারূনা ফী খলকিস্ সামাওয়াতি ওয়াল আরদি, রব্বানা মা খালাকতা হাযা বা-তিলান, সুবহা-নাকা ফাক্বিনা 'আযা-বান্ না-র রব্বানা ইন্নাকা মান তুদখিলিন্ না-রা ফাকাদ আখযাইতাহু, ওয়া মা লিয্যা-লিমীনা মিন আনসা-র রব্বানা ইন্নানা সামি'না মুনা-দিয়াইঁ ইউনাদী লিল ঈমানি আন আ-মিনূ বিরব্বিকুম ফা-আমান্না। রব্বানা ফাগফির লানা যুনূবানা ওয়া কাফফির 'আন্না সাইয়িআ-তিনা ওয়া তাওয়াফফানা মা'আল আবরা-র রব্বানা ওয়া আ-তিনা মা ওয়া'আদতানা 'আলা রুসুলিকা ওয়া লা তুখযিনা ইয়াওমাল ক্বিয়া-মাতি, ইন্নাকা লা তুখলিফুল মী'আদ। ফাস্তাজা-বা যমনকুম মিন যাকারিন ওয়া উনসা বা'দুকুম মিন বা'দ, ফাল্লাযীনা হা-জারূ ওয়া উখরিজূ মিন দিয়ারিহিম ওয়া ঊ- যূ ফী সাবীলী ওয়া কা-তালূ ওয়া কু-তিলূ লাউকাফফিরান্না 'আনহুম সাইয়িআ-তিহিম ওয়ালাউদখিলান্নাহুম জান্না-তিন তাজরী মিন তাহ-তিহাল আনহারু, ছাওয়া-বাম্ মিন 'ইনদিল্লাহি, ওয়াল্লা-হু ইনদাহু হুসনুছ ছাওয়া-ব। লা ইয়াগুররান্নাকা তাকাল্লুবুল্লাযীনা কাফারূ ফিল বিলা-দ মাতা'উন কালীলুন ছুম্মা মা'ওয়াহুম জাহান্নামু ওয়া বি'সাল মিহা-দ। লা-কিনিল্লাযীনাত্তাকাও রব্বাহুম লাহুম জান্না-তুন তাজরী মিন তাহতিহাল আনহারু খা-লিদীনা ফীহা নুযুলাম্ মিন 'ইনদিল্লাহি, ওয়ামা 'ইনদাল্লাযি খাইরুল্লিল আবরার ওয়াইন্না মিন আহলিল কিতা-বি লামাইউ'মিনু বিল্লাহি ওয়ামা উনযিলা ইলাইকুম ওয়ামা উনযিলা ইলাইহিম খা-শিঈনা লিল্লা-হি লা ইয়াশতারূনা বিআ-য়া-তিল্লাহি ছামানান কালীলা। উলা-ইকা লাহুম আজরুহুম 'ইনদা রব্বিহিম ইন্নাল্লা-হা সারী'উল হিসা-ব। ইয়া আয়্যুহাল্লাযীনা আ-মানুসবিরূ ওয়াসা-বিরূ ওয়া রা-বিতূ ওয়াত্তাকুল্লা-হা লা'আল্লাকুম তুফলিহূন","""নিশ্চয় আসমানসমূহ ও যমীনের সৃষ্টিতে, রাত ও দিনের পরিবর্তনে নিদর্শনাবলী রয়েছে বোধশক্তি সম্পন্ন লোকদের জন্য। যারা দাঁড়িয়ে, বসে ও শুয়ে আল্লাহর স্মরণ করে এবং আসমানসমূহ ও যমীনের সৃষ্টি সম্বন্ধে চিন্তা করে, আর বলে, 'হে আমাদের রব! আপনি এগুলো অনর্থক সৃষ্টি করেন নি, আপনি অত্যন্ত পবিত্র, অতএব আপনি আমাদেরকে আগুনের শাস্তি হতে রক্ষা করুন।' 'হে আমাদের রব! আপনি কাউকেও আগুনে নিক্ষেপ করলে তাকে তো আপনি নিশ্চয় হেয় করলেন এবং যালিমদের কোনো সাহায্যকারী নেই।' 'হে আমাদের রব, আমরা এক আহ্বায়ককে ঈমানের দিকে আহ্বান করতে শুনেছি, 'তোমরা তোমাদের রবের ওপর ঈমান আন।' কাজেই আমরা ঈমান এনেছি। হে আমাদের রব! আপনি আমাদের পাপরাশি ক্ষমা করুন, আমাদের মন্দ কাজগুলো দূরীভূত করুন এবং আমাদেরকে সৎকর্মপরায়ণদের সহগামী করে মৃত্যু দিন। 'হে আমাদের রব! আপনার রাসূলগণের মাধ্যমে আমাদেরকে যা দিতে প্রতিশ্রুতি দিয়েছেন তা আমাদেরকে দান করুন এবং কিয়ামতের দিন আমাদেরকে হেয় করবেন না। নিশ্চয় আপনি প্রতিশ্রুতির ব্যতিক্রম করেন না।' তারপর তাদের রব তাদের ডাকে সাড়া দিয়ে বলেন, 'নিশ্চয় আমি তোমাদের মধ্যে আমলকারী কোনো নর বা নারীর আমল বিফল করি না, তোমরা একে অপরের অংশ। কাজেই যারা হিজরত করেছে, নিজ ঘর থেকে উৎখাত হয়েছে, আমার পথে নির্যাতিত হয়েছে এবং যুদ্ধ করেছে ও নিহত হয়েছে আমি তাদের পাপ কাজগুলো অবশ্যই দূর করব এবং অবশ্যই তাদেরকে প্রবেশ করাব জান্নাতে, যার পাদদেশে নদী প্রবাহিত। এটা আল্লাহর কাছ থেকে পুরস্কার, আর উত্তম পুরস্কার আল্লাহরই কাছে রয়েছে। যারা কুফুরী করেছে, দেশে দেশে তাদের অবাধ বিচরণ যেন কিছুতেই আপনাকে বিভ্রান্ত না করে। এ তো স্বল্পকালীন ভোগ মাত্র, তারপর জাহান্নাম তাদের আবাস, আর ওটা কত নিকৃষ্ট বিশ্রামস্থল! কিন্তু যারা তাদের রবকে ভয় করে তাদের জন্য রয়েছে জান্নাত, যার পাদদেশে নদী প্রবাহিত, সেখানে তারা স্থায়ী হবে। এ হচ্ছে আল্লাহর পক্ষ থেকে আতিথেয়তা; আর আল্লাহর কাছে যা আছে তা সৎকর্মপরায়ণদের জন্য উত্তম। আর নিশ্চয় কিতাবীদের মধ্যে এমন লোকও আছে যারা আল্লাহর প্রতি বিনয়াবনত হয়ে তাঁর প্রতি এবং তিনি যা তোমাদের ও তাদের প্রতি নাযিল করেছেন তাতে ঈমান আনে। তারা আল্লাহর আয়াত তুচ্ছ মূল্যে বিক্রি করে না। তারাই, যাদের জন্য আল্লাহর কাছে পুরস্কার রয়েছে। নিশ্চয় আল্লাহ দ্রুত হিসাব গ্রহণকারী। দহ ঈমানদারগণ! তোমরা ধৈর্য ধারণ কর, ধৈর্যে প্রতিযোগিতা কর এবং সব সময় যুদ্ধের জন্য প্রস্তুত থাক, আর আল্লাহর তাকওয়া অবলম্বন কর; যাতে তোমরা সফলকাম হতে পার""।","সূ রা আমি ইমরান, আয়াত: ১৯০-২০০; বু খারী, ফাতহুি বারীসহ ৮/৩৩৭, নং ৪৫৬৯; মুসযিম ১/৫৩০, নং ২৫৬।","reference_recovered_from_pdftext,continued_from_previous_or_next_page","26,27,28,29,30,31",ok,,إِنَّ فِي خَلْقِ السَّمَوَاتِ وَالْأَرْضِ وَاخْتِلَافِ اللَّيْلِ وَالنَّهَارِ لَآيَاتٍ لِأُولِي الْأَلْبَابِ الَّذِينَ يَذْكُرُونَ اللَّهَ قِيَامًا وَقُعُودًا وَعَلَىٰ جُنُوبِهِمْ وَيَتَفَكَّرُونَ فِي خَلْقِ السَّمَوَاتِ وَالْأَرْضِ رَبَّنَا مَا خَلَقْتَ هَٰذَا بَاطِلًا سُبْحَانَكَ فَقِنَا عَذَابَ ا
5,৪. অপরকে নতুন কাপড় পরিধান করতে দেখলে তার জন্য দো'আ,34,35,৭-(১),«تُبْلِيْ وَيُخْلِفُ اللّٰهُ تَعَالٰى»,তুবলী ওয়া ইউখলিফুল্লা-হু তা'আলা,"""তুমি পুরাতন করে ফেলবে, আর মহান আল্লাহ এর স্থলাভিষিক্ত করবেন""।","সু নান আযব দাউদ ৪/৪১, হাদীস নং ৪০২০; দদখুন, সহীহ আযব দাউদ ২/৭৬০।","reference_recovered_from_pdftext,continued_from_previous_or_next_page","34,35",ok,,"«تُبْلِيْ وَيُخْلِفُ اللّٰهُ تَعَالٰى» (তুবলী ওয়া ইউখলিফুল্লা-হু তা'আলা)। ""তুমি পুরাতন করে ফেলবে, আর মহান আল্লাহ এর স্থলাভিষিক্ত করবেন""২১।"
6,৪. অপরকে নতুন কাপড় পরিধান করতে দেখলে তার জন্য দো'আ,35,35,৮-(২),«اِلْبَسْ جَدِيْدًا، وَعِشْ حَمِيْدًا، وَمُتْ شَهِيْدًا»,"ইলবাস জাদীদান, ওয়া 'ইশ হামীদান, ওয়া মুত শাহীদান","""নতুন কাপড় পরিধান কর, প্রশংসিতরূপে দিনাতিপাত কর এবং শহীদ হয়ে মারা যাও""।","সু নান ইবন মাোহ ২/১১৭৮, নং ৩৫৫৮; বার্াওয়ী, ১২/৪১। দদখুন, সহীহ ইবন মাোহ ২/২৭৫।",reference_recovered_from_pdftext,35,ok,,"«اِلْبَسْ جَدِيْدًا، وَعِشْ حَمِيْدًا، وَمُتْ شَهِيْدًا» (ইলবাস জাদীদান, ওয়া 'ইশ হামীদান, ওয়া মুত শাহীদান)। ""নতুন কাপড় পরিধান কর, প্রশংসিতরূপে দিনাতিপাত কর এবং শহীদ হয়ে মারা যাও""২২।"
7,৯. অযু শেষ করার পর যিকির,38,38,১৩-(১),«أَشْهَدُ أَنْ لَا إِلٰهَ إِلَّا اللّٰهُ وَحْدَهُ لَا شَرِيْكَ لَهُ وَأَشْهَدُ أَنَّ مُحَمَّدًا عَبْدُهُ وَرَسُوْلُهُ»,আশহাদু আল্লা-ইলা-হা ইল্লাল্লাহু ওয়াহদাহু লা- শারীকা লাহূ ওয়া আশহাদু আন্না মুহাম্মাদান 'আব্দুহূ ওয়া রাসূলুহূ,"""আমি সাক্ষ্য দিচ্ছি যে, একমাত্র আল্লাহ ছাড়া কোনো হক ইলাহ নেই, তাঁর কোনো শরীক নেই। আমি আরও সাক্ষ্য দিচ্ছি যে, মুহাম্মাদ তাঁর বান্দা ও রাসূল""।","মুসযিম ১/২০৯, নং ২৩৪।",reference_recovered_from_pdftext,38,ok,,"«أَشْهَدُ أَنْ لَا إِلٰهَ إِلَّا اللّٰهُ وَحْدَهُ لَا شَرِيْكَ لَهُ وَأَشْهَدُ أَنَّ مُحَمَّدًا عَبْدُهُ وَرَسُوْلُهُ» (আশহাদু আল্লা-ইলা-হা ইল্লাল্লাহু ওয়াহদাহু লা- শারীকা লাহূ ওয়া আশহাদু আন্না মুহাম্মাদান 'আব্দুহূ ওয়া রাসূলুহূ) ""আমি সাক্ষ্য দিচ্ছি যে, একমাত্র আল্লাহ ছাড়া কোনো হক ইলাহ নেই, তাঁর কোনো"
8,৯. অযু শেষ করার পর যিকির,38,39,১৪-(২),«اَللّٰهُمَّ اجْعَلْنِيْ مِنَ التَّوَّابِيْنَ وَاجْعَلْنِيْ مِنَ الْمُتَطَهِّرِيْنَ»,আল্লা-হুম্মাজ'আলনী মিনাত তাওয়াবীনা ওয়াজ'আলনী মিনাল মুতাতাহহিরীন,“হে আল্লাহ! আপনি আমাকে তাওবাকারীদের অন্তর্ভুক্ত করুন এবং পবিত্রতা অর্জনকারীদেরও অন্তর্ভুক্ত করুন।”,"যতযরযমিী-১/৭৮, নং ৫৫। আরও দদখুন, সহীহুত যতরযমিী, ১/১৮।","reference_recovered_from_pdftext,continued_from_previous_or_next_page","38,39",ok,,«اَللّٰهُمَّ اجْعَلْنِيْ مِنَ التَّوَّابِيْنَ وَاجْعَلْنِيْ مِنَ الْمُتَطَهِّرِيْنَ» (আল্লা-হুম্মাজ'আলনী মিনাত তাওয়াবীনা ওয়াজ'আলনী মিনাল মুতাতাহহিরীন) “হে আল্লাহ! আপনি আমাকে তাওবাকারীদের অন্তর্ভুক্ত করুন এবং পবিত্রতা অর্জনকারীদেরও অন্তর্ভুক্ত
9,৯. অযু শেষ করার পর যিকির,39,40,১৫-(৩),سُبْحَانَكَ اللَّهُمَّ وَبِحَمْدِكَ، أَشْهَدُ أَنْ لَا إِلَهَ إِلَّا أَنْتَ، أَسْتَغْفِرُكَ وَأَتُوبُ إِلَيْكَ,সুবহানাকা আল্লা-হুম্মা ওয়া বিহামদিকা আশহাদু আল লা-ইলা-হা ইল্লা আন্তা আস্তাগফিরুকা ওয়া আ-তূবু ইলাইকা,"“হে আল্লাহ! আপনার প্রশংসাসহ পবিত্রতা ও মহিমা ঘোষণা করছি। আমি সাক্ষ্য দেই যে, আপনি ছাড়া","নাসাঈ, আমািু ি ইয়াওযম ওয়াি িাইিাহ, পৃ . ১৭৩। আরও দদখুন, ইরওয়াউি র্ািীি, ১/১৩৫, ৩/৯৪।","reference_recovered_from_pdftext,continued_from_previous_or_next_page","39,40",ok,,سُبْحَانَكَ اللَّهُمَّ وَبِحَمْدِكَ، أَشْهَدُ أَنْ لَا إِلَهَ إِلَّا أَنْتَ، أَسْتَغْفِرُكَ وَأَتُوبُ إِلَيْكَ (সুবহানাকা আল্লা-হুম্মা ওয়া বিহামদিকা আশহাদু আল লা-ইলা-হা ইল্লা আন্তা আস্তাগফিরুকা ওয়া আ-তূবু
10,১০. বাড়ী থেকে বের হওয়ার সময়ের যিকির,40,40,১৬-(১),بِسْمِ اللَّهِ، تَوَكَّلْتُ عَلَى اللَّهِ، وَلَا حَوْلَ وَلَا قُوَّةَ إِلَّا بِاللَّهِ,"বিসমিল্লাহি, তাওয়াককালতু 'আলাল্লা-হি, ওয়ালা হাওলা ওয়ালা কুওয়াতা ইল্লা বিল্লাহ",“আল্লাহর নামে (বের হচ্ছি)। আল্লাহর ওপর ভরসা করলাম। আর আল্লাহর সাহায্য ছাড়া (পাপ কাজ থেকে দূরে থাকার) কোনো উপায় এবং (সৎকাজ করার) কোনো শক্তি কারো নেই”।,"আবূ দাউদ ৪/৩২৫, নং ৫০৯৫; যতরযমিী ৫/৪৯০, ৩৪২৬। আরও দদখুন, সহীহুত যতরযমিী, ৩/১৫১।",reference_recovered_from_pdftext,40,ok,,"بِسْمِ اللَّهِ، تَوَكَّلْتُ عَلَى اللَّهِ، وَلَا حَوْلَ وَلَا قُوَّةَ إِلَّا بِاللَّهِ (বিসমিল্লাহি, তাওয়াককালতু 'আলাল্লা-হি, ওয়ালা হাওলা ওয়ালা কুওয়াতা ইল্লা বিল্লাহ)। “আল্লাহর নামে (বের হচ্ছি)। আল্লাহর ওপর"
11,১০. বাড়ী থেকে বের হওয়ার সময়ের যিকির,41,41,১৭-(২),اَللَّهُمَّ إِنِّي أَعُوذُ بِكَ أَنْ أَضِلَّ، أَوْ أُضَلَّ، أَوْ أَزِلَّ، أَوْ أُزَلَّ، أَوْ أَظْلِمَ، أَوْ أُظْلَمَ، أَوْ أَجْهَلَ، أَوْ يُجْهَلَ عَلَيَّ,"আল্লা-হুম্মা ইন্নী আ'ঊযু বিকা আন আদিল্লা, আও উদ্বাল্লা, আও আজিল্লা, আও উযাল্লা, আও আযলিমা, আও উযলামা, আও আজহালা, আও ইউজহালা 'আলাইয়্যা","“হে আল্লাহ! আমি আপনার নিকট আশ্রয় চাই যেন নিজেকে বা অন্যকে পথভ্রষ্ট না করি, অথবা অন্যের দ্বারা পথভ্রষ্ট না হই, আমার নিজের বা অন্যের পদস্থলন না করি অথবা আমায় যেন পদস্থলন করানো না হয়; আমি যেন নিজের বা অন্যের ওপর যুলুম না করি অথবা আমার প্রতি যুলুম না করা হয়; আমি যেন নিজে মূর্খতা না করি, অথবা আমার ওপর মূর্খতা করা না হয়।”","সু নান গ্রেকারর্ণ: আবূ দাউদ, নং ৫০৯৪; যতরযমিী, নং ৩৪২৭; নাসাঈ, নং ৫৫০১; ইবন মাোহ, নং ৩৮৮৪। আরও দদখুন, সহীহুত যতরযমিী ৩/১৫২; সহীহ ইবন মাোহ ২/৩৩৬।",reference_recovered_from_pdftext,41,ok,,"اَللَّهُمَّ إِنِّي أَعُوذُ بِكَ أَنْ أَضِلَّ، أَوْ أُضَلَّ، أَوْ أَزِلَّ، أَوْ أُزَلَّ، أَوْ أَظْلِمَ، أَوْ أُظْلَمَ، أَوْ أَجْهَلَ، أَوْ يُجْهَلَ عَلَيَّ (আল্লা-হুম্মা ইন্নী আ'ঊযু বিকা আন আদিল্লা, আও উদ্বাল্লা, আও আজিল্লা, আও উযাল্লা, আও আযলিমা, আও উযলামা,"
12,১৫. আযানের যিকিরসমূহ,50,50,২২-(১),لَا حَوْلَ وَلَا قُوَّةَ إِلَّا بِاللَّهِ,লা-হাওলা ওয়ালা কুওয়াতা ইল্লা বিল্লা-হ,"মুয়াযযিন যা বলে শ্রোতাও তা বলবে, তবে 'হাইয়্যা 'আলাস্সালাহ' এবং 'হাইয়্যা 'আলাল ফালাহ' এর সময় বলবে, “আল্লাহর সাহায্য ছাড়া (পাপ কাজ থেকে দূরে থাকার) কোনো উপায় এবং (সৎকাজ করার) কোনো শক্তি কারো নেই”।","বু খারী, ১/১৫২, নং ৬১১, ৬১৩; মুসযিম, ১/২৮৮, নং ৩৮৩।",reference_recovered_from_pdftext,50,ok,,"মুয়াযযিন যা বলে শ্রোতাও তা বলবে, তবে 'হাইয়্যা 'আলাস্সালাহ' এবং 'হাইয়্যা 'আলাল ফালাহ' এর সময় বলবে, لَا حَوْلَ وَلَا قُوَّةَ إِلَّا بِاللَّهِ"
13,১৫. আযানের যিকিরসমূহ,50,52,২৩-(২),وَأَنَا أَشْهَدُ أَنْ لَا إِلٰهَ إِلَّا اللَّهُ وَحْدَهُ لَا شَرِيكَ لَهُ وَأَنَّ وَأَنَا أَشْهَدُ أَنْ لَا إِلٰهَ إِلَّا اللَّهُ وَحْدَهُ لَا شَرِيكَ لَهُ وَأَنَّ مُحَمَّدًا عَبْدُهُ وَرَسُولُهُ، رَضِيتُ بِاللَّهِ رَبًّا، وَبِمُحَمَّدٍ رَسُولًا، وَبِالْإِسْلَامِ دِينًا,"ওয়া আনা আশহাদু আল্লা-ইলা-হা ইল্লাল্লা-হু ওয়াহদাহু লা শারীকা লাহু ওয়া আন্না মুহাম্মাদান 'আবদুহূ ওয়া রাসূলুহূ, রাদীতু বিল্লা-হি রব্বান, ওয়া বিমুহাম্মাদিন রাসূলান, ওয়া বিলইসলা-মি দীনান","বলবে, “আমি সাক্ষ্য দিচ্ছি যে, একমাত্র আল্লাহ ছাড়া কোনো হক্ব ইলাহ নেই, তাঁর কোনো শরীক নেই। আমি আরও সাক্ষ্য দিচ্ছি যে, মুহাম্মাদ সাল্লাল্লাহু আলাইহি ওয়াসাল্লাম তাঁর বান্দাহ ও রাসূল। আমি আল্লাহকে রব্ব, মুহাম্মাদ সাল্লাল্লাহু আলাইহি ওয়াসাল্লামকে রাসূল এবং ইসলামকে দীন হিসেবে গ্রহণ করে সন্তুষ্ট।”","মুসযিম ১/২৯০, নং ৩৮৬। ইবন খুিাইমা, ১/২২০।","reference_recovered_from_pdftext,continued_from_previous_or_next_page","50,51,52",ok,,"বলবে, وَأَنَا أَشْهَدُ أَنْ لَا إِلٰهَ إِلَّا اللَّهُ وَحْدَهُ لَا شَرِيكَ لَهُ وَأَنَّ وَأَنَا أَشْهَدُ أَنْ لَا إِلٰهَ إِلَّا اللَّهُ وَحْدَهُ لَا شَرِيكَ لَهُ وَأَنَّ مُحَمَّدًا عَبْدُهُ وَرَسُولُهُ، رَضِيتُ بِاللَّهِ رَبًّا، وَبِمُحَمَّدٍ رَسُولًا،"
14,১৫. আযানের যিকিরসমূহ,52,52,২৪-(৩),,,মুয়াযযিনের কথার জবাব দেওয়া শেষ করার পর রাসূলুল্লাহ্‌ সাল্লাল্লাহু আলাইহি ওয়াসাল্লামের ওপর দুরূদ পড়বে।,"মুসযিম ১/২৮৮, নং ৩৮৪।",reference_recovered_from_pdftext,52,ok,,মুয়াযযিনের কথার জবাব দেওয়া শেষ করার পর রাসূলুল্লাহ্‌ সাল্লাল্লাহু আলাইহি ওয়াসাল্লামের ওপর দুরূদ পড়বে।৪৭
15,১৫. আযানের যিকিরসমূহ,52,53,২৫-(৪),اَللَّهُمَّ رَبَّ هَذِهِ الدَّعْوَةِ التَّامَّةِ، وَالصَّلَاةِ الْقَائِمَةِ، آتِ مُحَمَّدًا الْوَسِيلَةَ وَالْفَضِيلَةَ، وَابْعَثْهُ مَقَامًا مَحْمُودًا الَّذِي وَعَدْتَهُ، [إِنَّكَ لَا تُخْلِفُ الْمِيعَادَ],"আল্লা-হুম্মা রববা হা-যিহিদ দা'ওয়াতিত তা-ম্মাতি ওয়াস সালা-তিল ক্বা-ইমাতি আ-তি মুহাম্মাদানিল ওয়াসীলাতা ওয়াল ফাদীলাতা ওয়াব'আছহু মাক্বা-মাম মাহমূদানিল্লাযী ওয়া'আদতাহ, ইন্নাকা লা তুখলিফুল মী'আদ","তারপর বলবে, “হে আল্লাহ! এই পরিপূর্ণ আহ্বান এবং প্রতিষ্ঠিত সালাতের রব্ব! মুহাম্মাদ সাল্লাল্লাহু আলাইহি ওয়াসাল্লামকে উসীলা তথা জান্নাতের একটি স্তর এবং ফযীলত তথা সকল সৃষ্টির ওপর অতিরিক্ত মর্যাদা দান করুন। আর তাঁকে মাকামে মাহমূদে (প্রশংসিত স্থানে) পৌঁছে দিন, যার প্রতিশ্রুতি আপনি তাঁকে দিয়েছেন। নিশ্চয় আপনি প্রতিশ্রুতি ভঙ্গ করেন না।”","বু খারী ১/২৫২, নং ৬১৪; আর দু ই ব্রামকমের মােখামনর অংি উিৃ ত কমরমছন, বায়হাকী ১/৪১০। আর আল্লামা আবদু ি আিীি ইবন বাি রামহমাহুল্লাহ তার ‘তুহফাতুি আখইয়ার’ গ্রমে এোর সনদমক হাসান বমিমছন, পৃ . ৩৮।","reference_recovered_from_pdftext,continued_from_previous_or_next_page","52,53",ok,,"তারপর বলবে, اَللَّهُمَّ رَبَّ هَذِهِ الدَّعْوَةِ التَّامَّةِ، وَالصَّلَاةِ الْقَائِمَةِ، آتِ مُحَمَّدًا الْوَسِيلَةَ وَالْفَضِيلَةَ، وَابْعَثْهُ مَقَامًا مَحْمُودًا الَّذِي وَعَدْتَهُ، [إِنَّكَ لَا تُخْلِفُ الْمِيعَادَ]"
16,১৫. আযানের যিকিরসমূহ,54,54,২৬-(৫),,,“আযান ও ইকামতের মধ্যবর্তী সময়ে নিজের জন্য দো'আ করবে। কেননা ঐ সময়ের দো'আ প্রত্যাখ্যান করা হয় না।”,"যতরযমিী, নং ৩৫৯৪; আবূ দাউদ, নং ৫২৫; আহমাদ, নং ১২২০০; আরও দদখুন, ইরওয়াউি র্ািীি, ১/২৬২।",reference_recovered_from_pdftext,54,ok,,“আযান ও ইকামতের মধ্যবর্তী সময়ে নিজের জন্য দো'আ করবে। কেননা ঐ সময়ের দো'আ প্রত্যাখ্যান করা হয় না।”৪৯
17,১৬. সালাতের শুরুতে দো'আ,54,55,২৭-(১),اَللَّهُمَّ بَاعِدْ بَيْنِي وَبَيْنَ خَطَايَايَ كَمَا بَاعَدْتَ بَيْنَ الْمَشْرِقِ وَالْمَغْرِبِ، اَللَّهُمَّ نَقِّنِي مِنْ خَطَايَايَ كَمَا يُنَقَّى الثَّوْبُ الْأَبْيَضُ مِنَ الدَّنَسِ، اَللَّهُمَّ اغْسِلْنِي مِنْ خَطَايَايَ بِالثَّلْجِ وَالْمَاءِ وَالْبَرَدِ,আল্লা-হুম্মা বা-'ইদ বাইনী ওয়া বাইনা খাতা-ইয়া-ইয়া কামা বা-'আদতা বাইনাল মাশরিকি ওয়াল মাগরিব আল্লা-হুম্মা নাক্কিনী মিন খাতা-ইয়া-ইয়া কামা ইউনাক্কাস ছাওবুল আবইয়াদু মিনাদ দানাসি। আল্লা-হুম্মাগসিলনী মিন খাতা-ইয়া-ইয়া বিস্সালজি ওয়াল মা-ই ওয়াল বারাদ,"“হে আল্লাহ! আপনি আমার এবং আমার গুনাহসমূহের মধ্যে এমন দূরত্ব সৃষ্টি করুন যেরূপ দূরত্ব সৃষ্টি করেছেন পূর্ব ও পশ্চিমের মধ্যে। হে আল্লাহ! আপনি আমাকে আমার গুনাহসমূহ থেকে এমন পরিষ্কার করে দিন, যেমন সাদা কাপড় ময়লা থেকে পরিষ্কার করা হয়। হে আল্লাহ! আপনি আমাকে আমার পাপসমূহ থেকে বরফ, পানি ও মেঘের শিলাখণ্ড দ্বারা ধৌত করে দিন।”","বু খারী ১/১৮১, নং ৭৪৪; মুসযিম ১/৪১৯, নং ৫৯৮।","reference_recovered_from_pdftext,continued_from_previous_or_next_page","54,55",ok,,اَللَّهُمَّ بَاعِدْ بَيْنِي وَبَيْنَ خَطَايَايَ كَمَا بَاعَدْتَ بَيْنَ الْمَشْرِقِ وَالْمَغْرِبِ، اَللَّهُمَّ نَقِّنِي مِنْ خَطَايَايَ كَمَا يُنَقَّى الثَّوْبُ الْأَبْيَضُ مِنَ الدَّنَسِ، اَللَّهُمَّ اغْسِلْنِي مِنْ خَطَايَايَ بِالثَّلْجِ وَالْمَاءِ وَالْبَرَدِ
18,১৬. সালাতের শুরুতে দো'আ,56,56,২৮-(২),سُبْحَانَكَ اللَّهُمَّ وَبِحَمْدِكَ، وَتَبَارَكَ اسْمُكَ، وَتَعَالَى جَدُّكَ، وَلَا إِلٰهَ غَيْرُكَ,সুবহা-নাকাল্লা-হুম্মা ওয়া বিহামদিকা ওয়া তাবা- রাকাসমুকা ওয়া তা'আ-লা জাদ্দুকা ওয়া লা- ইলা-হা গাইরুকা,"“হে আল্লাহ! আপনার প্রশংসাসহ আপনার পবিত্রতা ও মহিমা ঘোষণা করছি, আপনার নাম বড়ই বরকতময়, আপনার প্রতিপত্তি অতি উচ্চ। আর আপনি ব্যতীত অন্য কোনো হক ইলাহ্‌ নেই।”","মুসযিম, নং ৩৯৯; আর সু নান গ্রেকার চারেন। আবু দাউদ, নং ৭৭৫; যতরযমিী, নং ২৪৩; ইবন মাোহ, নং ৮০৬; নাসাঈ, নং ৮৯৯। আরও দদখুন, সহীহুত যতরযমিী, ১/৭৭; সহীহ ইবন মাোহ ১/১৩৫।",reference_recovered_from_pdftext,56,ok,,سُبْحَانَكَ اللَّهُمَّ وَبِحَمْدِكَ، وَتَبَارَكَ اسْمُكَ، وَتَعَالَى جَدُّكَ، وَلَا إِلٰهَ غَيْرُكَ (সুবহা-নাকাল্লা-হুম্মা ওয়া বিহামদিকা ওয়া তাবা- রাকাসমুকা ওয়া তা'আ-লা জাদ্দুকা ওয়া লা- ইলা-হা
19,১৬. সালাতের শুরুতে দো'আ,57,60,২৯-(৩),وَجَّهْتُ وَجْهِيَ لِلَّذِي فَطَرَ السَّمَوَاتِ وَالْأَرْضَ حَنِيفًا، وَمَا أَنَا مِنَ الْمُشْرِكِينَ، إِنَّ صَلَاتِي، وَنُسُكِي، وَمَحْيَايَ، وَمَمَاتِي لِلَّهِ رَبِّ الْعَالَمِينَ، لَا شَرِيكَ لَهُ وَبِذَلِكَ أُمِرْتُ وَأَنَا مِنَ الْمُسْلِمِينَ اَللَّهُمَّ أَنْتَ الْمَلِكُ لَا إِلٰهَ إِلَّا أَنْتَ، أَنْتَ رَبِّي وَأَنَا عَبْدُكَ، ظَلَمْتُ نَفْسِي وَاعْتَرَفْتُ بِذَنْبِي فَاغْفِرْ لِي ذُنُوبِي جَمِيعًا إِنَّهُ لَا يَغْفِرُ الذُّنُوبَ إِلَّا أَنْتَ، وَاهْدِنِي لِأَحْسَنِ الْأَخْلَاقِ لَا يَهْدِي لِأَحْسَنِهَا إِلَّا أَنْتَ، وَاصْرِفْ عَنِّي سَيِّئَهَا لَا يَصْرِفُ عَنِّي سَيِّئَهَا إِلَّا أَنْتَ، لَبَّيْكَ وَسَعْدَيْكَ، وَالْخَيْرُ كُلُّهُ بِيَدَيْكَ، وَالشَّرُّ لَيْسَ إِلَيْكَ، أَنَا بِكَ وَإِلَيْكَ، تَبَارَكْتَ وَتَعَالَيْتَ، أَسْتَغْفِرُكَ وَأَتُوبُ إِلَيْكَ,"ওয়াজ্জাহতু ওয়াজহিয়া লিল্লাযী ফাতারাস্ সামা-ওয়াতি ওয়াল আরদা হানীফাও ওয়ামা আনা মিনাল মুশরিকীন ইন্না সালা-তী, ওয়া নুসুকী ওয়া মাহইয়া-ইয়া ওয়া মামা- তী লিল্লা-হি রব্বিল 'আ-লামীন। লা শারীকা লাহু","“হে আল্লাহ! আপনিই অধিপতি, আপনি ব্যতীত আর কোনো হক ইলাহ নেই। আপনি আমার রব, আমি আপনার বান্দা। আমি আমার নিজের প্রতি অন্যায় করেছি এবং আমি আমার পাপসমূহ স্বীকার করছি। সুতরাং আপনি আমার সমস্ত গুনাহ মাফ করে দিন। নিশ্চয় আপনি ছাড়া আর কেউ গুনাহসমূহ মাফ করতে পারে না। আর আপনি আমাকে সর্বোত্তম চরিত্রের পথে পরিচালিত করুন, আপনি ছাড়া আর কেউ উত্তম চরিত্রের পথে পরিচালিত করতে পারে না। আর আপনি আমার থেকে আমার খারাপ চরিত্রগুলো দূরীভূত করুন, আপনি ব্যতীত আর কেউ সে খারাপ চরিত্রগুলো অপসারিত করতে পারে না। আমি আপনার হুকুম মানার জন্য সদা-সর্বদা হাজির, সকল কল্যাণই আপনার দু' হাতে নিহিত। অকল্যাণ আপনার দিকে নয় (অর্থাৎ মন্দকে আপনার দিকে সম্পৃক্ত করা উচিত নয়, অথবা মন্দ দ্বারা আপনার নিকটবর্তী হওয়া যায় না, বা মন্দ আপনার দিকে উঠে না)। আমি আপনার দ্বারাই (প্রতিষ্ঠিত আছি, সহযোগিতা পেয়ে থাকি) এবং আপনার দিকেই (আমার সকল প্রবণতা, বা আমার প্রত্যাবর্তন)। আপনি বরকতময় এবং আপনি সুউচ্চ। আমি আপনার নিকট ক্ষমা চাই এবং আপনার কাছে তাওবাহ করছি।”","মুসযিম ১/৫৩৪, নং ৭৭১।","reference_recovered_from_pdftext,continued_from_previous_or_next_page","57,58,59,60",ok,,وَجَّهْتُ وَجْهِيَ لِلَّذِي فَطَرَ السَّمَوَاتِ وَالْأَرْضَ حَنِيفًا، وَمَا أَنَا مِنَ الْمُشْرِكِينَ، إِنَّ صَلَاتِي، وَنُسُكِي، وَمَحْيَايَ، وَمَمَاتِي لِلَّهِ رَبِّ الْعَالَمِينَ، لَا شَرِيكَ لَهُ وَبِذَلِكَ أُمِرْتُ وَأَنَا مِنَ الْمُسْلِمِينَ اَللَّهُمَّ أَنْتَ الْمَلِكُ لَا إِلٰهَ إِلَّا أَنْت
20,১৬. সালাতের শুরুতে দো'আ,60,61,৩০-(৪),اَللَّهُمَّ رَبَّ جِبْرَائِيلَ، وَمِيكَائِيلَ، وَإِسْرَافِيلَ، فَاطِرَ السَّمَوَاتِ وَالْأَرْضِ، عَالِمَ الْغَيْبِ وَالشَّهَادَةِ، أَنْتَ تَحْكُمُ بَيْنَ عِبَادِكَ فِيمَا كَانُوا فِيهِ يَخْتَلِفُونَ، اهْدِنِي لِمَا اخْتُلِفَ فِيهِ مِنَ الْحَقِّ بِإِذْنِكَ إِنَّكَ تَهْدِي مَنْ تَشَاءُ إِلَى صِرَاطٍ مُسْتَقِيمٍ,আল্লা-হুম্মা রব্বা জিবরাঈলা ওয়া মীকাঈলা ওয়া ইস্রা- ফীলা ফা-তিরাস্ সামা-ওয়া-তি ওয়াল আরদি 'আ-লিমাল গাইবি ওয়াশশাহা-দাতি। আনতা তাহকুমু বাইনা ইবা- দিকা ফীমা কা-নূ ফীহি ইয়াখতালিফুন। ইহদিনী লিমাখতুলিফা ফীহি মিনাল হাক্কি বি ইযনিকা ইনাকা তাহদী মান তাশা-উ ইলা- সিরা-তিম মুসতাক্বীম,"“হে আল্লাহ! জিবরীল, মীকাঈল ও ইস্রাফীলের রব্ব, আসমান ও যমীনের স্রষ্টা, গায়েব ও প্রকাশ্য সব কিছুর জ্ঞানী, আপনার বান্দাগণ যেসব বিষয়ে মতভেদে লিপ্ত আপনিই তার মীমাংসা করে দিবেন। যেসব বিষয়ে মতভেদ হয়েছে তন্মধ্যে আপনি আপনার অনুমতিক্রমে আমাকে যা সত্য সেদিকে পরিচালিত করুন। নিশ্চয় আপনি যাকে ইচ্ছা সরল পথ প্রদর্শন করেন।”","মুসযিম ১/৫৩৪, নং ৭৭০।","reference_recovered_from_pdftext,continued_from_previous_or_next_page","60,61",ok,,اَللَّهُمَّ رَبَّ جِبْرَائِيلَ، وَمِيكَائِيلَ، وَإِسْرَافِيلَ، فَاطِرَ السَّمَوَاتِ وَالْأَرْضِ، عَالِمَ الْغَيْبِ وَالشَّهَادَةِ، أَنْتَ تَحْكُمُ بَيْنَ عِبَادِكَ فِيمَا كَانُوا فِيهِ يَخْتَلِفُونَ، اهْدِنِي (আল্লা-হুম্মা রব্বা জিবরাঈলা ওয়া মীকাঈলা ওয়া ইস্রা-
21,১৬. সালাতের শুরুতে দো'আ,61,63,৩১-(৫),اَللَّهُ أَكْبَرُ كَبِيرًا، اَللَّهُ أَكْبَرُ كَبِيرًا، اَللَّهُ أَكْبَرُ كَبِيرًا، وَالْحَمْدُ لِلَّهِ كَثِيرًا، وَالْحَمْدُ لِلَّهِ كَثِيرًا، وَالْحَمْدُ لِلَّهِ كَثِيرًا، وَسُبْحَانَ اللَّهِ بُكْرَةً وَأَصِيلًا [ثَلَاثًا] أَعُوذُ بِاللَّهِ مِنَ الشَّيْطَانِ مِنْ نَفْخِهِ، وَنَفْثِهِ، وَهَمْزِهِ,"আল্লা-হু আকবার কাবীরান, আল্লা-হু আকবার কাবীরান, আল্লা-হু আকবার কাবীরান, ওয়ালহামদু লিল্লা-হি কাসীরান, ওয়ালহামদু লিল্লা-হি কাসীরান, ওয়ালহামদু লিল্লা-হি কাসী-রান ওয়াসুবহা-নাল্লা-হি বুকরাতাঁও ওয়া আসীলা [তিনবার]। আ'ঊযু বিল্লা-হি মিনাশ শাইতানি, মিন নাফখিহী ওয়ানাফসিহী ওয়াহামযিহী","“আল্লাহ সবচেয়ে বড় অতীব বড়, আল্লাহ সবচেয়ে বড় অতীব বড়, আল্লাহ সবচেয়ে বড় অতীব বড়। আর আল্লাহর জন্যই অনেক ও অজস্র প্রশংসা, আল্লাহর জন্যই অনেক ও অজস্র প্রশংসা, আল্লাহর জন্যই অনেক ও অজস্র প্রশংসা। সকালে ও বিকালে আল্লাহর পবিত্রতা ও মহিমা ঘোষণা করছি” (তিনবার)। “আমি শয়তান থেকে আল্লাহর নিকট আশ্রয় চাই। আশ্রয় চাই তার ফুঁ তথা দম্ভ-অহংকার থেকে, তার থুতু তথা কবিতা থেকে ও তার চাপ তথা পাগলামি থেকে”।","আবূ দাউদ ১/২০৩, নং ৭৬৪; ইবন মাোহ ১/২৬৫, ৮০৭; আহমাদ, আহমাদ ৪/৮৫, নং ১৬৭৩৯। িাইখ শু‘আইব আি- আরনাউত তার মুসনামদর তাহকীমক এ হাদীমসর সনদমক হাসান যি-র্াইযরযহ বমিমছন। আর আব্দু ি কামদর আরনাউত ইবন তাইযময়যার ‘আি-কামিমুত তাইময়যব’ গ্রমের নং ৭৮, এর তাহকীক বমিন, এযে তার িাওয়ামহদ বা সমােগমবাধক হাদীমসর দ্বারা সহীহ যি-র্াইযরহী প্রমাযণত হয়। আর আিবানী তার সহীহুি কামিযমত তাইময়যব এর ৬২ নং এ হাযদসযে উমল্লখ কমরমছন। তাছাড়া ইমাম মুসযিম ইবন উমর দেমক অনু রূপ হাদীস উিৃ ত কমরমছন, তমব দসখামন একযে ঘেনা বযণগত হময়মছ। ১/৪২০, নং ৬০১।","reference_recovered_from_pdftext,continued_from_previous_or_next_page","61,62,63",ok,,"اَللَّهُ أَكْبَرُ كَبِيرًا، اَللَّهُ أَكْبَرُ كَبِيرًا، اَللَّهُ أَكْبَرُ كَبِيرًا، ৫৩ মুসলিম ১/৫৩৪, নং ৭৭০। وَالْحَمْدُ لِلَّهِ كَثِيرًا، وَالْحَمْدُ لِلَّهِ كَثِيرًا، وَالْحَمْدُ لِلَّهِ كَثِيرًا، وَسُبْحَانَ اللَّهِ بُكْرَةً وَأَصِيلًا [ثَلَاثًا] أَعُوذُ بِاللَّهِ مِنَ الشَّيْطَانِ"
22,১৬. সালাতের শুরুতে দো'আ,63,67,৩২-(৬),اَللَّهُمَّ لَكَ الْحَمْدُ أَنْتَ نُورُ السَّمَوَاتِ وَالْأَرْضِ وَمَنْ فِيهِنَّ، وَمَنْ فِيهِنَّ، وَلَكَ الْحَمْدُ أَنْتَ قَيِّمُ السَّمَوَاتِ وَالْأَرْضِ وَمَنْ فِيهِنَّ [وَلَكَ الْحَمْدُ أَنْتَ رَبُّ السَّمَوَاتِ وَالْأَرْضِ وَمَنْ فِيهِنَّ] [وَلَكَ الْحَمْدُ، أَنْتَ مَلِكُ السَّمَوَاتِ وَالْأَرْضِ] [وَلَكَ الْحَمْدُ، أَنْتَ الْحَقُّ، وَوَعْدُكَ الْحَقُّ، وَقَوْلُكَ الْحَقُّ، وَلِقَاؤُكَ حَقٌّ، وَالْجَنَّةُ حَقٌّ، وَالنَّارُ حَقٌّ، وَالنَّبِيُّونَ حَقٌّ، وَمُحَمَّدٌ حَقٌّ، وَالسَّاعَةُ حَقٌّ] اَللَّهُمَّ لَكَ أَسْلَمْتُ، وَعَلَيْكَ تَوَكَّلْتُ، وَبِكَ آمَنْتُ، وَإِلَيْكَ أَنَبْتُ، وَبِكَ خَاصَمْتُ، وَإِلَيْكَ حَاكَمْتُ، فَاغْفِرْ لِي مَا قَدَّمْتُ، وَمَا أَخَّرْتُ،,,"“হে আল্লাহ! আপনার জন্যই সকল হামদ- প্রশংসা; আসমানসমূহ, যমীন ও এ দু'টির মাঝে যা কিছু আছে আপনিই এগুলোর নূর (আলো)। আর আপনার জন্যই সব প্রশংসা; আসমানসমূহ, যমীন ও এ- রাসূলুল্লাহ সাল্লাল্লাহু আলাইহি ওয়াসাল্লাম এ দো'আটি রাতে উঠে দু'টির মাঝে যা আছে আপনিই এসবের রক্ষণাবেক্ষণকারী- পরিচালনাকারী। আর আপনার জন্যই সকল প্রশংসা; আসমানসমূহ, যমীন ও এ দু'টির মাঝে যা কিছু আছে আপনিই এসবের রব্ব। আর আপনার জন্যই সব প্রশংসা; আসমানসমূহ, যমীন ও এ দু'টির মাঝে যা আছে তার সার্বভৌমত্ব আপনারই। আর আপনার জন্যই সকল প্রশংসা; আসমানসমূহ ও যমীনের রাজা আপনিই। আর আপনার জন্যই সকল প্রশংসা; আপনিই হক, আপনার ওয়াদা হক (বাস্তব ও সঠিক), আপনার বাণী হক, আপনার সাক্ষাৎ লাভ হক, জান্নাত হক, জাহান্নাম হক, নবীগণ হক, মুহাম্মাদ সাল্লাল্লাহু আলাইহি ওয়াসাল্লাম হক এবং কিয়ামত হক। হে আল্লাহ! আপনার কাছেই আত্মসমর্পণ করি, আপনার ওপরই ভরসা করি, আপনার ওপরই ঈমান আনি, আপনার দিকেই প্রত্যাবর্তন করি, আপনার সাহায্যেই বা আপনার জন্যই শত্রুর সাথে বিবাদে লিপ্ত হই, আর আপনার কাছেই বিচার পেশ করি; অতএব ক্ষমা করে দিন আমার গুনাহসমূহ- যা পূর্বে করেছি, যা পরে করেছি, যা আমি গোপন করেছি আর যা প্রকাশ্যে করেছি। আপনিই (কাউকে) করেন অগ্রগামী, আর আপনিই (কাউকে) করেন পশ্চাদগামী, আপনি ব্যতীত আর কোনো হক ইলাহ নেই। আপনিই আমার ইলাহ। আপনি ব্যতীত আর কোনো হক ইলাহ নেই।”","বু খারী, (ফাতহুি বারীসহ) ৩/৩, ১১/১১৬, ১৩/৩৭১, ৪২৩, ৪৬৫, নং ১১২০, ৬৩১৭, ৭৩৮৫, ৭৪৪২, ৭৪৯৯; ও মুসযিম সংযক্ষপ্তাকামর ১/৫৩২, নং ৭৬৯।","reference_recovered_from_pdftext,continued_from_previous_or_next_page","63,64,65,66,67",ok,,"اَللَّهُمَّ لَكَ الْحَمْدُ أَنْتَ نُورُ السَّمَوَاتِ وَالْأَرْضِ وَمَنْ فِيهِنَّ، ৫৪ আবূ দাউদ ১/২০৩, নং ৭৬৪; ইবন মাজাহ ১/২৬৫, ৮০৭; আহমাদ ৪/৮৫, নং ১৭৩৭০। শাইখ শু'আইব আল-আরনাউত"
23,১৭. রুকুর দো'আ,67,67,৩৩-(১),سُبْحَانَ رَبِّيَ الْعَظِيمِ,সুবহা-না রব্বিয়াল 'আযীম,“আমার মহান রব্বের পবিত্রতা ও মহিমা ঘোষণা করছি” (তিনবার)।,"সু নামনর গ্রোকারর্ণ ও আহমাদ হাদীসযে উিৃ ত কমরমছন। আবূ দাউদ, নং ৮৭০; যতরযমিী, নং ২৬২; নাসাঈ, নং ১০০৭; ইবন মাোহ, নং ৮৯৭; আহমাদ, নং ৩৫১৪। আরও দদখুন, সহীহুত যতরযমিী, ১/৮৩।",reference_recovered_from_pdftext,67,ok,,سُبْحَانَ رَبِّيَ الْعَظِيمِ (সুবহা-না রব্বিয়াল 'আযীম)। “আমার মহান রব্বের পবিত্রতা ও মহিমা ঘোষণা করছি” (তিনবার)।৫৭
24,১৭. রুকুর দো'আ,68,68,৩৪-(২),سُبْحَانَكَ اللَّهُمَّ رَبَّنَا وَبِحَمْدِكَ، اللَّهُمَّ اغْفِرْ لِي,"সুবহা-নাকাল্লা-হুম্মা রব্বানা ওয়াবিহামদিকা, আল্লা- হুম্মাগফির লী",“হে আল্লাহ! আমাদের রব্ব! আপনার পবিত্রতা ও মহিমা ঘোষণা করছি আপনার প্রশংসাসহ। হে আল্লাহ! আপনি আমাকে মাফ করে দিন।”,"বু খারী ১/৯৯, নং ৭৯৪; মুসযিম ১/৩৫০, নং ৪৮৪।",reference_recovered_from_pdftext,68,ok,,"سُبْحَانَكَ اللَّهُمَّ رَبَّنَا وَبِحَمْدِكَ، اللَّهُمَّ اغْفِرْ لِي (সুবহা-নাকাল্লা-হুম্মা রব্বানা ওয়াবিহামদিকা, আল্লা- হুম্মাগফির লী)। “হে আল্লাহ! আমাদের রব্ব! আপনার পবিত্রতা ও"
25,১৭. রুকুর দো'আ,68,68,৩৫-(৩),سُبُّوحٌ قُدُّوسٌ رَبُّ الْمَلَائِكَةِ وَالرُّوحِ,সুব্বূহুন কুদ্দূসুন রব্বুল মালা-ইকাতি ওয়াৰরূহ,"“(তিনি/আপনি) সম্পূর্ণরূপে দোষ-ত্রুটিমুক্ত, অত্যন্ত পবিত্র ও মহিমান্বিত; ফিরিশতাগণ ও রূহ-এর রব্ব।”","মুসযিম ১/৩৫৩, নং ৪৭৪; আবূ দাউদ ১/২৩০, নং ৮৭২।",reference_recovered_from_pdftext,68,ok,,"سُبُّوحٌ قُدُّوسٌ رَبُّ الْمَلَائِكَةِ وَالرُّوحِ (সুব্বূহুন কুদ্দূসুন রব্বুল মালা-ইকাতি ওয়াৰরূহ)। “(তিনি/আপনি) সম্পূর্ণরূপে দোষ-ত্রুটিমুক্ত, অত্যন্ত পবিত্র ও মহিমান্বিত; ফিরিশতাগণ ও রূহ-এর"
26,১৭. রুকুর দো'আ,69,69,৩৬-(৪),اَللَّهُمَّ لَكَ رَكَعْتُ، وَبِكَ آمَنْتُ، وَلَكَ أَسْلَمْتُ خَشَعَ لَكَ سَمْعِي وَبَصَرِي، وَمُخِّي، وَعَظْمِي، وَعَصَبِي، وَمَا اسْتَقَلَّ بِهِ قَدَمِي,"আল্লা-হুম্মা লাকা রাকা'তু, ওয়াবিকা আ-মানতু ওয়া লাকা আসলামতু। খাশা'আ লাকা সাম'ঈ ওয়া বাসারী ওয়া মুখ্খী ওয়া 'আযমী ওয়া 'আসাবী [ওয়ামাস্তাক্বাল্লাত বিহি কাদামী]","“হে আল্লাহ! আমি আপনার জন্যেই রুকু করেছি, আপনার ওপরই ঈমান এনেছি এবং আপনার কাছেই আত্মসমর্পণ করেছি। আমার কান, আমার চোখ, আমার মস্তিষ্ক, আমার হাড়, আমার পেশী, সবই আপনার জন্য বিনয়াবনত। [আর যা আমার পা বহন করে দাঁড়িয়ে আছে (আমার সমগ্র সত্তা) তাও (আপনার জন্য বিনয়াবনত)]।”","মুসযিম ১/৫৩৪, নং ৭৭১; তাছাড়া চার সু নান গ্রেকারর্মণর মমধয ইবন মাোহ বযতীত সবাই তা উিৃ ত কমরমছন। আবূ দাউদ, নং",reference_recovered_from_pdftext,69,ok,,"اَللَّهُمَّ لَكَ رَكَعْتُ، وَبِكَ آمَنْتُ، وَلَكَ أَسْلَمْتُ خَشَعَ لَكَ سَمْعِي وَبَصَرِي، وَمُخِّي، وَعَظْمِي، وَعَصَبِي، وَمَا اسْتَقَلَّ بِهِ قَدَمِي (আল্লা-হুম্মা লাকা রাকা'তু, ওয়াবিকা আ-মানতু ওয়া লাকা"
27,১৭. রুকুর দো'আ,70,70,৩৭-(৫),سُبْحَانَ ذِي الْجَبَرُوتِ، وَالْمَلَكُوتِ، وَالْكِبْرِيَاءِ، وَالْعَظَمَةِ,"সুবহা-না যিল জাবারূতি, ওয়াল মালাকূতি, ওয়াল কিবরিয়া-ই ওয়াল 'আযামাতি","“পবিত্রতা ও মহিমা ঘোষণা করছি সেই সত্তার, যিনি প্রবল প্রতাপ, বিশাল সাম্রাজ্য, বিরাট গৌরব-গরিমা এবং অতুলনীয় মহত্ত্বের অধিকারী।”","আবূ দাউদ ১/২৩০, নং ৮৭৩; নাসাঈ, নং ১১৩১; আহমাদ, নং ১৩৯৮০। আর তার সনদ হাসান।",reference_recovered_from_pdftext,70,ok,,"سُبْحَانَ ذِي الْجَبَرُوتِ، وَالْمَلَكُوتِ، وَالْكِبْرِيَاءِ، وَالْعَظَمَةِ (সুবহা-না যিল জাবারূতি, ওয়াল মালাকূতি, ওয়াল কিবরিয়া-ই ওয়াল 'আযামাতি)।"
28,১৮. রুকু থেকে উঠার দো'আ,70,71,৩৮-(১),سَمِعَ اللَّهُ لِمَنْ حَمِدَهُ,সামি'আল্লা-হু লিমান হামিদাহ,"“যে আল্লাহর হামদ-প্রশংসা করে, আল্লাহ তার প্রশংসা শুনুন (কবুল করুন)।”","বু খারী, (ফাতহুি বারীসহ) ২/২৮২, নং ৭৯৬।","reference_recovered_from_pdftext,continued_from_previous_or_next_page","70,71",ok,,"سَمِعَ اللَّهُ لِمَنْ حَمِدَهُ (সামি'আল্লা-হু লিমান হামিদাহ)। “যে আল্লাহর হামদ-প্রশংসা করে, আল্লাহ তার প্রশংসা শুনুন (কবুল করুন)।”৬২"
29,১৮. রুকু থেকে উঠার দো'আ,71,71,৩৯-(২),رَبَّنَا وَلَكَ الْحَمْدُ، حَمْدًا كَثِيرًا طَيِّبًا مُبَارَكًا فِيهِ,"রব্বানা ওয়া লাকাল হামদু, হামদান কাছীরান ত্বাইয়িবান মুবা-রাকান ফীহি","“হে আমাদের রব্ব! আর আপনার জন্যই সমস্ত প্রশংসা; অঢেল, পবিত্র ও বরকত-রয়েছে-এমন প্রশংসা।”","প্রিংসা।” َّ )« يمل َء3(-43 ْ َُ َ َ ْ ْ َو يمل َء، َو َماب ْيِن َما،ض ات َو يمل َءال ْر يالس َم َو ي َ َ َ َْ ْ َ ه َّ َ َ ُ ْ َ َ ْ َ ْ أ َحق َما قال،د ي ج م الو ءي نا الث أهل.ت يِم ش ٍء بعد َما يشئ َ َ َل َمان َع ل َما أَ ْع َط ْيَ َّ ُ َّ ْ َ ْ ُ َ ُ ه َ َ َ َ ْ ر َوَل،ت ي ي اللهم. وّكنا لك عبد،العبد ُ ْ َ َ َ َ ْ َ َ َ َْ َ ُ َ َن ْ َ َه .»د يمنك اْلد وَل ينفع ذا اْل ي،مع يِط ليما منعت বু খারী, (ফাতহুি বারীসহ) ২/২৮৪, নং ৭৯৬।",reference_recovered_from_pdftext,71,ok,,"رَبَّنَا وَلَكَ الْحَمْدُ، حَمْدًا كَثِيرًا طَيِّبًا مُبَارَكًا فِيهِ (রব্বানা ওয়া লাকাল হামদু, হামদান কাছীরান ত্বাইয়িবান মুবা-রাকান ফীহি) “হে আমাদের রব্ব! আর আপনার জন্যই সমস্ত"
30,১৮. রুকু থেকে উঠার দো'আ,72,73,৪০-(৩),مِلْءَ السَّمَوَاتِ وَمِلْءَ الْأَرْضِ وَمَا بَيْنَهُمَا، وَمِلْءَ مَا شِئْتَ مِنْ شَيْءٍ بَعْدُ، أَهْلَ الثَّنَاءِ وَالْمَجْدِ، أَحَقُّ مَا قَالَ الْعَبْدُ، وَكُلُّنَا لَكَ عَبْدٌ، اَللَّهُمَّ لَا مَانِعَ لِمَا أَعْطَيْتَ، وَلَا مُعْطِيَ لِمَا مَنَعْتَ، وَلَا يَنْفَعُ ذَا الْجَدِّ مِنْكَ الْجَدُّ,"মিল'আস সামা-ওয়া-তি ওয়া মিল'আল আরদি ওয়ামা বাইনাহমা, ওয়া মিল'আ মা শিন্তা মিন শাইয়িন বা'দু, আহলাস সানা-য়ি ওয়াল মাজদি, আহাক্কু মা কালাল 'আবদু, ওয়া কুল্লুনা লাকা 'আবদুন, লা মানি'আ লিমা আ'তাইতা, ওয়ালা মু'তিয়া লিমা মানা'তা, ওয়ালা ইয়ানফাউ যাল-জাদ্দি মিনকাল জাদ্দু","“(আপনার প্রশংসা করছি) আসমানসমূহ পূর্ণ করে, যমীন পূর্ণ করে ও যা এ দু'টির মাঝে রয়েছে (তাও পূর্ণ করে), আর এর পরে যা পূর্ণ করা আপনার ইচ্ছা তা পূর্ণ করে। হে প্রশংসা ও সম্মান-মর্যাদার যোগ্য সত্তা! বান্দা সবচেয়ে যে সঠিক কথাটি বলেছে তা হচ্ছে (আর আমরা সবাই আপনার বান্দা) হে আল্লাহ, আপনি যা প্রদান করেছেন তা বন্ধ করার কেউ নেই, আর আপনি যা রুদ্ধ করেছেন তা প্রদান করার কেউ নেই। আর কোনো ক্ষমতা-প্রতিপত্তির অধিকারীর ক্ষমতা ও প্রতিপত্তি আপনার কাছে কোনো কাজে লাগবে না।”","মুসযিম, ১/৩৪৬; নং ৪৭৭।","reference_recovered_from_pdftext,continued_from_previous_or_next_page","72,73",ok,,مِلْءَ السَّمَوَاتِ وَمِلْءَ الْأَرْضِ وَمَا بَيْنَهُمَا، وَمِلْءَ مَا شِئْتَ مِنْ شَيْءٍ بَعْدُ، أَهْلَ الثَّنَاءِ وَالْمَجْدِ، أَحَقُّ مَا قَالَ الْعَبْدُ، وَكُلُّنَا لَكَ عَبْدٌ، اَللَّهُمَّ لَا مَانِعَ لِمَا أَعْطَيْتَ، وَلَا مُعْطِيَ لِمَا مَنَعْتَ، وَلَا يَنْفَعُ ذَا الْجَدِّ مِنْكَ الْجَدُّ
31,১৯. সাজদার দো'আ,73,73,৪১-(১),سُبْحَانَ رَبِّيَ الأَعْلَى,সুবহা-না রাব্বিয়াল আ'লা,"“আমার রব্বের পবিত্রতা ও মহিমা বর্ণনা করছি, যিনি সবার উপরে।” (তিনবার)","হাদীসযে সু নানগ্রেকারর্ণ ও ইমাম আহমাদ সংকিন কমরমছন। আবূ দাউদ, হাদীস নং ৮৭০; যতরযমিী, হাদীস নং ২৬২; নাসাঈ, হাদীস নং ১০০৭; ইবন মাোহ, হাদীস নং ৮৯৭; আহমাদ, হাদীস নং ৩৫১৪। আরও দদখুন, সহীহুত যতরযমিী, ১/৮৩।",reference_recovered_from_pdftext,73,ok,,"سُبْحَانَ رَبِّيَ الأَعْلَى (সুবহা-না রাব্বিয়াল আ'লা)। “আমার রব্বের পবিত্রতা ও মহিমা বর্ণনা করছি, যিনি সবার উপরে।” (তিনবার)৬৫"
32,১৯. সাজদার দো'আ,73,74,৪২-(২),سُبْحَانَكَ اللَّهُمَّ رَبَّنَا وَبِحَمْدِكَ، اللَّهُمَّ اغْفِرْ لِي,"সুবহা-নাকাল্লা-হুম্মা রব্বানা ওয়া বিহামাদিকা, আল্লা- হুম্মাগফির লী",“হে আল্লাহ! আমাদের রব্ব! আপনার প্রশংসাসহ আপনার পবিত্রতা ও মহিমা ঘোষণা করছি। হে আল্লাহ! আপনি আমাকে মাফ করে দিন।”,"বু খারী, নং ৭৯৪; মুসযিম, নং ৪৮৪; পূ মবগ ৩৪ নং তা র্ত হময়মছ।","reference_recovered_from_pdftext,continued_from_previous_or_next_page","73,74",ok,,"سُبْحَانَكَ اللَّهُمَّ رَبَّنَا وَبِحَمْدِكَ، اللَّهُمَّ اغْفِرْ لِي (সুবহা-নাকাল্লা-হুম্মা রব্বানা ওয়া বিহামাদিকা, আল্লা- হুম্মাগফির লী)। “হে আল্লাহ! আমাদের রব্ব! আপনার প্রশংসাসহ"
33,১৯. সাজদার দো'আ,74,75,৪৩-(৩),سُبُّوحٌ قُدُّوسٌ رَبُّ الْمَلَائِكَةِ وَالرُّوحِ,সুব্বূহুন কুদ্দূসুন রব্বুল মালা-ইকাতি ওয়াররূহ,"“(তিনি/আপনি) সম্পূর্ণরূপে দোষ-ত্রুটিমুক্ত, অত্যন্ত পবিত্র ও মহিমান্বিত; ফিরিশতাগণ ও রূহ-এর রব্ব।” (আল্লা-হুম্মা লাকা সাজাদতু, ওয়াবিকা আ-মানতু ওয়া লাকা আসলামতু। সাজাদা ওয়াজহিয়া লিল্লাযী খালাকাহু ওয়া সাওয়্যারাহ ওয়া শাক্কা সাম'আহূ ওয়া বাসারাহূ, তাবারাকাল্লাহু আহসানুল খালিকীন)।","মুসযিম ১/৩৫৩, নং ৪৮৭; আবূ দাউদ, নং ৮৭২। পূ মবগ ৩৫ নং এ র্ত হময়মছ।","reference_recovered_from_pdftext,continued_from_previous_or_next_page","74,75",ok,,"سُبُّوحٌ قُدُّوسٌ رَبُّ الْمَلَائِكَةِ وَالرُّوحِ (সুব্বূহুন কুদ্দূসুন রব্বুল মালা-ইকাতি ওয়াররূহ)। “(তিনি/আপনি) সম্পূর্ণরূপে দোষ-ত্রুটিমুক্ত, অত্যন্ত পবিত্র ও মহিমান্বিত; ফিরিশতাগণ ও রূহ-এর"
34,১৯. সাজদার দো'আ,75,75,৪৪-(৮),,,"“হে আল্লাহ! আমি আপনার জন্যই সাজদাহ করেছি, আপনার উপরই ঈমান এনেছি, আপনার কাছেই নিজেকে সঁপে দিয়েছি। আমার মুখমণ্ডল সাজদায় অবনত সেই মহান সত্তার জন্য, যিনি একে সৃষ্টি করেছেন এবং আকৃতি দিয়েছেন, আর তার কান ও চোখ বিদীর্ণ করেছেন। সর্বোত্তম স্রষ্টা আল্লাহ অত্যন্ত বরকতময়।”","কমরমছন। সমবগািম স্রিা আল্লাহ অতযন্ত বরকতময়।” ْ ) «ُسان ي1(-41 َ ْ ْ َ ُ َ ْ ََُ َ َ َ ُْ ،يبٰٓي يء وال َملك ي،وت والك ي،وت ذي اْلب ي َ ْ .»َوال َعظ َم ية (সু বহা-নাযিি োবারূযত, ওয়াি মািাকুযত, ওয়াি যকবযরয়া-ই ওয়াি ‘আিামাযত)। মুসযিম ১/৫৩৪, নং ৭৭১ ও অনযানযর্ণ।",reference_recovered_from_pdftext,75,ok,,"“হে আল্লাহ! আমি আপনার জন্যই সাজদাহ করেছি, আপনার উপরই ঈমান এনেছি, আপনার কাছেই নিজেকে সঁপে দিয়েছি। আমার মুখমণ্ডল সাজদায় অবনত সেই মহান সত্তার জন্য, যিনি একে সৃষ্টি করেছেন এবং"
35,১৯. সাজদার দো'আ,75,76,45-(5),سُبْحَانَ ذِي الْجَبَرُوتِ، وَالْمَلَكُوتِ، وَالْكِبْرِيَاءِ وَالْعَظَمَةِ.,"সুবহা-নাল্লাযী জাবারূতি, ওয়াল মালাকূতি, ওয়াল কিবরিয়া-ই ওয়াল আযামাতি","“পবিত্রতা ও মহিমা ঘোষণা করছি সেই সত্তার, যিনি প্রবল প্রতাপ, বিশাল সাম্রাজ্য, বিরাট গৌরব-গরিমা এবং অতুলনীয় মহত্ত্বের অধিকারী।”","আবু দাঊদ ১/২৩০, নং ৮৭৩; নাসাঈ, নং ১১৩১; আহমাদ, নং ২৩৯৮০। আর িাইখ আিবানী এমক সহীহ আবু দাউমদ ১/১৬৬ সহীহ বমিমছন। িার তাখরীে ৩৭ নং এ চমি দর্মছ।","reference_recovered_from_pdftext,continued_from_previous_or_next_page","75,76",ok,,"سُبْحَانَ ذِي الْجَبَرُوتِ، وَالْمَلَكُوتِ، وَالْكِبْرِيَاءِ وَالْعَظَمَةِ. (সুবহা-নাল্লাযী জাবারূতি, ওয়াল মালাকূতি, ওয়াল কিবরিয়া-ই ওয়াল আযামাতি)।"
36,১৯. সাজদার দো'আ,76,76,46-(6),اَللّٰهُمَّ اغْفِرْلِي ذَنْبِي كُلَّهُ، دِقَّهُ وَجِلَّهُ، وَأَوَّلَهُ وَآخِرَهُ، وَعَلَانِيَتَهُ وَسِرَّهُ.,"আল্লা-হুম্মাগফির লী যানবী কুল্লাহূ; দিক্কাহূ ওয়া জিল্লাহূ, ওয়া আউওয়ালাহূ ওয়া আখিরাহূ, ওয়া ‘আলা-নিয়াতাহূ ওয়া সিররাহূ","“হে আল্লাহ! আমার সমস্ত গুনাহ মাফ করে দিন- তার ক্ষুদ্র অংশ, তার বড় অংশ, আগের গুনাহ, পরের গুনাহ, প্রকাশ্য ও গোপন গুনাহ।”","মুসযিম ১/২৩০, নং ৪৮৩।",reference_recovered_from_pdftext,76,ok,,"اَللّٰهُمَّ اغْفِرْلِي ذَنْبِي كُلَّهُ، دِقَّهُ وَجِلَّهُ، وَأَوَّلَهُ وَآخِرَهُ، وَعَلَانِيَتَهُ وَسِرَّهُ. (আল্লা-হুম্মাগফির লী যানবী কুল্লাহূ; দিক্কাহূ ওয়া জিল্লাহূ, ওয়া আউওয়ালাহূ ওয়া আখিরাহূ, ওয়া ‘আলা-নিয়াতাহূ ওয়া"
37,১৯. সাজদার দো'আ,77,77,47-(7),اَللّٰهُمَّ إِنِّي أَعُوذُ بِرِضَاكَ مِنْ سَخَطِكَ، وَبِمُعَافَاتِكَ مِنْ عُقُوبَتِكَ، وَأَعُوذُ بِكَ مِنْكَ، لَا أُحْصِي ثَنَاءً عَلَيْكَ، أَنْتَ كَمَا أَثْنَيْتَ عَلَى نَفْسِكَ.,"আল্লা-হুম্মা ইন্নী আউযুবিরিদ্বা-কা মিন সাখাতিকা, ওয়া বিমু'আ-ফা-তিকা মিন ‘উকূবাতিক, ওয়া আউযু বিকা মিনকা, লা উহসী সানা-আন ‘আলাইকা, আনতা কামা আসনাইতা ‘আলা নাফসিকা","“হে আল্লাহ! আমি আপনার সন্তুষ্টির মাধ্যমে অসন্তুষ্টি থেকে, আর আপনার নিরাপত্তার মাধ্যমে আপনার শাস্তি থেকে আশ্রয় চাই। আর আমি আপনার নিকটে আপনার (পাকড়াও) থেকে আশ্রয় চাই। আমি আপনার প্রশংসা গুনতে সক্ষম নই, আপনি সেরূপই, যেরূপ প্রশংসা আপনি নিজের জন্য করেছেন।”","মুসযিম ১/৩৫২, নং ৪৮৬।",reference_recovered_from_pdftext,77,ok,,"اَللّٰهُمَّ إِنِّي أَعُوذُ بِرِضَاكَ مِنْ سَخَطِكَ، وَبِمُعَافَاتِكَ مِنْ عُقُوبَتِكَ، وَأَعُوذُ بِكَ مِنْكَ، لَا أُحْصِي ثَنَاءً عَلَيْكَ، أَنْتَ كَمَا أَثْنَيْتَ عَلَى نَفْسِكَ. (আল্লা-হুম্মা ইন্নী আউযুবিরিদ্বা-কা মিন সাখাতিকা, ওয়া"
38,২০. দুই সাজদার মধ্যবর্তী বৈঠকের দো'আ,78,78,48-(1),رَبِّ اغْفِرْ لِي، رَبِّ اغْفِرْ لِي.,"রাব্বিগফির লী, রাব্বিগফির লী",“হে আমার রব! আপনি আমাকে ক্ষমা করুন। হে আমার রব! আপনি আমাকে ক্ষমা করুন।”,"আবূ দাউদ ১/২৩১, নং ৮৭৪; ইবন মাোহ নং ৮৯৭। আরও দদখুন, সহীহ ইবন মাোহ, ১/১৪৮।",reference_recovered_from_pdftext,78,ok,,"رَبِّ اغْفِرْ لِي، رَبِّ اغْفِرْ لِي. (রাব্বিগফির লী, রাব্বিগফির লী) “হে আমার রব! আপনি আমাকে ক্ষমা করুন। হে আমার রব! আপনি আমাকে ক্ষমা করুন।”৭২"
39,২০. দুই সাজদার মধ্যবর্তী বৈঠকের দো'আ,78,79,49-(2),اَللّٰهُمَّ اغْفِرْ لِي، وَارْحَمْنِي، وَاهْدِنِي، وَاجْبُرْنِي، وَعَافِنِي، وَارْزُقْنِي، وَارْفَعْنِي.,"আল্লা-হুম্মাগফির লী, ওয়ারহামনী, ওয়াহদিনী, ওয়াজবুরনী, ওয়া‘আফিনী, ওয়ারযুকনী, ওয়ারফা‘নী","“হে আল্লাহ! আপনি আমাকে ক্ষমা করুন, আমার","হাদীসযে নাসাঈ বযতীত সু নান গ্রের্ারর্ণ সবাই সংকিন কমরমছন। আবূ দাউদ, ১/২৩১, নং ৮৫০; যতরযমিী, নং ২৮৪, ২৮৫; ইবন মাোহ, নং ৮৯৮। আরও দদখুন, সহীহুত যতরযমিী, ১/৯০; সহীহ ইবন মাোহ ১/১৪৮।","reference_recovered_from_pdftext,continued_from_previous_or_next_page","78,79",ok,,"اَللّٰهُمَّ اغْفِرْ لِي، وَارْحَمْنِي، وَاهْدِنِي، وَاجْبُرْنِي، وَعَافِنِي، وَارْزُقْنِي، وَارْفَعْنِي. (আল্লা-হুম্মাগফির লী, ওয়ারহামনী, ওয়াহদিনী, ওয়াজবুরনী, ওয়া‘আফিনী, ওয়ারযুকনী, ওয়ারফা‘নী)"
40,২১. সাজদার আয়াত তিলাওয়াতের পর সাজদায় দো'আ,79,80,50-(1),سَجَدَ وَجْهِيَ لِلَّذِي خَلَقَهُ، وَشَقَّ سَمْعَهُ وَبَصَرَهُ بِحَوْلِهِ وَقُوَّتِهِ، فَتَبَارَكَ اللَّهُ أَحْسَنُ الْخَالِقِينَ.,"সাজাদা ওয়াজহিয়া লিল্লাযী খালাকাহু, ওয়া শাক্কা সাম‘আহূ ওয়া বাসারাহূ, বিহাওলিহী ওয়া কুওয়াতিহী, ফাতাবারাকাল্লা-হু আহসানুল খা-লিকীন","“আমার মুখমণ্ডল সাজদাহ করেছে সে সত্তার জন্য, যিনি একে সৃষ্টি করেছেন, আর নিজ শক্তি ও","যতরযমিী, ২/৪৭৪, নং ৩৪২৫; আহমাদ ৬/৩০; নং ২৪০২২; হাযকম ও সহীহ বমিমছন এবং িাহাবী দসো সমেগন কমরমছন, ১/২২০; আর বাড়যত অংিেুকু তাাঁরই। আয়াতেুকু সূ রা আি- মুযমনূ ন এর ১৪ নং আয়াত।","reference_recovered_from_pdftext,continued_from_previous_or_next_page","79,80",ok,,"سَجَدَ وَجْهِيَ لِلَّذِي خَلَقَهُ، وَشَقَّ سَمْعَهُ وَبَصَرَهُ بِحَوْلِهِ وَقُوَّتِهِ، فَتَبَارَكَ اللَّهُ أَحْسَنُ الْخَالِقِينَ. (সাজাদা ওয়াজহিয়া লিল্লাযী খালাকাহু, ওয়া শাক্কা সাম‘আহূ ওয়া বাসারাহূ, বিহাওলিহী ওয়া কুওয়াতিহী,"
41,২১. সাজদার আয়াত তিলাওয়াতের পর সাজদায় দো'আ,80,81,51-(2),اَللّٰهُمَّ اكْتُبْ لِي بِهَا عِنْدَكَ أَجْرًا، وَضَعْ عَنِّي بِهَا وِزْرًا، وَاجْعَلْهَا لِي عِنْدَكَ ذُخْرًا، وَتَقَبَّلْهَا مِنِّي كَمَا تَقَبَّلْتَهَا مِنْ عَبْدِكَ دَاوُدَ.,"আল্লা-হুম্মাকতুব লী বিহা ‘ইনদাকা আজরান, ওয়াদা‘ ‘আন্নী বিহা উইযরান, ওয়াজ‘আলহা লী ‘ইনদাকা যুখরান, ওয়া তাকাব্বালহা মিননী কামা তাকাব্বালতাহা মিন ‘আবদিকা দাউদ","“হে আল্লাহ! এই সিজদার বদৌলতে আপনার নিকট আমার জন্য প্রতিদান লিখে রাখুন, এর দ্বারা","যতরযমিী ২/৪৭৩, নং ৫৭৯; হামকম ও সহীহ বমিমছন, আর ইমাম িাহাবী সমেগন কমরমছন, ১/২১৯।","reference_recovered_from_pdftext,continued_from_previous_or_next_page","80,81",ok,,"اَللّٰهُمَّ اكْتُبْ لِي بِهَا عِنْدَكَ أَجْرًا، وَضَعْ عَنِّي بِهَا وِزْرًا، وَاجْعَلْهَا لِي عِنْدَكَ ذُخْرًا، وَتَقَبَّلْهَا مِنِّي كَمَا تَقَبَّلْتَهَا مِنْ عَبْدِكَ دَاوُدَ. (আল্লা-হুম্মাকতুব লী বিহা ‘ইনদাকা আজরান, ওয়াদা‘"
42,২৩. তাশাহ্হুদের পর নবী সাল্লাল্লাহু আলাইহি,82,84,53-(1),اَللّٰهُمَّ صَلِّ عَلَى مُحَمَّدٍ، وَعَلَى آلِ مُحَمَّدٍ، كَمَا صَلَّيْتَ عَلَى إِبْرَاهِيمَ، وَعَلَى آلِ إِبْرَاهِيمَ، إِنَّكَ حَمِيدٌ مَجِيدٌ، اَللّٰهُمَّ بَارِكْ عَلَى مُحَمَّدٍ، وَعَلَى آلِ مُحَمَّدٍ، كَمَا بَارَكْتَ عَلَى إِبْرَاهِيمَ وَعَلَى آلِ إِبْرَاهِيمَ، إِنَّكَ حَمِيدٌ مَجِيدٌ.,আল্লা-হুম্মা সাল্লি ‘আলা মুহাম্মাদিওঁওয়া ‘আলা আ-লি মুহাম্মাদিন কামা সাল্লাইতা ‘আলা ইব্রাহীমা ওয়া ‘আলা আ-লি ইব্রাহীমা ইন্নাকা হামীদুম মাজীদ। আল্লা-হুম্মা বারিক ‘আলা মুহাম্মাদিওঁওয়া ‘আলা আ-লি মুহাম্মাদিন কামা বা-রাকতা ‘আলা ইব্রাহীমা ওয়া ‘আলা আ-লি,"“হে আল্লাহ! আপনি (আপনার নিকটস্থ উচ্চসভায়) মুহাম্মাদকে সম্মানের সাথে স্মরণ করুন এবং তাঁর পরিবার-পরিজনকেও, যেমন আপনি সম্মানের সাথে স্মরণ করেছেন ইবরাহীমকে ও তার পরিবার-পরিজনকেও। নিশ্চয় আপনি অত্যন্ত প্রশংসিত ও মহামহিমান্বিত। হে আল্লাহ! আপনি মুহাম্মাদ ও তাঁর পরিবার পরিজনের ওপর বরকত নাযিল করুন যেমন আপনি বরকত নাযিল করেছিলেন ইবরাহীমের পরিবার-পরিজনের ওপর। নিশ্চয় আপনি অত্যন্ত প্রশংসিত ও মহামহিমান্বিত”।","বু খারী, (ফাতহুি বারীসহ) ৬/৪০৮, নং ৩৩৭০; মুসযিম, নং ৪০৬।","reference_recovered_from_pdftext,continued_from_previous_or_next_page","82,83,84",ok,,"اَللّٰهُمَّ صَلِّ عَلَى مُحَمَّدٍ، وَعَلَى آلِ مُحَمَّدٍ، كَمَا صَلَّيْتَ ৭৬ বুখারী, (ফাতহুল বারীসহ) ১১/১৩, নং ৮৩১; মুসলিম ১/৩০১, নং ৪০২। عَلَى إِبْرَاهِيمَ، وَعَلَى آلِ إِبْرَاهِيمَ، إِنَّكَ حَمِيدٌ مَجِيدٌ، اَللّٰهُمَّ"
43,২৩. তাশাহ্হুদের পর নবী সাল্লাল্লাহু আলাইহি,84,85,54-(2),اَللّٰهُمَّ صَلِّ عَلَى مُحَمَّدٍ وَعَلَى أَزْوَاجِهِ وَذُرِّيَّتِهِ كَمَا صَلَّيْتَ عَلَى آلِ إِبْرَاهِيمَ، وَبَارِكْ عَلَى مُحَمَّدٍ وَعَلَى أَزْوَاجِهِ وَذُرِّيَّتِهِ كَمَا بَارَكْتَ عَلَى آلِ إِبْرَاهِيمَ، إِنَّكَ حَمِيدٌ مَجِيدٌ.,"আল্লা-হুম্মা সাল্লি ‘আলা মুহাম্মাদিওঁওয়া ‘আলা আজওয়াজিহি ওয়া যুররিয়্যাতিহি কামা সাল্লাইতা ‘আলা আ-লি ইব্রাহীমা, ওয়া বারিক ‘আলা মুহাম্মাদিওঁওয়া ‘আলা আজওয়াজিহি ওয়া যুররিয়্যাতিহি কামা বা-রাকতা ‘আলা আ-লি ইব্রাহীমা ইন্নাকা হামীদুম মাজীদ","“হে আল্লাহ! আপনি (আপনার নিকটস্থ উচ্চসভায়) মুহাম্মাদকে সম্মানের সাথে স্মরণ করুন এবং তাঁর স্ত্রীগণ ও তাঁর বংশধরকেও, যেমন আপনি সম্মানের সাথে স্মরণ","বু খারী, (ফাতহুি বারীসহ) ৬/৪০৭, নং ৩৩৬৯; মুসযিম ১/৩০৬, নং ৪০৭। আর িব্দযে মুসযিমমর।","reference_recovered_from_pdftext,continued_from_previous_or_next_page","84,85",ok,,اَللّٰهُمَّ صَلِّ عَلَى مُحَمَّدٍ وَعَلَى أَزْوَاجِهِ وَذُرِّيَّتِهِ كَمَا صَلَّيْتَ عَلَى آلِ إِبْرَاهِيمَ، وَبَارِكْ عَلَى مُحَمَّدٍ وَعَلَى أَزْوَاجِهِ وَذُرِّيَّتِهِ كَمَا بَارَكْتَ عَلَى آلِ إِبْرَاهِيمَ، إِنَّكَ حَمِيدٌ مَجِيدٌ.
44,২৪. সালামের আগে শেষ তাশাহহুদের পরের দো'আ,85,86,55-(1),اَللّٰهُمَّ إِنِّي أَعُوذُ بِكَ مِنْ عَذَابِ الْقَبْرِ، وَمِنْ عَذَابِ جَهَنَّمَ، وَمِنْ فِتْنَةِ الْمَحْيَا وَالْمَمَاتِ، وَمِنْ شَرِّ فِتْنَةِ الْمَسِيحِ الدَّجَّالِ.,"আল্লা-হুম্মা ইন্নী আ‘উযু বিকা মিন ‘আযা-বিল কাবরি, ওয়া মিন ‘আযা-বি জাহান্নামা, ওয়া মিন ফিতনাতিল মাহইয়া ওয়াল মামা-তি, ওয়া মিন শাররি ফিতনাতিল মাসীহিদ দাজ্জা-ল","“হে আল্লাহ! আমি আপনার কাছে আশ্রয় চাচ্ছি কবরের আযাব থেকে, জাহান্নামের আযাব থেকে, জীবন- মৃত্যুর ফিতনা থেকে এবং মাসীহ দাজ্জালের ফিতনার অনিষ্টতা থেকে”।","বু খারী ২/১০২, নং ১৩৭৭; মুসযিম ১/৪১২, নং ৫৮৮। আর িব্দ মুসযিমমর।","reference_recovered_from_pdftext,continued_from_previous_or_next_page","85,86",ok,,"اَللّٰهُمَّ إِنِّي أَعُوذُ بِكَ مِنْ عَذَابِ الْقَبْرِ، وَمِنْ عَذَابِ جَهَنَّمَ، وَمِنْ فِتْنَةِ الْمَحْيَا وَالْمَمَاتِ، وَمِنْ شَرِّ فِتْنَةِ الْمَسِيحِ الدَّجَّالِ. (আল্লা-হুম্মা ইন্নী আ‘উযু বিকা মিন ‘আযা-বিল কাবরি, ওয়া মিন"
45,২৪. সালামের আগে শেষ তাশাহহুদের পরের দো'আ,86,87,56-(2),اَللّٰهُمَّ إِنِّي أَعُوذُ بِكَ مِنْ عَذَابِ الْقَبْرِ، وَأَعُوذُ بِكَ مِنْ فِتْنَةِ الْمَسِيحِ الدَّجَّالِ، وَأَعُوذُ بِكَ مِنْ فِتْنَةِ الْمَحْيَا وَالْمَمَاتِ، اَللّٰهُمَّ إِنِّي أَعُوذُ بِكَ مِنَ الْمَأْثَمِ وَالْمَغْرَمِ.,"আল্লা-হুম্মা ইন্নী আ‘উযু বিকা মিন ‘আযা-বিল কাবরি, ওয়া আ‘উযু বিকা মিন ফিতনাতিল মাসীহিদ দাজ্জা-লি, ওয়া আ‘উযু বিকা মিন ফিতনাতিল মাহইয়া ওয়াল মামা-তি আল্লা-হুম্মা ইন্নী আ‘উযু বিকা মিনাল মা’সামি ওয়াল মাগরামি","“হে আল্লাহ! আমি আপনার কাছে আশ্রয় চাই কবরের আযাব থেকে, আশ্রয় চাই মাসীহ দাজ্জালের ফিতনা থেকে এবং আশ্রয় চাই জীবন-মৃত্যুর ফিতনা থেকে। হে আল্লাহ! আমি আপনার কাছে আশ্রয় চাই পাপাচার ও ঋণের বোঝা থেকে”।","বু খারী ১/২০২, নং ৮৩২; মুসযিম ১/৪১২, নং ৫৮৭।","reference_recovered_from_pdftext,continued_from_previous_or_next_page","86,87",ok,,"اَللّٰهُمَّ إِنِّي أَعُوذُ بِكَ مِنْ عَذَابِ الْقَبْرِ، وَأَعُوذُ بِكَ مِنْ فِتْنَةِ الْمَسِيحِ الدَّجَّالِ، وَأَعُوذُ بِكَ مِنْ فِتْنَةِ الْمَحْيَا وَالْمَمَاتِ، اَللّٰهُمَّ إِنِّي أَعُوذُ بِكَ مِنَ الْمَأْثَمِ وَالْمَغْرَمِ. (আল্লা-হুম্মা ইন্নী আ‘উযু বিকা মিন ‘আযা-বিল কাবরি,"
46,২৪. সালামের আগে শেষ তাশাহহুদের পরের দো'আ,87,88,57-(3),اَللّٰهُمَّ إِنِّي ظَلَمْتُ نَفْسِي ظُلْمًا كَثِيرًا، وَلَا يَغْفِرُ الذُّنُوبَ إِلَّا أَنْتَ، فَاغْفِرْ لِي مَغْفِرَةً مِنْ عِنْدِكَ وَارْحَمْنِي، إِنَّكَ أَنْتَ الْغَفُورُ الرَّحِيمُ.,আল্লা-হুম্মা ইন্নী যালামতু নাফসী যুলমান কাসীরা। ওয়ালা ইয়াগফিরুয্ যুনূবা ইল্লা আনতা। ফাগফির লী মাগফিরাতাম মিন ‘ইনদিকা ওয়ারহামনী ইন্নাকা আনতাল গাফূরুর রহীম,“হে আল্লাহ! আমি আমার নিজের ওপর অনেক,"বু খারী ৮/১৬৮, নং ৮৩৪; মুসযিম ৪/২০৭৮, নং ২৭০৫।","reference_recovered_from_pdftext,continued_from_previous_or_next_page","87,88",ok,,اَللّٰهُمَّ إِنِّي ظَلَمْتُ نَفْسِي ظُلْمًا كَثِيرًا، وَلَا يَغْفِرُ الذُّنُوبَ إِلَّا أَنْتَ، فَاغْفِرْ لِي مَغْفِرَةً مِنْ عِنْدِكَ وَارْحَمْنِي، إِنَّكَ أَنْتَ الْغَفُورُ الرَّحِيمُ. (আল্লা-হুম্মা ইন্নী যালামতু নাফসী যুলমান কাসীরা। ওয়ালা
47,২৪. সালামের আগে শেষ তাশাহহুদের পরের দো'আ,88,89,58-(4),اَللّٰهُمَّ اغْفِرْ لِي مَا قَدَّمْتُ، وَمَا أَخَّرْتُ، وَمَا أَسْرَرْتُ، وَمَا أَعْلَنْتُ، وَمَا أَسْرَفْتُ، وَمَا أَنْتَ أَعْلَمُ بِهِ مِنِّي، أَنْتَ الْمُقَدِّمُ، وَأَنْتَ الْمُؤَخِّرُ، لَا إِلٰهَ إِلَّا أَنْتَ.,আল্লা-হুম্মাগফিরলী মা কাদ্দামতু ওয়া মা আখ্খারতু ওয়া মা আসরারতু ওয়া মা আ‘লানতু ওয়া মা আসরাফতু ওয়া মা আনতা আ‘লামু বিহী মিননী। আনতাল মুকাদ্দিমু ওয়া আনতাল মুয়াখ্খিরু লা ইলাহা ইল্লা আনতা,"“হে আল্লাহ! ক্ষমা করে দিন আমার গুনাহসমূহ- যা পূর্বে করেছি, যা পরে করেছি, যা আমি গোপন করেছি, যা প্রকাশ্যে করেছি, যা সীমালঙ্ঘন করে করেছি, আর যা আপনি আমার চেয়ে বেশি জানেন। আপনিই (কাউকে)","মুসযিম ১/৫৩৪, নং ৭৭১।","reference_recovered_from_pdftext,continued_from_previous_or_next_page","88,89",ok,,اَللّٰهُمَّ اغْفِرْ لِي مَا قَدَّمْتُ، وَمَا أَخَّرْتُ، وَمَا أَسْرَرْتُ، وَمَا أَعْلَنْتُ، وَمَا أَسْرَفْتُ، وَمَا أَنْتَ أَعْلَمُ بِهِ مِنِّي، أَنْتَ الْمُقَدِّمُ، وَأَنْتَ الْمُؤَخِّرُ، لَا إِلٰهَ إِلَّا أَنْتَ. (আল্লা-হুম্মাগফিরলী মা কাদ্দামতু ওয়া মা আখ্খারতু ওয়া
48,২৪. সালামের আগে শেষ তাশাহহুদের পরের দো'আ,89,89,59-(5),اَللّٰهُمَّ أَعِنِّي عَلَى ذِكْرِكَ، وَشُكْرِكَ، وَحُسْنِ عِبَادَتِكَ.,আল্লা-হুম্মা আ‘ইন্নী ‘আলা যিকরিকা ও শুকরিকা ওয়া হুসনি ইবা-দা-তিকা,"“হে আল্লাহ! আপনার যিকির করতে, আপনার শুকরিয়া জ্ঞাপন করতে এবং সুন্দরভাবে আপনার ইবাদত করতে আমাকে সাহায্য করুন।”","আবূ দাউদ ২/৮৬, নং ১৫২২; নাসাঈ ৩/৫৩, নং ২৩০২। আর িাইখ আিবানী সহীহ আযব দাঊদ ১/২৮৪ এোমক সহীহ বমিমছন।",reference_recovered_from_pdftext,89,ok,,اَللّٰهُمَّ أَعِنِّي عَلَى ذِكْرِكَ، وَشُكْرِكَ، وَحُسْنِ عِبَادَتِكَ. (আল্লা-হুম্মা আ‘ইন্নী ‘আলা যিকরিকা ও শুকরিকা ওয়া হুসনি ইবা-দা-তিকা)।
49,২৪. সালামের আগে শেষ তাশাহহুদের পরের দো'আ,89,90,60-(6),اَللّٰهُمَّ إِنِّي أَعُوذُ بِكَ مِنَ الْبُخْلِ، وَأَعُوذُ بِكَ مِنَ الْجُبْنِ، وَأَعُوذُ بِكَ مِنْ أَنْ أُرَدَّ إِلَى أَرْذَلِ الْعُمُرِ، وَأَعُوذُ بِكَ مِنْ فِتْنَةِ الدُّنْيَا وَعَذَابِ الْقَبْرِ.,"আল্লা-হুম্মা ইন্নী আ‘উযু বিকা মিনাল বুখলি, ওয়া আ‘উযু বিকা মিনাল জুবনি, ওয়া আ‘উযু বিকা মিন আন উরাদ্দা ইলা আরযালিল ‘উমুরি, ওয়া আ‘উযু বিকা মিন ফিতনাতিদ দুনইয়া ও আযা-বিল কাবরি","“হে আল্লাহ! আমি আপনার আশ্রয় চাই কৃপণতা থেকে, আপনার আশ্রয় চাই কাপুরুষতা থেকে, আপনার আশ্রয় চাই চরম বার্ধক্যে উপনীত হওয়া থেকে, আর আপনার আশ্রয় চাই দুনিয়ার ফিতনা ও কবরের আযাব থেকে।”","বু খাযর, (ফাতহুি বারীসহ) ৬/৩৫, নং ২৮২২ ও নং ৬৩৯০।","reference_recovered_from_pdftext,continued_from_previous_or_next_page","89,90",ok,,"اَللّٰهُمَّ إِنِّي أَعُوذُ بِكَ مِنَ الْبُخْلِ، وَأَعُوذُ بِكَ مِنَ ৮২ মুসলিম ১/৫৩৪, নং ৭৭১। ৮৩ আবূ দাউদ ২/৮৬, নং ১৫২২; নাসাঈ ৩/৫৩, নং ১৩০৩। আর শাইখ আলবানী সহীহ আবি দাউদ ১/২৮৪ এটাকে সহীহ"
50,২৪. সালামের আগে শেষ তাশাহহুদের পরের দো'আ,90,91,61-(7),اَللّٰهُمَّ إِنِّي أَسْأَلُكَ الْجَنَّةَ وَأَعُوذُ بِكَ مِنَ النَّارِ.,আল্লা-হুম্মা ইন্নী আসআলুকাল জান্নাতা ওয়া আ‘উযু বিকা মিনান্নারি,“হে আল্লাহ! আমি আপনার কাছে জান্নাত চাই এবং জাহান্নাম থেকে আপনার কাছে আশ্রয় চাই”।,"৮৪ বুখারী, (ফাতহুল বারীসহ) ৬/৩৫, নং ২৮২২ ও নং ৬৩৭৪।",continued_from_previous_or_next_page,"90,91",ok,,"اَللّٰهُمَّ إِنِّي أَسْأَلُكَ الْجَنَّةَ وَأَعُوذُ بِكَ مِنَ النَّارِ. ৮৪ বুখারী, (ফাতহুল বারীসহ) ৬/৩৫, নং ২৮২২ ও নং ৬৩৭৪। (আল্লা-হুম্মা ইন্নী আসআলুকাল জান্নাতা ওয়া আ‘উযু বিকা মিনান্নারি)।"
51,২৪. সালামের আগে শেষ তাশাহহুদের পরের দো'আ,91,94,62-(8),اَللّٰهُمَّ بِعِلْمِكَ الْغَيْبَ وَقُدْرَتِكَ عَلَى الْخَلْقِ أَحْيِنِي مَا عَلِمْتَ الْحَيَاةَ خَيْرًا لِي، وَتَوَفَّنِي إِذَا عَلِمْتَ الْوَفَاةَ خَيْرًا لِي، اَللّٰهُمَّ إِنِّي أَسْأَلُكَ خَشْيَتَكَ فِي الْغَيْبِ وَالشَّهَادَةِ، وَأَسْأَلُكَ كَلِمَةَ الْحَقِّ فِي الرِّضَا وَالْغَضَبِ، وَأَسْأَلُكَ الْقَصْدَ فِي الْغِنَى وَالْفَقْرِ، وَأَسْأَلُكَ نَعِيمًا لَا يَنْفَدُ، وَأَسْأَلُكَ قُرَّةَ عَيْنٍ لَا تَنْقَطِعُ، وَأَسْأَلُكَ الرِّضَا بَعْدَ الْقَضَاءِ، وَأَسْأَلُكَ بَرْدَ الْعَيْشِ بَعْدَ الْمَوْتِ، وَأَسْأَلُكَ لَذَّةَ النَّظَرِ إِلَى وَجْهِكَ، وَالشَّوْقَ إِلَى لِقَائِكَ، فِي غَيْرِ ضَرَّاءَ مُضِرَّةٍ وَلَا فِتْنَةٍ مُضِلَّةٍ، اَللّٰهُمَّ زَيِّنَّا بِزِينَةِ الْإِيمَانِ، وَاجْعَلْنَا هُدَاةً مُهْتَدِينَ.,আল্লা-হুম্মা বি‘ইলমিকাল গাইবি ওয়া কুদরাতিকা ‘আলাল খালকি আহইয়িনী মা ‘আলিমতাল হায়া-তা খাইরাল লী ওয়া তাওয়াফ্ফানী ইযা ‘আলিমতাল ওয়াফা-তা খাইরান লী। আল্লা-হুম্মা ইন্নী আসআলুকা খাশইয়াতাকা ফিল গাইবি ওয়াশ-শাহাদাতি ওয়া আসআলুকা কালিমাতাল হাক্কি,"“হে আল্লাহ! আপনার গায়েবী জ্ঞান এবং সকল সৃষ্টির ওপর আপনার সার্বভৌম ক্ষমতার উসীলায় (চাই), আমাকে আপনি জীবিত রাখুন সে সময় পর্যন্ত, যে সময় পর্যন্ত জীবিত থাকা আপনার জ্ঞানে আমার জন্য কল্যাণকর, আর আমাকে মৃত্যু দিন যখন আপনি জানেন যে, মৃত্যু আমার জন্য কল্যাণকর। হে আল্লাহ! আমি আপনার নিকট চাই গোপনে ও প্রকাশ্যে আপনাকে ভয় করা, আপনার নিকট চাই সন্তুষ্টি ও ক্রোধ উভয় অবস্থায় সত্য কথা বলা, আপনার নিকট চাই দারিদ্র্যে ও প্রাচুর্যে ভারসাম্যপূর্ণ (মাধ্যম) পন্থা। আপনার নিকট চাই এমন নি‘আমত, যা কখনো শেষ হবে না; আপনার নিকট চাই এমন নয়নাভিরাম বস্তু, যা কখনও বিচ্ছিন্ন হবে না। আর আমি আপনার নিকট চাই (তাকদীরের) ফয়সালার পর সন্তোষ; আমি আপনার নিকট চাই মৃত্যুর পর প্রশান্ত জীবন। আমি আপনার নিকট চাই আপনার চেহারার প্রতি দৃষ্টিপাতের স্বাদ, আপনার নিকট চাই আপনার সাথে সাক্ষাৎ লাভের ব্যাকুলতা; এমন যে, তাতে থাকবে না কোনো ক্ষতিকর কষ্ট কিংবা ভ্রষ্টকারী ফিতনা। হে আল্লাহ! আপনি আমাদেরকে ঈমানের সৌন্দর্যে সৌন্দর্যমণ্ডিত করুন এবং আমাদেরকে হিদায়াতপ্রাপ্ত পথপ্রদর্শক বানান”।","নাসাঈ ৩/৫৪, ৫৫, নং ১৩০৪; আহমাদ ৪/৩৬৪, নং ২১৬৬৬। আর িাইখ আিবানী সহীহুন নাসাঈ ১/২৮১ দত এমক সহীহ বমিমছন।","reference_recovered_from_pdftext,continued_from_previous_or_next_page","91,92,93,94",ok,,اَللّٰهُمَّ بِعِلْمِكَ الْغَيْبَ وَقُدْرَتِكَ عَلَى الْخَلْقِ أَحْيِنِي مَا عَلِمْتَ الْحَيَاةَ خَيْرًا لِي، وَتَوَفَّنِي إِذَا عَلِمْتَ الْوَفَاةَ خَيْرًا لِي، اَللّٰهُمَّ إِنِّي أَسْأَلُكَ خَشْيَتَكَ فِي الْغَيْبِ وَالشَّهَادَةِ، وَأَسْأَلُكَ كَلِمَةَ الْحَقِّ فِي الرِّضَا وَالْغَضَبِ،
52,২৪. সালামের আগে শেষ তাশাহহুদের পরের দো'আ,94,95,63-(9),اَللّٰهُمَّ إِنِّي أَسْأَلُكَ يَا اللَّهُ بِأَنَّكَ أَنْتَ الْأَحَدُ الصَّمَدُ الَّذِي لَمْ يَلِدْ وَلَمْ يُولَدْ، وَلَمْ يَكُنْ لَهُ كُفُوًا أَحَدٌ أَنْ تَغْفِرَ لِي ذُنُوبِي إِنَّكَ أَنْتَ الْغَفُورُ الرَّحِيمُ.,"আল্লা-হুম্মা ইন্নী আসআলুকা ইয়া আল্লা-হু বি’আন্নাকা আনতাল আহাদুস সামাদুল্লাযী লাম ইয়ালিদ ওয়ালাম ইউলাদ ওয়ালাম ইয়াকুল্লাহূ কুফুওয়ান আহাদ, আন তাগফিরালী যুনূবী, ইন্নাকা আনতাল গাফূরুর রহীম","“হে আল্লাহ! আপনিই একক, অদ্বিতীয়,","নাসাঈ ৩/৫২, নং ১৩০০; িব্দ তাাঁরই, আহমাদ ৪/৩৩৮, নং ১৮৯৭। আর আিবানী সহীহুন নাসাঈ ১/২৮০ দত এমক সহীহ বমিমছন।","reference_recovered_from_pdftext,continued_from_previous_or_next_page","94,95",ok,,اَللّٰهُمَّ إِنِّي أَسْأَلُكَ يَا اللَّهُ بِأَنَّكَ أَنْتَ الْأَحَدُ الصَّمَدُ الَّذِي لَمْ يَلِدْ وَلَمْ يُولَدْ، وَلَمْ يَكُنْ لَهُ كُفُوًا أَحَدٌ أَنْ تَغْفِرَ لِي ذُنُوبِي إِنَّكَ أَنْتَ الْغَفُورُ الرَّحِيمُ. (আল্লা-হুম্মা ইন্নী আসআলুকা ইয়া আল্লা-হু বি’আন্নাকা
53,২৪. সালামের আগে শেষ তাশাহহুদের পরের দো'আ,95,96,64-(10),اَللّٰهُمَّ إِنِّي أَسْأَلُكَ بِأَنَّ لَكَ الْحَمْدَ لَا إِلٰهَ إِلَّا أَنْتَ وَحْدَكَ لَا شَرِيكَ لَكَ، الْمَنَّانُ، يَا بَدِيعَ السَّمَوَاتِ وَالْأَرْضِ، يَا ذَا الْجَلَالِ وَالْإِكْرَامِ، يَا حَيُّ يَا قَيُّومُ، إِنِّي أَسْأَلُكَ الْجَنَّةَ وَأَعُوذُ بِكَ مِنَ النَّارِ.,"আল্লা-হুম্মা ইন্নী আসআলুকা বি’আন্না লাকাল হামদু লা ইলা-হা ইল্লা আনতা ওয়াহদাকা লা শারীকা লাকা আল মান্না- নু, ইয়া বাদী‘আস সামা-ওয়া-তি ওয়াল-আরদী, ইয়া যালজালা-লি ওয়াল-ইকরা-ম। ইয়া হাইয়্যু ইয়া কাইয়্যূম, ইন্নী আসআলুকাল জান্নাতা ওয়া আ‘উযু বিকা মিনান্না-রি","“হে আল্লাহ! আমি আপনার কাছে চাই। কারণ, সকল প্রশংসা আপনার, কেবল আপনি ছাড়া আর কোনো হক ইলাহ নেই, আপনার কোনো শরীক নেই, সীমাহীন অনুগ্রহকারী। হে আসমানসমূহ ও যমীনের অভিনব স্রষ্টা! হে মহিমাময় ও মহত্ত্বময়! হে চিরঞ্জীব, হে চিরস্থায়ী- সর্বসত্তার ধারক! আমি আপনার কাছে জান্নাত চাই এবং জাহান্নাম থেকে আশ্রয় চাই।”","হাদীসযে সু নানগ্রেকারর্ণ সকমি সংকিন কমরমছন। আবূ দাউদ, নং ১৪৯৫; যতরযমিী, নং ৩৫৪৪; ইবন মাোহ, নং ৩৮৫৮; নাসাঈ, নং ১২৯৯। আরও দদখুন, সহীহ ইবন মাোহ, ২/৩২৯।","reference_recovered_from_pdftext,continued_from_previous_or_next_page","95,96",ok,,اَللّٰهُمَّ إِنِّي أَسْأَلُكَ بِأَنَّ لَكَ الْحَمْدَ لَا إِلٰهَ إِلَّا أَنْتَ وَحْدَكَ لَا شَرِيكَ لَكَ، الْمَنَّانُ، يَا بَدِيعَ السَّمَوَاتِ وَالْأَرْضِ، يَا ذَا الْجَلَالِ وَالْإِكْرَامِ، يَا حَيُّ يَا قَيُّومُ، إِنِّي أَسْأَلُكَ الْجَنَّةَ وَأَعُوذُ بِكَ مِنَ النَّارِ.
54,২৪. সালামের আগে শেষ তাশাহহুদের পরের দো'আ,96,97,65-(11),اَللّٰهُمَّ إِنِّي أَسْأَلُكَ بِأَنِّي أَشْهَدُ أَنَّكَ أَنْتَ اللَّهُ لَا إِلٰهَ إِلَّا أَنْتَ الْأَحَدُ الصَّمَدُ الَّذِي لَمْ يَلِدْ وَلَمْ يُولَدْ وَلَمْ يَكُنْ لَهُ كُفُوًا أَحَدٌ.,আল্লা-হুম্মা ইন্নী আসআলুকা বি’আন্নী আশহাদু আন্নাকা আনতাল্লা-হু লা ইলা-হা ইল্লা আনতাল আহাদুস,"“হে আল্লাহ! আমি আপনার কাছে চাই। কেননা, আমি সাক্ষ্য দেই যে, নিশ্চয় আপনিই আল্লাহ, আপনি ছাড়া আর কোনো হক ইলাহ নেই। আপনি একক সত্তা, অমুখাপেক্ষী- সকল কিছু আপনার মুখাপেক্ষী, যিনি কাউকে জন্ম দেন নি এবং জন্ম নেনও নি। আর যার সমকক্ষ কেউ নেই।”","আবূ দাউদ ২/৬২, নং ১৪৯৩; যতরযমিী ৫/৫১৫, নং ৩৪৭৫; ইবন মাোহ, ২/১২৬৭, নং ৩৮৫৭; নাসাঈ, নং ১৩০০, আর িব্দ তাাঁরই; আহমাদ নং ১৮৯৭৪। আর িাইখ আিবানী সহীহ নাসাঈ ১/২৮০ দত এমক সহীহ বমিমছন। তাছাড়া আরও দদখুন, সহীহ ইবন মাোহ ২/৩২৯; সহীহ আত-যতরযমিী, ৩/১৬৩।","reference_recovered_from_pdftext,continued_from_previous_or_next_page","96,97",ok,,اَللّٰهُمَّ إِنِّي أَسْأَلُكَ بِأَنِّي أَشْهَدُ أَنَّكَ أَنْتَ اللَّهُ لَا إِلٰهَ إِلَّا أَنْتَ الْأَحَدُ الصَّمَدُ الَّذِي لَمْ يَلِدْ وَلَمْ يُولَدْ وَلَمْ يَكُنْ لَهُ كُفُوًا أَحَدٌ. (আল্লা-হুম্মা ইন্নী আসআলুকা বি’আন্নী আশহাদু আন্নাকা
55,২৫. সালাম ফিরানোর পর যিকিরসমূহ,97,98,66-(1),أَسْتَغْفِرُ اللَّهَ (তিনবার) اَللّٰهُمَّ أَنْتَ السَّلَامُ، وَمِنْكَ السَّلَامُ، تَبَارَكْتَ يَا ذَا الْجَلَالِ وَالْإِكْرَامِ.,আস্তাগফিরুল্লা-হ) (তিনবার আল্লা-হুম্মা আনতাস সালা-মু ওয়া মিনকাস সালা-মু তাবা-রাকতা ইয়া যালজালা-লি ওয়াল-ইকরা-ম,"“আমি আল্লাহর নিকট ক্ষমা প্রার্থনা করছি।” “হে আল্লাহ! আপনি শান্তিময়। আপনার নিকট থেকেই শান্তি বর্ষিত হয়। আপনি বরকতময়, হে মহিমাময় ও সম্মানের অধিকারী!”","মুসযিম ১/৪১৪, নং ৫৯১।","reference_recovered_from_pdftext,continued_from_previous_or_next_page","97,98",ok,,"أَسْتَغْفِرُ اللَّهَ (তিনবার) (আস্তাগফিরুল্লা-হ) (তিনবার) ৮৯ আবূ দাউদ ২/৬২, নং ১৪৯৩; তিরমিযী ৫/৫১৫, নং ৩৪৭৫; ইবন মাজাহ, ২/১২৬৭, নং ৩৮৫৭; নাসাঈ, নং ১৩০০, আর শব্দ"
56,২৫. সালাম ফিরানোর পর যিকিরসমূহ,98,100,67-(2),لَا إِلٰهَ إِلَّا اللَّهُ وَحْدَهُ لَا شَرِيكَ لَهُ، لَهُ الْمُلْكُ وَلَهُ الْحَمْدُ وَهُوَ عَلَى كُلِّ شَيْءٍ قَدِيرٌ [তিনবার],"লা ইলা-হা ইল্লাল্লা-হু ওয়াহ্দাহু লা শারীকা লাহু, লাহুল মুলকু ওয়া লাহুল হামদ, ওয়া হুয়া ‘আলা কুল্লি শাইইন কাদীর।) [তিন বার]","“একমাত্র আল্লাহ ছাড়া কোনো হক ইলাহ নেই, তাঁর কোনো শরীক নেই, রাজত্ব তাঁরই, সমস্ত প্রশংসাও তাঁর, আর তিনি সকল কিছুর ওপর ক্ষমতাবান।” (তিনবার) হে আল্লাহ, আপনি যা প্রদান করেছেন তা বন্ধ করার কেউ নেই, আর আপনি যা রুদ্ধ করেছেন তা প্রদান করার কেউ নেই। আর কোনো ক্ষমতা-প্রতিপত্তির অধিকারীর ক্ষমতা ও প্রতিপত্তি আপনার কাছে কোনো উপকারে আসবে না।”","বু খারী ১/২২৫, নং ৮৪৪; মুসযিম ১/৪১৪, নং ৫৯৩। আর দু ব্রযামকমের মামের অংি বু খারীমত বযধগত এমসমছ, নং ৬৪৭৩।","reference_recovered_from_pdftext,continued_from_previous_or_next_page","98,99,100",ok,,"لَا إِلٰهَ إِلَّا اللَّهُ وَحْدَهُ لَا شَرِيكَ لَهُ، لَهُ الْمُلْكُ وَلَهُ الْحَمْدُ وَهُوَ عَلَى كُلِّ شَيْءٍ قَدِيرٌ [তিনবার] ৯০ মুসলিম ১/৪১৪, নং ৫৯১। (লা ইলা-হা ইল্লাল্লা-হু ওয়াহ্দাহু লা শারীকা লাহু, লাহুল"
57,২৫. সালাম ফিরানোর পর যিকিরসমূহ,100,101,68-(3),لَا إِلٰهَ إِلَّا اللَّهُ وَحْدَهُ لَا شَرِيكَ لَهُ، لَهُ الْمُلْكُ وَلَهُ الْحَمْدُ، وَهُوَ عَلَى كُلِّ شَيْءٍ قَدِيرٌ. لَا حَوْلَ وَلَا قُوَّةَ إِلَّا بِاللَّهِ، لَا إِلٰهَ إِلَّا اللَّهُ، وَلَا نَعْبُدُ إِلَّا إِيَّاهُ، لَهُ النِّعْمَةُ، وَلَهُ الْفَضْلُ، وَلَهُ الثَّنَاءُ الْحَسَنُ. لَا إِلٰهَ إِلَّا اللَّهُ مُخْلِصِينَ لَهُ الدِّينَ وَلَوْ كَرِهَ الْكَافِرُونَ.,"লা ইলা-হা ইল্লাল্লা-হু ওয়াহদাহু লা শারীকা লাহু, লাহুল মুলকু ওয়া লাহুল হামদ, ওয়া হুয়া ‘আলা কুল্লি শাইইন কাদীর। লা হাওলা ওয়ালা কুওয়াতা ইল্লা বিল্লাহি। লা ইলাহা ইল্লাল্লাহু, ওয়ালা না‘বুদু ইল্লা ইয়্যাহু। লাহুন্ নি‘মাতু ওয়া লাহুল ফাদলু, ওয়া লাহুস্ সানা-উল হাসান। লা ইলাহা ইল্লাল্লাহু মুখলিসীনা লাহুদ-দীন ওয়া লাও কারিহাল কাফিরুন","“একমাত্র আল্লাহ ছাড়া কোনো হক ইলাহ নেই, তাঁর কোনো শরীক নেই, রাজত্ব তাঁরই, সমস্ত প্রশংসাও তাঁর, আর তিনি সকল কিছুর ওপর ক্ষমতাবান। আল্লাহর সাহায্য ছাড়া (পাপ কাজ থেকে দূরে থাকার) কোনো উপায় এবং (সৎকাজ করার) কোনো শক্তি নেই। আল্লাহ ছাড়া কোনো হক ইলাহ নেই, আমরা কেবল তাঁরই ইবাদত করি, নি‘আমতসমূহ তাঁরই, যাবতীয় অনুগ্রহও তাঁর এবং উত্তম প্রশংসা তাঁরই। আল্লাহ ছাড়া কোনো হক ইলাহ নেই, আমরা তাঁর দেওয়া দীনকে একনিষ্ঠভাবে মান্য করি, যদিও কাফিররা তা অপছন্দ করে”।","মুসযিম ১/৪১৫, নং ৫৯৪।","reference_recovered_from_pdftext,continued_from_previous_or_next_page","100,101",ok,,لَا إِلٰهَ إِلَّا اللَّهُ وَحْدَهُ لَا شَرِيكَ لَهُ، لَهُ الْمُلْكُ وَلَهُ الْحَمْدُ، وَهُوَ عَلَى كُلِّ شَيْءٍ قَدِيرٌ. لَا حَوْلَ وَلَا قُوَّةَ إِلَّا بِاللَّهِ، لَا إِلٰهَ إِلَّا اللَّهُ، وَلَا نَعْبُدُ إِلَّا إِيَّاهُ، لَهُ النِّعْمَةُ، وَلَهُ الْفَضْلُ، وَلَهُ الثَّنَاءُ الْحَسَنُ. لَا إِلٰهَ إ
58,২৫. সালাম ফিরানোর পর যিকিরসমূহ,102,102,69-(4),سُبْحَانَ اللَّهِ، وَالْحَمْدُ لِلَّهِ، وَاللَّهُ أَكْبَرُ (৩৩ বার) لَا إِلٰهَ إِلَّا اللَّهُ وَحْدَهُ لَا شَرِيكَ لَهُ، لَهُ الْمُلْكُ وَلَهُ الْحَمْدُ، وَهُوَ عَلَى كُلِّ شَيْءٍ قَدِيرٌ.,"সুবহা-নাল্লাহ, আলহামদুলিল্লাহ, আল্লা-হু আকবার ৩৩বার লা ইলা-হা ইল্লাল্লা-হু ওয়াহদাহু লা শারীকা লাহু, লাহুল মুলকু ওয়াল্লাহুল হামদ ওয়া হুয়া ‘আলা কুল্লি শাইইন কাদীর","“আল্লাহ কতই না পবিত্র-মহান। সকল প্রশংসা আল্লাহর জন্য। আল্লাহ সবচেয়ে বড়।” (৩৩ বার) “একমাত্র আল্লাহ ছাড়া কোনো হক ইলাহ নেই, তাঁর কোনো শরীক নেই, রাজত্ব তাঁরই, সকল প্রশংসা তাঁরই এবং তিনি সবকিছুর ওপর ক্ষমতাবান।”","মুসযিম, ১/৪১৮, নং ৫৯৭; আর তামত রময়মছ, দি বযযি প্রযত নামামির পমর দসো বিমব, তার পাপরাযি ক্ষমা কমর দদওয়া হয়, িযদও তা সমুমদ্রর দফনারাযির মমতা হয়।",reference_recovered_from_pdftext,102,ok,,"سُبْحَانَ اللَّهِ، وَالْحَمْدُ لِلَّهِ، وَاللَّهُ أَكْبَرُ (৩৩ বার) لَا إِلٰهَ إِلَّا اللَّهُ وَحْدَهُ لَا شَرِيكَ لَهُ، لَهُ الْمُلْكُ وَلَهُ الْحَمْدُ، وَهُوَ عَلَى كُلِّ شَيْءٍ قَدِيرٌ. (সুবহা-নাল্লাহ, আলহামদুলিল্লাহ, আল্লা-হু আকবার)"
59,২৫. সালাম ফিরানোর পর যিকিরসমূহ,103,105,৭০-(৫),بِسْمِ اللَّهِ الرَّحْمٰنِ الرَّحِيمِ ۝ قُلْ هُوَ اللَّهُ أَحَدٌ ۝ اللَّهُ الصَّمَدُ ۝ لَمْ يَلِدْ وَلَمْ يُولَدْ ۝ وَلَمْ يَكُنْ لَهُ كُفُوًا أَحَدٌ ۝ بِسْمِ اللَّهِ الرَّحْمٰنِ الرَّحِيمِ ۝ قُلْ أَعُوذُ بِرَبِّ الْفَلَقِ ۝ مِنْ شَرِّ مَا خَلَقَ ۝ وَمِنْ شَرِّ غَاسِقٍ إِذَا وَقَبَ ۝ وَمِنْ شَرِّ النَّفَّاثَاتِ فِي الْعُقَدِ ۝ وَمِنْ شَرِّ حَاسِدٍ إِذَا حَسَدَ ۝ بِسْمِ اللَّهِ الرَّحْمٰنِ الرَّحِيمِ ۝ قُلْ أَعُوذُ بِرَبِّ النَّاسِ ۝ مَلِكِ النَّاسِ ۝ إِلٰهِ النَّاسِ ۝ مِنْ شَرِّ الْوَسْوَاسِ الْخَنَّاسِ ۝ الَّذِي يُوَسْوِسُ فِي صُدُورِ النَّاسِ ۝ مِنَ الْجِنَّةِ وَالنَّاسِ ۝,"বিসমিল্লা-হির রাহমা-নির রাহীম (কুল হুওয়াল্লা-হু আহাদ আল্লা-হুস সামাদ। লাম ইয়ালিদ ওয়া লাম ইউলাদ। ওয়া লাম ইয়াকুল্লাহূ কুফুওয়ান আহাদ বিসমিল্লা-হির রাহমা-নির রাহীম (কুল আ‘উযু বিরাব্বিল ফালাক। মিন শাররি মা খালাক। ওয়া মিন শাররি গা- সিকিন ইযা ওয়াকাব। ওয়া মিন শাররিন নাফ্ফা-সা-তি ফিল ‘উকাদ। ওয়া মিন শাররি হা-সিদিন ইযা হাসাদ বিসমিল্লা-হির রাহমা-নির রাহীম (কুল আ‘উযু বিরাব্বিন্-না-স মালিকিন্-না-সি, ইলা-হিন্-না-সি, মিন শাররিল ওয়াসওয়া-সিল খান্না-সি, আল্লাযী ইউওয়াস্ওয়িসু ফী সুদুরিন না-সি, মিনাল জিন্নাতি ওয়ান্-না-স","প্রত্যেক সালাতের পর একবার, সূরা ইখলাস, সুরা আল-ফালাক ও সূরা আন-নাস: রহমান, রহীম আল্লাহর নামে। “বলুন, তিনি আল্লাহ, এক- অদ্বিতীয়। আল্লাহ হচ্ছেন ‘সামাদ’ (তিনি কারো মুখাপেক্ষী নন, সকলেই তাঁর মুখাপেক্ষী)। তিনি কাউকেও জন্ম দেন নি এবং তাঁকেও জন্ম দেওয়া হয় নি। আর তাঁর সমতুল্য কেউই নেই।” রহমান, রহীম আল্লাহর নামে। “বলুন, আমি আশ্রয় প্রার্থনা করছি ঊষার রবের। তিনি যা সৃষ্টি করেছেন তার অনিষ্ট হতে। আর অনিষ্ট হতে রাতের অন্ধকারের, যখন তা গভীর হয়। আর অনিষ্ট হতে সকল নারীদের, যারা গিরায় ফুঁক দেয়। আর অনিষ্ট হতে হিংসুকের, যখন সে হিংসা করে।” রহমান, রহীম আল্লাহর নামে। “বলুন, আমি আশ্রয় প্রার্থনা করছি মানুষের রবের, মানুষের অধিপতির, মানুষের ইলাহের কাছে, আত্মগোপনকারী কুমন্ত্রণাদাতার অনিষ্ট থেকে; যে কুমন্ত্রণা দেয় মানুষের অন্তরে, জিন্নের মধ্য থেকে এবং মানুষের মধ্য থেকে।”","আবু দাঊদ ২/৮৬, নং ১৫২৩; যতরযমিী, নং ২৯০৩; নাসাঈ ৩/৬৮, নং ১৩৩৫। আরও দদখুন, সহীহুত যতরযমিী, ২/৮। আর উপিু গি যতনযে সূ রামক ‘আি-মু‘আওয়ািাত’ বিা হয়। দদখুন, ফাতহুি বারী, ৯/৬২।","reference_recovered_from_pdftext,continued_from_previous_or_next_page","103,104,105",ok,,"প্রত্যেক সালাতের পর একবার, সূরা ইখলাস, সুরা আল-ফালাক ও সূরা আন-নাস: بِسْمِ اللَّهِ الرَّحْمٰنِ الرَّحِيمِ ۝ قُلْ هُوَ اللَّهُ أَحَدٌ ۝ اللَّهُ الصَّمَدُ ۝ لَمْ يَلِدْ وَلَمْ يُولَدْ ۝ وَلَمْ يَكُنْ لَهُ كُفُوًا"
60,২৫. সালাম ফিরানোর পর যিকিরসমূহ,106,108,৭১-(৬),اَللَّهُ لَا إِلٰهَ إِلَّا هُوَ الْحَيُّ الْقَيُّومُ ۚ لَا تَأْخُذُهُ سِنَةٌ وَلَا نَوْمٌ ۚ لَهُ مَا فِي السَّمَاوَاتِ وَمَا فِي الْأَرْضِ ۗ مَنْ ذَا الَّذِي يَشْفَعُ عِنْدَهُ إِلَّا بِإِذْنِهِ ۚ يَعْلَمُ مَا بَيْنَ أَيْدِيهِمْ وَمَا خَلْفَهُمْ ۖ وَلَا يُحِيطُونَ بِشَيْءٍ مِنْ عِلْمِهِ إِلَّا بِمَا شَاءَ ۚ وَسِعَ كُرْسِيُّهُ السَّمَاوَاتِ وَالْأَرْضَ ۖ بِمَا شَاءَ ۚ وَلَا يَؤُودُهُ حِفْظُهُمَا وَهُوَ الْعَلِيُّ الْعَظِيمُ ۝,আল্লা-হু লা- ইলা-হা ইল্লা হুওয়াল হাইয়্যুল কাইয়্যূমু লা তা’খুযুহূ সিনাতুঁও ওয়ালা নাউম। লাহু মা-ফিস্-সামা-ওয়া- তি ওয়ামা ফিল আরদ। মান যাল্লাযী ইয়াশফা‘উ ‘ইনদাহূ ইল্লা বিইযনিহী। ইয়া‘লামু মা বাইনা আইদীহিম ওয়ামা খালফাহুম। ওয়ালা ইউহীতুনা বিশাইইম মিন ‘ইলমিহী ইল্লা,"আয়াতুল কুরসী। প্রত্যেক সালাতের পর একবার। আর তা হচ্ছে, বিমা শা-আ। ওয়াসি‘আ কুরসিয়্যুহুস সামা-ওয়া-তি ওয়াল আরদ। ওয়ালা ইয়া’উদুহূ হিফযুহুমা ওয়া হুওয়াল ‘আলিয়্যুল ‘আযীম)। “আল্লাহ, তিনি ছাড়া কোনো সত্য ইলাহ নেই। তিনি চিরঞ্জীব, সর্বসত্তার ধারক। তাঁকে তন্দ্রাও স্পর্শ করতে পারে না, নিদ্রাও নয়। আসমানসমূহে যা রয়েছে ও যমীনে যা রয়েছে সবই তাঁর। কে সে, যে তাঁর অনুমতি ব্যতীত তাঁর কাছে সুপারিশ করবে? তাদের সামনে ও পিছনে যা কিছু আছে তা তিনি জানেন। আর যা তিনি ইচ্ছে করেন তা ছাড়া তাঁর জ্ঞানের কোনো কিছুকেই তারা পরিবেষ্টন করতে পারে না। তাঁর ‘কুরসী’ আসমানসমূহ ও যমীনকে পরিব্যাপ্ত করে আছে; আর এ দু’টির রক্ষণাবেক্ষণ তাঁর জন্য বোঝা হয় না। আর তিনি সুউচ্চ সুমহান।” ৯৫ হাদীসে এসেছে, “যে ব্যক্তি প্রত্যেক সালাতের পরে এটি পড়বে, তাকে মৃত্যু ব্যতীত জান্নাতে প্রবেশে আর অন্য কিছু বাধা হয়ে","হাদীমস এমসমছ, “দি বযযি প্রমতযক সািামতর পমর এযে পড়মব, তামক মৃ তুয বযতীত োন্নামত প্রমবমি আর অনয যকছু বাধা হময় দাাঁড়ামব না।” নাসাঈ, আমািু ি ইয়াওযম ওয়াল্লাইিাহ, নং ১০০; ইবনু স সু ন্নী, নং ১২১। আর িাইখ আিবানী হাদীসযেমক সহীহুি োমম‘ ৫/৩৩৯ দত এবং যসিযসিাতুি আহাদীযসস সহীহা ২/৬৯৭,","reference_recovered_from_pdftext,continued_from_previous_or_next_page","106,107,108",ok,,"আয়াতুল কুরসী। প্রত্যেক সালাতের পর একবার। আর তা হচ্ছে, اَللَّهُ لَا إِلٰهَ إِلَّا هُوَ الْحَيُّ الْقَيُّومُ ۚ لَا تَأْخُذُهُ سِنَةٌ وَلَا نَوْمٌ ۚ لَهُ مَا فِي السَّمَاوَاتِ وَمَا فِي الْأَرْضِ ۗ مَنْ ذَا الَّذِي"
61,২৫. সালাম ফিরানোর পর যিকিরসমূহ,108,108,72-(7),لَا إِلٰهَ إِلَّا اللَّهُ وَحْدَهُ لَا شَرِيكَ لَهُ، لَهُ الْمُلْكُ وَلَهُ الْحَمْدُ يُحْيِي وَيُمِيتُ وَهُوَ عَلَى كُلِّ شَيْءٍ قَدِيرٌ.,"লা ইলা-হা ইল্লাল্লা-হু ওয়াহদাহু লা শারীকা লাহু, লাহুল মুলকু ওয়াল্লাহুল হামদু ইউহয়ী ওয়াইমীতু ওয়া হুওয়া ‘আলা কুল্লি শাইইন কাদীর","“একমাত্র আল্লাহ ছাড়া কোনো হক ইলাহ নেই, তাঁর কোনো শরীক নেই, রাজত্ব তারই এবং সকল প্রশংসা তারই। তিনিই জীবিত করেন এবং মৃত্যু দান করেন। আর তিনি সকল কিছুর ওপর ক্ষমতাবান।” মাগরিব ও ফজরের সালাতের পর উপরোক্ত যিকির ১০ বার করে করবে।","যতরযমিী ৫/৫১৫, নং ৩৪৭৪; আহমাদ ৪/২২৭, নং ১৭৯৯০। হাদীসযের তাখরীমের েনয আরও দদখুন, িাদু ি মা‘আদ ১/৩০০।",reference_recovered_from_pdftext,108,ok,,"لَا إِلٰهَ إِلَّا اللَّهُ وَحْدَهُ لَا شَرِيكَ لَهُ، لَهُ الْمُلْكُ وَلَهُ الْحَمْدُ يُحْيِي وَيُمِيتُ وَهُوَ عَلَى كُلِّ شَيْءٍ قَدِيرٌ. (লা ইলা-হা ইল্লাল্লা-হু ওয়াহদাহু লা শারীকা লাহু, লাহুল মুলকু ওয়াল্লাহুল হামদু ইউহয়ী ওয়াইমীতু ওয়া হুওয়া"
62,২৫. সালাম ফিরানোর পর যিকিরসমূহ,109,109,73-(8),اَللّٰهُمَّ إِنِّي أَسْأَلُكَ عِلْمًا نَافِعًا، وَرِزْقًا طَيِّبًا، وَعَمَلًا مُتَقَبَّلًا.,আল্লা-হুম্মা ইন্নী আসআলুকা ‘ইলমান না-ফি‘আন ওয়া রিযকান ত্বাইয়িবান ওয়া ‘আমালান মুতাকাব্বালান,"“হে আল্লাহ! আমি আপনার নিকট উপকারী জ্ঞান, পবিত্র রিযিক এবং কবুলযোগ্য আমল প্রার্থনা করি।” এটি ফজর সালাতের সালাম ফিরানোর পর পড়বে।","ইবন মাোহ, নং ৯২৫; নাসাঈ, তাাঁর আমািু ি ইয়াওযম ওয়াল্লাইিাহ গ্রমে, হাদীস নং ১০২। আরও দদখুন, সহীহ ইবন মাোহ, ১/১৫২; মােমাউি িাওয়াইদ, ১০/১১১। তাছাড়া অযচমরই ৯৫ নং হাদীমসও আসমব।",reference_recovered_from_pdftext,109,ok,,اَللّٰهُمَّ إِنِّي أَسْأَلُكَ عِلْمًا نَافِعًا، وَرِزْقًا طَيِّبًا، وَعَمَلًا مُتَقَبَّلًا. (আল্লা-হুম্মা ইন্নী আসআলুকা ‘ইলমান না-ফি‘আন ওয়া রিযকান ত্বাইয়িবান ওয়া ‘আমালান মুতাকাব্বালান)।
63,২৭. সকাল ও বিকালের যিকিরসমূহ,114,116,৭৫-(১),أَعُوذُ بِاللَّهِ مِنَ الشَّيْطَانِ الرَّجِيمِ ۝ اللَّهُ لَا إِلٰهَ إِلَّا هُوَ الْحَيُّ الْقَيُّومُ ۚ لَا تَأْخُذُهُ سِنَةٌ وَلَا نَوْمٌ وَلَا نَوْمٌ ۚ لَهُ مَا فِي السَّمَاوَاتِ وَمَا فِي الْأَرْضِ ۗ مَنْ ذَا الَّذِي يَشْفَعُ عِنْدَهُ إِلَّا بِإِذْنِهِ ۚ يَعْلَمُ مَا بَيْنَ أَيْدِيهِمْ وَمَا خَلْفَهُمْ ۖ وَلَا يُحِيطُونَ بِشَيْءٍ مِنْ عِلْمِهِ إِلَّا بِمَا شَاءَ ۚ وَسِعَ كُرْسِيُّهُ السَّمَاوَاتِ وَالْأَرْضَ ۖ,আল্লা-হু লা- ইলা-হা ইল্লা হুওয়াল হাইয়্যুল কাইয়্যূমু লা তা’খুযুহূ সিনাতুঁও ওয়ালা নাউম। লাহু মা-ফিসসামা-ওয়া- তি ওয়ামা ফিল আরদ। মান ইয়াশফা‘উ ‘ইনদাহূ ইল্লা বিইযনিহী। ইয়া‘লামু মা বাইনা আইদীহিম ওয়ামা খালফাহুম। ওয়ালা ইউহীতুনা বিশাইইম মিন ‘ইলমিহী ইল্লা বিমা শা-আ। ওয়াসি‘আ কুরসিয়্যুহুস সামা-ওয়া-তি ওয়াল,"আয়াতুল কুরসী: ১০০ আনাস রাদিয়াল্লাহু ‘আনহু থেকে বর্ণিত, তিনি হাদীসটিকে রাসূল সাল্লাল্লাহু আলাইহি ওয়াসাল্লাম থেকে মারফূ‘ হিসেবে বর্ণনা করেছেন, “কোনো গোষ্ঠী যারা যিকির করবে, তাদের সাথে ফজরের সালাতের পর সূর্য উদয় পর্যন্ত সময় বসা আমার কাছে ইসমাঈলের বংশধরদের চার জন দাস মুক্তির থেকেও বেশি প্রিয়। অনুরূপভাবে কোনো গোষ্ঠী যারা যিকির করবে, তাদের সাথে আসরের সালাতের পর সূর্য ডুবা পর্যন্ত সময় বসা আমার কাছে চার “আল্লাহ, তিনি ছাড়া কোনো সত্য ইলাহ নেই। তিনি চিরঞ্জীব, সর্বসত্তার ধারক। তাঁকে তন্দ্রাও স্পর্শ করতে পারে না, নিদ্রাও নয়। আসমানসমূহে যা রয়েছে ও যমীনে যা রয়েছে সবই তাঁর। কে সে, যে তাঁর অনুমতি ব্যতীত তাঁর কাছে সুপারিশ করবে? তাদের সামনে ও পিছনে যা কিছু আছে তা তিনি জানেন। আর যা তিনি ইচ্ছে করেন তা ছাড়া তাঁর জ্ঞানের কোনো কিছুকেই তারা পরিবেষ্টন করতে পারে না। তাঁর ‘কুরসী’ আসমানসমূহ ও যমীনকে পরিব্যাপ্ত করে আছে; আর এ দু’টির রক্ষণাবেক্ষণ তাঁর জন্য বোঝা হয় না। আর তিনি সুউচ্চ সুমহান।”","সূ রা আি-বাকারাহ, ২৫৫। দি বযযি সকামি তা বিমব দস যবকাি হওয়া পিগন্ত যেন্ন িয়তান দেমক আল্লাহর আশ্রময় োকমব, আর দি বযযি যবকামি তা বিমব দস সকাি হওয়া পিগন্ত যেন িয়তান দেমক আল্লাহর আশ্রময় োকমব। হাদীসযে হাযকম সংকিন কমরমছন, ১/৫৬২। আর িাইখ আিবানী এমক সহীহুত তারর্ীব ওয়াত-তারহীমব সহীহ বমিমছন ১/২৭৩। আর যতযন এমক নাসাঈ, তাবারানীর যদমক সম্পকগিুি কমরমছন এবং বমিমছন, তাবারানীর সনদ ‘োইময়যদ’ বা ভামিা।","reference_recovered_from_pdftext,continued_from_previous_or_next_page","114,115,116",ok,,"আয়াতুল কুরসী: أَعُوذُ بِاللَّهِ مِنَ الشَّيْطَانِ الرَّجِيمِ ۝ اللَّهُ لَا إِلٰهَ إِلَّا هُوَ الْحَيُّ الْقَيُّومُ ۚ لَا تَأْخُذُهُ سِنَةٌ وَلَا نَوْمٌ ১০০ আনাস রাদিয়াল্লাহু ‘আনহু থেকে বর্ণিত, তিনি হাদীসটিকে রাসূল"
64,২৭. সকাল ও বিকালের যিকিরসমূহ,116,119,৭৬-(২),بِسْمِ اللَّهِ الرَّحْمٰنِ الرَّحِيمِ ۝ قُلْ هُوَ اللَّهُ أَحَدٌ ۝ اللَّهُ الصَّمَدُ ۝ لَمْ يَلِدْ وَلَمْ يُولَدْ ۝ وَلَمْ يَكُنْ لَهُ كُفُوًا أَحَدٌ ۝ بِسْمِ اللَّهِ الرَّحْمٰنِ الرَّحِيمِ ۝ قُلْ أَعُوذُ بِرَبِّ الْفَلَقِ ۝ مِنْ شَرِّ مَا خَلَقَ ۝ وَمِنْ شَرِّ غَاسِقٍ إِذَا وَقَبَ ۝ وَمِنْ شَرِّ النَّفَّاثَاتِ فِي الْعُقَدِ ۝ وَمِنْ شَرِّ حَاسِدٍ إِذَا حَسَدَ ۝ بِسْمِ اللَّهِ الرَّحْمٰنِ الرَّحِيمِ ۝ قُلْ أَعُوذُ بِرَبِّ النَّاسِ ۝ مَلِكِ النَّاسِ ۝ إِلٰهِ النَّاسِ ۝ مِنْ شَرِّ الْوَسْوَاسِ الْخَنَّاسِ ۝ الَّذِي يُوَسْوِسُ فِي صُدُورِ النَّاسِ ۝ مِنَ الْجِنَّةِ وَالنَّاسِ ۝,"তিনবার করে পাঠ করবে):১০২ ১০১ সূরা আল-বাকারাহ্‌, ২৫৫। যে ব্যক্তি সকালে তা বলবে সে বিকাল হওয়া পর্যন্ত জিন্ন শয়তান থেকে আল্লাহর আশ্রয়ে থাকবে, আর যে ব্যক্তি বিকালে তা বলবে সে সকাল হওয়া পর্যন্ত জিন শয়তান থেকে আল্লাহর আশ্রয়ে থাকবে। হাদীসটি হাকিম সংকলন করেছেন, ১/৫৬২। আর শাইখ আলবানী একে সহীহুত তারগীব বিসমিল্লা-হির রাহমা-নির রাহীম (কুল হুওয়াল্লা-হু আহাদ আল্লা-হুস সামাদ। লাম ইয়ালিদ ওয়া লাম ইউলাদ। ওয়া লাম ইয়াকুল্লাহূ কুফুওয়ান আহাদ বিসমিল্লা-হির রাহমা-নির রাহীম (কুল আ‘উযু বিরাব্বিল ফালাক। মিন শাররি মা খালাক। ওয়া মিন শাররি গা- সিকিন ইযা ওয়াকাব। ওয়া মিন শাররিন নাফ্ফা-সা-তি ফিল ‘উকাদ। ওয়া মিন শাররি হা-সিদিন ইযা হাসাদ বিসমিল্লা-হির রাহমা-নির রাহীম (কুল আ‘উযু বিরাব্বিন্-না-স মালিকিন্-না-সি, ইলা-হিন্-না-সি, মিন শাররিল ওয়াসওয়া-সিল খান্না-সি, আল্লাযী ইউওয়াস্ওয়িসু ফী সুদুরিন না-সি, মিনাল জিন্নাতি ওয়ান্-না-স","সূরা ইখলাস, সূরা আল-ফালাক ও সূরা আন-নাস রহমান, রহীম আল্লাহর নামে। “বলুন, তিনি আল্লাহ, এক- অদ্বিতীয়। আল্লাহ হচ্ছেন ‘সামাদ’ (তিনি কারো মুখাপেক্ষী নন, সকলেই তাঁর মুখাপেক্ষী)। তিনি কাউকেও জন্ম দেন নি এবং তাঁকেও জন্ম দেওয়া হয় নি। আর তাঁর সমতুল্য কেউই নেই।” তিনবার করে বলবে, এটাই আপনার সবকিছুর জন্য যথেষ্ট হবে। রহমান, রহীম আল্লাহর নামে। “বলুন, আমি আশ্রয় প্রার্থনা করছি ঊষার রবের। তিনি যা সৃষ্টি করেছেন তার অনিষ্ট হতে। আর অনিষ্ট থেকে রাতের অন্ধকারের, যখন তা গভীর হয়। আর অনিষ্ট থেকে সকল নারীদের, যারা গিরায় ফুঁক দেয়। আর অনিষ্ট থেকে হিংসুকের, যখন সে হিংসা করে।” রহমান, রহীম আল্লাহর নামে। “বলুন, আমি আশ্রয় প্রার্থনা করছি মানুষের রবের, মানুষের অধিপতির, মানুষের ইলাহের কাছে, আত্মগোপনকারী কুমন্ত্রণাদাতার অনিষ্ট থেকে; যে কুমন্ত্রণা দেয় মানুষের অন্তরে, জিন্নের মধ্য থেকে এবং মানুষের মধ্য থেকে।”","ওয়াত-তারহীবে সহীহ বলেছেন ১/২৭৩। আর তিনি একে নাসাঈ, তাবারানীর দিকে সম্পর্কযুক্ত করেছেন এবং বলেছেন, তাবারানীর সনদ ‘জাইয়্যেদ’ বা ভালো। ১০২ হাদীসে এসেছে, রাসূল বললেন, যে ব্যক্তি সকাল ও বিকালে ‘কুল হুআল্লাহু আহাদ’ (সূরা ইখলাস), “সূরা ফালাক’ ও ‘সূরা নাস’ আর দাউদ ৪/৩২২, নং ৫০৮২; তিরমিযী ৫/৫৬৭, নং ৩৫৭৫। আরও দেখুন, সহীহুত তিরমিযী, ৩/১৮২।",continued_from_previous_or_next_page,"116,117,118,119",ok,,"সূরা ইখলাস, সূরা আল-ফালাক ও সূরা আন-নাস (তিনবার করে পাঠ করবে):১০২ ১০১ সূরা আল-বাকারাহ্‌, ২৫৫। যে ব্যক্তি সকালে তা বলবে সে বিকাল হওয়া পর্যন্ত জিন্ন শয়তান থেকে আল্লাহর আশ্রয়ে থাকবে,"
65,২৭. সকাল ও বিকালের যিকিরসমূহ,119,122,77-(3),أَصْبَحْنَا وَأَصْبَحَ الْمُلْكُ لِلَّهِ وَالْحَمْدُ لِلَّهِ، لَا إِلٰهَ إِلَّا اللَّهُ وَحْدَهُ لَا شَرِيكَ لَهُ، لَهُ الْمُلْكُ وَلَهُ الْحَمْدُ وَهُوَ عَلَى كُلِّ شَيْءٍ قَدِيرٌ، رَبِّ أَسْأَلُكَ خَيْرَ مَا فِي هٰذَا الْيَوْمِ وَخَيْرَ مَا بَعْدَهُ، وَأَعُوذُ بِكَ مِنْ شَرِّ مَا فِي هٰذَا الْيَوْمِ وَشَرِّ مَا بَعْدَهُ، رَبِّ أَعُوذُ بِكَ مِنَ الْكَسَلِ وَسُوءِ الْكِبَرِ، رَبِّ أَعُوذُ بِكَ مِنْ عَذَابٍ فِي النَّارِ وَعَذَابٍ فِي الْقَبْرِ. أَمْسَيْنَا وَأَمْسَى الْمُلْكُ لِلَّهِ,"আসবাহনা ওয়া আসবাহাল মুলকু লিল্লা-হি ওয়ালহামদু লিল্লাহ, লা- ইলা-হা ইল্লাল্লা-হু ওয়াহদাহু লা শারীকা লাহু, লাহুল মুলকু ওয়া লাহুল হামদু, ওয়া হুওয়া ‘আলা কুল্লি শাইইন কাদীর। রাব্বি আসআলুকা খাইরা মা ফী হা-যাল ইয়াওমি ওয়া খাইরা মা বা‘দাহু, ওয়া আ‘উযু বিকা মিন শাররি মা ফী হা-যাল ইয়াওমি ওয়া শাররি মা বা‘দাহু, ১০৩ বিকালে বলবে, আমসাইনা ওয়া আমসাল মুলকু লিল্লাহি) অর্থঃ “আমরা আল্লাহর জন্য বিকালে উপনীত হয়েছি, আর সকল রাজত্বও তাঁরই অধীনে বিকালে উপনীত হয়েছে।” ১০৪ আর যখন বিকাল হবে, তখন বলবে, রাব্বি আ‘উযু বিকা মিনাল কাসালি ওয়া সুঁইল-কিবারি রাব্বি আ‘উযু বিকা মিন ‘আযাবিন ফিন্না-রি ওয়া ‘আযাবিন ফিল কাবারি","“আমরা সকালে উপনীত হয়েছি, অনুরূপ যাবতীয় রাজত্বও সকালে উপনীত হয়েছে, আল্লাহর জন্য। সমুদয় প্রশংসা আল্লাহর জন্য। একমাত্র আল্লাহ ছাড়া কোনো হক ইলাহ নেই, তাঁর কোনো শরীক নেই। রাজত্ব তাঁরই এবং প্রশংসাও তাঁর, আর তিনি সকল কিছুর ওপর ক্ষমতাবান। হে রব! এই দিনের মাঝে এবং এর পরে যা কিছু কল্যাণ আছে আমি আপনার নিকট তা প্রার্থনা করি। আর (রাব্বি আসআলুকা খাইরা মা ফী হা-যিহিল্লাইলাতি ও খাইরা মা বা‘দাহা, ওয়া আ‘উযু বিকা মিন শাররি মা ফী হা-যিহিল লাইলাতি, ওয়া শাররি মা বা‘দাহা) “হে রব, আমি আপনার কাছে এ রাতের মাঝে ও এর পরে যে কল্যাণ রয়েছে, তা প্রার্থনা করি। আর এ রাত ও এর পরে যে অকল্যাণ রয়েছে, তা থেকে আশ্রয় প্রার্থনা করি।” এই দিনের মাঝে এবং এর পরে যা কিছু অকল্যাণ আছে, তা থেকে আমি আপনার আশ্রয় চাই। হে রব্ব! আমি আপনার কাছে আশ্রয় চাই অলসতা ও খারাপ বার্ধক্য থেকে। হে রব্ব! আমি আপনার কাছে আশ্রয় চাই জাহান্নামে আযাব হওয়া থেকে এবং কবরে আযাব হওয়া থেকে।”","মুসযিম, ৪/২০৮৮, নং ২৭২৩।","reference_recovered_from_pdftext,continued_from_previous_or_next_page","119,120,121,122",ok,,أَصْبَحْنَا وَأَصْبَحَ الْمُلْكُ لِلَّهِ وَالْحَمْدُ لِلَّهِ، لَا إِلٰهَ إِلَّا اللَّهُ وَحْدَهُ لَا شَرِيكَ لَهُ، لَهُ الْمُلْكُ وَلَهُ الْحَمْدُ وَهُوَ عَلَى كُلِّ شَيْءٍ قَدِيرٌ، رَبِّ أَسْأَلُكَ خَيْرَ مَا فِي هٰذَا الْيَوْمِ وَخَيْرَ مَا بَعْدَهُ، وَأَعُوذُ بِكَ مِنْ شَرِّ مَا فِي هٰذَا الْيَوْ
66,২৭. সকাল ও বিকালের যিকিরসমূহ,122,123,78-(4),اَللّٰهُمَّ بِكَ أَصْبَحْنَا، وَبِكَ أَمْسَيْنَا، وَبِكَ نَحْيَا، وَبِكَ نَمُوتُ وَإِلَيْكَ النُّشُورُ. اَللّٰهُمَّ بِكَ أَمْسَيْنَا، وَبِكَ أَصْبَحْنَا، وَبِكَ نَحْيَا، وَبِكَ نَمُوتُ وَإِلَيْكَ الْمَصِيرُ.,"আল্লা-হুম্মা বিকা আসবাহনা ওয়াবিকা আমসাইনা ওয়াবিকা নাহইয়া, ওয়াবিকা নামূতু ওয়া ইলাইকার নুশূর)।১০৬ আল্লা-হুম্মা বিকা আমসাইনা ওয়াবিকা আসবাহনা ওয়াবিকা নাহইয়া, ওয়াবিকা নামূতু ওয়া ইলাইকাল মাসীর","“হে আল্লাহ! আমরা আপনার জন্য সকালে উপনীত হয়েছি এবং আপনারই জন্য আমরা বিকালে উপনীত হয়েছি। আর আপনার দ্বারা আমরা জীবিত থাকি, আপনার দ্বারাই আমরা মারা যাব, আর আপনার দিকেই উত্থিত হব।”","। আর যবকাি হমি রাসূ িুল্লাহ সাল্লাল্লাহু আিাইযহ ওয়াসাল্লাম বিমতন: . َوإَ َل ْي َك اْلَْ َص ْ ُي، َوبَ َك ن َُم ْو ُت،َح َيا ْ َوبَ َك ن، َوبَ َك َأ ْص َب ْحنَا،َال هل ُه هم بَ َك َأ ْم َس ْينَا যতরযমিী, ৫/৪৬৬, নং ৩৩৯১। আরও দদখুন, সহীহুত যতরযমিী, ৩/১৪২।","reference_recovered_from_pdftext,continued_from_previous_or_next_page","122,123",ok,,"اَللّٰهُمَّ بِكَ أَصْبَحْنَا، وَبِكَ أَمْسَيْنَا، وَبِكَ نَحْيَا، وَبِكَ نَمُوتُ وَإِلَيْكَ النُّشُورُ. (আল্লা-হুম্মা বিকা আসবাহনা ওয়াবিকা আমসাইনা ওয়াবিকা নাহইয়া, ওয়াবিকা নামূতু ওয়া ইলাইকার নুশূর)।১০৬"
67,২৭. সকাল ও বিকালের যিকিরসমূহ,123,125,৭৯-(৫),اَللّٰهُمَّ أَنْتَ رَبِّي لَا إِلٰهَ إِلَّا أَنْتَ خَلَقْتَنِي وَأَنَا عَبْدُكَ، وَأَنَا عَلَى عَهْدِكَ وَوَعْدِكَ مَا اسْتَطَعْتُ، أَعُوذُ بِكَ مِنْ شَرِّ مَا صَنَعْتُ، أَبُوءُ لَكَ بِنِعْمَتِكَ عَلَيَّ، وَأَبُوءُ بِذَنْبِي، فَاغْفِرْ لِي، فَإِنَّهُ لَا يَغْفِرُ الذُّنُوبَ إِلَّا أَنْتَ.,"আল্লা-হুম্মা আনতা রব্বী লা ইলা-হা ইল্লা আনতা খালাকতানী ওয়া আনা ‘আব্দুকা ওয়া আনা ‘আলা ‘আহদিকা ওয়া ওয়া‘দিকা মাসতাতা‘তু। আ‘উযু বিকা মিন শাররি মা সানা‘তু, আবূউ’ লাকা বিনি‘মাতিকা ‘আলাইয়্যা, ওয়া আবূউ’ বিযানবী, ফাগফির লী, ফাইন্নাহূ লা ইয়াগফিরুয্ যুনূবা ইল্লা আনতা","[সায়্যিদুল ইসতিগফার:] “হে আল্লাহ! আপনি আমার রব, আপনি ছাড়া আর কোনো হক ইলাহ নেই। আপনি আমাকে সৃষ্টি করেছেন এবং আমি আপনার বান্দা। আর আমি আমার সাধ্য মতো আপনার (তাওহীদের) অঙ্গীকার ও (জান্নাতের) প্রতিশ্রুতির ওপর রয়েছি। আমি আমার কৃতকর্মের অনিষ্ট থেকে আপনার আশ্রয় চাই। আপনি আমাকে আপনার যে ১০৮ অর্থাৎ আমি স্বীকার করছি ও মেনে নিচ্ছি। নিয়ামত দিয়েছেন তা আমি স্বীকার করছি, আর আমি স্বীকার করছি আমার অপরাধও। অতএব, আপনি আমাকে মাফ করুন। নিশ্চয় আপনি ছাড়া আর কেউ গুনাহসমূহ মাফ করে না।” “যে ব্যক্তি সকালবেলা অথবা সন্ধ্যাবেলা এটি (সায়্যিদুল ইসতিগফার) অর্থ বুঝে দৃঢ় বিশ্বাসসহকারে পড়বে, সে এ দিন","“দি বযযি সকািমবিা অেবা সন্ধযামবিা এযে (‘সাযয়যদু ি ইসযতর্ফার’) অেগ বু মে দৃ ঢ় যবর্শ্াসসহকামর পড়মব, দস ঐ যদন রামত বা যদমন মারা দর্মি অবিযই োন্নামত িামব।” বু খারী, ৭/১৫০, নং ৬৩০৬।","reference_recovered_from_pdftext,continued_from_previous_or_next_page","123,124,125",ok,,"[সায়্যিদুল ইসতিগফার:] اَللّٰهُمَّ أَنْتَ رَبِّي لَا إِلٰهَ إِلَّا أَنْتَ خَلَقْتَنِي وَأَنَا ১০৭ তিরমিযী, ৫/৪৬৬, নং ৩৩৯১। আরও দেখুন, সহীহুত তিরমিযী, ৩/১৪২।"
68,২৭. সকাল ও বিকালের যিকিরসমূহ,125,127,80-(6),"اَللّٰهُمَّ إِنِّي أَصْبَحْتُ أُشْهِدُكَ، وَأُشْهِدُ حَمَلَةَ عَرْشِكَ، وَمَلَائِكَتَكَ، وَجَمِيعَ خَلْقِكَ، أَنَّكَ أَنْتَ اللَّهُ لَا إِلٰهَ إِلَّا أَنْتَ وَحْدَكَ لَا شَرِيكَ لَكَ، وَأَنَّ مُحَمَّدًا عَبْدُكَ وَرَسُولُكَ. (৪ বার) ১১০ আর যখন বিকাল হবে, তখন বলবে, اَللّٰهُمَّ إِنِّي أَمْسَيْتُ (আল্লা-হুম্মা","আল্লা-হুম্মা ইন্নী আসবাহতু উশহিদুকা ওয়া উশহিদু হামালাতা ‘আরশিকা ওয়া মালা-ইকাতিকা ওয়া জামী‘আ খালকিকা, আন্নাকা আনতাল্লা-হু লা ইলা-হা ইল্লা আনতা ওয়াহদাকা লা শারীকা লাকা, ওয়া আন্না মুহাম্মাদান ‘আবদুকা ওয়া রাসূলুকা) [৪ বার]","“হে আল্লাহ! আমি সকালে উপনীত হয়েছি। আপনাকে আমি সাক্ষী রাখছি, আরও সাক্ষী রাখছি আপনার ‘আরশ’ বহনকারীদেরকে, আপনার ফিরিশতাগণকে ও আপনার সকল সৃষ্টিকে, (এর উপর) যে- নিশ্চয় আপনিই আল্লাহ, একমাত্র আপনি ছাড়া আর কোনো হক ইলাহ নেই, আপনার কোনো শরীক নেই, ইন্নী আমসাইতু) অর্থাৎ, “হে আল্লাহ আমি বিকালে উপনীত হয়েছি”। আর মুহাম্মাদ সাল্লাল্লাহু আলাইহি ওয়াসাল্লাম আপনার বান্দা ও রাসূল।” (৪ বার)","দি বযযি সকামি অেবা যবকামি তা চারবার বিমব, আল্লাহ তামক োহান্নামমর আগুন দেমক মুি করমবন। আবূ দাউদ ৪/৩১৭, নং ৫০৭১; বু খারী, আি-আদাবু ি মুফরাদ, নং ১২০১; নাসাঈ, ‘আমািু ি ইয়াওযম ওয়াি িাইিাহ, নং ৯; ইবনু স সু ন্নী, নং ৭০। সম্মাযনত িাইখ আবদু ি আিীি ইবন বাি রামহমাহুল্লাহ তাাঁর তুহফাতুি আখইয়ার গ্রমের পৃ . ২৩ এ নাসাঈ ও আবূ দাউমদর সনদমক হাসান বমিমছন।","reference_recovered_from_pdftext,continued_from_previous_or_next_page","125,126,127",ok,,اَللّٰهُمَّ إِنِّي أَصْبَحْتُ أُشْهِدُكَ، وَأُشْهِدُ حَمَلَةَ عَرْشِكَ، وَمَلَائِكَتَكَ، وَجَمِيعَ خَلْقِكَ، أَنَّكَ أَنْتَ اللَّهُ لَا إِلٰهَ إِلَّا أَنْتَ وَحْدَكَ لَا شَرِيكَ لَكَ، وَأَنَّ مُحَمَّدًا عَبْدُكَ وَرَسُولُكَ. (৪ বার)
69,২৭. সকাল ও বিকালের যিকিরসমূহ,127,128,81-(7),اَللّٰهُمَّ مَا أَصْبَحَ بِي مِنْ نِعْمَةٍ أَوْ بِأَحَدٍ مِنْ خَلْقِكَ فَمِنْكَ وَحْدَكَ لَا شَرِيكَ لَكَ، فَلَكَ الْحَمْدُ وَلَكَ الشُّكْرُ.,"আল্লা-হুম্মা মা আসবাহা বী মিন নি‘মাতিন আও বিআহাদিন মিন খালকিকা ফামিনকা ওয়াহদাকা লা শারীকা লাকা, ফালাকাল হামদু ওয়ালাকাশ শুকরু","১১১ যে ব্যক্তি সকালে অথবা বিকালে তা চারবার বলবে, আল্লাহ তাকে “হে আল্লাহ! যে নিয়ামত আমার সাথে সকালে উপনীত হয়েছে, অথবা আপনার সৃষ্টির অন্য কারও সাথে; এসব নিয়ামত কেবল আপনার নিকট থেকেই, আপনার কোনো শরীক নেই। সুতরাং সকল প্রশংসা আপনারই। আর সকল কৃতজ্ঞতা আপনারই প্রাপ্য।”",যমন যন‘মাযতন...) অেগাৎ “দহ আল্লাহ! দি দনয়ামত আমার সামে যবকামি উপনীত হময়মছ...।”,"reference_recovered_from_pdftext,continued_from_previous_or_next_page","127,128",ok,,اَللّٰهُمَّ مَا أَصْبَحَ بِي مِنْ نِعْمَةٍ أَوْ بِأَحَدٍ مِنْ خَلْقِكَ فَمِنْكَ وَحْدَكَ لَا شَرِيكَ لَكَ، فَلَكَ الْحَمْدُ وَلَكَ الشُّكْرُ. (আল্লা-হুম্মা মা আসবাহা বী মিন নি‘মাতিন আও বিআহাদিন মিন খালকিকা ফামিনকা ওয়াহদাকা লা
70,২৭. সকাল ও বিকালের যিকিরসমূহ,128,130,82-(8),"اَللّٰهُمَّ عَافِنِي فِي بَدَنِي، اَللّٰهُمَّ عَافِنِي فِي سَمْعِي، اَللّٰهُمَّ عَافِنِي فِي بَصَرِي، لَا إِلٰهَ إِلَّا أَنْتَ. اَللّٰهُمَّ إِنِّي أَعُوذُ ১১২ আর বিকাল হলে বলবে, اَللّٰهُمَّ مَا أَمْسَى بِي (আল্লা-হুম্মা মা আমসা বী مِنَ الْكُفْرِ، وَالْفَقْرِ، وَأَعُوذُ بِكَ مِنْ عَذَابِ الْقَبْرِ، لَا إِلٰهَ إِلَّا أَنْتَ. (৩ বার)","আল্লা-হুম্মা ‘আ-ফিনী ফী বাদানী, আল্লা-হুম্মা ‘আ-ফিনী ফী সাম‘ঈ, আল্লা-হুম্মা ‘আ-ফিনী ফী বাসারী। লা ইলা-হা ইল্লা আনতা। আল্লা-হুম্মা ইন্নী আ‘উযু বিকা মিনাল কুফরি ওয়াল-ফাকরি ওয়া আ‘উযু বিকা মিন ‘আযা-বিল কাবরি, লা ইলাহা ইল্লা আনতা)। (৩ বার",মিন নি‘মাতিন...) অর্থাৎ “হে আল্লাহ! যে নেয়ামত আমার সাথে বিকালে উপনীত হয়েছে...”। ১১৩ যে ব্যক্তি সকালবেলায় উপরোক্ত দো‘আ পাঠ করলো সে যেনো সেই দিনের শুকরিয়া আদায় করলো। আর যে ব্যক্তি বিকালবেলা এ দো‘আ পাঠ করলো সে যেনো রাতের শুকরিয়া আদায় করলো। “হে আল্লাহ! আমাকে নিরাপত্তা দিন আমার শরীরে। হে আল্লাহ! আমাকে নিরাপত্তা দিন আমার শ্রবণশক্তিতে। হে আল্লাহ! আমাকে নিরাপত্তা দিন আমার দৃষ্টিশক্তিতে। আপনি ছাড়া কোনো হক ইলাহ নেই। হে আল্লাহ! আমি আপনার কাছে আশ্রয় চাই কুফরি ও দারিদ্র্য থেকে। আর আমি আপনার আশ্রয় চাই কবরের আযাব থেকে। আপনি ছাড়া আর কোনো হক ইলাহ নেই।” (৩ বার),"আবূ দাউদ ৪/৩২৪, নং ৫০৯২; আহমাদ ৫/৪২, নং ২০৪৩০; নাসাঈ, আমািু ি ইয়াওযম ওয়াল্লাইিাহ, নং ২২; ইবনু স সু ন্নী, নং ৬৯; বু খারী, আি-আদাবু ি মুফরাদ, নং ৭০১। আর িাইখ আল্লামা ইবন বাি রাযহমাহুল্লাহ ‘তুহফাতুি আখইয়ার’ গ্রমের পৃ . ২৬ এ এর সনদমক হাসান বমিমছন।","reference_recovered_from_pdftext,continued_from_previous_or_next_page","128,129,130",ok,,"اَللّٰهُمَّ عَافِنِي فِي بَدَنِي، اَللّٰهُمَّ عَافِنِي فِي سَمْعِي، اَللّٰهُمَّ عَافِنِي فِي بَصَرِي، لَا إِلٰهَ إِلَّا أَنْتَ. اَللّٰهُمَّ إِنِّي أَعُوذُ ১১২ আর বিকাল হলে বলবে, اَللّٰهُمَّ مَا أَمْسَى بِي (আল্লা-হুম্মা মা আমসা বী মিন নি‘মাতিন...) অর্থাৎ “হে আল্লাহ! যে নেয়ামত আমার সাথে"
71,২৭. সকাল ও বিকালের যিকিরসমূহ,130,131,83-(9),حَسْبِيَ اللَّهُ لَا إِلٰهَ إِلَّا هُوَ عَلَيْهِ تَوَكَّلْتُ وَهُوَ رَبُّ الْعَرْشِ الْعَظِيمِ. (৭ বার),"হাসবিয়াল্লা-হু লা ইলা-হা ইল্লা হুওয়া, ‘আলাইহি তাওয়াক্কালতু, ওয়া হুওয়া রব্বুল ‘আরশিল ‘আযীম) (৭ বার","“আল্লাহই আমার জন্য যথেষ্ট, তিনি ছাড়া আর কোনো হক ইলাহ নেই। আমি তাঁর ওপরই ভরসা করি। আর তিনি মহান ‘আরশের রব্ব।” (৭ বার)",দি বযযি দদা‘আযে সকািমবিা সাতবার এবং যবকািমবিা সাতবার বিমব তার দু যনয়া ও আমখরামতর সকি যচন্তাভাবনার,"reference_recovered_from_pdftext,continued_from_previous_or_next_page","130,131",ok,,"حَسْبِيَ اللَّهُ لَا إِلٰهَ إِلَّا هُوَ عَلَيْهِ تَوَكَّلْتُ وَهُوَ رَبُّ الْعَرْشِ الْعَظِيمِ. (৭ বার) (হাসবিয়াল্লা-হু লা ইলা-হা ইল্লা হুওয়া, ‘আলাইহি তাওয়াক্কালতু, ওয়া হুওয়া রব্বুল ‘আরশিল ‘আযীম) (৭ বার)"
72,২৭. সকাল ও বিকালের যিকিরসমূহ,131,133,84-(10),اَللّٰهُمَّ إِنِّي أَسْأَلُكَ الْعَفْوَ وَالْعَافِيَةَ فِي الدُّنْيَا وَالْآخِرَةِ، اَللّٰهُمَّ إِنِّي أَسْأَلُكَ الْعَفْوَ وَالْعَافِيَةَ فِي دِينِي وَدُنْيَايَ، وَأَهْلِي، وَمَالِي، اَللّٰهُمَّ اسْتُرْ عَوْرَاتِي، وَآمِنْ رَوْعَاتِي، اَللّٰهُمَّ احْفَظْنِي مِنْ بَيْنِ يَدَيَّ وَمِنْ خَلْفِي، وَعَنْ يَمِينِي وَعَنْ شِمَالِي، وَمِنْ فَوْقِي. وَأَعُوذُ بِعَظَمَتِكَ أَنْ أُغْتَالَ مِنْ تَحْتِي.,"আল্লা-হুম্মা ইন্নী আসআলুকাল ‘আফওয়া ওয়াল- ‘আ- ফিয়াতা ফিদ-দুনইয়া ওয়াল আ-খিরাতি। আল্লা-হুম্মা ইন্নী আসআলুকাল ‘আফওয়া ওয়াল-আ-ফিয়াতা ফী দীনী ওয়া দুনইয়াইয়া, ওয়া আহলী ওয়া মা-লী। আল্লা-হুম্মাসতুর ‘আওরা-তী ওয়া আ-মিন রাও‘আ-তি। আল্লা-হুম্মাহফাযনী মিন বাইনী ইয়াদাইয়্যা ওয়া মিন খালফী ওয়া ‘আন ইয়ামিনী ওয়া শিমা-লী ওয়া মিন ফাওকী। ওয়া আ‘উযু বি‘আযামাতিকা আন উগতা-লা মিন তাহতী","“হে আল্লাহ! আমি আপনার নিকট দুনিয়া ও আখেরাতে ক্ষমা ও নিরাপত্তা প্রার্থনা করছি। হে আল্লাহ! আমি আপনার নিকট ক্ষমা এবং নিরাপত্তা চাচ্ছি আমার দীন, দুনিয়া, পরিবার ও অর্থ-সম্পদের। হে আল্লাহ! আপনি আমার গোপন ক্রটিসমূহ ঢেকে রাখুন, আমার উদ্বিগ্নতাকে রূপান্তরিত করুন নিরাপত্তায়। হে আল্লাহ! আপনি আমাকে হিফাযত করুন আমার সামনের দিক থেকে, আমার পিছনের দিক থেকে, আমার ডান দিক থেকে, আমার বাম দিক থেকে এবং আমার উপরের দিক থেকে। আর আপনার মহত্ত্বের উসীলায় আশ্রয় চাই আমার নিচ থেকে হঠাৎ আক্রান্ত হওয়া থেকে।”","আবূ দাউদ, নং ৫০৭৪; ইবন মাোহ, নং ৩৮৭১। আরও দদখুন, সহীহ ইবন মাোহ ২/৩৩২।","reference_recovered_from_pdftext,continued_from_previous_or_next_page","131,132,133",ok,,اَللّٰهُمَّ إِنِّي أَسْأَلُكَ الْعَفْوَ وَالْعَافِيَةَ فِي الدُّنْيَا وَالْآخِرَةِ، اَللّٰهُمَّ إِنِّي أَسْأَلُكَ الْعَفْوَ وَالْعَافِيَةَ فِي دِينِي وَدُنْيَايَ، وَأَهْلِي، وَمَالِي، اَللّٰهُمَّ اسْتُرْ عَوْرَاتِي، وَآمِنْ رَوْعَاتِي، اَللّٰهُمَّ احْفَظْنِي مِنْ بَيْنِ يَدَيَّ وَمِنْ خَلْفِي، وَعَن
73,২৭. সকাল ও বিকালের যিকিরসমূহ,133,134,85-(11),اَللّٰهُمَّ عَالِمَ الْغَيْبِ وَالشَّهَادَةِ فَاطِرَ السَّمَاوَاتِ وَالْأَرْضِ رَبَّ كُلِّ شَيْءٍ وَمَلِيكَهُ، أَشْهَدُ أَنْ لَا إِلٰهَ إِلَّا أَنْتَ، أَعُوذُ بِكَ مِنْ شَرِّ نَفْسِي، وَمِنْ شَرِّ الشَّيْطَانِ وَشِرْكِهِ، وَأَنْ أَقْتَرِفَ عَلَى نَفْسِي سُوءًا أَوْ أَجُرَّهُ إِلَى مُسْلِمٍ.,"আল্লা-হুম্মা ‘আ-লিমাল গাইবি ওয়াশ-শাহা-দাতি ফা-তিরাস সামা-ওয়া-তি ওয়াল আরদি, রব্বা কুল্লি শাইইন ওয়া মালীকাহু, আশহাদু আল্লা- ইলা-হা ইল্লা-আ আনতা আ‘উযু বিকা মিন শাররি নাফসী ওয়া মিন শাররিশ শাইত্বানী ওয়া শিরকিহী/ওয়া শারাকিহী ওয়া আন আকতারিফা ‘আলা নাফসী সূউ’আন আও আজুররাহু ইলা","“হে আল্লাহ! হে গায়েব ও উপস্থিতের জ্ঞানী, হে আসমানসমূহ ও যমীনের স্রষ্টা, হে সব কিছুর রব্ব ও মালিক! আমি সাক্ষ্য দিচ্ছি যে, আপনি ছাড়া আর কোনো হক ইলাহ নেই। আমি আপনার কাছে আশ্রয় চাই আমার আত্মার অনিষ্ট থেকে, শয়তানের অনিষ্টতা থেকে ও তার শির্ক বা তার ফাঁদ থেকে, আমার নিজের ওপর কোনো","যতরযমিী, নং ৩৩৯২; আবূ দাউদ, নং ৫০৬৭। আরও দদখুন, সহীহুত যতরযমিী, ৩/১৪২।","reference_recovered_from_pdftext,continued_from_previous_or_next_page","133,134",ok,,اَللّٰهُمَّ عَالِمَ الْغَيْبِ وَالشَّهَادَةِ فَاطِرَ السَّمَاوَاتِ وَالْأَرْضِ رَبَّ كُلِّ شَيْءٍ وَمَلِيكَهُ، أَشْهَدُ أَنْ لَا إِلٰهَ إِلَّا أَنْتَ، أَعُوذُ بِكَ مِنْ شَرِّ نَفْسِي، وَمِنْ شَرِّ الشَّيْطَانِ وَشِرْكِهِ، وَأَنْ أَقْتَرِفَ عَلَى نَفْسِي سُوءًا أَوْ أَجُرَّهُ إِلَى مُسْلِمٍ.
74,২৭. সকাল ও বিকালের যিকিরসমূহ,135,135,86-(12),بِسْمِ اللَّهِ الَّذِي لَا يَضُرُّ مَعَ اسْمِهِ شَيْءٌ فِي الْأَرْضِ وَلَا فِي السَّمَاءِ وَهُوَ السَّمِيعُ الْعَلِيمُ. (৩ বার),"বিসমিল্লা-হিল্লাযী লা ইয়াদুররু মা‘আসমিহী শাইউন ফিল আরদি ওয়ালা ফিস্ সামা-ই, ওয়াহুয়াস সামী‘উল ‘আলীম)। (৩ বার","“আল্লাহর নামে, যার নামের সাথে আসমান ও যমীনে কোনো কিছুই ক্ষতি করতে পারে না। আর তিনি সর্বশ্রোতা, মহাজ্ঞানী।” (৩ বার)","দি বযযি সকামি যতনবার এবং যবকামি যতনবার এযে বিমব, দকামনা যকছু তার ক্ষযত করমত পারমব না। আবূ দাউদ, ৪/৩২৩,",reference_recovered_from_pdftext,135,ok,,"بِسْمِ اللَّهِ الَّذِي لَا يَضُرُّ مَعَ اسْمِهِ شَيْءٌ فِي الْأَرْضِ وَلَا فِي السَّمَاءِ وَهُوَ السَّمِيعُ الْعَلِيمُ. (৩ বার) (বিসমিল্লা-হিল্লাযী লা ইয়াদুররু মা‘আসমিহী শাইউন ফিল আরদি ওয়ালা ফিস্ সামা-ই, ওয়াহুয়াস সামী‘উল"
75,২৭. সকাল ও বিকালের যিকিরসমূহ,135,136,87-(13),رَضِيتُ بِاللَّهِ رَبًّا، وَبِالْإِسْلَامِ دِينًا، وَبِمُحَمَّدٍ صلى الله عليه وسلم نَبِيًّا. (৩ বার),"রাদ্বীতু বিল্লা-হি রব্বান, ওয়াবিল ইসলামি দীনান, ওয়াবি মুহাম্মাদিন সাল্লাল্লাহু ‘আলাইহি ওয়াসাল্লামা নাবিয়্যান ৩ বার","“আল্লাহকে রব, ইসলামকে দীন ও মুহাম্মাদ সাল্লাল্লাহু আলাইহি ওয়াসাল্লামকে নবীরূপে গ্রহণ করে আমি সন্তুষ্ট।” (৩ বার)","দি বযযি এ দদা‘আ সকাি ও যবকাি যতনবার কমর বিমব, আল্লাহর কামছ তার অযধকার হময় িায় তামক যকয়ামামতর যদন সন্তুি করা। আহমাদ ৪/৩৩৭; নং ১৮৯৬৭; নাসাঈ, আমািু ি ইয়াওযম ওয়াি-িাইিাহ, নং ৪; ইবনু স সু ন্নী, নং ৬৮; আবু দাউদ,","reference_recovered_from_pdftext,continued_from_previous_or_next_page","135,136",ok,,"رَضِيتُ بِاللَّهِ رَبًّا، وَبِالْإِسْلَامِ دِينًا، وَبِمُحَمَّدٍ صلى الله عليه وسلم نَبِيًّا. (৩ বার) ১১৭ তিরমিযী, নং ৩৩৯২; আবূ দাউদ, নং ৫০৬৭। আরও দেখুন, সহীহুত তিরমিযী, ৩/১৪২।"
76,২৭. সকাল ও বিকালের যিকিরসমূহ,136,136,88-(14),يَا حَيُّ يَا قَيُّومُ، بِرَحْمَتِكَ أَسْتَغِيثُ أَصْلِحْ لِي شَأْنِي كُلَّهُ وَلَا تَكِلْنِي إِلَى نَفْسِي طَرْفَةَ عَيْنٍ.,"ইয়া হাইয়্যু ইয়া কাইয়্যূমু বিরাহমাতিকা আসতাগীছু, আসলিহ লী শা’নী কুল্লাহু, ওয়ালা তাকিলনী ইলা নাফসী ত্বারফাতা ‘আইন","“হে চিরঞ্জীব, হে চিরস্থায়ী! আমি আপনার রহমতের অসীলায় আপনার কাছে উদ্ধার কামনা করি, আপনি আমার সার্বিক অবস্থা সংশোধন করে দিন, আর আমাকে আমার নিজের কাছে নিমেষের জন্যও সোপর্দ করবেন না।”","হামকম ১/৫৪৫, যতযন হাদীসযেমক সহীহ বমিমছন, আর িাহাবী তা সমেগন কমরমছন। আরও দদখুন, সহীহ আত-তারর্ীব ওয়াত- তারহীব ১/২৭৩।",reference_recovered_from_pdftext,136,ok,,"يَا حَيُّ يَا قَيُّومُ، بِرَحْمَتِكَ أَسْتَغِيثُ أَصْلِحْ لِي شَأْنِي كُلَّهُ وَلَا تَكِلْنِي إِلَى نَفْسِي طَرْفَةَ عَيْنٍ. (ইয়া হাইয়্যু ইয়া কাইয়্যূমু বিরাহমাতিকা আসতাগীছু, আসলিহ লী শা’নী কুল্লাহু, ওয়ালা তাকিলনী ইলা নাফসী"
77,২৭. সকাল ও বিকালের যিকিরসমূহ,137,139,89-(15),أَصْبَحْنَا وَأَصْبَحَ الْمُلْكُ لِلَّهِ رَبِّ الْعَالَمِينَ، اَللّٰهُمَّ إِنِّي أَسْأَلُكَ خَيْرَ هٰذَا الْيَوْمِ: فَتْحَهُ، وَنَصْرَهُ، وَنُورَهُ، وَبَرَكَتَهُ، وَهُدَاهُ، وَأَعُوذُ بِكَ مِنْ شَرِّ مَا فِيهِ وَشَرِّ مَا بَعْدَهُ. أَمْسَيْنَا وَأَمْسَى الْمُلْكُ لِلَّهِ رَبِّ الْعَالَمِينَ,"আসবাহনা ওয়া আসবাহাল-মুলকু লিল্লা-হি রব্বিল ‘আলামীন। আল্লা-হুম্মা ইন্নী আসআলুকা খাইরা হা-যাল ইয়াওমি: ফাতহাহু ওয়া নাসরাহু ওয়া নুরাহু ওয়া আর যখন বিকাল হবে, তখন বলবে, আমসাইনা ওয়া আমসাল-মুলকু লিল্লা-হি রব্বিল ‘আলামীন","আমরা বিকালে উপনীত হয়েছি, অনুরূপ যাবতীয় রাজত্বও বিকালে উপনীত হয়েছে সৃষ্টিকুলের রব্ব আল্লাহর জন্য।” বারাকাতাহু ওয়া হুদা-হ। ওয়া আ‘উযু বিকা মিন শাররি মা ফীহি ওয়া শাররি মা বা‘দাহু)। “আমরা সকালে উপনীত হয়েছি, অনুরূপ যাবতীয় রাজত্বও সকালে উপনীত হয়েছে সৃষ্টিকুলের রব্ব আল্লাহর জন্য। হে আল্লাহ! আমি আপনার কাছে কামনা করি এই দিনের কল্যাণ: বিজয়, সাহায্য, নূর, বরকত ও হিদায়াত। আর আমি আপনার কাছে আশ্রয় চাই এ দিনের এবং এ দিনের পরের অকল্যাণ থেকে।” (আল্লা-হুম্মা ইন্নী আসআলুকা খাইরা হা-যিহিল লাইলাতি: ফাতহাহা ওয়া নাসরাহা, ওয়া নুরাহা, ওয়া বারাকাতাহা, ওয়া হুদা-হা, ওয়া আ‘উযু বিকা মিন শাররি মা ফী-হা, ওয়া শাররি মা বা‘দাহা) “হে আল্লাহ, আমি আপনার কাছে কামনা করি এই রাতের কল্যাণ: বিজয়, সাহায্য, নূর, বরকত ও হেদায়াত। আর আমি আপনার কাছে আশ্রয় চাই এ রাতের এবং এ রাতের পরের অকল্যাণ থেকে।”","আবূ দাউদ ৪/৩২২, নং ৫০৮৪; আর শু‘আইব ও আবদু ি কামদর আরনাঊত িাদু ি মা‘আমদর সম্পাদনায় ২/৩৭৩ এর সনদমক হাসান বমিমছন।","reference_recovered_from_pdftext,continued_from_previous_or_next_page","137,138,139",ok,,أَصْبَحْنَا وَأَصْبَحَ الْمُلْكُ لِلَّهِ رَبِّ الْعَالَمِينَ، اَللّٰهُمَّ إِنِّي أَسْأَلُكَ خَيْرَ هٰذَا الْيَوْمِ: فَتْحَهُ، وَنَصْرَهُ، وَنُورَهُ، وَبَرَكَتَهُ، وَهُدَاهُ، وَأَعُوذُ بِكَ مِنْ شَرِّ مَا فِيهِ وَشَرِّ مَا بَعْدَهُ.
78,২৭. সকাল ও বিকালের যিকিরসমূহ,139,140,90-(16),أَصْبَحْنَا عَلَى فِطْرَةِ الْإِسْلَامِ، وَعَلَى كَلِمَةِ الْإِخْلَاصِ، وَعَلَى دِينِ نَبِيِّنَا مُحَمَّدٍ صلى الله عليه وسلم وَعَلَى مِلَّةِ أَبِينَا إِبْرَاهِيمَ، حَنِيفًا مُسْلِمًا وَمَا كَانَ مِنَ الْمُشْرِكِينَ.,আসবাহনা ‘আলা ফিত্বরাতিল ইসলামি১২৪ ওয়া ‘আলা কালিমাতিল ইখলাসি ওয়া ‘আলা দ্বীনি নাবিয়্যিনা মুহাম্মাদিন সাল্লাল্লাহু ‘আলাইহি ওয়াসাল্লাম ওয়া ‘আলা,"“আমরা সকালে উপনীত হয়েছি ইসলামের ফিত্বরাতের ওপর, নিষ্ঠাপূর্ণ বাণী (তাওহীদ)-এর ওপর, আমাদের নবী মুহাম্মাদ সাল্লাল্লাহু আলাইহি ওয়াসাল্লামের দীনের ওপর, আর আমাদের পিতা ইবরাহীম আলাইহিস","আহমাদ ৩/৪০৬, ৪০৭, নং ১৫৩৬০ ও নং ১৫৫৬৩; ইবনু স সু ন্নী, আমািু ি ইয়াওযম ওয়াি-িাইিাহ, নং ৩৪। আরও দদখুন, সহীহুি োমম‘উ ৪/২০৯।","reference_recovered_from_pdftext,continued_from_previous_or_next_page","139,140",ok,,أَصْبَحْنَا عَلَى فِطْرَةِ الْإِسْلَامِ، وَعَلَى كَلِمَةِ الْإِخْلَاصِ، وَعَلَى دِينِ نَبِيِّنَا مُحَمَّدٍ صلى الله عليه وسلم وَعَلَى مِلَّةِ أَبِينَا إِبْرَاهِيمَ، حَنِيفًا مُسْلِمًا وَمَا كَانَ مِنَ الْمُشْرِكِينَ. (আসবাহনা ‘আলা ফিত্বরাতিল ইসলামি১২৪ ওয়া ‘আলা
79,২৭. সকাল ও বিকালের যিকিরসমূহ,140,141,91-(17),سُبْحَانَ اللَّهِ وَبِحَمْدِهِ (১০০ বার). أَمْسَيْنَا عَلَى فِطْرَةِ الْإِسْلَامِ ......,সুবহা-নাল্লা-হি ওয়া বিহামদিহী) (১০০ বার আমসাইনা ‘আলা ফিত্বরাতিল ইসলামি,"“আমি আল্লাহর প্রশংসাসহ পবিত্রতা ও মহিমা ঘোষণা করছি।” (১০০ বার) ১২৪ যখন বিকাল হবে, তখন বলবে, “আমরা বিকালে উপনীত হয়েছি ইসলামের ফিত্বরাতের ওপর”।","দি বযযি তা সকামি একিত বার ও যবকামি একিত বার বিমব, যকয়ামমতর যদন তার দচময় দবযি উৎকৃি যকছু দকউ যনময় আসমত পারমব না, তমব দস বযযি দি তার মত বিমব, বা তার দচময় দবযি আমি করমব। মুসযিম ৪/২০৭১, নং ২৬৯২।","reference_recovered_from_pdftext,continued_from_previous_or_next_page","140,141",ok,,سُبْحَانَ اللَّهِ وَبِحَمْدِهِ (১০০ বার). (সুবহা-নাল্লা-হি ওয়া বিহামদিহী) (১০০ বার) “আমি আল্লাহর প্রশংসাসহ পবিত্রতা ও মহিমা ঘোষণা করছি।” (১০০ বার)১২৬
80,২৭. সকাল ও বিকালের যিকিরসমূহ,141,142,92-(18),لَا إِلٰهَ إِلَّا اللَّهُ وَحْدَهُ لَا شَرِيكَ لَهُ، لَهُ الْمُلْكُ وَلَهُ الْحَمْدُ، وَهُوَ عَلَى كُلِّ شَيْءٍ قَدِيرٌ. (১০ বার) অথবা,"অলসতা লাগলে ১ বার লা ইলা-হা ইল্লাল্লা-হু ওয়াহদাহু লা শারীকা লাহু, লাহুল মুলকু, ওয়া লাহুল হামদ, ওয়া হুওয়া ‘আলা কুল্লি শাইইন কাদীর)। (১০ বার) অথবা (অলসতা লাগলে ১ বার","“একমাত্র আল্লাহ ছাড়া কোনো হক ইলাহ নেই, তাঁর কোনো শরীক নেই, রাজত্ব তাঁরই, সমস্ত প্রশংসাও তাঁর, আর তিনি সকল কিছুর ওপর ক্ষমতাবান।” (১০ বার) অথবা (অলসতা লাগলে ১ বার)","নাসাঈ, আমািু ি ইয়াওযম ওয়াি-িাইিাহ, নং ২৪। আরও দদখুন, সহীহুত তারর্ীব ওয়াত তারহীব, ১/২৭২; ইবন বাি, তুহফাতুি আখইয়ার পৃ . ৪৪। এর ফিীিমতর বযাপামর আরও দদখন, পৃ . হাদীস নং ২৫৫। আবূ দাউদ, নং ৫০৭৭; ইবন মাোহ, নং ৩৭৯৮; আহমাদ নং ৮৭১৯। আরও দদখুন, সহীহুত তারর্ীব ওয়াত তারহীব, ১/২৭০;","reference_recovered_from_pdftext,continued_from_previous_or_next_page","141,142",ok,,"لَا إِلٰهَ إِلَّا اللَّهُ وَحْدَهُ لَا شَرِيكَ لَهُ، لَهُ الْمُلْكُ وَلَهُ الْحَمْدُ، وَهُوَ عَلَى كُلِّ شَيْءٍ قَدِيرٌ. (১০ বার) অথবা (অলসতা লাগলে ১ বার) (লা ইলা-হা ইল্লাল্লা-হু ওয়াহদাহু লা শারীকা লাহু, লাহুল"
81,২৭. সকাল ও বিকালের যিকিরসমূহ,142,143,93-(19),لَا إِلٰهَ إِلَّا اللَّهُ وَحْدَهُ، لَا شَرِيكَ لَهُ، لَهُ الْمُلْكُ وَلَهُ الْحَمْدُ، وَهُوَ عَلَى كُلِّ شَيْءٍ قَدِيرٌ.,"লা ইলা-হা ইল্লাল্লা-হু ওয়াহদাহু, লা শারীকা লাহু, লাহুল মুলকু, ওয়া লাহুল হামদ, ওয়া হুওয়া ‘আলা কুল্লি শাইইন কাদীর","“একমাত্র আল্লাহ ছাড়া কোনো হক ইলাহ নেই, তাঁর কোনো শরীক নেই, রাজত্ব তাঁরই, সমস্ত প্রশংসাও তাঁর, আর তিনি সকল কিছুর ওপর ক্ষমতাবান।” (সকালবেলা ১০০ বার বলবে)","(সকািমবিা ১০০ বার বিমব) সহীহ আযব দাউদ ৩/৯৫৭; সহীহ ইবন মাোহ ২/৩৩১ ও িাদু ি মা‘আদ ২/৩৭৭। দি বযযি যদমন একিত বার বিমব, দসো তার েনয দিযে দাসমুযির অনু রূপ হমব, তার েনয একিত সাওয়াব যিখা হমব, দস যদন যবকাি পিগন্ত দসো তার েনয িয়তান দেমক বাাঁচার উপায় যহমসমব যবমবযচত হমব; আর দকউ তার মত যকছু যনময় আসমত","reference_recovered_from_pdftext,continued_from_previous_or_next_page","142,143",ok,,"لَا إِلٰهَ إِلَّا اللَّهُ وَحْدَهُ، لَا شَرِيكَ لَهُ، لَهُ الْمُلْكُ وَلَهُ الْحَمْدُ، وَهُوَ عَلَى كُلِّ شَيْءٍ قَدِيرٌ. (লা ইলা-হা ইল্লাল্লা-হু ওয়াহদাহু, লা শারীকা লাহু, লাহুল মুলকু, ওয়া লাহুল হামদ, ওয়া হুওয়া ‘আলা কুল্লি শাইইন"
82,২৭. সকাল ও বিকালের যিকিরসমূহ,143,144,94-(20),سُبْحَانَ اللَّهِ وَبِحَمْدِهِ عَدَدَ خَلْقِهِ، وَرِضَا نَفْسِهِ، وَزِنَةَ عَرْشِهِ، وَمِدَادَ كَلِمَاتِهِ. (৩ বার),"সুবহা-নাল্লা-হু ওয়া বিহামদিহী ‘আদাদা খালকিহী, ওয়া রিদা নাফসিহী, ওয়া যিনাতা ‘আরশিহী, ওয়া মিদা-দা কালিমা-তিহী)। (৩ বার","“আমি আল্লাহর প্রশংসাসহ পবিত্রতা ও মহিমা ঘোষণা করছি- তাঁর সৃষ্ট বস্তুসমূহের সংখ্যার সমান, তাঁর নিজের সন্তোষের সমান, তাঁর ‘আরশের ওজনের সমান ও তাঁর বাণীসমূহ লেখার কালি পরিমাণ (অগণিত সংখ্যায়)।” (৩ বার)","মুসযিম ৪/২০৯০, নং ২৭২৬।","reference_recovered_from_pdftext,continued_from_previous_or_next_page","143,144",ok,,"سُبْحَانَ اللَّهِ وَبِحَمْدِهِ عَدَدَ خَلْقِهِ، وَرِضَا نَفْسِهِ، وَزِنَةَ عَرْشِهِ، وَمِدَادَ كَلِمَاتِهِ. (৩ বার) (সুবহা-নাল্লা-হু ওয়া বিহামদিহী ‘আদাদা খালকিহী, ওয়া রিদা নাফসিহী, ওয়া যিনাতা ‘আরশিহী, ওয়া মিদা-দা"
83,২৭. সকাল ও বিকালের যিকিরসমূহ,144,144,95-(21),اَللّٰهُمَّ إِنِّي أَسْأَلُكَ عِلْمًا نَافِعًا، وَرِزْقًا طَيِّبًا، وَعَمَلًا مُتَقَبَّلًا.,সকালবেলাও বলবে আল্লা-হুম্মা ইন্নী আসআলুকা ‘ইলমান না-ফি‘আন ওয়া রিযকান ত্বাইয়্যিবান ওয়া ‘আমালান মুতাকাব্বালান সকালবেলাও বলবে,"“হে আল্লাহ! আমি আপনার নিকট উপকারী জ্ঞান, পবিত্র রিযিক এবং কবুলযোগ্য আমল প্রার্থনা করি।” (সকালে বলবে)","হাদীসযে সংকিন কমরমছন, ইবনু স সু ন্নী, নং ৫৪; ইবন মাোহ, নং ৯২৫। আর আব্দু ি কামদর ও শু‘আইব আি-আরনাঊত িাদু ি মা‘আমদর সম্পাদনায় ২/৩৭৫; এর সনদমক হাসান বমিমছন। আর পূ বগ ৭৩ নং এ ও তা র্ত হময়মছ।",reference_recovered_from_pdftext,144,ok,,اَللّٰهُمَّ إِنِّي أَسْأَلُكَ عِلْمًا نَافِعًا، وَرِزْقًا طَيِّبًا، وَعَمَلًا مُتَقَبَّلًا. (সকালবেলাও বলবে) (আল্লা-হুম্মা ইন্নী আসআলুকা ‘ইলমান না-ফি‘আন ওয়া
84,২৭. সকাল ও বিকালের যিকিরসমূহ,145,145,96-(22),أَسْتَغْفِرُ اللَّهَ وَأَتُوبُ إِلَيْهِ.,আস্তাগফিরুল্লাহা ওয়া আতূবু ইলাইহি,“আমি আল্লাহর কাছে ক্ষমা প্রার্থনা করছি এবং তাঁর নিকটই তাওবা করছি।” (প্রতি দিন ১০০ বার),"বু খারী (ফাতহুি বারীসহ) ১১/১০১, নং ৬৩০৭; মুসযিম ৪/২০৭৫, নং ২৭০২।",reference_recovered_from_pdftext,145,ok,,أَسْتَغْفِرُ اللَّهَ وَأَتُوبُ إِلَيْهِ. (আস্তাগফিরুল্লাহা ওয়া আতূবু ইলাইহি) “আমি আল্লাহর কাছে ক্ষমা প্রার্থনা করছি এবং তাঁর নিকটই তাওবা করছি।” (প্রতি দিন ১০০ বার)১৩২
85,২৭. সকাল ও বিকালের যিকিরসমূহ,145,145,97-(23),أَعُوذُ بِكَلِمَاتِ اللَّهِ التَّامَّاتِ مِنْ شَرِّ مَا خَلَقَ.,বিকালে ৩ বার আ‘উযু বিকালিমা-তিল্লা-হিত তা-ম্মাতি মিন শাররি মা খালাকা)। (বিকালে ৩ বার,“আল্লাহর পরিপূর্ণ কালেমাসমূহের উসীলায় আমি তাঁর নিকট তাঁর সৃষ্টির ক্ষতি থেকে আশ্রয় চাই।” (বিকালে ৩ বার),"দি দকউ যবকাি দবিা এ দদা‘আযে যতনবার বিমব, দস রামত দকামনা যবষধর প্রাণী তার ক্ষযত করমত পারমব না। আহমাদ ২/২৯০, নং ৭৮৯৮; নাসাঈ, আমািু ি ইয়াওযম ওয়াি িাইিাহ, নং ৫৯০; ইবনু স সু ন্নী, নং ৬৮; আরও দদখুন, সহীহুত যতরযমিী ৩/১৮৭; সহীহ ইবন মাোহ ২/২৬৬; তুহফাতুি আখইয়ার যি ইবন বাি, পৃ . ৪৫।",reference_recovered_from_pdftext,145,ok,,أَعُوذُ بِكَلِمَاتِ اللَّهِ التَّامَّاتِ مِنْ شَرِّ مَا خَلَقَ. (বিকালে ৩ বার) (আ‘উযু বিকালিমা-তিল্লা-হিত তা-ম্মাতি মিন শাররি মা খালাকা)। (বিকালে ৩ বার)
86,২৭. সকাল ও বিকালের যিকিরসমূহ,146,146,98-(24),اَللّٰهُمَّ صَلِّ وَسَلِّمْ عَلَى نَبِيِّنَا مُحَمَّدٍ.,আল্লা-হুম্মা সাল্লি ওয়াসাল্লিম ‘আলা নাবিয়্যিনা মুহাম্মাদ,“হে আল্লাহ! আপনি সালাত ও সালাম পেশ করুন আমাদের নবী মুহাম্মাদের ওপর।” [সকাল-বিকাল ১০ বার করে],"‘দি দকউ সকাি দবিা আমার উপর দিবার দরুদ পাঠ করমব এবং যবকাি দবিা দিবার দরুদ পাঠ করমব, যকয়ামমতর যদন আমার সু পাযরি দ্বারা দসৌভার্যবান হমব।’ তাবরানী হাদীসযে দু ’ সনমদ সংকিন কমরন, িার একযে উিম। দদখুন, মােমা‘উি িাওয়াময়দ ১০/১২০; সহীহুত তারর্ীব ওয়াত তারহীব ১/২৭৩।",reference_recovered_from_pdftext,146,ok,,اَللّٰهُمَّ صَلِّ وَسَلِّمْ عَلَى نَبِيِّنَا مُحَمَّدٍ. [সকাল-বিকাল ১০ বার করে] (আল্লা-হুম্মা সাল্লি ওয়াসাল্লিম ‘আলা নাবিয়্যিনা মুহাম্মাদ) [সকাল-বিকাল ১০ বার করে]
87,৩২. ঘুমানোর যিকিরসমূহ,146,149,৯৯-(১),بِسْمِ اللَّهِ الرَّحْمٰنِ الرَّحِيمِ ۝ قُلْ هُوَ اللَّهُ أَحَدٌ ۝ اللَّهُ الصَّمَدُ ۝ لَمْ يَلِدْ وَلَمْ يُولَدْ ۝ وَلَمْ يَكُنْ لَهُ كُفُوًا أَحَدٌ ۝ بِسْمِ اللَّهِ الرَّحْمٰنِ الرَّحِيمِ ۝ قُلْ أَعُوذُ بِرَبِّ الْفَلَقِ ۝ مِنْ شَرِّ مَا خَلَقَ ۝ وَمِنْ شَرِّ غَاسِقٍ إِذَا وَقَبَ ۝ وَمِنْ شَرِّ النَّفَّاثَاتِ فِي الْعُقَدِ ۝ وَمِنْ شَرِّ حَاسِدٍ إِذَا حَسَدَ ۝ بِسْمِ اللَّهِ الرَّحْمٰنِ الرَّحِيمِ ۝ قُلْ أَعُوذُ بِرَبِّ النَّاسِ ۝ مَلِكِ النَّاسِ ۝ إِلٰهِ النَّاسِ ۝ مِنْ شَرِّ الْوَسْوَاسِ الْخَنَّاسِ ۝ الَّذِي يُوَسْوِسُ فِي صُدُورِ النَّاسِ ۝ مِنَ الْجِنَّةِ وَالنَّاسِ ۝,"বিসমিল্লা-হির রাহমা-নির রাহীম (কুল হুওয়াল্লা-হু আহাদ আল্লা-হুস সামাদ। লাম ইয়ালিদ ওয়া লাম ইউলাদ। ওয়া লাম ইয়াকুল্লাহূ কুফুওয়ান আহাদ বিসমিল্লা-হির রাহমা-নির রাহীম (কুল আ‘উযু বিরাব্বিল ফালাক। মিন শাররি মা খালাক। ওয়া মিন শাররি গা- সিকিন ইযা ওয়াকাব। ওয়া মিন শাররিন নাফ্ফা-সা-তি ফিল ‘উকাদ। ওয়া মিন শাররি হা-সিদিন ইযা হাসাদ বিসমিল্লা-হির রাহমা-নির রাহীম (কুল ‘আউযু বিরাব্বিন্-না-স মালিকিন্-না-সি, ইলা-হিন্-না-সি, মিন শাররিল ওয়াসওয়া-সিল খান্না-সি, আল্লাযী ইউওয়াস্ওয়িসু ফী সুদুরিন না-সি, মিনাল জিন্নাতি ওয়ান্-না-স","দুই হাতের তালু একত্রে মিলিয়ে নিম্নোক্ত সূরাগুলো পড়ে তাতে ফুঁ দিবে: রহমান, রহীম আল্লাহর নামে। “বলুন, তিনি আল্লাহ, এক- অদ্বিতীয়। আল্লাহ হচ্ছেন ‘সামাদ’ (তিনি কারো মুখাপেক্ষী নন, সকলেই তাঁর মুখাপেক্ষী)। তিনি কাউকেও জন্ম দেন নি এবং তাঁকেও জন্ম দেওয়া হয় নি। আর তাঁর সমতুল্য কেউই নেই।” রহমান, রহীম আল্লাহর নামে। “বলুন, আমি আশ্রয় প্রার্থনা করছি ঊষার রবের। তিনি যা সৃষ্টি করেছেন তার অনিষ্ট থেকে। আর অনিষ্ট হতে রাতের অন্ধকারের, যখন তা গভীর হয়। আর অনিষ্ট থেকে সমস্ত নারীদের, যারা গিরায় ফুঁক দেয়। আর অনিষ্ট থেকে হিংসুকের, যখন সে হিংসা করে।” রহমান, রহীম আল্লাহর নামে। “বলুন, আমি আশ্রয় প্রার্থনা করছি মানুষের রবের, মানুষের অধিপতির, মানুষের ইলাহের কাছে, আত্মগোপনকারী কুমন্ত্রণাদাতার অনিষ্ট থেকে; যে কুমন্ত্রণা দেয় মানুষের অন্তরে, জিন্নের মধ্য থেকে এবং মানুষের মধ্য থেকে।” তারপর দুই হাতের তালু দ্বারা দেহের যতোটা অংশ সম্ভব মাসেহ করবে। মাসেহ আরম্ভ করবে তার মাথা, মুখমণ্ডল ও দেহের সামনের দিক থেকে। (এভাবে ৩ বার করবে।)","বু খারী, (ফাতহুি বারীসহ) ৯/৬২, নং ৫০১৭; মুসযিম ৪/১৭২৩, নং ২১৯২।","reference_recovered_from_pdftext,continued_from_previous_or_next_page","146,147,148,149",ok,,দুই হাতের তালু একত্রে মিলিয়ে নিম্নোক্ত সূরাগুলো পড়ে তাতে ফুঁ দিবে: بِسْمِ اللَّهِ الرَّحْمٰنِ الرَّحِيمِ ۝ قُلْ هُوَ اللَّهُ أَحَدٌ ۝ اللَّهُ الصَّمَدُ ۝ لَمْ يَلِدْ وَلَمْ يُولَدْ ۝ وَلَمْ يَكُنْ لَهُ كُفُوًا أَحَدٌ ۝
88,৩২. ঘুমানোর যিকিরসমূহ,150,151,100-(2),اَللَّهُ لَا إِلٰهَ إِلَّا هُوَ الْحَيُّ الْقَيُّومُ ۚ لَا تَأْخُذُهُ سِنَةٌ وَلَا نَوْمٌ ۚ لَهُ مَا فِي السَّمَاوَاتِ وَمَا فِي الْأَرْضِ ۗ مَنْ ذَا الَّذِي يَشْفَعُ عِنْدَهُ إِلَّا بِإِذْنِهِ ۚ يَعْلَمُ مَا بَيْنَ أَيْدِيهِمْ وَمَا خَلْفَهُمْ ۖ وَلَا يُحِيطُونَ بِشَيْءٍ مِنْ عِلْمِهِ إِلَّا بِمَا شَاءَ ۚ وَسِعَ كُرْسِيُّهُ السَّمَاوَاتِ وَالْأَرْضَ ۖ,আল্লা-হু লা- ইলা-হা ইল্লা হুওয়াল হাইয়্যুল কাইয়্যূমু লা তা’খুযুহূ সিনাতুঁও ওয়ালা নাউম। লাহু মা-ফিস্সামা-ওয়া- তি ওয়ামা ফিল আরদ। মান ইয়াশফা‘উ ‘ইনদাহূ ইল্লা বিইযনিহী। ইয়া‘লামু মা বাইনা আইদীহিম ওয়ামা খালফাহুম। ওয়ালা ইউহীতুনা বিশাইইম মিন ‘ইলমিহী ইল্লা বিমা শা-আ। কুরসিয়্যুহুস সামা-ওয়া-তি ওয়াল,"“আল্লাহ, তিনি ছাড়া কোনো সত্য ইলাহ্‌ নেই। তিনি চিরঞ্জীব, সর্বসত্তার ধারক। তাঁকে স্পর্শ করতে পারে না, তন্দ্রা, নিদ্রাও নয়। আসমানসমূহে যা রয়েছে ও যমীনে যা রয়েছে সবই তাঁর। কে সে, যে তাঁর অনুমতি ব্যতীত তাঁর কাছে সুপারিশ করবে? তাদের সামনে ও পিছনে যা কিছু আছে তা তিনি জানেন। আর যা তিনি ইচ্ছে করেন তা ছাড়া তাঁর জ্ঞানের কোনো কিছুকেই তারা পরিবেষ্টন করতে পারে না। তাঁর ‘কুরসী’ আসমানসমূহ ও যমীনকে পরিব্যাপ্ত করে আছে; আর এ দুটির রক্ষণাবেক্ষণ তাঁর জন্য বোঝা হয় না। আর তিনি সুউচ্চ সুমহান।”","সূ রা আি-বাকারাহ-২৫৫। রাসূ িুল্লাহ সাল্লাল্লাহু আিাইযহ ওয়াসাল্লাম বমিন: ‘দি দকউ িখন রামত আপন যবছানায় িামব এবং ‘আয়াতুি কুরসী’ পড়মব, তখন দস রামতর পুমরা সময় আল্লাহর পক্ষ দেমক তার েনয দহফািতকারী োকমব; আর সকাি হওয়া পিগন্ত িয়তান তার যনকমেও আসমত পারমব না’। বু খারী, (ফাতহুি বারীসহ), ৪/৪৮৭, নং ২৩১১।","reference_recovered_from_pdftext,continued_from_previous_or_next_page","150,151",ok,,اَللَّهُ لَا إِلٰهَ إِلَّا هُوَ الْحَيُّ الْقَيُّومُ ۚ لَا تَأْخُذُهُ سِنَةٌ وَلَا نَوْمٌ ۚ لَهُ مَا فِي السَّمَاوَاتِ وَمَا فِي الْأَرْضِ ۗ مَنْ ذَا الَّذِي يَشْفَعُ عِنْدَهُ إِلَّا بِإِذْنِهِ ۚ يَعْلَمُ مَا بَيْنَ أَيْدِيهِمْ وَمَا خَلْفَهُمْ ۖ وَلَا يُحِيطُونَ بِشَيْءٍ مِنْ عِلْمِهِ إِلَّا بِمَا 
89,৩২. ঘুমানোর যিকিরসমূহ,151,155,101-(3),آمَنَ الرَّسُولُ بِمَا أُنْزِلَ إِلَيْهِ مِنْ رَبِّهِ وَالْمُؤْمِنُونَ كُلٌّ آمَنَ بِاللَّهِ وَمَلَائِكَتِهِ وَكُتُبِهِ وَرُسُلِهِ لَا نُفَرِّقُ بَيْنَ أَحَدٍ مِنْ رُسُلِهِ ۚ وَقَالُوا سَمِعْنَا وَأَطَعْنَا ۖ غُفْرَانَكَ رَبَّنَا وَإِلَيْكَ الْمَصِيرُ ۝ لَا يُكَلِّفُ اللَّهُ نَفْسًا إِلَّا وُسْعَهَا ۚ لَهَا مَا كَسَبَتْ وَعَلَيْهَا مَا اكْتَسَبَتْ ۗ رَبَّنَا لَا تُؤَاخِذْنَا إِنْ نَسِينَا أَوْ أَخْطَأْنَا ۚ رَبَّنَا وَلَا تَحْمِلْ عَلَيْنَا إِصْرًا كَمَا حَمَلْتَهُ عَلَى الَّذِينَ مِنْ قَبْلِنَا ۚ رَبَّنَا وَلَا تُحَمِّلْنَا مَا لَا طَاقَةَ لَنَا بِهِ ۖ وَاعْفُ عَنَّا وَاغْفِرْ لَنَا وَارْحَمْنَا ۚ أَنْتَ مَوْلَانَا فَانْصُرْنَا عَلَى الْقَوْمِ الْكَافِرِينَ ۝ نَسِينَا أَوْ أَخْطَأْنَا ۚ رَبَّنَا وَلَا تَحْمِلْ عَلَيْنَا إِصْرًا كَمَا حَمَلْتَهُ عَلَى الَّذِينَ مِنْ قَبْلِنَا ۚ رَبَّنَا وَلَا تُحَمِّلْنَا مَا لَا طَاقَةَ لَنَا بِهِ ۖ وَاعْفُ عَنَّا وَاغْفِرْ لَنَا وَارْحَمْنَا أَنْتَ مَوْلَانَا فَانْصُرْنَا عَلَى الْقَوْمِ الْكَافِرِينَ ۝,"আ-মানার রাসুলু বিমা উনযিলা ইলাইহি মির রব্বিহী ওয়াল মু’মিনূন। কুল্লুন আ-মানা বিল্লা-হি ওয়া মালা- ইকাতিহী ওয়া কুতুবিহী ওয়া রুসুলিহ, লা নুফাররেকু বাইনা আহাদিম মির রুসুলিহ, ওয়া কা-লু সামি‘না ওয়া আতা‘না গুফরা-নাকা রব্বানা ওয়া ইলাইকাল মাসীর। লা ইউকাল্লিফুল্লাহু নাফসান ইল্লা উস‘আহা লাহা মা কাসাবাত ওয়া ‘আলাইহা মাকতাসাবাত। রব্বানা লা তুআখিযনা ইন আ-মানার রাসুলু বিমা উনযিলা ইলাইহি মির রব্বিহী ওয়াল মু’মিনূন। কুল্লুন আ-মানা বিল্লা-হি ওয়া মালা- ইকাতিহী ওয়া কুতুবিহী ওয়া রুসুলিহী। লা নুফাররিকু বাইনা আহাদিম মির রুসুলিহ, ওয়া কা-লু সামি‘না ওয়া আতা‘না গুফরা-নাকা রব্বানা ওয়া ইলাইকাল মাসীর। লা ইউকাল্লিফুল্লাহু নাফসান ইল্লা উস‘আহা লাহা মা কাসাবাত ওয়া ‘আলাইহা মাকতাসাবাত। রব্বানা লা তুআখিযনা ইন নাসীনা আও আখতা‘না। রব্বানা ওয়ালা তাহমিল ‘আলাইনা ইসরান কামা হামালতাহু ‘আলাল্লাযীনা মিন কাবলিনা। ওয়ালা তুহাম্মিলনা মা-লা তা-কাতা লানা বিহী। ওয়া‘ফু ‘আন্না ওয়াগফির লানা ওয়ারহামনা আনতা মাওলা-না ফানসুরনা ‘আলাল কাওমিল কাফিরীন","“রাসূল তার রবের পক্ষ থেকে যা তার কাছে নাযিল করা হয়েছে তার ওপর ঈমান এনেছেন এবং মুমিনগণও। প্রত্যেকেই ঈমান এনেছে আল্লাহর ওপর, তাঁর ফিরিশতাগণ, তাঁর কিতাবসমূহ এবং তাঁর রাসূলগণের। আমরা তাঁর রাসূলগণের কারও মধ্যে তারতম্য করি না। আর তারা বলে, আমরা শুনেছি ও মেনে নিয়েছি। হে আমাদের রব! আপনার ক্ষমা প্রার্থনা করি এবং আপনার দিকেই প্রত্যাবর্তনস্থল। আল্লাহ কারো ওপর এমন কোন দায়িত্ব চাপিয়ে দেন না যা তার সাধ্যাতীত। সে ভাল যা উপার্জন করে তার প্রতিফল তারই, আর মন্দ যা কামাই করে তার প্রতিফল তার উপরই বর্তায়। ‘হে আমাদের রব! যদি আমরা বিস্মৃত হই অথবা ভুল করি তবে আপনি আমাদেরকে পাকড়াও করবেন না। হে আমাদের রব! আমাদের পূর্ববর্তীগণের ওপর যেমন বোঝা চাপিয়ে দিয়েছিলেন আমাদের ওপর তেমন বোঝা চাপিয়ে দিবেন না। হে আমাদের রব! আপনি আমাদেরকে এমন কিছু বহন করাবেন না যার সামর্থ্য আমাদের নেই। আর আপনি আমাদের পাপ মোচন করুন, আমাদেরকে ক্ষমা করুন, আমাদের প্রতি দয়া করুন, আপনিই আমাদের অভিভাবক। অতএব, কাফির সম্প্রদায়ের বিরুদ্ধে আমাদেরকে সাহায্য করুন।”","সূ রা আি-বাকারা ২৮৫-২৮৬। রাসূ িুল্লাহ সাল্লাল্লাহু আিাইযহ ওয়াসাল্লাম বমিন: দি বযযি রামতর দবিা সূ রা বাকারার দিষ দু যে আয়াত পড়মব, তা তার েনয িমেি হমব। বু খারী, ফাতহুি বারীসহ, ৯/৯৪, ৪০০৮; মুসযিম ১/৫৫৪, নং ৮০৭।","reference_recovered_from_pdftext,continued_from_previous_or_next_page","151,152,153,154,155",ok,,آمَنَ الرَّسُولُ بِمَا أُنْزِلَ إِلَيْهِ مِنْ رَبِّهِ وَالْمُؤْمِنُونَ كُلٌّ آمَنَ بِاللَّهِ وَمَلَائِكَتِهِ وَكُتُبِهِ وَرُسُلِهِ لَا نُفَرِّقُ بَيْنَ أَحَدٍ مِنْ رُسُلِهِ ۚ وَقَالُوا سَمِعْنَا وَأَطَعْنَا ۖ غُفْرَانَكَ رَبَّنَا وَإِلَيْكَ الْمَصِيرُ ۝ لَا يُكَلِّفُ اللَّهُ نَفْسًا إِلَّا وُسْعَهَا
90,৩২. ঘুমানোর যিকিরসমূহ,155,156,102-(4),بِاسْمِكَ رَبِّي وَضَعْتُ جَنْبِي، وَبِكَ أَرْفَعُهُ فَإِنْ أَمْسَكْتَ نَفْسِي فَارْحَمْهَا، وَإِنْ أَرْسَلْتَهَا فَاحْفَظْهَا، بِمَا تَحْفَظُ بِهِ عِبَادَكَ الصَّالِحِينَ.,"বিইসমিকা১৩৮ রব্বী ওয়াদা‘তু জানবী, ওয়া বিকা আরফা‘উহু। ফাইন্ন আমসাকতা নাফসী ফারহামহা, ওয়াইন আরসালতাহা ফাহফাযহা বিমা তাহফাযু বিহী ‘ইবা-দাকাস সা-লিহীন","“আমার রব! আপনার নামে আমি আমার পার্শ্বদেশ রেখেছি (শুয়েছি) এবং আপনারই নাম নিয়ে আমি তা উঠাবো। যদি আপনি (ঘুমন্ত অবস্থায়) আমার প্রাণ আটকে রাখেন, তবে আপনি তাকে দয়া করুন। আর যদি আপনি তা ফেরত পাঠিয়ে দেন, তাহলে আপনি তার হিফাযত করুন যেভাবে আপনি আপনার সৎকর্মশীল বান্দাগণকে হিফাযত করে থাকেন।”","বু খারী, ফাতহুি বারীসহ ১১/১২৬, নং ৬৩২০; মুসযিম ৪/২০৮৪, নং ২৭১৪।","reference_recovered_from_pdftext,continued_from_previous_or_next_page","155,156",ok,,"بِاسْمِكَ رَبِّي وَضَعْتُ جَنْبِي، وَبِكَ أَرْفَعُهُ فَإِنْ أَمْسَكْتَ نَفْسِي فَارْحَمْهَا، وَإِنْ أَرْسَلْتَهَا فَاحْفَظْهَا، بِمَا تَحْفَظُ بِهِ عِبَادَكَ الصَّالِحِينَ. (বিইসমিকা১৩৮ রব্বী ওয়াদা‘তু জানবী, ওয়া বিকা"
91,৩২. ঘুমানোর যিকিরসমূহ,156,157,103-(5),اَللّٰهُمَّ إِنَّكَ خَلَقْتَ نَفْسِي وَأَنْتَ تَوَفَّاهَا، لَكَ مَمَاتُهَا وَمَحْيَاهَا، إِنْ أَحْيَيْتَهَا فَاحْفَظْهَا، وَإِنْ أَمَتَّهَا فَاغْفِرْ لَهَا، اَللّٰهُمَّ إِنِّي أَسْأَلُكَ الْعَافِيَةَ.,আল্লা-হুম্মা ইন্নাকা খালাকতা নাফসী ওয়া আনতা তাওয়াফ্ফা-হা। লাকা মামা-তুহা ওয়া মাহইয়া-হা। ইন আহইয়াইতাহা ফাহফাযহা ওয়াইন আমাত্তাহা ফাগফির লাহা। আল্লা-হুম্মা ইন্নী আসআলুকাল ‘আ-ফিয়াতা,"“হে আল্লাহ! নিশ্চয় আপনি আমার আত্মাকে সৃষ্টি করেছেন এবং আপনি তার মৃত্যু ঘটাবেন। তার মৃত্যু ও তার জীবন আপনার মালিকানায়। যদি তাকে বাঁচিয়ে রাখেন তাহলে আপনি তার হিফাযত করুন, আর যদি তার মৃত্যু ঘটান তবে তাকে মাফ করে দিন। হে আল্লাহ! আমি আপনার কাছে নিরাপত্তা চাই।”","মুসযিম ৪/২০৮৩, নং ২৭১২; আহমাদ, তাাঁর িমব্দ ২/৭৯, নং ৫৫০২।","reference_recovered_from_pdftext,continued_from_previous_or_next_page","156,157",ok,,اَللّٰهُمَّ إِنَّكَ خَلَقْتَ نَفْسِي وَأَنْتَ تَوَفَّاهَا، لَكَ مَمَاتُهَا وَمَحْيَاهَا، إِنْ أَحْيَيْتَهَا فَاحْفَظْهَا، وَإِنْ أَمَتَّهَا فَاغْفِرْ لَهَا، اَللّٰهُمَّ إِنِّي أَسْأَلُكَ الْعَافِيَةَ. (আল্লা-হুম্মা ইন্নাকা খালাকতা নাফসী ওয়া আনতা
92,৩২. ঘুমানোর যিকিরসমূহ,157,157,104-(6),اَللّٰهُمَّ قِنِي عَذَابَكَ يَوْمَ تَبْعَثُ عِبَادَكَ.,আল্লা-হুম্মা কিনী ‘আযা-বাকা ইয়াওমা তাব‘আছু ‘ইবা-দাকা,"“হে আল্লাহ!১৪১ আমাকে আপনার আযাব থেকে রক্ষা করুন, যেদিন আপনি আপনার বান্দাদেরকে পুনর্জীবিত করবেন।”","পুনেগীযবত করমবন।” আবূ দাউদ, িব্দ তাাঁরই, ৪/৩১১, নং ৫০৪৫; যতরযমিী, নং ৩৩৯৮; আরও দদখুন, সহীহুত যতরযমিী, ৩/১৪৩; সহীহ আবী দাঊদ, ৩/২৪০।",reference_recovered_from_pdftext,157,ok,,"اَللّٰهُمَّ قِنِي عَذَابَكَ يَوْمَ تَبْعَثُ عِبَادَكَ. (আল্লা-হুম্মা কিনী ‘আযা-বাকা ইয়াওমা তাব‘আছু ‘ইবা-দাকা) “হে আল্লাহ!১৪১ আমাকে আপনার আযাব থেকে রক্ষা করুন, যেদিন আপনি আপনার বান্দাদেরকে"
93,৩২. ঘুমানোর যিকিরসমূহ,158,158,105-(7),بِاسْمِكَ اللَّهُمَّ أَمُوتُ وَأَحْيَا.,বিসমিকা-ল্লা-হুম্মা আমূতু ওয়া আহইয়া,“হে আল্লাহ! আপনার নাম নিয়েই আমি মরছি (ঘুমাচ্ছি) এবং আপনার নাম নিয়েই জীবিত (জাগ্রত) হবো।”,"বু খারী, (ফাতহুি বারীসহ) ১১/১১৩, নং ৬৩২৪; মুসযিম ৪/২০৮৩, নং ২৭১১।",reference_recovered_from_pdftext,158,ok,,بِاسْمِكَ اللَّهُمَّ أَمُوتُ وَأَحْيَا. (বিসমিকা-ল্লা-হুম্মা আমূতু ওয়া আহইয়া) “হে আল্লাহ! আপনার নাম নিয়েই আমি মরছি (ঘুমাচ্ছি) এবং আপনার নাম নিয়েই জীবিত (জাগ্রত)
94,৩২. ঘুমানোর যিকিরসমূহ,158,159,106-(8),سُبْحَانَ اللَّهِ (ثَلَاثًا وَثَلَاثِينَ)، وَالْحَمْدُ لِلَّهِ (ثَلَاثًا وَثَلَاثِينَ)، وَاللَّهُ أَكْبَرُ (أَرْبَعًا وَثَلَاثِينَ).,"সুবহা-নাল্লাহ, (৩৩ বার) আলহামদুলিল্লা-হ (৩৩ বার","আল্লা-হু আকবার (৩৪ বার)-) আল্লাহ অতি-পবিত্র (৩৩ বার), সকল প্রশংসা আল্লাহর জন্য (৩৩ বার), আল্লাহ অতি-মহান (৩৪ বার)। “রাসূলুল্লাহ সাল্লাল্লাহু আলাইহি ওয়াসাল্লাম আলী এবং ফাতেমাকে বলেন: আমি কি তোমাদেরকে এমন কিছু বলে দিবো না যা তোমাদের জন্য খাদেম অপেক্ষাও উত্তম হবে? যখন তোমরা তোমাদের বিছানায় যাবে, তখন তোমরা দু'জনে ৩৩ বার সুবহানাল্লাহ, ৩৩ বার আলহামদু লিল্লাহ, এবং ৩৪ বার বলবে, যা","রাসূ িুল্লাহ সাল্লাল্লাহু আিাইযহ ওয়াসাল্লাম আিী এবং ফমতমামক বমিন: আযম যক দতামামদরমক এমন যকছু বমি যদমবা না িা দতামামদর েনয খামদম অমপক্ষাও উিম হমব? িখন দতামরা দতামামদর যবছানায় িামব, তখন দতামরা দু ’েমন ৩৩ বার সু বহানাল্লাহ, ৩৩ বার আিহামদু যিল্লাহ, এবং ৩৪ বার বিমব, িা তা খামদম অমপক্ষাও দতামামদর েনয উিম হমব’’। বু খারী, (ফাতহুি বারীসহ) ৭/৭১, নং ৩৭০৫; মুসযিম ৪/২০৯১, নং ২৭২৬।","reference_recovered_from_pdftext,continued_from_previous_or_next_page","158,159",ok,,"سُبْحَانَ اللَّهِ (ثَلَاثًا وَثَلَاثِينَ)، وَالْحَمْدُ لِلَّهِ (ثَلَاثًا وَثَلَاثِينَ)، وَاللَّهُ أَكْبَرُ (أَرْبَعًا وَثَلَاثِينَ). (সুবহা-নাল্লাহ, (৩৩ বার) আলহামদুলিল্লা-হ (৩৩ বার) আল্লা-হু আকবার (৩৪ বার)-)"
95,৩২. ঘুমানোর যিকিরসমূহ,160,161,107-(9),اَللّٰهُمَّ رَبَّ السَّمَاوَاتِ السَّبْعِ وَرَبَّ الْعَرْشِ الْعَظِيمِ، رَبَّنَا وَرَبَّ كُلِّ شَيْءٍ، فَالِقَ الْحَبِّ وَالنَّوَى، وَمُنْزِلَ التَّوْرَاةِ وَالْإِنْجِيلِ وَالْفُرْقَانِ، أَعُوذُ بِكَ مِنْ شَرِّ كُلِّ شَيْءٍ أَنْتَ آخِذٌ بِنَاصِيَتِهِ، اَللّٰهُمَّ أَنْتَ الْأَوَّلُ فَلَيْسَ قَبْلَكَ شَيْءٌ، وَأَنْتَ الْآخِرُ فَلَيْسَ بَعْدَكَ شَيْءٌ، وَأَنْتَ الظَّاهِرُ فَلَيْسَ فَوْقَكَ شَيْءٌ، وَأَنْتَ الْبَاطِنُ فَلَيْسَ دُونَكَ شَيْءٌ، اقْضِ عَنَّا الدَّيْنَ، وَأَغْنِنَا مِنَ الْفَقْرِ.,"আল্লা-হুম্মা রব্বাস সামা-ওয়া-তিস সাব‘ই ওয়া রব্বাল ‘আরশিল ‘আযীম, রব্বানা ওয়া রব্বা কুল্লি শাইইন, ফা- লিকাল হাব্বি ওয়ান্-নাওয়া, ওয়া মুনযিলাত-তাওরা-তি ওয়াল ইনজীলি ওয়াল ফুরকা-নি, আ‘উযু বিকা মিন শাররি কুল্লি শাইইন আ-খিযুম্-বিনা-সিয়াতিহি। আল্লা- হুম্মা আনতাল আওয়ালু ফালাইসা কাবলাকা শাইউন ওয়া আনতাল আ-খিরু ফালাইসা বা‘দাকা শাইউন। ওয়া আনতায যা-হিরু ফালাইসা ফাওকাকা শাইউন। ওয়া আনতাল বা-তিনু ফালাইসা দুনাকা শাইউন। ইকদি ‘আনাদ-দাইনা ওয়া আগনিনা মিনাল ফাকরি","“হে আল্লাহ! হে সপ্ত আকাশের রব্ব, যমীনের রব্ব, মহান ‘আরশের রব্ব, আমাদের রব্ব ও প্রত্যেক বস্তুর রব্ব, হে শস্য-বীজ ও আঁটি বিদীর্ণকারী, হে তাওরাত, ইঞ্জীল ও কুরআন নাযিলকারী, আমি প্রত্যেক এমন বস্তুর অনিষ্ট থেকে আপনার নিকট আশ্রয় প্রার্থনা করি, যার (মাথার) অগ্রভাগ আপনি ধরে রেখেছেন (নিয়ন্ত্রণ করছেন)। হে আল্লাহ! আপনিই প্রথম, আপনার পূর্বে কিছুই ছিল না, আপনি সর্বশেষ, আপনার পরে কোনো কিছু থাকবে না, আপনি সব কিছুর উপরে, আপনার উপরে কিছুই নেই; আপনি সর্বনিকটে, আপনার চেয়ে নিকটবর্তী কিছু নেই। আপনি আমাদের সমস্ত ঋণ পরিশোধ করে দিন এবং আমাদেরকে অভাবগ্রস্ততা থেকে অভাবমুক্ত করুন।”","মুসযিম ৪/২০৮৪, নং ২৭১৩।","reference_recovered_from_pdftext,continued_from_previous_or_next_page","160,161",ok,,اَللّٰهُمَّ رَبَّ السَّمَاوَاتِ السَّبْعِ وَرَبَّ الْعَرْشِ الْعَظِيمِ، رَبَّنَا وَرَبَّ كُلِّ شَيْءٍ، فَالِقَ الْحَبِّ وَالنَّوَى، وَمُنْزِلَ التَّوْرَاةِ وَالْإِنْجِيلِ وَالْفُرْقَانِ، أَعُوذُ بِكَ مِنْ شَرِّ كُلِّ شَيْءٍ أَنْتَ آخِذٌ بِنَاصِيَتِهِ، اَللّٰهُمَّ أَنْتَ الْأَوَّلُ فَلَيْسَ قَبْلَكَ 
96,৩২. ঘুমানোর যিকিরসমূহ,162,162,108-(10),اَلْحَمْدُ لِلَّهِ الَّذِي أَطْعَمَنَا، وَسَقَانَا، وَكَفَانَا، وَآوَانَا، فَكَمْ مِمَّنْ لَا كَافِيَ لَهُ وَلَا مُؤْوِيَ.,"আলহামদুলিল্লা-হিল্লাযী আত‘আমানা, ওয়া সাকা-না, ওয়া কাফা-না, ওয়া আ-ওয়ানা, ফাকাম মিম্মান লা কা-ফিয়া লাহু, ওয়ালা মু’উইয়া","“সকল প্রশংসা আল্লাহর জন্য, যিনি আমাদেরকে আহার করিয়েছেন, পান করিয়েছেন, আমাদের প্রয়োজন পূর্ণ করেছেন এবং আমাদেরকে আশ্রয় দিয়েছেন। কেননা, এমন বহু লোক আছে যাদের প্রয়োজনপূর্ণকারী কেউ নেই এবং যাদের আশ্রয়দানকারীও কেউ নেই।”","মুসযিম ৪/২০৮৫, নং ২৭১৫।",reference_recovered_from_pdftext,162,ok,,"اَلْحَمْدُ لِلَّهِ الَّذِي أَطْعَمَنَا، وَسَقَانَا، وَكَفَانَا، وَآوَانَا، فَكَمْ مِمَّنْ لَا كَافِيَ لَهُ وَلَا مُؤْوِيَ. (আলহামদুলিল্লা-হিল্লাযী আত‘আমানা, ওয়া সাকা-না, ওয়া কাফা-না, ওয়া আ-ওয়ানা, ফাকাম মিম্মান লা কা-ফিয়া"
97,৩২. ঘুমানোর যিকিরসমূহ,163,164,109-(11),اَللّٰهُمَّ عَالِمَ الْغَيْبِ وَالشَّهَادَةِ، فَاطِرَ السَّمَاوَاتِ وَالْأَرْضِ، رَبَّ كُلِّ شَيْءٍ وَمَلِيكَهُ، أَشْهَدُ أَنْ لَا إِلٰهَ إِلَّا أَنْتَ، أَعُوذُ بِكَ مِنْ شَرِّ نَفْسِي، وَمِنْ شَرِّ الشَّيْطَانِ وَشِرْكِهِ/وَشَرَكِهِ، وَأَنْ أَقْتَرِفَ عَلَى نَفْسِي سُوءًا أَوْ أَجُرَّهُ إِلَى مُسْلِمٍ.,"আল্লা-হুম্মা ‘আ-লিমাল গাইবি ওয়াশ-শাহা-দাতি, ফা- তিরাস সামা-ওয়া-তি ওয়াল আরদি, রব্বা কুল্লি শাইইন ওয়া মালীকাহু, আশহাদু আল্লা- ইলা-হা ইল্লা-আ আনতা আ‘উযু বিকা মিন শাররি নাফসী, ওয়া মিন শাররিশ শাইত্বানী ওয়া শিরকিহী/ওয়া শারাকিহী, ওয়া আন আকতারিফা ‘আলা নাফসী সূউ’আন আও আজুররাহু ইলা","“হে আল্লাহ! হে গায়েব ও উপস্থিতের জ্ঞানী, হে আসমানসমূহ ও যমীনের স্রষ্টা, হে সব কিছুর রব্ব ও মালিক! আমি সাক্ষ্য দিচ্ছি যে, আপনি ছাড়া আর কোনো হক ইলাহ নেই। আমি আপনার কাছে আশ্রয় চাই আমার আত্মার অনিষ্ট থেকে, শয়তানের অনিষ্টতা থেকে ও তার শির্ক বা তার ফাঁদ থেকে, আমার নিজের ওপর কোনো","আবূ দাউদ, ৪/৩১৭, নং ৫০৬৭; যতরযমিী, নং ৩৬২৯; আরও দদখুন, সহীহুত যতরযমিী, ৩/১৪২।","reference_recovered_from_pdftext,continued_from_previous_or_next_page","163,164",ok,,اَللّٰهُمَّ عَالِمَ الْغَيْبِ وَالشَّهَادَةِ، فَاطِرَ السَّمَاوَاتِ وَالْأَرْضِ، رَبَّ كُلِّ شَيْءٍ وَمَلِيكَهُ، أَشْهَدُ أَنْ لَا إِلٰهَ إِلَّا أَنْتَ، أَعُوذُ بِكَ مِنْ شَرِّ نَفْسِي، وَمِنْ شَرِّ الشَّيْطَانِ وَشِرْكِهِ/وَشَرَكِهِ، وَأَنْ أَقْتَرِفَ عَلَى نَفْسِي سُوءًا أَوْ أَجُرَّهُ إِلَى
98,৩২. ঘুমানোর যিকিরসমূহ,164,164,১১০-(১২),,,আলিফ লাম মীম তানযীল (অর্থাৎ সিজদাহ) ও তাবারাকাল্লাযী বিয়াদিহিল মুলক’ সুরাদ্বয় পড়বে।,"রাসূ িুল্লাহ সাল্লাল্লাহু আিাইযহ ওয়াসাল্লাম সূ রা সােদা এবং সূ রা মুিক না পমড় ঘুমামতন না। যতরযমিী, নং ৩৪০৪; নাসাঈ, আমািু ি ইয়াওযম ওয়াি িাইিাহ, নং ৭০৭। আরও দদখুন, সহীহুি োমম‘ ৪/২৫৫।",reference_recovered_from_pdftext,164,ok,,আলিফ লাম মীম তানযীল (অর্থাৎ সিজদাহ) ও তাবারাকাল্লাযী বিয়াদিহিল মুলক’ সুরাদ্বয় পড়বে।১৪৮
99,৩২. ঘুমানোর যিকিরসমূহ,164,166,111-(13),اَللّٰهُمَّ أَسْلَمْتُ نَفْسِي إِلَيْكَ، وَفَوَّضْتُ أَمْرِي إِلَيْكَ، وَوَجَّهْتُ وَجْهِيَ إِلَيْكَ، وَأَلْجَأْتُ ظَهْرِي إِلَيْكَ، رَغْبَةً وَرَهْبَةً إِلَيْكَ، لَا مَلْجَأَ وَلَا مَنْجَا مِنْكَ إِلَّا إِلَيْكَ، آمَنْتُ بِكِتَابِكَ الَّذِي أَنْزَلْتَ وَبِنَبِيِّكَ الَّذِي أَرْسَلْتَ.,"আল্লা-হুম্মা আসলামতু নাফসী ইলাইকা, ওয়া ফাওয়াযতু আমরী ইলাইকা, ওয়া ওয়াজ্জাহ্তু ওয়াজহিয়া ইলাইকা, ওয়ালজা’তু যাহুরী ইলাইকা, রাগবাতান ওয়া রাহবাতান ইলাইকা। লা মালজা’আ ওয়ালা মানজা মিংকা ইল্লা ইলাইকা। আ-মানতু বিকিতা-বিকাল্লাযী আনযালতা ওয়াবিনাবিয়্যিকাল্লাযী আরসালতা","“হে আল্লাহ!১৪৯ আমি নিজেকে আপনার কাছে সঁপে দিলাম। আমার যাবতীয় বিষয় আপনার কাছেই সোপর্দ করলাম, আমার চেহারা আপনার দিকেই ফিরালাম, আর আমার পৃষ্ঠদেশকে আপনার দিকেই ন্যস্ত করলাম, আপনার প্রতি অনুরাগী হয়ে এবং আপনার ভয়ে ভীত হয়ে। একমাত্র আপনার নিকট ছাড়া আপনার (পাকড়াও) থেকে বাঁচার কোনো আশ্রয়স্থল নেই এবং কোনো মুক্তির উপায় নেই। আমি ঈমান এনেছি আপনার নাযিলকৃত কিতাবের ওপর এবং আপনার প্রেরিত নবীর ওপর।”","রাসূ িুল্লাহ সাল্লাল্লাহু আিাইযহ ওয়াসাল্লাম িামক এ দদা‘আযে যিক্ষা যদমিন, তামক বমিন: িযদ তুযম ঐ রামত মারা িাও তমব ‘যফতরাত’ তো দীন ইসিামমর উপর মারা দর্মি। বু খারী, (ফাতহুি বারীসহ) ১১/১১৩, নং ৬৩১৩; মুসযিম ৪/২০৮১, নং ২৭১০।","reference_recovered_from_pdftext,continued_from_previous_or_next_page","164,165,166",ok,,اَللّٰهُمَّ أَسْلَمْتُ نَفْسِي إِلَيْكَ، وَفَوَّضْتُ أَمْرِي إِلَيْكَ، وَوَجَّهْتُ وَجْهِيَ إِلَيْكَ، وَأَلْجَأْتُ ظَهْرِي إِلَيْكَ، رَغْبَةً وَرَهْبَةً إِلَيْكَ، لَا مَلْجَأَ وَلَا مَنْجَا مِنْكَ إِلَّا إِلَيْكَ،
100,৩১. খারাপ স্বপ্ন বা দুঃস্বপ্ন দেখে যা করবে,168,168,১১৪-(১),,,“তার বাম দিকে হালকা থুতু ফেলবে” (৩ বার)।,"মুসযিম, ৪/১৭৭২, নং ২২৬১।",reference_recovered_from_pdftext,168,ok,,“তার বাম দিকে হালকা থুতু ফেলবে” (৩ বার)।১৫৩
101,৩১. খারাপ স্বপ্ন বা দুঃস্বপ্ন দেখে যা করবে,168,168,১১৪-(২),,,“শয়তান থেকে এবং যা দেখেছে তার অনিষ্ট থেকে আল্লাহর কাছে আশ্রয় চাইবে/প্রার্থনা করবে।” (৩ বার),"মুসযিম, ৪/১৭৭২, ১৭৭৩, নং ২২৬১, ২২৬২।",reference_recovered_from_pdftext,168,ok,,“শয়তান থেকে এবং যা দেখেছে তার অনিষ্ট থেকে আল্লাহর কাছে আশ্রয় চাইবে/প্রার্থনা করবে।” (৩ বার)১৫৪
102,৩১. খারাপ স্বপ্ন বা দুঃস্বপ্ন দেখে যা করবে,168,168,১১৪-(৩),,,“কাউকে এ ব্যাপারে কিছু বলবে না।”,"মুসযিম, ৪/১৭৭২, নং ২২৬১ ও নং ২২৬৩।",reference_recovered_from_pdftext,168,ok,,“কাউকে এ ব্যাপারে কিছু বলবে না।”১৫৫
103,৩১. খারাপ স্বপ্ন বা দুঃস্বপ্ন দেখে যা করবে,169,169,১১৪-(৪),,,“অতঃপর যে পার্শ্বে সে ঘুমিয়েছিল তা পরিবর্তন করবে।”,"মুসযিম, ৪/১৭৭৩, নং ২২৬১।",reference_recovered_from_pdftext,169,ok,,“অতঃপর যে পার্শ্বে সে ঘুমিয়েছিল তা পরিবর্তন করবে।”১৫৬
104,৩১. খারাপ স্বপ্ন বা দুঃস্বপ্ন দেখে যা করবে,169,169,১১৫-(৫),,,“যদি ইচ্ছা করে তবে উঠে সালাত আদায় করবে।”,"মুসযিম ৪/১৭৭৩, নং ২২৬৩।",reference_recovered_from_pdftext,169,ok,,“যদি ইচ্ছা করে তবে উঠে সালাত আদায় করবে।”১৫৭
105,৩২. বিতরের কুনূতের দো‘আ,169,171,116-(1),اَللّٰهُمَّ اهْدِنِي فِيمَنْ هَدَيْتَ، وَعَافِنِي فِيمَنْ عَافَيْتَ، وَتَوَلَّنِي فِيمَنْ تَوَلَّيْتَ، وَبَارِكْ لِي فِيمَا أَعْطَيْتَ، وَقِنِي شَرَّ مَا قَضَيْتَ، فَإِنَّكَ تَقْضِي وَلَا يُقْضَى عَلَيْكَ، إِنَّهُ لَا يَذِلُّ مَنْ وَالَيْتَ، وَلَا يَعِزُّ مَنْ عَادَيْتَ، تَبَارَكْتَ رَبَّنَا وَتَعَالَيْتَ.,"আল্লা-হুম্মাহদিনী ফীমান হাদাইতা ওয়া ‘আ-ফিনী ফীমান ‘আ-ফাইতা ওয়া তাওয়াল্লানী ফীমান তাওয়াল্লাইতা ওয়াবা- রিক লী ফীমা আ‘তাইতা ওয়া কিনী শাররা মা কাদাইতা ফাইন্নাকা তাকদী ওয়ালা ইউকদা ‘আলাইকা। ইন্নাহু লা ইয়াযিল্লু মান ওয়ালাইতা, [ওয়ালা ইয়া‘ইয্যু মান ‘আ- দাইতা,] তাবা-রাকতা রব্বানা ওয়া তা‘আলাইতা","“হে আল্লাহ! আপনি যাদেরকে হেদায়াত করেছেন তাদের মধ্যে আমাকেও হিদায়াত দিন, আপনি যাদেরকে নিরাপত্তা প্রদান করেছেন তাদের মধ্যে আমাকেও নিরাপত্তা দিন, আপনি যাদের অভিভাবকত্ব গ্রহণ করেছেন, তাদের মধ্যে আমার অভিভাবকত্বও গ্রহণ করুন, আপনি আমাকে যা দিয়েছেন তাতে বরকত দিন। আপনি যা ফয়সালা করেছেন তার অকল্যাণ থেকে আমাকে রক্ষা করুন। কারণ, আপনিই চূড়ান্ত ফয়সালা দেন, আপনার বিপরীতে ফয়সালা দেওয়া হয় না। আপনি যার সাথে বন্ধুত্ব করেছেন সে অবশ্যই অপমানিত হয় না এবং আপনি যার সাথে শত্রুতা করেছেন সে সম্মানিত হয় না।] আপনি বরকতপূর্ণ হে আমাদের রব! আর আপনি সুউচ্চ-সুমহান।”","সু নান গ্রেকারর্ণ, আহমাদ, দারামী ও বাইহাকী এ হাদীসযে সংকিন কমরমছন। আবূ দাউদ, নং ১৪২৫; যতরযমিী, নং ৪৬৪; নাসাঈ, নং ১৭৪৪; ইবন মাোহ, নং ১১৭৮; আহমাদ, নং ১৭১৮; দারামী, নং ১৫৯২; হাযকম, ৩/১৭২; বাইহাকী, ২/২০৯। আর দু ’ ব্রামকমের মােখামনর অংি বাইহাকীর। আরও দদখুন, সহীহুত যতরযমিী ১/১৪৪, সহীহ ইবন মাোহ, ১/১৯৪; ইরওয়াউি র্ািীি, যিি আিবানী, ২/১৭২।","reference_recovered_from_pdftext,continued_from_previous_or_next_page","169,170,171",ok,,اَللّٰهُمَّ اهْدِنِي فِيمَنْ هَدَيْتَ، وَعَافِنِي فِيمَنْ عَافَيْتَ، وَتَوَلَّنِي فِيمَنْ تَوَلَّيْتَ، وَبَارِكْ لِي فِيمَا أَعْطَيْتَ، وَقِنِي شَرَّ مَا قَضَيْتَ، فَإِنَّكَ تَقْضِي وَلَا يُقْضَى عَلَيْكَ، إِنَّهُ لَا يَذِلُّ مَنْ وَالَيْتَ، وَلَا يَعِزُّ مَنْ
106,৩২. বিতরের কুনূতের দো‘আ,171,172,117-(2),اَللّٰهُمَّ إِنِّي أَعُوذُ بِرِضَاكَ مِنْ سَخَطِكَ، وَبِمُعَافَاتِكَ مِنْ عُقُوبَتِكَ، وَأَعُوذُ بِكَ مِنْكَ، لَا أُحْصِي ثَنَاءً عَلَيْكَ، أَنْتَ كَمَا أَثْنَيْتَ عَلَى نَفْسِكَ.,"আল্লা-হুম্মা ইন্নী আ‘উযুবিরিদ্বা-কা মিন সাখাতিকা, ওয়া বিমু‘আ-ফা-তিকা মিন ‘উকূবাতিক, ওয়া আ‘উযু বিকা মিনকা, লা উহসী সানা-আন ‘আলাইকা, আনতা কামা আসনাইতা ‘আলা নাফসিকা","“হে আল্লাহ! আমি আপনার সন্তুষ্টির মাধ্যমে অসন্তুষ্টি থেকে, আর আপনার নিরাপত্তার মাধ্যমে আপনার শাস্তি থেকে আশ্রয় চাই। আর আমি আপনার নিকটে আপনার (পাকড়াও) থেকে আশ্রয় চাই। আমি আপনার প্রশংসা গুনতে সক্ষম নই; আপনি সেরূপই, যেরূপ প্রশংসা আপনি নিজের জন্য করেছেন।”","সু নান গ্রেকারর্ণ ও আহমাদ হাদীসযে সংকিন কমরমছন। আবূ দাউদ, নং ১৪২৭; যতরযমিী, নং ৩৫৬৬; নাসাঈ, নং ১৭৪৬; ইবন মাোহ, নং ১১৭৯; আহমাদ, নং ৭৫১। আরও দদখুন, সহীহুত যতরযমিী, ৩/১৮০; সহীহ ইবন মাোহ, ১/১৯৪, আি-ইরওয়া, ২/১৭৫।","reference_recovered_from_pdftext,continued_from_previous_or_next_page","171,172",ok,,"اَللّٰهُمَّ إِنِّي أَعُوذُ بِرِضَاكَ مِنْ سَخَطِكَ، وَبِمُعَافَاتِكَ مِنْ عُقُوبَتِكَ، وَأَعُوذُ بِكَ مِنْكَ، لَا أُحْصِي ثَنَاءً عَلَيْكَ، أَنْتَ كَمَا أَثْنَيْتَ عَلَى نَفْسِكَ. (আল্লা-হুম্মা ইন্নী আ‘উযুবিরিদ্বা-কা মিন সাখাতিকা, ওয়া"
107,৩২. বিতরের কুনূতের দো‘আ,173,174,118-(3),اَللّٰهُمَّ إِيَّاكَ نَعْبُدُ، وَلَكَ نُصَلِّي وَنَسْجُدُ، وَإِلَيْكَ نَسْعَى وَنَحْفِدُ، نَرْجُو رَحْمَتَكَ، وَنَخْشَى عَذَابَكَ، إِنَّ عَذَابَكَ بِالْكَافِرِينَ مُلْحَقٌ. اَللّٰهُمَّ إِنَّا نَسْتَعِينُكَ وَنَسْتَغْفِرُكَ، وَنُثْنِي عَلَيْكَ الْخَيْرَ، وَلَا نَكْفُرُكَ، وَنُؤْمِنُ بِكَ، وَنَخْلَعُ وَنَتْرُكُ مَنْ يَكْفُرُكَ.,"আল্লা-হুম্মা ইয়্যাকা না‘বুদু, ওয়ালাকা নুসাল্লী, ওয়ানাসজুদু, ওয়া ইলাইকা নাস‘আ, ওয়া নাহফিদু, নারজূ রাহমাতাকা, ওয়া নাখশা ‘আযা-বাকা, ইন্না ‘আযা-বাকা বিলকাফিরীনা মুলহিক। আল্লাহুম্মা ইন্না নাস্তাঈনুকা ওয়া নাস্তাগফিরুকা, ওয়া নুসনী ‘আলাইকাল খাইরা, ওয়ালা- নাকফুরুকা, ওয়া নু’মিনু বিকা, ওয়া নাখলা‘উ মাই ইয়াকফুরুক","“হে আল্লাহ! আমরা আপনারই ইবাদত করি, আপনার জন্যই সালাত আদায় করি ও সাজদাহ করি, আমরা আপনার দিকেই দৌড়াই এবং দ্রুত অগ্রসর হই, আমরা আপনার করুণা লাভের আশা করি এবং আপনার শাস্তিকে ভয় করি। নিশ্চয় আপনার শাস্তি কাফিরদেরকে পাবে। হে আল্লাহ! নিশ্চয় আমরা আপনার কাছে সাহায্য চাই, আপনার কাছে ক্ষমা চাই, আপনার উত্তম প্রশংসা করি, আপনার সাথে কুফরি করি না, আপনার ওপর ঈমান আনি, আপনার প্রতি অনুগত হই, আর যে আপনার সাথে কুফরি করে আমরা তার সাথে সম্পর্ক ছিন্ন করি।”","হাদীসযে বায়হাকী তাাঁর ‘আস-সু নানু ি কবরা’ গ্রমে সংকিন কমরমছন এবং তার সনদ যবশুি বমিমছন, ২/২১১। আর িাইখ আিবানী ইরওয়াউি র্ািীি এর ২/১৭০ এ বমিন, ‘এর সনদ যবশুি। আর তা উমর রা. দেমক মওকূফ হাদীমস বযণগত।","reference_recovered_from_pdftext,continued_from_previous_or_next_page","173,174",ok,,اَللّٰهُمَّ إِيَّاكَ نَعْبُدُ، وَلَكَ نُصَلِّي وَنَسْجُدُ، وَإِلَيْكَ نَسْعَى وَنَحْفِدُ، نَرْجُو رَحْمَتَكَ، وَنَخْشَى عَذَابَكَ، إِنَّ عَذَابَكَ بِالْكَافِرِينَ مُلْحَقٌ. اَللّٰهُمَّ إِنَّا نَسْتَعِينُكَ وَنَسْتَغْفِرُكَ، وَنُثْنِي عَلَيْكَ الْخَيْرَ، وَلَا نَكْفُرُكَ، وَنُؤْمِنُ
108,৩৪. দুঃখ ও দুশ্চিন্তার সময় পড়ার দো‘আ,176,177,120-(1),اَللّٰهُمَّ إِنِّي عَبْدُكَ، ابْنُ عَبْدِكَ، ابْنُ أَمَتِكَ، نَاصِيَتِي بِيَدِكَ، مَاضٍ فِيَّ حُكْمُكَ، عَدْلٌ فِيَّ قَضَاؤُكَ، أَسْأَلُكَ بِكُلِّ اسْمٍ هُوَ لَكَ سَمَّيْتَ بِهِ نَفْسَكَ، أَوْ أَنْزَلْتَهُ فِي كِتَابِكَ، أَوْ عَلَّمْتَهُ أَحَدًا مِنْ خَلْقِكَ، أَوِ اسْتَأْثَرْتَ بِهِ فِي عِلْمِ الْغَيْبِ عِنْدَكَ، أَنْ تَجْعَلَ الْقُرْآنَ رَبِيعَ قَلْبِي، وَنُورَ صَدْرِي، وَجَلَاءَ حُزْنِي، وَذَهَابَ هَمِّي.,,"হে আল্লাহ! আমি আপনার বান্দা, আপনারই এক বান্দার পুত্র এবং আপনার এক বান্দীর পুত্র। আমার কপাল (নিয়ন্ত্রণ) আপনার হাতে, আমার ওপর আপনার নির্দেশ কার্যকর, আমার ব্যাপারে আপনার ফয়সালা ন্যায়পূর্ণ। আমি আপনার কাছে প্রার্থনা করি আপনার প্রতিটি নামের উসীলায়; যে নাম আপনি নিজের জন্য নিজে রেখেছেন অথবা আপনি আপনার কিতাবে নাযিল করেছেন অথবা আপনার সৃষ্টজীবের কাউকেও শিখিয়েছেন অথবা নিজ গায়েবী জ্ঞানে নিজের জন্য সংরক্ষণ করে রেখেছেন- আপনি কুরআনকে বানিয়ে দিন আমার হৃদয়ের প্রশান্তি, আমার বক্ষের জ্যোতি, আমার দুঃখের অপসারণকারী এবং দুশ্চিন্তা দূরকারী।”","আহমাদ ১/৩৯১, নং ৩৭১২। আর িাইখ আিবানী তাাঁর যসিযসিাতুি আহাদীযসস সহীহাহ গ্রমে ১/৩৩৭ এমক সহীহ বমিমছন।","reference_recovered_from_pdftext,continued_from_previous_or_next_page","176,177",ok,,اَللّٰهُمَّ إِنِّي عَبْدُكَ، ابْنُ عَبْدِكَ، ابْنُ أَمَتِكَ، نَاصِيَتِي بِيَدِكَ، مَاضٍ فِيَّ حُكْمُكَ، عَدْلٌ فِيَّ قَضَاؤُكَ، أَسْأَلُكَ بِكُلِّ اسْمٍ هُوَ لَكَ سَمَّيْتَ بِهِ نَفْسَكَ، أَوْ أَنْزَلْتَهُ فِي كِتَابِكَ، أَوْ عَلَّمْتَهُ أَحَدًا مِنْ خَلْقِكَ، أَوِ اسْتَأْثَرْتَ بِهِ فِي
109,৩৪. দুঃখ ও দুশ্চিন্তার সময় পড়ার দো‘আ,177,178,121-(2),اَللّٰهُمَّ إِنِّي أَعُوذُ بِكَ مِنَ الْهَمِّ وَالْحَزَنِ، وَالْعَجْزِ وَالْكَسَلِ، وَالْبُخْلِ وَالْجُبْنِ، وَضَلَعِ الدَّيْنِ وَغَلَبَةِ الرِّجَالِ.,"আল্লা-হুম্মা ইন্নী আ‘উযু বিকা মিনাল হাম্মি ওয়াল হাযানি, ওয়াল ‘আজি ওয়াল কাসালি, ওয়াল বুখলি ওয়াল জুবনি, ওয়া দালা‘ইদ্দাইনি ওয়া গালাবাতির রিজা-লি","“হে আল্লাহ! নিশ্চয় আমি আপনার আশ্রয় নিচ্ছি দুশ্চিন্তা ও দুঃখ থেকে, অপারগতা ও অলসতা থেকে, কৃপণতা ও ভীরুতা থেকে, ঋণের ভার ও মানুষদের দমন-পীড়ন থেকে।”","বু খারী, ৭/১৫৮, নং ২৮৯৩; দসখামন এমসমছ, রাসূ িুল্লাহ সাল্লাল্লাহু আিাইযহ ওয়াসাল্লাম এ দদা‘আযে দবযি দবযি করমতন। আরও দদখুন, বু খারী, (ফাতহুি বারীসহ) ১১/১৭৩; আরও দদখুন িা পৃ ষ্ঠায় ১৩৭ নং এ বযণগত হমব।","reference_recovered_from_pdftext,continued_from_previous_or_next_page","177,178",ok,,"اَللّٰهُمَّ إِنِّي أَعُوذُ بِكَ مِنَ الْهَمِّ وَالْحَزَنِ، وَالْعَجْزِ وَالْكَسَلِ، وَالْبُخْلِ وَالْجُبْنِ، وَضَلَعِ الدَّيْنِ وَغَلَبَةِ الرِّجَالِ. (আল্লা-হুম্মা ইন্নী আ‘উযু বিকা মিনাল হাম্মি ওয়াল হাযানি, ওয়াল ‘আজি ওয়াল কাসালি, ওয়াল বুখলি ওয়াল জুবনি,"
110,৩৫. দুর্দশাগ্রস্ত ব্যক্তির দো‘আ,178,179,122-(1),لَا إِلٰهَ إِلَّا اللَّهُ الْعَظِيمُ الْحَلِيمُ، لَا إِلٰهَ إِلَّا اللَّهُ رَبُّ الْعَرْشِ الْعَظِيمِ، لَا إِلٰهَ إِلَّا اللَّهُ رَبُّ السَّمَاوَاتِ وَرَبُّ الْأَرْضِ وَرَبُّ الْعَرْشِ الْكَرِيمِ.,লা ইলা-হা ইল্লাল্লাহুল ‘আযীমুল হালীম। লা ইলা-হা ইল্লাল্লা-হু রব্বুল ‘আরশিল ‘আযীম। লা ইলা-হা ইল্লাল্লা-হু রব্বুস্ সামা-ওয়া-তি ওয়া রব্বুল আরদি ওয়া রব্বুল ‘আরশিল কারীম,"“আল্লাহ ছাড়া কোনো হক ইলাহ নেই, তিনি মহান ও সহিষ্ণু। ‘আল্লাহ ছাড়া কোনো হক ইলাহ নেই, তিনি মহান ‘আরশের রব্ব। আল্লাহ ছাড়া কোনো হক ইলাহ নেই, তিনি আসমানসমূহের রব্ব, যমীনের রব্ব এবং সম্মানিত ‘আরশের রব্ব।”","বু খারী, (ফাতহুি বারীসহ) ৭/১৫৪, নং ৬৩৪৫; মুসযিম ৪/২০৯২, নং ২৭৩০।","reference_recovered_from_pdftext,continued_from_previous_or_next_page","178,179",ok,,لَا إِلٰهَ إِلَّا اللَّهُ الْعَظِيمُ الْحَلِيمُ، لَا إِلٰهَ إِلَّا اللَّهُ رَبُّ الْعَرْشِ الْعَظِيمِ، لَا إِلٰهَ إِلَّا اللَّهُ رَبُّ السَّمَاوَاتِ وَرَبُّ الْأَرْضِ وَرَبُّ الْعَرْشِ الْكَرِيمِ. (লা ইলা-হা ইল্লাল্লাহুল ‘আযীমুল হালীম। লা ইলা-হা
111,৩৫. দুর্দশাগ্রস্ত ব্যক্তির দো‘আ,179,180,123-(2),اَللّٰهُمَّ رَحْمَتَكَ أَرْجُو فَلَا تَكِلْنِي إِلَى نَفْسِي طَرْفَةَ عَيْنٍ، وَأَصْلِحْ لِي شَأْنِي كُلَّهُ، لَا إِلٰهَ إِلَّا أَنْتَ.,"আল্লা-হুম্মা রাহমাতাকা আরজূ ফালা তাকিলনী ইলা নাফসী ত্বারফাতা ‘আইন, ওয়া আসলিহ লী শা’নী কুল্লাহ, লা ইলা-হা ইল্লা আনতা",“হে আল্লাহ! আমি আপনার রহমতেরই আশা করি। তাই আপনি এক নিমেষের জন্যও আমাকে আমার নিজের কাছে সোপর্দ করবেন না। আপনি আমার সার্বিক বিষয়াদি সংশোধন করে দিন। আপনি ছাড়া কোনো হক ইলাহ নেই।”,"আবূ দাউদ, ৪/৩২৪, নং ৫০৯০; আহমাদ ৫/৪২, নং ২০৪৩০। আর িাইখ আিবানী সহীহ আযব দাউদ গ্রমে ৩/৯৫৯ এোমক হাসান হাদীস বমিমছন।","reference_recovered_from_pdftext,continued_from_previous_or_next_page","179,180",ok,,"اَللّٰهُمَّ رَحْمَتَكَ أَرْجُو فَلَا تَكِلْنِي إِلَى نَفْسِي طَرْفَةَ عَيْنٍ، وَأَصْلِحْ لِي شَأْنِي كُلَّهُ، لَا إِلٰهَ إِلَّا أَنْتَ. (আল্লা-হুম্মা রাহমাতাকা আরজূ ফালা তাকিলনী ইলা নাফসী ত্বারফাতা ‘আইন, ওয়া আসলিহ লী শা’নী কুল্লাহ,"
112,৩৫. দুর্দশাগ্রস্ত ব্যক্তির দো‘আ,180,180,124-(3),لَا إِلٰهَ إِلَّا أَنْتَ سُبْحَانَكَ إِنِّي كُنْتُ مِنَ الظَّالِمِينَ.,লা ইলাহা ইল্লা আনতা সুবহানাকা ইন্নী কুনতু মিনায-যা- লিমীন,"“আপনি ছাড়া কোনো হক ইলাহ নেই, আপনি পবিত্র-মহান, নিশ্চয় আমি যালিমদের অন্তর্ভুক্ত।”","যতরযমিী ৫/৫২৯, নং ৩৫০৫; হামকম এবং যতযন এমক সহীহ বমিমছন, িাহাবী দসো সমেগন কমরমছন, ১/৫০৫। আরও দদখুন, সহীহুত যতরযমিী, ৩/১৬৮।",reference_recovered_from_pdftext,180,ok,,لَا إِلٰهَ إِلَّا أَنْتَ سُبْحَانَكَ إِنِّي كُنْتُ مِنَ الظَّالِمِينَ. (লা ইলাহা ইল্লা আনতা সুবহানাকা ইন্নী কুনতু মিনায-যা- লিমীন)
113,৩৫. দুর্দশাগ্রস্ত ব্যক্তির দো‘আ,180,181,125-(4),اَللَّهُ اللَّهُ رَبِّي لَا أُشْرِكُ بِهِ شَيْئًا.,"আল্লাহু আল্লাহু, রব্বী, লা উশরিকু বিহী শাইআন",“আল্লাহ! আল্লাহ! (তিনি) আমার রব্ব! আমি তাঁর সাথে কোনো কিছু শরীক করি না।”,"হাদীসযে সংকিন কমরমছন, আবূ দাউদ, ২/৮৭, নং ১৫২৫; ইবন মাোহ, নং ৩৮৮২। আরও দদখুন, সহীহ ইবন মাোহ, ২/৩৩৫।","reference_recovered_from_pdftext,continued_from_previous_or_next_page","180,181",ok,,"اَللَّهُ اللَّهُ رَبِّي لَا أُشْرِكُ بِهِ شَيْئًا. (আল্লাহু আল্লাহু, রব্বী, লা উশরিকু বিহী শাইআন) “আল্লাহ! আল্লাহ! (তিনি) আমার রব্ব! আমি তাঁর সাথে কোনো কিছু শরীক করি না।”১৬৭"
114,৩৬. শত্রু এবং শক্তিধর ব্যক্তির সাক্ষাতকালে দো‘আ,181,181,126-(1),اَللّٰهُمَّ إِنَّا نَجْعَلُكَ فِي نُحُورِهِمْ، وَنَعُوذُ بِكَ مِنْ شُرُورِهِمْ.,আল্লা-হুম্মা ইন্না নাজ‘আলুকা ফী নুহূরিহিম ওয়া না‘উযু বিকা মিন শুরুরিহিম,“হে আল্লাহ! আমরা আপনাকে তাদের গলদেশে রাখছি এবং তাদের অনিষ্ট থেকে আপনার নিকট আশ্রয় প্রার্থনা করছি।”,"আবু দাঊদ ২/৮৯, নং ১৫৩৭; আর হামকম হাদীসযেমক সহীহ বমিমছন এবং ইমাম িাহাবী এমক সমেগন কমরমছন ২/১৪২।",reference_recovered_from_pdftext,181,ok,,اَللّٰهُمَّ إِنَّا نَجْعَلُكَ فِي نُحُورِهِمْ، وَنَعُوذُ بِكَ مِنْ شُرُورِهِمْ. (আল্লা-হুম্মা ইন্না নাজ‘আলুকা ফী নুহূরিহিম ওয়া না‘উযু বিকা মিন শুরুরিহিম)
115,৩৬. শত্রু এবং শক্তিধর ব্যক্তির সাক্ষাতকালে দো‘আ,182,182,127-(2),اَللّٰهُمَّ أَنْتَ عَضُدِي، وَأَنْتَ نَصِيرِي، بِكَ أَحُولُ، وَبِكَ أَصُولُ، وَبِكَ أُقَاتِلُ.,"আল্লা-হুম্মা আনতা ‘আযুদী, ওয়া আনতা নাসীরী, বিকা আহুলু, ওয়া বিকা আসুলু, ওয়া বিকা উকা-তিলু","“হে আল্লাহ! আপনি আমার শক্তি এবং আপনি আমার সাহায্যকারী। আপনারই সাহায্যে আমি বিচরণ করি, আপনারই সাহায্যে আমি আক্রমণ করি এবং আপনারই সাহায্যে আমি যুদ্ধ করি।”","আবূ দাউদ ৩/৪২, নং ২৬৩২; যতরযমিী ৫/৫৭২, নং ৩৫৮৪। আরও দদখুন, সহীহুত যতরযমিী, ৩/১৮৩।",reference_recovered_from_pdftext,182,ok,,"اَللّٰهُمَّ أَنْتَ عَضُدِي، وَأَنْتَ نَصِيرِي، بِكَ أَحُولُ، وَبِكَ أَصُولُ، وَبِكَ أُقَاتِلُ. (আল্লা-হুম্মা আনতা ‘আযুদী, ওয়া আনতা নাসীরী, বিকা আহুলু, ওয়া বিকা আসুলু, ওয়া বিকা উকা-তিলু)।"
116,৩৬. শত্রু এবং শক্তিধর ব্যক্তির সাক্ষাতকালে দো‘আ,182,183,128-(32),حَسْبُنَا اللَّهُ وَنِعْمَ الْوَكِيلُ.,হাসবুনাল্লা-হু ওয়া নি‘মাল ওয়াকীল,"“আল্লাহই আমাদের জন্য যথেষ্ট, আর তিনি কতই না উত্তম কর্মবিধায়ক।”","বু খারী ৫/১৭২, নং ৪৫৬৩।","reference_recovered_from_pdftext,continued_from_previous_or_next_page","182,183",ok,,"حَسْبُنَا اللَّهُ وَنِعْمَ الْوَكِيلُ. (হাসবুনাল্লা-হু ওয়া নি‘মাল ওয়াকীল) “আল্লাহই আমাদের জন্য যথেষ্ট, আর তিনি কতই না উত্তম কর্মবিধায়ক।”১৭০"
117,৩৭. শাসকের অত্যাচারের ভয় করলে পড়ার দো‘আ,183,184,129-(1),اَللّٰهُمَّ رَبَّ السَّمَاوَاتِ السَّبْعِ، وَرَبَّ الْعَرْشِ الْعَظِيمِ، كُنْ لِي جَارًا مِنْ فُلَانِ بْنِ فُلَانٍ، وَأَحْزَابِهِ مِنْ خَلَائِقِكَ أَنْ يَفْرُطَ عَلَيَّ أَحَدٌ مِنْهُمْ أَوْ يَطْغَى، عَزَّ جَارُكَ، وَجَلَّ ثَنَاؤُكَ، وَلَا إِلٰهَ إِلَّا أَنْتَ.,"আল্লা-হুম্মা রব্বাস সামা-ওয়া-তিস সাব‘ঈ, ওয়া রব্বাল ‘আরশিল ‘আযীম। কুন লী জারান মিন ফুলানিবনি ফুলানিন, ওয়া আহযাবিহী মিন খালায়েকিকা, আই ইয়াফরুতা ‘আলাইয়্যা আহাদুম মিনহুম আও ইয়াতগা, ‘আয্যা জা-রুকা ওয়া জাল্লা সানা-উকা, ওয়া লা ইলা-হা ইল্লা আনতা","“হে আল্লাহ, সাত আসমানের রব্ব! মহান আরশের রব্ব! আপনার সৃষ্টিকুলের মধ্য থেকে অমুকের পুত্র অমুকের বিপক্ষে এবং তার বাহিনীর বিরুদ্ধে আপনি আমার আশ্রয়দাতা হোন; যাতে তাদের কেউ আমার ওপর দ্রুত আক্রমণ বা সীমালঙ্ঘন করতে না পারে। আপনার আশ্রিত তো শক্তিশালী, আপনার প্রশংসা তো অতি মহান। আর আপনি ছাড়া কোনো হক ইলাহ নেই।”","বু খারী, আি-আদাব আি-মুফরাদ, নং ৭১২। আর িাইখ আিবানী সহীহ আি-আদাবু ি মুফরাদ গ্রমে, নং ৫৪৫, এমক সহীহ বমিমছন।","reference_recovered_from_pdftext,continued_from_previous_or_next_page","183,184",ok,,اَللّٰهُمَّ رَبَّ السَّمَاوَاتِ السَّبْعِ، وَرَبَّ الْعَرْشِ الْعَظِيمِ، كُنْ لِي جَارًا مِنْ فُلَانِ بْنِ فُلَانٍ، وَأَحْزَابِهِ مِنْ خَلَائِقِكَ أَنْ يَفْرُطَ عَلَيَّ أَحَدٌ مِنْهُمْ أَوْ يَطْغَى، عَزَّ جَارُكَ، وَجَلَّ ثَنَاؤُكَ، وَلَا إِلٰهَ إِلَّا أَنْتَ.
118,৩৭. শাসকের অত্যাচারের ভয় করলে পড়ার দো‘আ,184,186,130-(2),اَللَّهُ أَكْبَرُ، اللَّهُ أَعَزُّ مِنْ خَلْقِهِ جَمِيعًا، اللَّهُ أَعَزُّ مِمَّا أَخَافُ وَأَحْذَرُ. أَعُوذُ بِاللَّهِ الَّذِي لَا إِلٰهَ إِلَّا هُوَ الْمُمْسِكُ السَّمَاوَاتِ السَّبْعَ أَنْ يَقَعْنَ عَلَى الْأَرْضِ إِلَّا بِإِذْنِهِ مِنْ شَرِّ عِبَادِهِ، وَجُنُودِهِ، وَأَتْبَاعِهِ، وَأَشْيَاعِهِ مِنَ الْجِنِّ وَالْإِنْسِ، اَللّٰهُمَّ كُنْ لِي جَارًا مِنْ شَرِّهِمْ، جَلَّ ثَنَاؤُكَ وَعَزَّ جَارُكَ، وَتَبَارَكَ اسْمُكَ، وَلَا إِلٰهَ غَيْرُكَ. (৩ বার),"আল্লা-হু আকবার, আল্লা-হু আ‘আযযু মিন খালকিহী জামী‘আন। আল্লা-হু আ‘আযযু মিম্মা আ-খা-ফু ওয়া আহযার। আ‘উযু বিল্লা-হিল্লাযী লা ইলা-হা ইল্লা হুওয়াল মুমসিকুস্ সামা-ওয়া-তিস সাব‘ঈ আন ইয়াকাআ‘না ‘আলাল আরদি ইল্লা বিইযনিহী মিন শাররি ‘আব্দিকা ফুলানিন, ওয়া জুনূদিহী ওয়া আতবা‘ইহী ওয়া আশইয়া‘ইহী মিনাল জিন্নি ওয়াল ইনসি। আল্লা-হুম্মা কুন লী জা-রান মিন শাররিহিম, জাল্লা সানা-উকা ওয়া ‘আয্যা জা-রুকা ওয়াতাবা-রকাস্‌মুকা ওয়া লা ইলা-হা গাইরুক)। (৩ বার","“আল্লাহ সবচেয়ে বড়, আল্লাহ তার সমগ্র সৃষ্টি থেকে মহামর্যাদাবান। আমি যা থেকে ভীত ও শঙ্কিত তার চেয়ে আল্লাহ মহাপরাক্রমশালী। আমি আল্লাহর কাছে আশ্রয় চাই, তিনি ছাড়া আর কোনো হক ইলাহ নেই, তিনি সাত আসমানের ধারক, তার অনুমতি ব্যতীত পৃথিবীর ওপর পতিত হওয়া থেকে- (আশ্রয় চাই) তার অনুকূত বান্দা, তার সৈন্য-সামন্ত, তার অনুসারী ও তার অনুগামী জিন ও ইনসানের অনিষ্ট থেকে। হে আল্লাহ! তাদের ক্ষতি থেকে আপনি আমার জন্য আশ্রয়দাতা হোন। আপনার গুণাগুণ অতি মহান, আপনার আশ্রিত প্রবল শক্তিশালী, আপনার নাম অতি বরকতময়। আর আপনি ছাড়া কোনো হক ইলাহ নেই।” (৩ বার)","বু খারী, আি-আদাব আি-মুফরাদ, নং ৭০৮। আর িাইখ আিবানী সহীহ আি-আদাবু ি মুফরাদ গ্রমে, নং ৫৪৬, এমক সহীহ বমিমছন।","reference_recovered_from_pdftext,continued_from_previous_or_next_page","184,185,186",ok,,اَللَّهُ أَكْبَرُ، اللَّهُ أَعَزُّ مِنْ خَلْقِهِ جَمِيعًا، اللَّهُ أَعَزُّ مِمَّا أَخَافُ وَأَحْذَرُ. أَعُوذُ بِاللَّهِ الَّذِي لَا إِلٰهَ إِلَّا هُوَ الْمُمْسِكُ السَّمَاوَاتِ السَّبْعَ أَنْ يَقَعْنَ عَلَى الْأَرْضِ إِلَّا بِإِذْنِهِ مِنْ شَرِّ عِبَادِهِ، وَجُنُودِهِ، وَأَتْبَاعِهِ، وَأَشْيَاعِهِ م
119,৪০. ঈমানের মধ্যে সন্দেহে পতিত ব্যক্তির দো‘আ,188,188,১৩৩-(১),,,আল্লাহর কাছে আশ্রয় প্রার্থনা করবে (‘আউযু বিল্লাহ’ বলবে)।,"বু খারী, (ফাতহুি বারীসহ) ৬/৩৩৬, নং ৩২৭৬; মুসযিম ১/১২০, নং ১৩৪।",reference_recovered_from_pdftext,188,ok,,আল্লাহর কাছে আশ্রয় প্রার্থনা করবে (‘আউযু বিল্লাহ’ বলবে)।১৭৫
120,৪০. ঈমানের মধ্যে সন্দেহে পতিত ব্যক্তির দো‘আ,188,188,১৩৩-(২),,,যে সন্দেহে নিপতিত হয়েছে তা দূর করবে।,"বু খারী, (ফাতহুি বারীসহ) ৬/৩৩৬, নং ৩২৭৬; মুসযিম ১/১২০, ১৩৪।",reference_recovered_from_pdftext,188,ok,,যে সন্দেহে নিপতিত হয়েছে তা দূর করবে।১৭৬
121,৪০. ঈমানের মধ্যে সন্দেহে পতিত ব্যক্তির দো‘আ,188,188,১৩৪-(৩),آمَنْتُ بِاللَّهِ وَرُسُلِهِ.,আ-মানতু বিল্লা-হি ওয়া রুসুলিহি,"বলবে, “আমি আল্লাহ ও তার রাসুলগণের উপর ঈমান আনলাম।”","মুসযিম ১/১১৯-১২০, নং ১৩৪।",reference_recovered_from_pdftext,188,ok,,"বলবে, آمَنْتُ بِاللَّهِ وَرُسُلِهِ. (আ-মানতু বিল্লা-হি ওয়া রুসুলিহি) “আমি আল্লাহ ও তার রাসুলগণের উপর ঈমান"
122,৪০. ঈমানের মধ্যে সন্দেহে পতিত ব্যক্তির দো‘আ,188,189,১৩৫-(৪),هُوَ الْأَوَّلُ وَالْآخِرُ وَالظَّاهِرُ وَالْبَاطِنُ وَهُوَ بِكُلِّ شَيْءٍ عَلِيمٌ.,হুওয়াল আউওয়ালু ওয়াল আ-খিরু ওয়ায্ যা-হিরু ওয়াল-বা- তিনু ওয়া হুওয়া বিকুল্লি শাইইন ‘আলীম,"আল্লাহ তা‘আলার নিম্নোক্ত বাণী পড়বে, “তিনিই সর্বপ্রথম, তিনিই সর্বশেষ, তিনিই সকলের উপরে, তিনিই সকলের নিকটে এবং তিনি সব কিছু সম্পর্কে সর্বজ্ঞ।”","সূ রা হাদীদ-৩, আবূ দাউদ ৪/৩২৯, নং ৫১১০। আর িাইখ আিবানী সহীহ আযব দাউদ ৩/৯৬২ এমক হাসান বমিমছন।","reference_recovered_from_pdftext,continued_from_previous_or_next_page","188,189",ok,,"আল্লাহ তা‘আলার নিম্নোক্ত বাণী পড়বে, هُوَ الْأَوَّلُ وَالْآخِرُ وَالظَّاهِرُ وَالْبَاطِنُ وَهُوَ بِكُلِّ شَيْءٍ عَلِيمٌ. (হুওয়াল আউওয়ালু ওয়াল আ-খিরু ওয়ায্ যা-হিরু ওয়াল-বা-"
123,৪১. ঋণ মুক্তির জন্য দো‘আ,189,190,136-(1),اَللّٰهُمَّ اكْفِنِي بِحَلَالِكَ عَنْ حَرَامِكَ، وَأَغْنِنِي بِفَضْلِكَ عَمَّنْ سِوَاكَ.,আল্লা-হুম্মাকফিনী বিহালা-লিকা ‘আন হারা-মিকা ওয়া আগনিনী বিফাদলিকা ‘আন্মান সিওয়া-ক,“হে আল্লাহ! আপনি আমাকে আপনার হালাল দ্বারা পরিতুষ্ট করে আপনার হারাম থেকে ফিরিয়ে রাখুন এবং আপনার অনুগ্রহ দ্বারা আপনি ছাড়া অন্য সকলের থেকে আমাকে অমুখাপেক্ষী করে দিন।”,"যতরযমিী ৫/৫৬০, নং ৩৫৬৩। আরও দদখুন, সহীহুত যতরযমিী, ৩/১৮০।","reference_recovered_from_pdftext,continued_from_previous_or_next_page","189,190",ok,,اَللّٰهُمَّ اكْفِنِي بِحَلَالِكَ عَنْ حَرَامِكَ، وَأَغْنِنِي بِفَضْلِكَ عَمَّنْ سِوَاكَ. (আল্লা-হুম্মাকফিনী বিহালা-লিকা ‘আন হারা-মিকা ওয়া আগনিনী বিফাদলিকা ‘আন্মান সিওয়া-ক)।
124,৪১. ঋণ মুক্তির জন্য দো‘আ,190,191,137-(2),اَللّٰهُمَّ إِنِّي أَعُوذُ بِكَ مِنَ الْهَمِّ وَالْحَزَنِ، وَأَعُوذُ بِكَ مِنَ الْعَجْزِ وَالْكَسَلِ، وَأَعُوذُ بِكَ مِنَ الْبُخْلِ وَالْجُبْنِ، وَأَعُوذُ بِكَ مِنْ ضَلَعِ الدَّيْنِ وَغَلَبَةِ الرِّجَالِ.,"আল্লা-হুম্মা ইন্নী আ‘উযু বিকা মিনাল হাম্মি ওয়াল হাযানি, ওয়া আ‘উযু বিকা মিনাল-‘আজহি ওয়াল-কাসালি, ওয়া আ‘উযু বিকা মিনাল-বুখলি ওয়াল-জুবনি, ওয়া আ‘উযু বিকা মিন দালা‘ইদ্দাইনি ওয়া গালাবাতির রিজা-ল","“হে আল্লাহ! নিশ্চয় আমি আপনার আশ্রয় নিচ্ছি দুশ্চিন্তা ও দুঃখ থেকে, অপারগতা ও অলসতা থেকে, কৃপণতা ও ভীরুতা থেকে, ঋণের ভার ও মানুষদের দমন-গীড়ন থেকে।”","বু খারী, ৭/১৫৮, নং ২৮৯৩। তাছাড়া পূ মবগ পৃ ষ্ঠায় ১২১ নং এ র্ত হময়মছ।","reference_recovered_from_pdftext,continued_from_previous_or_next_page","190,191",ok,,"اَللّٰهُمَّ إِنِّي أَعُوذُ بِكَ مِنَ الْهَمِّ وَالْحَزَنِ، وَأَعُوذُ بِكَ مِنَ الْعَجْزِ وَالْكَسَلِ، وَأَعُوذُ بِكَ مِنَ الْبُخْلِ وَالْجُبْنِ، وَأَعُوذُ بِكَ مِنْ ضَلَعِ الدَّيْنِ وَغَلَبَةِ الرِّجَالِ. (আল্লা-হুম্মা ইন্নী আ‘উযু বিকা মিনাল হাম্মি ওয়াল হাযানি,"
125,৪৫. শয়তান ও তার কুমন্ত্রণা দূর করার দো‘আ,193,193,১৪১-(১),,অর্থাৎ ‘আউযু বিল্লাহ’ পড়বে,“তার থেকে আল্লাহর নিকট আশ্রয় প্রার্থনা করবে” ।,"আবূ দাউদ ১/২০৩, ইবন মাোহ ১/২৬৫, নং ৮০৭। আর পূ মবগ ৩১ নং হাদীমস এর তাখরীে চমি দর্মছ। আরও দদখুন, সূ রা আি- মুযমনূ ন এর ৯৭-৯৮।",reference_recovered_from_pdftext,193,ok,,“তার থেকে আল্লাহর নিকট আশ্রয় প্রার্থনা করবে”১৮৪ (অর্থাৎ ‘আউযু বিল্লাহ’ পড়বে)।
126,৪৫. শয়তান ও তার কুমন্ত্রণা দূর করার দো‘আ,193,193,১৪২-(২),,,“আযান দিবে।”,"মুসযিম ১/২৯১; নং ৩৮৯; বু খারী, ১/১৫১, নং ৬০৮।",reference_recovered_from_pdftext,193,ok,,“আযান দিবে।”১৮৫
127,৪৫. শয়তান ও তার কুমন্ত্রণা দূর করার দো‘আ,194,194,১৪৩-(৩),,,“যিকির করবে এবং কুরআন পড়বে।”,"নবী সাল্লাল্লাহু আিাইযহ ওয়াসাল্লাম বমিন, “দতামরা দতামামদর ঘরসমূ হ কবমর পযরণত করুন না। যনিয় িয়তান ঐ ঘর দেমক পিায়ন কমর দিখামন সূ রা বাকারাহ পাঠ করা হয়।” মুসযিম ১/৫৩৯, হাদীস নং ৭৮০। তাছাড়া আরও িা িয়তানমক তাযড়ময় দদয় তা হমে, সকাি যবকামির যিযকরসমূ হ, ঘুমমর যিযকর, োগ্রত হওয়ার যিযকর, ঘমর প্রমবমির ও ঘর দেমক দবর হওয়ার যিযকরসমূ হ, মসযেমদ প্রমবমির ও মসযেদ দেমক দবর হওয়ার যিযকরসমূ হ, ইতযাদী িরী‘আতসম্মত যিযকরসমূ হ। দিমন, ঘুমমর সময় আয়াতুি কুরসী, সূ রা আি-বাকারার সবগমিষ দু ’যে আয়াত। তাছাড়া দি বযযি “িা ইিাহা ইল্লাল্লাহু ওয়াহদাহু িা িারীকা িাহু, িাহুি মুিকু ওয়া িাহুি হামদু , ওয়াহুয়া ‘আিা কুযল্ল িাইযয়ন কাদীর” একিতবার পড়মব, দসো তার েনয দস যদনযের েনয পুমরাপুযরই দহফািমতর কাে যদমব। তদ্রুপ আিান যদমিও িয়তান পিায়ন কমর।",reference_recovered_from_pdftext,194,ok,,“যিকির করবে এবং কুরআন পড়বে।”১৮৬
128,৪৯. রোগী দেখতে গিয়ে তার জন্য দো‘আ,199,199,147-(1),لَا بَأْسَ طَهُورٌ إِنْ شَاءَ اللَّهُ.,লা বা’সা তুহুরুন ইন শা-আল্লা-হ,"“কোনো ক্ষতি নেই, আল্লাহ যদি চান তো (রোগটি গুনাহ থেকে) পবিত্রকারী হবে।”","বু খারী (ফাতহুি বারীসহ) ১০/১১৮, নং ৩৬১৬।",reference_recovered_from_pdftext,199,ok,,"لَا بَأْسَ طَهُورٌ إِنْ شَاءَ اللَّهُ. (লা বা’সা তুহুরুন ইন শা-আল্লা-হ) “কোনো ক্ষতি নেই, আল্লাহ যদি চান তো (রোগটি গুনাহ থেকে) পবিত্রকারী হবে।”১৯১"
129,৪৯. রোগী দেখতে গিয়ে তার জন্য দো‘আ,199,200,148-(2),أَسْأَلُ اللَّهَ الْعَظِيمَ رَبَّ الْعَرْشِ الْعَظِيمِ أَنْ يَشْفِيَكَ. (সাতবার),"আসআলুল্লা-হাল ‘আযীম, রব্বাল ‘আরশিল ‘আযীম, আই ইয়াশফিয়াকা)। (সাতবার","“আমি মহান আল্লাহর কাছে চাচ্ছি, যিনি মহান ‘আরশের রব্ব, তিনি যেন আপনাকে রোগমুক্তি প্রদান করেন।” (সাতবার)","নবী সাল্লাল্লাহু আিাইযহ ওয়াসাল্লাম বমিন, দকউ মৃ তুয আসন্ন নয় এমন দকামনা দরার্ীমক দদখমত দর্মি, দস তার সামমন এই দদা‘আ সাতবার পাঠ করমব, এর ফমি আল্লাহ তামক (মৃ তুয আসন্ন না হমি) দরার্মুি করমবন। এ দদা‘আ সাতবার পড়মব। যতরযমিী, নং ২০৮৩; আবূ দাউদ, নং ৩১০৬। আরও দদখুন, ২/২১০; সহীহুি োমম‘ ৫/১৮০।","reference_recovered_from_pdftext,continued_from_previous_or_next_page","199,200",ok,,"أَسْأَلُ اللَّهَ الْعَظِيمَ رَبَّ الْعَرْشِ الْعَظِيمِ أَنْ يَشْفِيَكَ. (সাতবার) (আসআলুল্লা-হাল ‘আযীম, রব্বাল ‘আরশিল ‘আযীম, আই ইয়াশফিয়াকা)। (সাতবার)"
130,৫১. জীবনের আশা ছেড়ে দেওয়া রোগীর দো‘আ,201,201,150-(1),اَللّٰهُمَّ اغْفِرْ لِي، وَارْحَمْنِي، وَأَلْحِقْنِي بِالرَّفِيقِ الْأَعْلَى.,আল্লা-হুম্মাগফিরলী ওয়ারহামনী ওয়া আলহিকনী বির রফীকিল আ‘লা,"“হে আল্লাহ! আমাকে ক্ষমা করুন, আমার প্রতি দয়া করুন এবং আমাকে সর্বোচ্চ বন্ধুর সঙ্গ পাইয়ে দিন।”","বু খারী ৭/১০, নং ৪৪৩৫; মুসযিম ৪/১৮৯৩, নং ২৪৪৪।",reference_recovered_from_pdftext,201,ok,,اَللّٰهُمَّ اغْفِرْ لِي، وَارْحَمْنِي، وَأَلْحِقْنِي بِالرَّفِيقِ الْأَعْلَى. (আল্লা-হুম্মাগফিরলী ওয়ারহামনী ওয়া আলহিকনী বির রফীকিল আ‘লা)
131,৫১. জীবনের আশা ছেড়ে দেওয়া রোগীর দো‘আ,201,202,151-(2),لَا إِلٰهَ إِلَّا اللَّهُ، إِنَّ لِلْمَوْتِ سَكَرَاتٍ.,"লা ইলা-হা ইল্লাল্লা-হ, ইন্না লিল মাওতি সাকারা-তিন","“রাসূলুল্লাহ সাল্লাল্লাহু আলাইহি ওয়াসাল্লাম মৃত্যুর সময় তার দু’হাত পানিতে প্রবেশ করিয়ে তা দিয়ে তার চেহারা মুছছিলেন এবং বলছিলেন, “আল্লাহ ব্যতীত কোনো হক ইলাহ নেই, নিশ্চয় মৃত্যুর রয়েছে বিভিন্ন প্রকার ভয়াবহ কষ্ট।”","বু খারী, (ফাতহুি বারীসহ), ৮/১৪৪, নং ৪৪৪৯; তমব হাদীমস যমসওয়ামকর উমল্লখও এমসমছ।","reference_recovered_from_pdftext,continued_from_previous_or_next_page","201,202",ok,,"“রাসূলুল্লাহ সাল্লাল্লাহু আলাইহি ওয়াসাল্লাম মৃত্যুর সময় তার দু’হাত পানিতে প্রবেশ করিয়ে তা দিয়ে তার চেহারা মুছছিলেন এবং বলছিলেন, لَا إِلٰهَ إِلَّا اللَّهُ، إِنَّ لِلْمَوْتِ سَكَرَاتٍ."
132,৫১. জীবনের আশা ছেড়ে দেওয়া রোগীর দো‘আ,202,203,152-(3),لَا إِلٰهَ إِلَّا اللَّهُ وَاللَّهُ أَكْبَرُ، لَا إِلٰهَ إِلَّا اللَّهُ وَحْدَهُ لَا شَرِيكَ لَهُ، لَا إِلٰهَ إِلَّا اللَّهُ لَهُ الْمُلْكُ وَلَهُ الْحَمْدُ، لَا إِلٰهَ إِلَّا اللَّهُ وَلَا حَوْلَ وَلَا قُوَّةَ إِلَّا بِاللَّهِ.,"লা ইলা-হা ইল্লাল্লা-হু, আল্লা-হু আকবার, লা ইলা-হা ইল্লাল্লা-হু ওয়াহদাহু লা শারীকা লাহ, লা ইলা-হা ইল্লাল্লা-হু লাহুল মুলক ওয়ালাহুল হামদ, লা ইলা-হা ইল্লাল্লা-হু ওয়ালা হাউলা ওয়ালা কুওয়াতা ইল্লা বিল্লা-হ","“আল্লাহ ব্যতীত কোনো হক ইলাহ নেই, আল্লাহ মহান। একমাত্র আল্লাহ ব্যতীত কোনো ইলাহ নেই। একমাত্র আল্লাহ ব্যতীত কোনো হক ইলাহ নেই, তাঁর কোনো শরীক নেই। আল্লাহ ব্যতীত কোনো ইলাহ নেই, যাবতীয় রাজত্ব তাঁরই, তারই সকল প্রশংসা, আল্লাহ ব্যতীত কোনো হক ইলাহ নেই, আল্লাহর সাহায্য ছাড়া (পাপ কাজ থেকে দূরে থাকার) কোনো উপায় এবং (সৎকাজ করার) কোনো শক্তি নেই।”","হাদীসযে ইমাম যতরযমিী সংকিন কমরমছন, নং ৩৪৩০; ইবন মাোহ, নং ৩৭৯৪; আর িাইখ আিবানী এমক সহীহ বমিমছন। দদখুন, সহীহুত যতরযমিী ৩/১৫২; সহীহ ইবন মাোহ ২/৩১৭।","reference_recovered_from_pdftext,continued_from_previous_or_next_page","202,203",ok,,"لَا إِلٰهَ إِلَّا اللَّهُ وَاللَّهُ أَكْبَرُ، لَا إِلٰهَ إِلَّا اللَّهُ وَحْدَهُ لَا شَرِيكَ لَهُ، لَا إِلٰهَ إِلَّا اللَّهُ لَهُ الْمُلْكُ وَلَهُ الْحَمْدُ، لَا إِلٰهَ إِلَّا اللَّهُ وَلَا حَوْلَ وَلَا قُوَّةَ إِلَّا بِاللَّهِ. (লা ইলা-হা ইল্লাল্লা-হু, আল্লা-হু আকবার, লা ইলা-হা"
133,৫৪. মৃত ব্যক্তির চোখ বন্ধ করানোর দো‘আ,206,208,156-(1),اَللّٰهُمَّ اغْفِرْ لَهُ وَارْحَمْهُ، وَعَافِهِ، وَاعْفُ عَنْهُ، وَأَكْرِمْ نُزُلَهُ، وَوَسِّعْ مُدْخَلَهُ، وَاغْسِلْهُ بِالْمَاءِ وَالثَّلْجِ وَالْبَرَدِ، وَنَقِّهِ مِنَ الْخَطَايَا كَمَا نَقَّيْتَ الثَّوْبَ الْأَبْيَضَ مِنَ الدَّنَسِ،,"আল্লা-হুম্মাগফির লাহু, ওয়ারহামহু, ওয়া ‘আ-ফিহি, ওয়া‘ফু ‘আনহু, ওয়া আকরিম নুযুলাহু, ওয়াওয়াসসি‘ মুদখালাহু, ওয়াগসিলহু বিলমা-ই ওয়াস্‌সালজি ওয়ালবারাদি, ওয়ানাক্কিহি মিনাল খাতা-ইয়া কামা নাক্কাইতাস সাওবাল আবইয়াদা মিনাদ্দানাসি, ওয়া আবদিলহু দা-রান খাইরাম মিন দা-রিহি, ওয়া আহলান খাইরাম মিন আহলিহি, ওয়া যাওজান খাইরাম মিন যাওজিহি, ওয়া আদখিলহুল জান্নাতা, ওয়া আ‘ইযহু মিন ‘আযা-বিল কাবারি [ওয়া ‘আযাবিন্-না-র]","“হে আল্লাহ! আপনি তাকে ক্ষমা করুন, তাকে দয়া করুন, তাকে পূর্ণ নিরাপত্তায় রাখুন, তাকে মাফ করে দিন, তার মেহমানদারীকে মর্যাদাপূর্ণ করুন, তার প্রবেশস্থান করবারকে প্রশস্ত করে দিন। আর আপনি তাকে ধৌত করুন পানি, বরফ ও শিলা দিয়ে, আপনি তাকে গুনাহ থেকে এমনভাবে পরিষ্কার করুন যেমন সাদা কাপড়কে ময়লা থেকে পরিষ্কার করেছেন। আর তাকে তার ঘরের পরিবর্তে উত্তম ঘর, তার পরিবারের বদলে উত্তম পরিবার ও তার জোড়ের (স্ত্রী/স্বামীর) চেয়ে উত্তম জোড় প্রদান করুন। আর আপনি তাকে জান্নাতে প্রবেশ করান এবং তাকে কবরের আযাব [ও জাহান্নামের আযাব] থেকে রক্ষা করুন।”","মুসযিম ২/৬৬৩, নং ৯৬৩।","reference_recovered_from_pdftext,continued_from_previous_or_next_page","206,207,208",ok,,اَللّٰهُمَّ اغْفِرْ لَهُ وَارْحَمْهُ، وَعَافِهِ، وَاعْفُ عَنْهُ، وَأَكْرِمْ نُزُلَهُ، وَوَسِّعْ مُدْخَلَهُ، وَاغْسِلْهُ بِالْمَاءِ وَالثَّلْجِ وَالْبَرَدِ، وَنَقِّهِ مِنَ الْخَطَايَا كَمَا نَقَّيْتَ الثَّوْبَ الْأَبْيَضَ مِنَ الدَّنَسِ،
134,৫৪. মৃত ব্যক্তির চোখ বন্ধ করানোর দো‘আ,208,209,157-(2),اَللّٰهُمَّ اغْفِرْ لِحَيِّنَا وَمَيِّتِنَا، وَشَاهِدِنَا وَغَائِبِنَا، وَصَغِيرِنَا وَكَبِيرِنَا، وَذَكَرِنَا وَأُنْثَانَا. اَللّٰهُمَّ مَنْ أَحْيَيْتَهُ مِنَّا فَأَحْيِهِ عَلَى الْإِسْلَامِ، وَمَنْ تَوَفَّيْتَهُ مِنَّا فَتَوَفَّهُ عَلَى الْإِيمَانِ. اَللّٰهُمَّ لَا تَحْرِمْنَا أَجْرَهُ، وَلَا تُضِلَّنَا بَعْدَهُ.,আল্লা-হুম্মাগফির লিহাইয়্যিনা ওয়া মাইয়্যিতিনা ওয়া শা- হিদিনাওয়া গা-ইবিনা ওয়া সগীরিনা ওয়া কাবীরিনা ওয়া যাকারিনা ওয়া উনসা-না। আল্লা-হুম্মা মান আহইয়াইতাহ মিন্না ফাআহইহি ‘আলাল-ইসলামি। ওয়ামান তাওয়াফফাইতাহ মিন্না ফাতাওয়াফফাহ ‘আলাল ঈমান আল্লা-হুম্মা লা তাহরিমনা আজরাহু ওয়ালা তুদিল্লানা বা‘দাহ,"“হে আল্লাহ! আমাদের জীবিত ও মৃত, উপস্থিত ও অনুপস্থিত, ছোট ও বড় এবং নর ও নারীদেরকে ক্ষমা করুন। হে আল্লাহ! আপনি আমাদের মধ্যে যাদের আপনি জীবিত রাখবেন তাদেরকে ইসলামের ওপর জীবিত রাখুন এবং যাদেরকে মৃত্যু দান করবেন তাদেরকে ঈমানের সাথে মৃত্যু দান করুন। হে আল্লাহ! আমাদেরকে তার (মৃত্যুতে ধৈর্যধারণের) সাওয়াব থেকে বঞ্চিত করবেন না এবং তার (মৃত্যুর) পর আমাদেরকে পথভ্রষ্ট করবেন না।”","আবূ দাঊদ, নং ৩২০১; যতরযমিী, নং ১০২৪; নাসাঈ, নং ১৯৮৫; ইবন মাোহ, ১/৪৮০, নং ১৪৯৮; আহমাদ ২/৩৬৮, নং ৮৮০৯। আরও দদখুন, সহীহ ইবন মাোহ ১/২৫১।","reference_recovered_from_pdftext,continued_from_previous_or_next_page","208,209",ok,,اَللّٰهُمَّ اغْفِرْ لِحَيِّنَا وَمَيِّتِنَا، وَشَاهِدِنَا وَغَائِبِنَا، وَصَغِيرِنَا وَكَبِيرِنَا، وَذَكَرِنَا وَأُنْثَانَا. اَللّٰهُمَّ مَنْ أَحْيَيْتَهُ مِنَّا فَأَحْيِهِ عَلَى الْإِسْلَامِ، وَمَنْ تَوَفَّيْتَهُ مِنَّا فَتَوَفَّهُ عَلَى الْإِيمَانِ. اَللّٰهُمَّ لَا تَحْرِمْنَا أَجْرَهُ، وَلَا تُضِ
135,৫৪. মৃত ব্যক্তির চোখ বন্ধ করানোর দো‘আ,209,210,158-(3),اَللّٰهُمَّ إِنَّ فُلَانَ بْنَ فُلَانٍ فِي ذِمَّتِكَ، وَحَبْلِ جِوَارِكَ، فَقِهِ مِنْ فِتْنَةِ الْقَبْرِ وَعَذَابِ النَّارِ، وَأَنْتَ أَهْلُ الْوَفَاءِ وَالْحَقِّ، فَاغْفِرْ لَهُ وَارْحَمْهُ، إِنَّكَ أَنْتَ الْغَفُورُ الرَّحِيمُ.,"আল্লা-হুম্মা ইন্না ফুলানাবনা ফুলা-নিন ফী যিম্মাতিক, ওয়া হাবলি জিওয়ারিকা, ফাকিহি মিন ফিতনাতিল কাবরি, ওয়া ‘আযা-বিন্ না-রি, ওয়া আনতা আহলুল ওয়াফাই ওয়াল হাক্কি, ফাগফির লাহু ওয়ারহামহু, ইন্নাকা আনতাল গাফূরুর রাহীম","“হে আল্লাহ, অমুকের পুত্র অমুক আপনার যিম্মাদারীতে, আপনার প্রতিবেশিত্বের নিরাপত্তায়; সুতরাং আপনি তাকে কবরের পরীক্ষা থেকে এবং জাহান্নামের শাস্তি থেকে রক্ষা করুন। আর আপনি প্রতিশ্রুতি পূর্ণকারী এবং প্রকৃত সত্যের অধিকারী। অতএব, আপনি তাকে ক্ষমা করুন এবং তার ওপর দয়া করুন। নিশ্চয় আপনি ক্ষমাশীল, দয়ালু।”","ইবন মাোহ, নং ১৪৯৯। দদখুন, সহীহ ইবন মাোহ ১/২৫১। তাছাড়া হাদীসযে আবূ দাউদও বণগনা কমরমছন, ৩/২১১, নং ৩২০২।","reference_recovered_from_pdftext,continued_from_previous_or_next_page","209,210",ok,,"اَللّٰهُمَّ إِنَّ فُلَانَ بْنَ فُلَانٍ فِي ذِمَّتِكَ، وَحَبْلِ جِوَارِكَ، فَقِهِ مِنْ فِتْنَةِ الْقَبْرِ وَعَذَابِ النَّارِ، وَأَنْتَ أَهْلُ الْوَفَاءِ وَالْحَقِّ، فَاغْفِرْ لَهُ وَارْحَمْهُ، إِنَّكَ أَنْتَ الْغَفُورُ الرَّحِيمُ. (আল্লা-হুম্মা ইন্না ফুলানাবনা ফুলা-নিন ফী যিম্মাতিক,"
136,৫৪. মৃত ব্যক্তির চোখ বন্ধ করানোর দো‘আ,211,211,159-(4),اَللّٰهُمَّ عَبْدُكَ وَابْنُ عَبْدِكَ، احْتَاجَ إِلَى رَحْمَتِكَ، وَأَنْتَ غَنِيٌّ عَنْ عَذَابِهِ، إِنْ كَانَ مُحْسِنًا فَزِدْ فِي حَسَنَاتِهِ، وَإِنْ كَانَ مُسِيئًا فَتَجَاوَزْ عَنْهُ.,"আল্লা-হুম্মা ‘আব্দুকা, ওয়াবনু ‘আব্দিকা, এহতাজা ইলা রাহমাতিকা, ওয়া আনতা গানিয়্যুন ‘আন ‘আযা-বিহি, ইন কা-না মুহসিনান ফাযিদ ফী হাসানা-তিহী, ওয়া ইনকা-না মুসীআন ফা তাজা-ওয়ায ‘আনহু","“হে আল্লাহ, আপনার এক দাস, আর এক দাসীর পুত্র, আপনার অনুগ্রহের মুখাপেক্ষী, আপনি তাকে শাস্তি দেওয়া থেকে অমুখাপেক্ষী। যদি সে নেককার বান্দা হয়, তবে তার সাওয়াব আরও বাড়িয়ে দিন, আর যদি বদকার বান্দা হয়, তবে তার অপরাধকর্ম এড়িয়ে যান।”","হাদীসযে সংকিণ কমরন, হামকম তাাঁর মুিাদরামক এবং সহীহ বমিমছন, ১/৩৫৯; আর িাহাবী দসো সমেগন কমরমছন। আরও দদখুন, আিবানী, আহকামুি োনাময়ি, পৃ . ১২৫।",reference_recovered_from_pdftext,211,ok,,"اَللّٰهُمَّ عَبْدُكَ وَابْنُ عَبْدِكَ، احْتَاجَ إِلَى رَحْمَتِكَ، وَأَنْتَ غَنِيٌّ عَنْ عَذَابِهِ، إِنْ كَانَ مُحْسِنًا فَزِدْ فِي حَسَنَاتِهِ، وَإِنْ كَانَ مُسِيئًا فَتَجَاوَزْ عَنْهُ. (আল্লা-হুম্মা ‘আব্দুকা, ওয়াবনু ‘আব্দিকা, এহতাজা ইলা"
137,৫৬. নাবালক শিশুদের জন্য জানাযার সালাতে দো‘আ,212,214,160-(1),اَللّٰهُمَّ أَعِذْهُ مِنْ عَذَابِ الْقَبْرِ. اَللّٰهُمَّ اجْعَلْهُ فَرَطًا وَذُخْرًا لِوَالِدَيْهِ، وَشَفِيعًا مُجَابًا، اَللّٰهُمَّ ثَقِّلْ بِهِ مَوَازِينَهُمَا، وَأَعْظِمْ بِهِ أُجُورَهُمَا، وَأَلْحِقْهُ بِصَالِحِ الْمُؤْمِنِينَ، وَاجْعَلْهُ فِي كَفَالَةِ إِبْرَاهِيمَ، وَقِهِ بِرَحْمَتِكَ عَذَابَ الْجَحِيمِ، وَأَبْدِلْهُ دَارًا خَيْرًا مِنْ دَارِهِ، وَأَهْلًا خَيْرًا مِنْ أَهْلِهِ، اَللّٰهُمَّ اغْفِرْ لِأَسْلَافِنَا، وَأَفْرَاطِنَا وَمَنْ سَبَقَنَا بِالْإِيمَانِ.,"আল্লা-হুম্মা আ‘ইযহু মিন ‘আযা-বিল কাবরি আল্লা-হুম্মাজ‘আলহু ফারাতান ওয়া যুখরান লিওয়ালিদাইহি, ওয়াশাফী‘আন মুজাবান। আল্লা-হুম্মা সাক্কিল বিহী মাওয়াযীনাহুমা, ওয়া আ‘যিম বিহী উজুরাহুমা, ওয়া আলহিকহু বিসা-লিহিল মুমিনীন, ওয়াজ‘আলহু ফী কাফালাতি ইব্রাহীম, ওয়াকিহী বিরাহমাতিকা ‘আযা-বাল জাহীম, ওয়া আবদিলহু দা-রান খাইরান মিন দা-রিহি, ওয়া আহলান খাইরান মিন আহলিহি, আল্লা-হুম্মাগফির লিআসলাফিনা ওয়া আফরাতিনা ওয়া মান সাবাকানা বিল ঈমান","“হে আল্লাহ! এ শিশুকে কবরের আযাব থেকে রক্ষা করুন।” আর যদি নিম্নোক্ত দো‘আটি পড়া হয় তবে তাও উত্তম: “হে আল্লাহ, তাকে তার পিতা-মাতার জন্য অগ্রগামী প্রতিনিধি বা সাওয়াব ও সমুদ্রে গচ্ছিত সাওয়াব হিসেবে কবুল করুন। আর তাকে এমন শাফা‘আতকারী বানান, যার শাফা‘আত কবুল হয়। হে আল্লাহ, এ শিশুর দ্বারা তার পিতা মাতার ওজনসমূহ আরও ভারী করে দিন। আর এর দ্বারা তাদের দু’জনের সাওয়াব আরও বাড়িয়ে দিন। আর তাকে নেককারদের সঙ্গী-সাথী বানান এবং তাকে ইবরাহীম আলাইহিস্সালামের যিম্মায় রাখুন। আর আপনার রহমতের উসীলায় তাকে জাহান্নামের শাস্তি থেকে রক্ষা করুন। তাকে তার এ বাসস্থানের পরিবর্তে উত্তম বাসস্থান প্রদান করুন, এখানকার পরিবার- পরিজনের পরিবর্তে উত্তম পরিবার-পরিজন প্রদান করুন। হে আল্লাহ, আমাদের পূর্ববর্তী নর-নারী ও নাবালক অগ্রগামী সন্তান-সন্ততিদের মাফ করুন এবং যারা ঈমান সহকারে আমাদের পূর্বে মারা গেছে তাদেরকেও।”","সা‘ঈদ ইবনু ি মুসাইময়যব বমিন, আযম আবু হুরাইরা রাযদয়াল্লাহু আনহুর যপছমন একযে যিশুর োনািার সািাত আদায় কমরযছ, দি যিশু কখনও দকামনা গুনাহ কমর যন, তখন আযম তামক (উপমরাি দদা‘আযে) বিমত শুনিাম....। হাদীসযে ইমাম মামিক তার মুওয়ািা গ্রমে সংকিন কমরন, ১/২৮৮; ইবন আবী িাইবাহ তার মুসান্নাফ গ্রমে, ৩/২১৭; বাইহাকী, ৪/৯। আর িাইখ শু‘আইব আি- আরনাউত িারহুস সু ন্নাহ যিি বার্ভীর তাহকীমক ৫/৩৫৭, এোর সনদমক সহীহ বমিমছন। দদখুন, আি-মুর্নী, যি ইবন কুদামা, ৩/৪১৬; আরও দদখুন, আদ-দু রুসু ি মুযহম্মাহ যি ‘আম্মাযতি উম্মাহ, যিি িাইখ আবযদি","reference_recovered_from_pdftext,continued_from_previous_or_next_page","212,213,214",ok,,اَللّٰهُمَّ أَعِذْهُ مِنْ عَذَابِ الْقَبْرِ. (আল্লা-হুম্মা আ‘ইযহু মিন ‘আযা-বিল কাবরি) “হে আল্লাহ! এ শিশুকে কবরের আযাব থেকে রক্ষা করুন।”২০৪
138,৫৬. নাবালক শিশুদের জন্য জানাযার সালাতে দো‘আ,215,215,161-(2),اَللّٰهُمَّ اجْعَلْهُ لَنَا فَرَطًا، وَسَلَفًا، وَأَجْرًا.,আল্লা-হুম্মাজ‘আলহু লানা ফারাতান ওয়া সালাফান ওয়া আজরান,"“হে আল্লাহ, আমাদের জন্য তাকে অগ্রগামী প্রতিনিধি, অগ্রিম পুণ্য এবং সাওয়াব হিসেবে নির্ধারণ করে দিন।”","হাসান বসরী রামহমাহুল্লাহ িখন দছাে যিশুমদর োনািা পড়মতন তখন তার উপর সূ রা ফামতহা পড়মতন এবং উপমরাি দদা‘আ বিমতন। হাদীসযে ইমাম বার্ভী তার িারহুস সু ন্নাহ ৫/৩৫৭ এ বণগনা কমরমছন। আরও বণগনা কমরমছন, আব্দু র রায্িাক তার মুসান্নামফ, নং ৬৫ ৮৮। তাছাড়া ইমাম বু খারী, যকতাবু ি োনাময়ি এর, ৬৫, বাবু যকরাআযত ফাযতহাযতি যকতাব আিাি োনািাত ২/১১৩; ১৩৩৫ নং হাদীমসর পূ মবগ এোমক তা‘িীক বা সনদ বযতীত বণগনা কমরমছন।",reference_recovered_from_pdftext,215,ok,,"اَللّٰهُمَّ اجْعَلْهُ لَنَا فَرَطًا، وَسَلَفًا، وَأَجْرًا. (আল্লা-হুম্মাজ‘আলহু লানা ফারাতান ওয়া সালাফান ওয়া আজরান) “হে আল্লাহ, আমাদের জন্য তাকে অগ্রগামী"
139,৬১. বায়ু প্রবাহিত হলে পড়ার দো‘আ,220,220,166-(1),اَللّٰهُمَّ إِنِّي أَسْأَلُكَ خَيْرَهَا، وَأَعُوذُ بِكَ مِنْ شَرِّهَا.,আল্লা-হুম্মা ইন্নী আসআলুকা খাইরাহা ওয়া আ‘ঊযু বিকা মিন শাররিহা,“হে আল্লাহ! আমি আপনার নিকট এর কল্যাণ চাই। আর আমি আপনার নিকট এর অনিষ্ট থেকে আশ্রয় চাই।”,"আবূ দাউদ ৪/৩২৬, নং ৫০৯৯; ইবন মাোহ ২/১২২৮, নং ৩৭২৭। আরও দদখুন, সহীহ ইবন মাোহ ২/৩০৫।",reference_recovered_from_pdftext,220,ok,,اَللّٰهُمَّ إِنِّي أَسْأَلُكَ خَيْرَهَا، وَأَعُوذُ بِكَ مِنْ شَرِّهَا. (আল্লা-হুম্মা ইন্নী আসআলুকা খাইরাহা ওয়া আ‘ঊযু বিকা মিন শাররিহা)
140,৬১. বায়ু প্রবাহিত হলে পড়ার দো‘আ,220,221,167-(2),اَللّٰهُمَّ إِنِّي أَسْأَلُكَ خَيْرَهَا، وَخَيْرَ مَا فِيهَا، وَخَيْرَ مَا أُرْسِلَتْ بِهِ، وَأَعُوذُ بِكَ مِنْ شَرِّهَا، وَشَرِّ مَا فِيهَا، وَشَرِّ مَا أُرْسِلَتْ بِهِ.,"আল্লা-হুম্মা ইন্নী আসআলুকা খাইরাহা ওয়া খাইরা মা-ফীহা ওয়া খাইরা মা উরসিলাত বিহী, ওয়া আ‘ঊযু বিকা মিন শাররিহা, ওয়া শাররি মা-ফীহা, ওয়া শাররি মা উরসিলাত বিহী","“হে আল্লাহ! আমি আপনার নিকট প্রার্থনা করি এর কল্যাণ, এর মধ্যকার কল্যাণ এবং যা এর সাথে প্রেরিত হয়েছে তার কল্যাণ। আর আমি আপনার আশ্রয় চাই এর অনিষ্ট থেকে, এর ভেতরে নিহিত অনিষ্ট থেকে এবং যা এর সাথে প্রেরিত হয়েছে তার অনিষ্ট থেকে।”","মুসযিম, আর িব্দ তাাঁরই, ২/৬১৬, নং ৮৯৯; বু খারী, ৪/৭৬, নং ৩২০৬ ও ৪৮২৯।","reference_recovered_from_pdftext,continued_from_previous_or_next_page","220,221",ok,,اَللّٰهُمَّ إِنِّي أَسْأَلُكَ خَيْرَهَا، وَخَيْرَ مَا فِيهَا، وَخَيْرَ مَا أُرْسِلَتْ بِهِ، وَأَعُوذُ بِكَ مِنْ شَرِّهَا، وَشَرِّ مَا فِيهَا، وَشَرِّ مَا أُرْسِلَتْ بِهِ. (আল্লা-হুম্মা ইন্নী আসআলুকা খাইরাহা ওয়া খাইরা
141,৬৩. বৃষ্টি চাওয়ার কিছু দো‘আ,222,223,169-(1),اَللّٰهُمَّ اسْقِنَا غَيْثًا مُغِيثًا مَرِيئًا مَرِيعًا، نَافِعًا غَيْرَ ضَارٍّ، عَاجِلًا غَيْرَ آجِلٍ.,আল্লা-হুম্মাসক্বিনা গাইসান মুগীসান মারীআন মারী‘আন না-ফি‘আন গাইরা দা-ররিন ‘আ-জিলান গাইরা আ-জিলিন,"“হে আল্লাহ! আমাদেরকে এমন বৃষ্টির পানি দান করুন যা সাহায্যকারী, সুপেয়, উর্বরকারী; কল্যাণকর, ক্ষতিকর নয়; শীঘ্র, বিলম্বে নয়।”","আবূ দাউদ, ১/৩০৩, নং ১১৭১। আর িাইখ আিবানী সহীহ আযব দাউমদ এমক সহীহ বমিমছন, ১/২১৬।","reference_recovered_from_pdftext,continued_from_previous_or_next_page","222,223",ok,,اَللّٰهُمَّ اسْقِنَا غَيْثًا مُغِيثًا مَرِيئًا مَرِيعًا، نَافِعًا غَيْرَ ضَارٍّ، عَاجِلًا غَيْرَ آجِلٍ. (আল্লা-হুম্মাসক্বিনা গাইসান মুগীসান মারীআন মারী‘আন না-ফি‘আন গাইরা দা-ররিন ‘আ-জিলান গাইরা
142,৬৩. বৃষ্টি চাওয়ার কিছু দো‘আ,223,223,170-(2),اَللّٰهُمَّ أَغِثْنَا، اَللّٰهُمَّ أَغِثْنَا، اَللّٰهُمَّ أَغِثْنَا.,"আল্লা-হুম্মা আগিসনা, আল্লা-হুম্মা আগিসনা, আল্লা-হুম্মা আগিসনা",“হে আল্লাহ! আমাদেরকে বৃষ্টি দিন। হে আল্লাহ! আমাদেরকে বৃষ্টি দিন। হে আল্লাহ! আমাদেরকে বৃষ্টি দিন।”,"বু খারী ১/২২৪, নং ১০১৪; মুসযিম ২/৬১৩, নং ৮৯৭।",reference_recovered_from_pdftext,223,ok,,"اَللّٰهُمَّ أَغِثْنَا، اَللّٰهُمَّ أَغِثْنَا، اَللّٰهُمَّ أَغِثْنَا. (আল্লা-হুম্মা আগিসনা, আল্লা-হুম্মা আগিসনা, আল্লা-হুম্মা আগিসনা) “হে আল্লাহ! আমাদেরকে বৃষ্টি দিন। হে আল্লাহ!"
143,৬৩. বৃষ্টি চাওয়ার কিছু দো‘আ,223,224,171-(3),اَللّٰهُمَّ اسْقِ عِبَادَكَ، وَبَهَائِمَكَ، وَانْشُرْ رَحْمَتَكَ، وَأَحْيِ بَلَدَكَ الْمَيِّتَ.,আল্লা-হুম্মাসক্বি ‘ইবা-দাকা ওয়া বাহা-ইমাকা ওয়ানশুর রহমাতাকা ওয়া আহয়ি বালাদাকাল মাইয়্যিতা,"“হে আল্লাহ! আপনি আপনার বান্দাগণকে ও জীব-জন্তুগুলোকে পানি পান করান, আর আপনার রহমত বিস্তৃত করুন এবং আপনার মৃত শহরকে সজীব করুন।”","আবূ দাউদ ১/৩০৫, নং ১১৭৮। আর িাইখ আিবানী তাাঁর সহীহ আযব দাউমদ এমক হাসান বমিমছন, ১/২১৮।","reference_recovered_from_pdftext,continued_from_previous_or_next_page","223,224",ok,,اَللّٰهُمَّ اسْقِ عِبَادَكَ، وَبَهَائِمَكَ، وَانْشُرْ رَحْمَتَكَ، وَأَحْيِ بَلَدَكَ الْمَيِّتَ. (আল্লা-হুম্মাসক্বি ‘ইবা-দাকা ওয়া বাহা-ইমাকা ওয়ানশুর রহমাতাকা ওয়া আহয়ি বালাদাকাল মাইয়্যিতা)
144,৬৮. ইফতারের সময় সাওম পালনকারীর দো‘আ,227,228,176-(1),ذَهَبَ الظَّمَأُ وَابْتَلَّتِ الْعُرُوقُ وَثَبَتَ الْأَجْرُ إِنْ شَاءَ اللَّهُ.,যাহাবায-যামাউ ওয়াবতাল্লাতিল ‘উরূকু ওয়া ছাবাতাল আজরু ইনশা-আল্লা-হু,"“পিপাসা মিটেছে, শিরাগুলো সিক্ত হয়েছে এবং আল্লাহ চান তো সাওয়াব সাব্যস্ত হয়েছে।”","হাদীসযে সংকিন কমরমছন আবূ দাউদ ২/৩০৬, নং ২৩৫৯ ও অনযানয। আরও দদখুন, সহীহুি োমম‘ ৪/২০৯।","reference_recovered_from_pdftext,continued_from_previous_or_next_page","227,228",ok,,ذَهَبَ الظَّمَأُ وَابْتَلَّتِ الْعُرُوقُ وَثَبَتَ الْأَجْرُ إِنْ شَاءَ اللَّهُ. (যাহাবায-যামাউ ওয়াবতাল্লাতিল ‘উরূকু ওয়া ছাবাতাল আজরু ইনশা-আল্লা-হু)
145,৬৮. ইফতারের সময় সাওম পালনকারীর দো‘আ,228,228,177-(2),اَللّٰهُمَّ إِنِّي أَسْأَلُكَ بِرَحْمَتِكَ الَّتِي وَسِعَتْ كُلَّ شَيْءٍ أَنْ تَغْفِرَ لِي.,আল্লা-হুম্মা ইন্নী আসআলুকা বিরাহমাতিকাল্লাতী ওয়াসি‘আত কুল্লা শাই’ইন আন তাগফিরা লী,"“হে আল্লাহ! আপনার যে রহমত সকল কিছু পরিব্যাপ্ত করে রেখেছে তার উসীলায় আবেদন করি, আপনি আমাকে ক্ষমা করুন।”","হাদীসযে সংকিন কমরমছন, ইবন মাোহ ১/৫৫৭, নং ১৭৫৩; িা মূ িত আবদু ল্লাহ ইবন আমর রাযদয়াল্লাহু আনহুমার দদা‘আ। আর হামফি ইবন হাোর তাাঁর তাখরীেুি আিকামর এোর সনদমক হাসান বমিমছন। িরহুি আিকার, ৪/৩৪২।",reference_recovered_from_pdftext,228,ok,,اَللّٰهُمَّ إِنِّي أَسْأَلُكَ بِرَحْمَتِكَ الَّتِي وَسِعَتْ كُلَّ شَيْءٍ أَنْ تَغْفِرَ لِي. (আল্লা-হুম্মা ইন্নী আসআলুকা বিরাহমাতিকাল্লাতী ওয়াসি‘আত কুল্লা শাই’ইন আন তাগফিরা লী)
146,৬৯. খাওয়ার পূর্বে দো‘আ,229,229,178-(1),بِسْمِ اللَّهِ بِسْمِ اللَّهِ فِي أَوَّلِهِ وَآخِرِهِ,বিসমিল্লা-হ বিসমিল্লা-হি ফী আওয়ালিহী ওয়া আ-খিরিহী,"“যখন তোমাদের কেউ আহার শুরু করে তখন সে যেন বলে, “আল্লাহর নামে।” আর শুরুতে বলতে ভুলে গেলে যেন বলে, “এর শুরু ও শেষ আল্লাহর নামে।”","হাদীসযে সংকিন কমরমছন আবূ দাঊদ ৩/৩৪৭, নং ৩৭৬৭; যতরযমিী, ৪/২৮৮, নং ১৮৫৮। আরও দদখুন, সহীহুত যতরযমিী, ২/১৬৭।",reference_recovered_from_pdftext,229,ok,,"“যখন তোমাদের কেউ আহার শুরু করে তখন সে যেন বলে, بِسْمِ اللَّهِ (বিসমিল্লা-হ)"
147,৬৯. খাওয়ার পূর্বে দো‘আ,230,231,179-(2),اَللّٰهُمَّ بَارِكْ لَنَا فِيهِ وَأَطْعِمْنَا خَيْرًا مِنْهُ. اَللّٰهُمَّ بَارِكْ لَنَا فِيهِ وَزِدْنَا مِنْهُ.,আল্লা-হুম্মা বারিক লানা ফীহি ওয়া আত‘ইমনা খাইরাম- মিনহু আল্লা-হুম্মা বারিক লানা ফীহি ওয়া যিদনা মিনহু,"“যাকে আল্লাহ কোনো খাবার খাওয়ায় সে যেন বলে, “হে আল্লাহ! আপনি আমাদেরকে এই খাদ্যে বরকত দিন এবং এর চেয়েও উত্তম খাদ্য আহার করান।” আর আল্লাহ কাউকে দুধ পান করালে সে যেন বলে: “হে আল্লাহ! আপনি আমাদেরকে এই খাদ্যে বরকত দিন এবং আমাদেরকে তা থেকে আরও বেশি দিন।”","যতরযমিী ৫/৫০৬, নং ৩৪৫৫। আরও দদখুন, সহীহুত যতরযমিী, ৩/১৫৮।","reference_recovered_from_pdftext,continued_from_previous_or_next_page","230,231",ok,,"“যাকে আল্লাহ কোনো খাবার খাওয়ায় সে যেন বলে, اَللّٰهُمَّ بَارِكْ لَنَا فِيهِ وَأَطْعِمْنَا خَيْرًا مِنْهُ. (আল্লা-হুম্মা বারিক লানা ফীহি ওয়া আত‘ইমনা খাইরাম-"
148,৭০. আহার শেষ করার পর দো‘আ,231,232,180-(1),اَلْحَمْدُ لِلَّهِ الَّذِي أَطْعَمَنِي هَذَا، وَرَزَقَنِيهِ مِنْ غَيْرِ حَوْلٍ مِنِّي وَلَا قُوَّةٍ.,আলহামদু লিল্লা-হিল্লাযী আত‘আমানী হা-যা ওয়া রাযাকানীহি মিন গাইরি হাওলিন মিন্নী ওয়ালা কুওয়াতিন,"“সকল প্রশংসা আল্লাহর জন্য, যিনি আমাকে এ আহার করালেন এবং এ রিযিক দিলেন যাতে ছিল না আমার পক্ষ থেকে কোনো উপায়, ছিল না কোনো শক্তি- সামর্থ্য।”","হাদীসযে নাসাঈ বযতীত সকি সু নান গ্রেকারর্ণ সংকিন কমরমছন। আবূ দাউদ, নং ৪০২৫; যতরযমিী, নং ৩৪৫৮; ইবন মাোহ, নং ৩২৮৫। আরও দদখুন, সহীহুত যতরযমিী ৩/১৫৯।","reference_recovered_from_pdftext,continued_from_previous_or_next_page","231,232",ok,,اَلْحَمْدُ لِلَّهِ الَّذِي أَطْعَمَنِي هَذَا، وَرَزَقَنِيهِ مِنْ غَيْرِ حَوْلٍ مِنِّي وَلَا قُوَّةٍ. (আলহামদু লিল্লা-হিল্লাযী আত‘আমানী হা-যা ওয়া রাযাকানীহি মিন গাইরি হাওলিন মিন্নী ওয়ালা কুওয়াতিন)
149,৭০. আহার শেষ করার পর দো‘আ,232,233,181-(2),اَلْحَمْدُ لِلَّهِ حَمْدًا كَثِيرًا طَيِّبًا مُبَارَكًا فِيهِ، غَيْرَ [مَكْفِيٍّ وَلَا مُوَدَّعٍ، وَلَا مُسْتَغْنًى عَنْهُ رَبَّنَا].,"আলহামদু লিল্লা-হি হামদান কাছীরান ত্বইয়্যিবান মুবা- রাকান ফীহি, গাইরা মাকফিয়্যিন ওয়ালা মুয়াদ্দা‘ইন, ওয়ালা মুস্তাগনান ‘আনহু রব্বানা","“আল্লাহর জন্যই সকল প্রশংসা; এমন প্রশংসা যা অঢেল, পবিত্র ও যাতে রয়েছে বরকত; [যা যথেষ্ট করা হয় নি], যা বিদায় দিতে পারব না, আর যা থেকে বিমুখ হতে পারব না, হে আমাদের রব্ব!”","বু খারী ৬/২১৪, হাদীস নং ৫৪৫৮; যতরযমিী, আর িব্দযে তাাঁরই, ৫/৫০৭, নং ৩৪৫৬।","reference_recovered_from_pdftext,continued_from_previous_or_next_page","232,233",ok,,"اَلْحَمْدُ لِلَّهِ حَمْدًا كَثِيرًا طَيِّبًا مُبَارَكًا فِيهِ، غَيْرَ [مَكْفِيٍّ وَلَا مُوَدَّعٍ، وَلَا مُسْتَغْنًى عَنْهُ رَبَّنَا]. (আলহামদু লিল্লা-হি হামদান কাছীরান ত্বইয়্যিবান মুবা- রাকান ফীহি, গাইরা মাকফিয়্যিন ওয়ালা মুয়াদ্দা‘ইন,"
150,৭৭. হাঁচির দো‘আ,237,238,188-(1),اَلْحَمْدُ لِلَّهِ يَرْحَمُكَ اللَّهُ يَهْدِيكُمُ اللَّهُ وَيُصْلِحُ بَالَكُمْ.,আলহামদু লিল্লা-হি ইয়ারহামুকাল্লা-হ ইয়াহদীকুমুল্লা-হু ওয়া ইউসলিহু বা-লাকুম,"তোমাদের কেউ হাঁচি দিলে বলবে, “আল্লাহ আপনাকে রহমত করুন”। যখন তাকে ইয়ারহামুকাল্লা-হ বলা হয়, তখন হাঁচিদাতা যেন তার উত্তরে বলে, “আল্লাহ আপনাদেরকে সৎপথ প্রদর্শন করুন এবং আপনাদের অবস্থা উন্নত করুন।”","বু খারী ৭/১২৫, নং ৫৮৭০।","reference_recovered_from_pdftext,continued_from_previous_or_next_page","237,238",ok,,"তোমাদের কেউ হাঁচি দিলে বলবে, اَلْحَمْدُ لِلَّهِ (আলহামদু লিল্লা-হি) “সকল প্রশংসা আল্লাহর” এবং তার মুসলিম ভাই বা"
151,১০১. মুসাফিরের জন্য মুকীম বা অবস্থানকারীর দো‘আ,260,260,212-(1),أَسْتَوْدِعُ اللَّهَ دِينَكَ، وَأَمَانَتَكَ، وَخَوَاتِيمَ عَمَلِكَ.,আস্তাউদি‘উল্লা-হা দীনাকা ওয়া আমা-নাতাকা ওয়া খাওয়া-তীমা ‘আমালিকা পরিবার-পরিজন ও ধন-সম্পদ,"“আমি আপনার দীন, আপনার আমানত এবং আপনার সর্বশেষ আমলকে আল্লাহর হিফাযতে রাখছি।”","আহমাদ ২/৭, ৪৫২৪, যতরযমিী ৫/৪৯৯, নং ৩৪৪৩। আর িাইখ আিবানী এমক সহীহু সু নাযনত যতরযমিীমত ৩/৪১৯ সহীহ হাদীস বমিমছন।",reference_recovered_from_pdftext,260,ok,,أَسْتَوْدِعُ اللَّهَ دِينَكَ، وَأَمَانَتَكَ، وَخَوَاتِيمَ عَمَلِكَ. (আস্তাউদি‘উল্লা-হা দীনাকা ওয়া আমা-নাতাকা ওয়া খাওয়া-তীমা ‘আমালিকা)
152,১০১. মুসাফিরের জন্য মুকীম বা অবস্থানকারীর দো‘আ,261,261,213-(2),زَوَّدَكَ اللَّهُ التَّقْوَى، وَغَفَرَ ذَنْبَكَ، وَيَسَّرَ لَكَ الْخَيْرَ حَيْثُمَا كُنْتَ.,"যাওয়াদাকাল্লা-হুত তাকওয়া, ওয়াগাফারা যানবাকা, ওয়া ইয়াসসারা লাকাল খাইরা হাইসু মা কুনতা","“আল্লাহ আপনাকে তাকওয়ার পাথেয় প্রদান করুন, আপনার গুনাহ ক্ষমা করুন, আর যেখানেই থাকুন না কেন আপনার জন্য কল্যাণকে সহজ করে দিন।”","যতরযমিী, নং ৩৪৪৪; আরও দদখুন, সহীহুত যতরযমিী, ৩/১৫৫।",reference_recovered_from_pdftext,261,ok,,"زَوَّدَكَ اللَّهُ التَّقْوَى، وَغَفَرَ ذَنْبَكَ، وَيَسَّرَ لَكَ الْخَيْرَ حَيْثُمَا كُنْتَ. (যাওয়াদাকাল্লা-হুত তাকওয়া, ওয়াগাফারা যানবাকা, ওয়া ইয়াসসারা লাকাল খাইরা হাইসু মা কুনতা)"
153,১০৭. নবী সাল্লাল্লাহু আলাইহি ওয়াসাল্লামের ওপর দুরূদ,267,267,২১৯-(১),,,"নবী সাল্লাল্লাহু আলাইহি ওয়াসাল্লাম বলেন, “যে ব্যক্তি আমার ওপর একবার দুরূদ পাঠ করবে, তার বিনিময়ে আল্লাহ তার ওপর দশবার দুরূদ পাঠ করবেন।”","হাদীসযে সংকিন কমরমছন, মুসযিম ১/২৮৮, নং ৩৮৪।",reference_recovered_from_pdftext,267,ok,,"নবী সাল্লাল্লাহু আলাইহি ওয়াসাল্লাম বলেন, “যে ব্যক্তি আমার ওপর একবার দুরূদ পাঠ করবে, তার বিনিময়ে আল্লাহ তার ওপর দশবার দুরূদ পাঠ করবেন।”২৬৬"
154,১০৭. নবী সাল্লাল্লাহু আলাইহি ওয়াসাল্লামের ওপর দুরূদ,267,268,২২০-(২),,,"নবী সাল্লাল্লাহু আলাইহি ওয়াসাল্লাম আরও বলেন, “তোমরা আমার কবরকে ঈদ তথা সম্মিলনস্থলে পরিণত করবে না, আর তোমরা আমার ওপর দুরূদ পাঠ কর; কেননা তোমাদের দুরূদ আমার কাছে পৌঁছে যায়, তোমরা যেখানেই থাক না কেন।”","আবূ দাউদ ২/২১৮, নং ২০৪৪; আহমাদ ২/৩৬৭, নং ৮৮০৪। আর িাইখ আিবানী এমক সহীহ আযব দাঊমদ ২/৩৮৩, সহীহ বমিমছন।","reference_recovered_from_pdftext,continued_from_previous_or_next_page","267,268",ok,,"নবী সাল্লাল্লাহু আলাইহি ওয়াসাল্লাম আরও বলেন, “তোমরা আমার কবরকে ঈদ তথা সম্মিলনস্থলে পরিণত করবে না, আর তোমরা আমার ওপর দুরূদ পাঠ কর; কেননা তোমাদের দুরূদ আমার কাছে পৌঁছে যায়,"
155,১০৭. নবী সাল্লাল্লাহু আলাইহি ওয়াসাল্লামের ওপর দুরূদ,268,268,২২১-(৩),,,"নবী সাল্লাল্লাহু আলাইহি ওয়াসাল্লাম আরও বলেন, “যার সামনে আমার নাম উল্লেখ করা হলো অতঃপর সে আমার ওপর দুরূদ পড়লো না, সে-ই কৃপণ।”","যতরযমিী, ৫/৫৫১, নং ৩৫৪৬, ইতযাযদ। আরও দদখুন, সহীহুি োমম‘ ৩/২৫; সহীহুত যতরযমিী, ৩/১৭৭।",reference_recovered_from_pdftext,268,ok,,"নবী সাল্লাল্লাহু আলাইহি ওয়াসাল্লাম আরও বলেন, “যার সামনে আমার নাম উল্লেখ করা হলো অতঃপর সে আমার ওপর দুরূদ পড়লো না, সে-ই কৃপণ।”২৬৮"
156,১০৭. নবী সাল্লাল্লাহু আলাইহি ওয়াসাল্লামের ওপর দুরূদ,268,268,২২২-(৪),,,"রাসূলুল্লাহ সাল্লাল্লাহু আলাইহি ওয়াসাল্লাম আরও বলেন, “পৃথিবীতে আল্লাহর একদল ভ্রাম্যমাণ ফিরিশতা রয়েছে যারা উম্মতের পক্ষ থেকে প্রেরিত সালাম আমার কাছে পৌঁছে দেয়।”","নাসাঈ, ৩/৪৩, নং ১২৮২; হামকম, ২/৪২১। আর িাইখ আিবানী এমক সহীহুন নাসাঈ ১/২৭৪, সহীহ বমিমছন।",reference_recovered_from_pdftext,268,ok,,"রাসূলুল্লাহ সাল্লাল্লাহু আলাইহি ওয়াসাল্লাম আরও বলেন, “পৃথিবীতে আল্লাহর একদল ভ্রাম্যমাণ ফিরিশতা রয়েছে যারা উম্মতের পক্ষ থেকে প্রেরিত সালাম আমার কাছে পৌঁছে দেয়।”২৬৯"
157,১০৭. নবী সাল্লাল্লাহু আলাইহি ওয়াসাল্লামের ওপর দুরূদ,269,269,২২৩-(৫),,,"রাসূলুল্লাহ্‌ সাল্লাল্লাহু আলাইহি ওয়াসাল্লাম আরও বলেন, “যখন কোনো ব্যক্তি আমাকে সালাম দেয়, তখন আল্লাহ আমার রূহ ফিরিয়ে দেন, যাতে আমি সালামের জবাব দিতে পারি।”","আবূ দাউদ, নং ২০৪১। আর িাইখ আিবানী সহীহ আযব দাউমদ ১/৩৮৩, এমক হাসান হাদীস বমিমছন।",reference_recovered_from_pdftext,269,ok,,"রাসূলুল্লাহ্‌ সাল্লাল্লাহু আলাইহি ওয়াসাল্লাম আরও বলেন, “যখন কোনো ব্যক্তি আমাকে সালাম দেয়, তখন আল্লাহ আমার রূহ ফিরিয়ে দেন, যাতে আমি সালামের জবাব দিতে পারি।”২৭০"
158,১০৮. সালামের প্রসার,269,270,২২৪-(১),,,"রাসূলুল্লাহ সাল্লাল্লাহু আলাইহি ওয়াসাল্লাম বলেন, “তোমরা ঈমানদার না হওয়া পর্যন্ত জান্নাতে প্রবেশ করতে পারবে না। আর তোমরা পরস্পরকে না ভালোবাসা পর্যন্ত মুমিন হতে পারবে না। আমি কি তোমাদের এমন কিছু শিখিয়ে দিবো না যা করলে তোমরা পরস্পরকে ভালোবাসবে? (তা হলো) তোমরা নিজেদের মধ্যে সালামের ব্যাপক প্রসার ঘটাও।”","মুসযিম ১/৭৪, নং ৫৪; আহমাদ, নং ১৪৩০; আর িব্দ তাাঁরই। মুসযিমমর িব্দ হমে, “িা তাদখুিূনা...” ‘দতামরা প্রমবি করমব না...’।","reference_recovered_from_pdftext,continued_from_previous_or_next_page","269,270",ok,,"রাসূলুল্লাহ সাল্লাল্লাহু আলাইহি ওয়াসাল্লাম বলেন, “তোমরা ঈমানদার না হওয়া পর্যন্ত জান্নাতে প্রবেশ করতে পারবে না। আর তোমরা পরস্পরকে না ভালোবাসা পর্যন্ত মুমিন হতে পারবে না। আমি কি"
159,১০৮. সালামের প্রসার,270,270,২২৫-(২),,,"“তিনটি জিনিস যে ব্যক্তি একত্রিত করতে পারবে সে ঈমান একত্রিত করল, (১) নিজের ব্যাপারেও ইনসাফ করা, (২) জগতের সকলকে সালাম দেওয়া, আর (৩) অল্প সম্পদ থাকা সত্ত্বেও তা থেকে ব্যয় করা।”","বু খারী, (ফাতহুি বারীসহ) ১/৮২, নং ২৮; আম্মার রাযদয়াল্লাহু আনহু দেমক মাওকূফ ও মু‘আল্লাক যহমসমব।",reference_recovered_from_pdftext,270,ok,,"“তিনটি জিনিস যে ব্যক্তি একত্রিত করতে পারবে সে ঈমান একত্রিত করল, (১) নিজের ব্যাপারেও ইনসাফ করা, (২) জগতের সকলকে সালাম দেওয়া, আর (৩) অল্প সম্পদ থাকা সত্ত্বেও তা থেকে ব্যয় করা।”২৭২"
160,১০৮. সালামের প্রসার,270,271,২২৬-(৩),,,"“আবদুল্লাহ ইবন ‘আমর রাদিয়াল্লাহু ‘আনহুমা থেকে বর্ণিত, এক ব্যক্তি নবী সাল্লাল্লাহু আলাইহি ওয়াসাল্লামকে জিজ্ঞেস করলো, ইসলামের কোন কাজটি শ্রেষ্ঠ? নবী সাল্লাল্লাহু আলাইহি ওয়াসাল্লাম বললেন, “তুমি খাবার খাওয়াবে এবং তোমার পরিচিত-অপরিচিত সকলকে সালাম দিবে।”","বু খারী, (ফাতহুি বারীসহ) ১/৫৫, নং ১২; মুসযিম ১/৬৫, নং ৩৯।","reference_recovered_from_pdftext,continued_from_previous_or_next_page","270,271",ok,,"“আবদুল্লাহ ইবন ‘আমর রাদিয়াল্লাহু ‘আনহুমা থেকে বর্ণিত, এক ব্যক্তি নবী সাল্লাল্লাহু আলাইহি ওয়াসাল্লামকে জিজ্ঞেস করলো, ইসলামের কোন কাজটি শ্রেষ্ঠ? নবী সাল্লাল্লাহু আলাইহি ওয়াসাল্লাম বললেন, “তুমি"
161,১২২. আশ্চর্যজনক ও আনন্দজনক বিষয়ের পর দো‘আ,283,283,240-(1),سُبْحَانَ اللَّهِ.,সুবহা-নাল্লা-হ,“আল্লাহ পবিত্র-মহান।”,"বু খারী, (ফাতহুি বারীসহ) ১/২১০, ৩৯০, ৪১৪, নং ১১৫, ৩৫৯৯, ৬২১৮; মুসযিম ৪/১৮৫৭, নং ১৬৭৪।",reference_recovered_from_pdftext,283,ok,,سُبْحَانَ اللَّهِ. (সুবহা-নাল্লা-হ) “আল্লাহ পবিত্র-মহান।”২৮৭
162,১২২. আশ্চর্যজনক ও আনন্দজনক বিষয়ের পর দো‘আ,283,283,241-(2),اللَّهُ أَكْبَرُ.,আল্লা-হু আকবার,“আল্লাহ সবচেয়ে বড়।”,"বু খারী, (ফাতহুি বারীসহ) ৮/৪৪১, নং ৪৭৪১; যতরযমিী নং ২১৮০; আন- নাসাঈ যফি কুবরা, নং ১১১৮৫। আরও দদখুন, সহীহুত যতরযমিী ২/১০৩, ২/২৩৫, আহমাদ-৫/২১৮, নং ২১৯০০।",reference_recovered_from_pdftext,283,ok,,اللَّهُ أَكْبَرُ. (আল্লা-হু আকবার) “আল্লাহ সবচেয়ে বড়।”২৮৮
163,১২৯. ক্ষমাপ্রার্থনা ও তাওবা করা,289,289,২৪৮-(১),,,"রাসূলুল্লাহ সাল্লাল্লাহু আলাইহি ওয়াসাল্লাম বলেন, “আল্লাহর শপথ, নিশ্চয় আমি দৈনিক সত্তর -এর অধিকবার আল্লাহর কাছে ক্ষমা চাই এবং তাওবা করি।”","বু খারী, ফাতহুি বারীসহ, ১১/১০১, নং ৬৩০৭।",reference_recovered_from_pdftext,289,ok,,"রাসূলুল্লাহ সাল্লাল্লাহু আলাইহি ওয়াসাল্লাম বলেন, “আল্লাহর শপথ, নিশ্চয় আমি দৈনিক সত্তর -এর অধিকবার আল্লাহর কাছে ক্ষমা চাই এবং তাওবা করি।”২৯৫"
164,১২৯. ক্ষমাপ্রার্থনা ও তাওবা করা,289,290,২৪৯-(২),,,"রাসূলুল্লাহ সাল্লাল্লাহু আলাইহি ওয়াসাল্লাম আরও বলেন, “হে মানুষ, তোমরা আল্লাহর কাছে তাওবা কর, নিশ্চয় আমি আল্লাহর কাছে দৈনিক একশত বার তাওবা করি।”","মুসযিম, ৪/২০৭৬, নং ২৭০২।","reference_recovered_from_pdftext,continued_from_previous_or_next_page","289,290",ok,,"রাসূলুল্লাহ সাল্লাল্লাহু আলাইহি ওয়াসাল্লাম আরও বলেন, “হে মানুষ, তোমরা আল্লাহর কাছে তাওবা কর, নিশ্চয় আমি আল্লাহর কাছে দৈনিক একশত বার তাওবা করি।”২৯৬"
165,১২৯. ক্ষমাপ্রার্থনা ও তাওবা করা,290,291,২৫০-(৩),أَسْتَغْفِرُ اللَّهَ الْعَظِيمَ الَّذِي لَا إِلَهَ إِلَّا هُوَ الْحَيُّ الْقَيُّومُ وَأَتُوبُ إِلَيْهِ.,আস্তাগফিরুল্লা-হাল ‘আযীমাল্লাযী লা ইলা-হা ইল্লা হুওয়াল হাইয়ুল ক্বাইয়ূমু ওয়া আতূবু ইলাইহি,"রাসূলুল্লাহ সাল্লাল্লাহু আলাইহি ওয়াসাল্লাম আরও বলেন, “যে ব্যক্তি বলবে, “আমি মহান আল্লাহর নিকট ক্ষমা চাই, যিনি ছাড়া আর কোনো হক ইলাহ নেই, তিনি চিরঞ্জীব, সর্বসত্তার ধারক। আর আমি তাঁরই নিকট তাওবা করছি।’ আল্লাহ তাকে মাফ করে দিবেন যদিও সে যুদ্ধক্ষেত্র থেকে পলায়নকারী হয়।”","আবূ দাউদ ২/৮৫, নং ১৫১৭; যতরযমিী ৫/৫৬৯, নং ৩৫৭৭; আি-হাযকম এবং সহীহ বমিমছন, তার সামে ইমাম িাহাবী ঐকমতয দপাষণ কমরমছন, ১/৫১১, আর িাইখুি আিবানীও সহীহ বমিমছন। দদখুন, সহীহুত যতরযমিী ৩/১৮২, োমমউি উসূ ি যি আহাদীযসর রাসূ ি সাল্লাল্লাহু আিাইযহ ওয়াসাল্লাম ৪/৩৮৯-৩৯০, আরনাঊত এর সম্পাদনাসহ।","reference_recovered_from_pdftext,continued_from_previous_or_next_page","290,291",ok,,"রাসূলুল্লাহ সাল্লাল্লাহু আলাইহি ওয়াসাল্লাম আরও বলেন, “যে ব্যক্তি বলবে, أَسْتَغْفِرُ اللَّهَ الْعَظِيمَ الَّذِي لَا إِلَهَ إِلَّا هُوَ الْحَيُّ الْقَيُّومُ وَأَتُوبُ إِلَيْهِ."
166,১২৯. ক্ষমাপ্রার্থনা ও তাওবা করা,291,291,২৫১-(৪),,,"রাসূলুল্লাহ সাল্লাল্লাহু আলাইহি ওয়াসাল্লাম আরও বলেন, “রব একজন বান্দার সবচেয়ে বেশি নিকটবর্তী হয় রাতের শেষ প্রান্তে, সুতরাং যদি তুমি যদি সে সময়ে আল্লাহর যিকিরকারীদের অন্তর্ভুক্ত হতে সক্ষম হও, তবে তা-ই হও।”","যতরযমিী নং ৩৫৭৯, নাসায়ী, ১/২৭৯ নং ৫৭২; হামকম ১/৩০৯। আরও দদখুন, সহীহুত যতরযমিী, ৩/১৮৩; োমম‘উি উসূ ি, আরনাউমতর তাহকীকসহ ৪/১৪৪।",reference_recovered_from_pdftext,291,ok,,"রাসূলুল্লাহ সাল্লাল্লাহু আলাইহি ওয়াসাল্লাম আরও বলেন, “রব একজন বান্দার সবচেয়ে বেশি নিকটবর্তী হয় রাতের শেষ প্রান্তে, সুতরাং যদি তুমি যদি সে সময়ে আল্লাহর যিকিরকারীদের অন্তর্ভুক্ত হতে সক্ষম হও, তবে"
167,১২৯. ক্ষমাপ্রার্থনা ও তাওবা করা,291,292,২৫২-(৫),,,"রাসূলুল্লাহ সাল্লাল্লাহু আলাইহি ওয়াসাল্লাম আরও বলেন, “একজন বান্দা তার রবের সবচেয়ে কাছে তখনই থাকে, যখন সে সিজদায় যায়, সুতরাং তোমরা তখন বেশি বেশি করে দো‘আ কর।”","মুসযিম, ১/৩৫০; নং ৪৮২।","reference_recovered_from_pdftext,continued_from_previous_or_next_page","291,292",ok,,"রাসূলুল্লাহ সাল্লাল্লাহু আলাইহি ওয়াসাল্লাম আরও বলেন, “একজন বান্দা তার রবের সবচেয়ে কাছে তখনই থাকে, যখন সে সিজদায় যায়, সুতরাং তোমরা তখন বেশি বেশি করে দো‘আ কর।”২৯৯"
168,১২৯. ক্ষমাপ্রার্থনা ও তাওবা করা,292,292,২৫৩-(৬),,,"রাসূলুল্লাহ সাল্লাল্লাহু আলাইহি ওয়াসাল্লাম আরও বলেন, “নিশ্চয় আমার অন্তরে ঢাকনা এসে পড়ে, আর আমি দৈনিক আল্লাহর কাছে একশত বার ক্ষমা প্রার্থনা করি।”","মুসযিম, ৪/২০৭৫, নং ২৭০২। ইবনু ি আসীর বমিন, « ل ُيغان عىل »قلبيএর অেগ হমে, ঢাকা পমড় িায়, পদগাবৃ ত হময় িায়। উমদ্দিয ভুমি িাওয়া; কারণ রাসূ িুল্লাহ সাল্লাল্লাহু আিাইযহ ওয়াসাল্লাম সবগদা যিযকর, বনকেয ও সাযবগক তোবধামন োকমতন। তাই িখন দকামনা সময় এ বযাপামর সামানযতম বযাঘাত ঘেত অেবা ভুমি দিমতন, তখযন যতযন এোমক যনমের েনয গুনাহ মমন করমতন, সামে সামে যতযন ইমির্ফার বা ক্ষমা প্রােগনার যদমক দ্রুত ধাযবত হমতন। দদখুন, োমম‘উি উসূ ি ৪/৩৮৬।",reference_recovered_from_pdftext,292,ok,,"রাসূলুল্লাহ সাল্লাল্লাহু আলাইহি ওয়াসাল্লাম আরও বলেন, “নিশ্চয় আমার অন্তরে ঢাকনা এসে পড়ে, আর আমি দৈনিক আল্লাহর কাছে একশত বার ক্ষমা প্রার্থনা করি।”৩০০"
169,"১৩০. তাসবীহ, তাহমীদ, তাহলীল ও তাকবীর -এর",293,293,২৫৪-(১),سُبْحَانَ اللَّهِ وَبِحَمْدِهِ.,সুবহা-নাল্লা-হি ওয়াবিহামদিহী,"রাসূলুল্লাহ সাল্লাল্লাহু ‘আলাইহি ওয়াসাল্লাম বলেন, “যে ব্যক্তি দৈনিক ১০০ বার বলে, ‘আমি আল্লাহর সপ্রশংস পবিত্রতা ঘোষণা করছি’, তার পাপসমূহ মুছে ফেলা হয়, যদিও তা সাগরের ফেনারাশির সমান হয়ে থাকে।”","বু খারী ৭/১৬৮, নং ৬৪০৫; মুসযিম ৪/২০৭১, নং ২৬৯১; তাছাড়া এ যকতামবর ১৩৭ পৃ ষ্ঠায় দি বযযি সকাি ও সন্ধায় একিতবার পড়মব, তার দি ফযিিত বযণগত হময়মছ তা দদখুন।",reference_recovered_from_pdftext,293,ok,,"রাসূলুল্লাহ সাল্লাল্লাহু ‘আলাইহি ওয়াসাল্লাম বলেন, “যে ব্যক্তি দৈনিক ১০০ বার বলে, سُبْحَانَ اللَّهِ وَبِحَمْدِهِ. (সুবহা-নাল্লা-হি ওয়াবিহামদিহী)"
170,"১৩০. তাসবীহ, তাহমীদ, তাহলীল ও তাকবীর -এর",293,294,২৫৫-(২),لَا إِلَهَ إِلَّا اللَّهُ وَحْدَهُ لَا شَرِيكَ لَهُ، لَهُ الْمُلْكُ وَلَهُ الْحَمْدُ، وَهُوَ عَلَى كُلِّ شَيْءٍ قَدِيرٌ.,"লা ইলা-হা ইল্লাল্লা-হু ওয়াহদাহু লা শারীকা লাহু, ওয়া লাহুল হামদু ওয়া হুওয়া ‘আলা কুল্লি শাই’ইন ক্বাদীর","রাসূলুল্লাহ সাল্লাল্লাহু আলাইহি ওয়াসাল্লাম আরও বলেন, “যে ব্যক্তি নিম্নোক্ত বাণীটি ১০ বার বলবে, ‘একমাত্র আল্লাহ ছাড়া কোনো হক ইলাহ নেই, তাঁর কোনো শরীক নেই; রাজত্ব তাঁরই, সমস্ত প্রশংসাও তাঁর; আর তিনি সকল কিছুর ওপর ক্ষমতাবান।’ এটা তার জন্য এমন হবে যেন সে ইসমাঈলের সন্তানদের চারজনকে দাসত্ব থেকে মুক্ত করল।”","বু খারী ৭/৬৭ নং ৬৪০৪; মুসযিম, তার িমব্দ ৪/২০৭১ নং ২৬৯৩; অনু রূপভামব একিবার বিার ফিীিত দদখুন, ৯৩ নং দদা‘আর হাদীস, পৃ . নং ১৩৯।","reference_recovered_from_pdftext,continued_from_previous_or_next_page","293,294",ok,,"রাসূলুল্লাহ সাল্লাল্লাহু আলাইহি ওয়াসাল্লাম আরও বলেন, “যে ব্যক্তি নিম্নোক্ত বাণীটি ১০ বার বলবে, لَا إِلَهَ إِلَّا اللَّهُ وَحْدَهُ لَا شَرِيكَ لَهُ، لَهُ الْمُلْكُ وَلَهُ الْحَمْدُ، وَهُوَ عَلَى كُلِّ شَيْءٍ قَدِيرٌ."
171,"১৩০. তাসবীহ, তাহমীদ, তাহলীল ও তাকবীর -এর",294,295,২৫৬-(৩),سُبْحَانَ اللَّهِ وَبِحَمْدِهِ، سُبْحَانَ اللَّهِ الْعَظِيمِ.,"সুবহা-নাল্লা-হি ওয়া বিহামদিহী, সুবহা-নাল্লা-হিল ‘আযীম","রাসূলুল্লাহ সাল্লাল্লাহু আলাইহি ওয়াসাল্লাম বলেছেন, “দুটি বাক্য এমন রয়েছে, যা যবানে সহজ, মীযানের পাল্লায় ভারী এবং করুণাময় আল্লাহ্‌র নিকট অতি প্রিয়। আর তা হচ্ছে, ‘আল্লাহর প্রশংসাসহকারে তাঁর পবিত্রতা ও মহিমা বর্ণনা করছি। মহান আল্লাহর পবিত্রতা ও মহিমা ঘোষণা করছি।’","বু খারী ৭/১৬৮, নং ৬৪০৪; মুসযিম ৪/২০৭২, নং ২৬৯৪।","reference_recovered_from_pdftext,continued_from_previous_or_next_page","294,295",ok,,"রাসূলুল্লাহ সাল্লাল্লাহু আলাইহি ওয়াসাল্লাম বলেছেন, “দুটি বাক্য এমন রয়েছে, যা যবানে সহজ, মীযানের পাল্লায় ভারী এবং করুণাময় আল্লাহ্‌র নিকট অতি প্রিয়। আর তা হচ্ছে,"
172,"১৩০. তাসবীহ, তাহমীদ, তাহলীল ও তাকবীর -এর",295,295,২৫৭-(৪),,,"রাসূলুল্লাহ সাল্লাল্লাহু আলাইহি ওয়াসাল্লাম বলেন, “সুবহানাল্লাহ, আলহামদুলিল্লাহ, লা ইলাহা ইল্লাল্লাহ, আল্লাহু আকবার- সূর্য যা কিছুর উপর উদিত হয় তার চেয়ে এগুলো বলা আমার কাছে অধিক প্রিয়।”","মুসযিম, ৪/২০৭২, নং ২৬৯৫।",reference_recovered_from_pdftext,295,ok,,"রাসূলুল্লাহ সাল্লাল্লাহু আলাইহি ওয়াসাল্লাম বলেন, “সুবহানাল্লাহ, আলহামদুলিল্লাহ, লা ইলাহা ইল্লাল্লাহ, আল্লাহু আকবার- সূর্য যা কিছুর উপর উদিত হয় তার চেয়ে এগুলো বলা আমার কাছে অধিক প্রিয়।”৩০৪"
173,"১৩০. তাসবীহ, তাহমীদ, তাহলীল ও তাকবীর -এর",295,296,২৫৮-(৫),,,"রাসূলুল্লাহ সাল্লাল্লাহু আলাইহি ওয়াসাল্লাম বলেন, “তোমাদের কেউ কি প্রতিদিন এক হাজার সাওয়াব অর্জন করতে অপারগ?” তাঁর সাথীদের মধ্যে একজন প্রশ্ন করে বলল, আমাদের কেউ কী করে এক হাজার সাওয়াব অর্জন করতে পারে? নবী সাল্লাল্লাহু আলাইহি ওয়াসাল্লাম বললেন, “যে ব্যক্তি ১০০ বার ‘সুবহানাল্লাহ’ বলবে, তার জন্য এক হাজার সাওয়াব লেখা হবে অথবা তার এক হাজার পাপ মুছে ফেলা হবে।”","মুসযিম ৪/২০৭৩, নং ২৬৯৮।","reference_recovered_from_pdftext,continued_from_previous_or_next_page","295,296",ok,,"রাসূলুল্লাহ সাল্লাল্লাহু আলাইহি ওয়াসাল্লাম বলেন, “তোমাদের কেউ কি প্রতিদিন এক হাজার সাওয়াব অর্জন করতে অপারগ?” তাঁর সাথীদের মধ্যে একজন প্রশ্ন করে বলল, আমাদের কেউ কী করে এক হাজার সাওয়াব"
174,"১৩০. তাসবীহ, তাহমীদ, তাহলীল ও তাকবীর -এর",296,296,২৫৯-(৬),سُبْحَانَ اللَّهِ الْعَظِيمِ وَبِحَمْدِهِ.,সুবহা-নাল্লা-হিল ‘আযীমি ওয়াবিহামদিহী,"“যে ব্যক্তি বলবে, ‘মহান আল্লাহর প্রশংসার সাথে তাঁর পবিত্রতা ও মহিমা ঘোষণা করছি’- তার জন্য জান্নাতে একটি খেজুর গাছ রোপণ করা হবে।”","যতরযমিী ৫/১১, নং ৩৪৬৪; হামকম-১/৫০১ এবং এোমক সহীহ বমিমছন। আর ইমাম িাহাবী তার সামে একমত হময়মছন। দদখুন, সহীহুি োমম‘ ৫/৫৩১; সহীহুত যতরযমিী ৩/১৬০।",reference_recovered_from_pdftext,296,ok,,"“যে ব্যক্তি বলবে, سُبْحَانَ اللَّهِ الْعَظِيمِ وَبِحَمْدِهِ. (সুবহা-নাল্লা-হিল ‘আযীমি ওয়াবিহামদিহী) ‘মহান আল্লাহর প্রশংসার সাথে তাঁর পবিত্রতা ও মহিমা"
175,"১৩০. তাসবীহ, তাহমীদ, তাহলীল ও তাকবীর -এর",296,297,২৬০-(৭),لَا حَوْلَ وَلَا قُوَّةَ إِلَّا بِاللَّهِ.,লা হাউলা ওয়ালা কুওয়াতা ইল্লা বিল্লা-হ,"রাসূলুল্লাহ সাল্লাল্লাহু আলাইহি ওয়াসাল্লাম বলেন, “ওহে আব্দুল্লাহ ইবন কায়েস! আমি কি জান্নাতের এক বললাম, নিশ্চয় হে আল্লাহর রাসূল। তিনি বললেন, “তুমি বল, ‘আল্লাহর সাহায্য ছাড়া (পাপ কাজ থেকে দূরে থাকার) কোনো উপায় এবং (সৎকাজ করার) কোনো শক্তি কারো নেই।’”","বু খারী, ফাতহুি বারীসহ ১১/২১৩, নং ৪২০৬; মুসযিম ৪/২০৭৬, নং ২৭০৪।","reference_recovered_from_pdftext,continued_from_previous_or_next_page","296,297",ok,,"রাসূলুল্লাহ সাল্লাল্লাহু আলাইহি ওয়াসাল্লাম বলেন, “ওহে আব্দুল্লাহ ইবন কায়েস! আমি কি জান্নাতের এক বললাম, নিশ্চয় হে আল্লাহর রাসূল। তিনি বললেন, “তুমি বল,"
176,"১৩০. তাসবীহ, তাহমীদ, তাহলীল ও তাকবীর -এর",297,298,২৬১-(৮),سُبْحَانَ اللَّهِ، وَالْحَمْدُ لِلَّهِ، وَلَا إِلَهَ إِلَّا اللَّهُ، وَاللَّهُ أَكْبَرُ.,সুবহানাল্লা-হি ওয়ালহামদু লিল্লা-হি ওয়ালা ইলা-হা ইল্লাল্লা-হু ওয়াল্লা-হু আকবার,"রাসূলুল্লাহ সাল্লাল্লাহু আলাইহি ওয়াসাল্লাম বলেন, “আল্লাহর নিকট সর্বাধিক প্রিয় বাক্য চারটি, তার যে কোনটি দিয়েই শুরু করাতে তোমার কোনো ক্ষতি নেই। আর তা হলো, ‘আল্লাহ পবিত্র-মহান। সকল হামদ-প্রশংসা আল্লাহর। আল্লাহ ছাড়া কোনো হক ইলাহ নেই। আল্লাহ সবচেয়ে বড়।’”","মুসযিম ৩/১৬৮৫, নং ২১৩৭।","reference_recovered_from_pdftext,continued_from_previous_or_next_page","297,298",ok,,"রাসূলুল্লাহ সাল্লাল্লাহু আলাইহি ওয়াসাল্লাম বলেন, “আল্লাহর নিকট সর্বাধিক প্রিয় বাক্য চারটি, তার যে কোনটি দিয়েই শুরু করাতে তোমার কোনো ক্ষতি নেই। আর তা হলো,"
177,"১৩০. তাসবীহ, তাহমীদ, তাহলীল ও তাকবীর -এর",298,300,২৬২-(৯),لَا إِلَهَ إِلَّا اللَّهُ وَحْدَهُ لَا شَرِيكَ لَهُ، اللَّهُ أَكْبَرُ كَبِيرًا، وَالْحَمْدُ لِلَّهِ كَثِيرًا، سُبْحَانَ اللَّهِ رَبِّ الْعَالَمِينَ، لَا حَوْلَ وَلَا قُوَّةَ إِلَّا بِاللَّهِ الْعَزِيزِ الْحَكِيمِ. اَللّٰهُمَّ اغْفِرْ لِي، وَارْحَمْنِي، وَاهْدِنِي، وَارْزُقْنِي.,"লা ইলা-হা ইল্লাল্লা-হু ওয়াহদাহু লা শারীকা লাহু, আল্লা-হু আকবারু কাবীরা, ওয়ালহামদুলিল্লা-হি কাছীরা, সুবহা- নাল্লা-হি রব্বিল ‘আ-লামীন, লা হাউলা ওয়ালা কুওয়াতা ইল্লা বিল্লা-হিল ‘আযীযিল হাকীম আল্লা-হুম্মাগফির লী, ওয়ারহামনী, ওয়াহদিনী, ওয়ারযুকনী","এক বেদুঈন রাসূলুল্লাহ সাল্লাল্লাহু আলাইহি ওয়াসাল্লামের কাছে এসে জিজ্ঞেস করল, আমাকে একটি কালেমা শিক্ষা দিন যা আমি বলব। তখন রাসূল বললেন, “বল, ‘একমাত্র আল্লাহ ব্যতীত কোনো হক ইলাহ নেই, তাঁর কোনো শরীক নেই। আল্লাহ সবচেয়ে বড়, অতীব বড়। আল্লাহর অনেক-অজস্র প্রশংসা। সৃষ্টিকুলের রব আল্লাহ কতই না পবিত্র-মহান। প্রবল পরাক্রমশীল ও প্রজ্ঞাময় আল্লাহর সাহায্য ছাড়া (পাপ কাজ থেকে দূরে থাকার) কোনো উপায় এবং (সৎকাজ করার) কোনো শক্তি কারো নেই।’ তখন বেদুঈন বলল, এগুলো তো আমার রবের জন্য; আমার জন্য কী? তিনি বললেন: “বল, ‘হে আল্লাহ! আমাকে ক্ষমা করুন, আমার প্রতি দয়া করুন, আমাকে হেদায়াত দিন এবং আমাকে রিযিক দিন।’”","মুসযিম ৪/২০৭২, নং ২৬৯৬। আর আবূ দাউদ বযধগত বণগনা কমরন, ১/২২০, নং ৮৩২: এরপর িখন দবদু ঈন যফমর দর্ি, তখন রাসূ িুল্লাহ সাল্লাল্লাহু ‘আিাইযহ ওয়াসাল্লাম বিমিন, “দিাকযে তার হাত কিযামণ পূ ণগ কমর যনি”।","reference_recovered_from_pdftext,continued_from_previous_or_next_page","298,299,300",ok,,"এক বেদুঈন রাসূলুল্লাহ সাল্লাল্লাহু আলাইহি ওয়াসাল্লামের কাছে এসে জিজ্ঞেস করল, আমাকে একটি কালেমা শিক্ষা দিন যা আমি বলব। তখন রাসূল বললেন, “বল,"
178,"১৩০. তাসবীহ, তাহমীদ, তাহলীল ও তাকবীর -এর",300,301,২৬৩-(১০),اَللّٰهُمَّ اغْفِرْ لِي، وَارْحَمْنِي، وَاهْدِنِي، وَعَافِنِي، وَارْزُقْنِي.,আল্লা-হুম্মাগফির লী ওয়ারহামনী ওয়াহদিনী ওয়া ‘আ- ফিনী ওয়ারযুকনী,"“কোনো ব্যক্তি ইসলাম গ্রহণ করলে রাসূলুল্লাহ সাল্লাল্লাহু আলাইহি ওয়াসাল্লাম তাকে প্রথমে সালাত শিক্ষা দিতেন। অতঃপর এসব কথা দিয়ে দো‘আ করার আদেশ দিতেন, রাখুন এবং আমাকে রিযিক দান করুন।”","মুসযিম ৪/২০৭৩; নং ৩৬৯৭। মুসযিমমর অপর বণগনায় এমসমছ, “এগুমিা দতামার েনয দু যনয়া ও আমখরাত সবযকছু র সমিয় ঘোমব।”","reference_recovered_from_pdftext,continued_from_previous_or_next_page","300,301",ok,,"“কোনো ব্যক্তি ইসলাম গ্রহণ করলে রাসূলুল্লাহ সাল্লাল্লাহু আলাইহি ওয়াসাল্লাম তাকে প্রথমে সালাত শিক্ষা দিতেন। অতঃপর এসব কথা দিয়ে দো‘আ করার আদেশ দিতেন,"
179,"১৩০. তাসবীহ, তাহমীদ, তাহলীল ও তাকবীর -এর",301,301,২৬৪-(১১),الْحَمْدُ لِلَّهِ لَا إِلَهَ إِلَّا اللَّهُ,আলহামদু লিল্লা-হ লা ইলাহা ইল্লাল্লাহ,"“সর্বশ্রেষ্ঠ দো‘আ হল, ‘সকল প্রশংসা আল্লাহরই’। আর সর্বোত্তম যিকির হল, ‘আল্লাহ ব্যতীত কোনো হক ইলাহা নেই।’”","যতরযমিী ৫/৪৬২, নং ৩৩৮৩; ইবন মাোহ ২/১২৪৯, নং ৩৮০০; আি-হাযকম, ১/৫০৩ এবং সহীহ বমিমছন, আর ইমাম িাহাবী তা সমেগন কমরমছন। আরও দদখুন, সহীহুি োমম‘ ১/৩৬২।",reference_recovered_from_pdftext,301,ok,,"“সর্বশ্রেষ্ঠ দো‘আ হল, الْحَمْدُ لِلَّهِ (আলহামদু লিল্লা-হ) ‘সকল প্রশংসা আল্লাহরই’। আর সর্বোত্তম যিকির হল,"
180,"১৩০. তাসবীহ, তাহমীদ, তাহলীল ও তাকবীর -এর",302,303,২৬৫-(১২),سُبْحَانَ اللَّهِ، وَالْحَمْدُ لِلَّهِ، وَلَا إِلَهَ إِلَّا اللَّهُ، وَاللَّهُ أَكْبَرُ، وَلَا حَوْلَ وَلَا قُوَّةَ إِلَّا بِاللَّهِ.,"সুবহা-নাল্লা-হি, ওয়ালহামদুলিল্লা-হি, ওয়া লা-ইলা-হা ইল্লাল্লা-হু, ওয়াল্লা-হু আকবার, ওয়ালা হাউলা ওয়ালা কুওয়াতা ইল্লা বিল্লা-হি","“‘আল-বাকিয়াতুস সালিহাত’ তথা চিরস্থায়ী নেক আমল হচ্ছে, ‘আল্লাহ পবিত্র-মহান। সকল হামদ-প্রশংসা আল্লাহর। আল্লাহ ছাড়া কোনো হক ইলাহ নেই। আল্লাহ সবচেয়ে বড়। আর আল্লাহর সাহায্য ছাড়া (পাপ কাজ থেকে দূরে থাকার) কোনো উপায় এবং (সৎকাজ করার) কোনো শক্তি কারো নেই।’”","মুসনামদ আহমাদ নং ৫১৩; আহমাদ িামকর এর তারতীব অনু সামর, আর তার সনদ যবশুি। দদখুন, মােমাউি িাওয়াযয়দ, ১/২৯৭; ইবন হাোর বু িুগুি মারাম গ্রমে এোমক আবু সা‘ঈদ রাযদয়াল্লাহু ‘আনহু এর বণগনায় ইমাম নাসাঈ (আস-সু নানু ি কুবরা, নং ১০৬১৭) যনময় এমসমছন বমি ইযিত কমরমছন এবং বমিমছন দি, হাদীসযেমক ইবন যহব্বান (নং ৮৪০) ও হামকম (১/৫৪১) সহীহ বমিমছন।","reference_recovered_from_pdftext,continued_from_previous_or_next_page","302,303",ok,,"“‘আল-বাকিয়াতুস সালিহাত’ তথা চিরস্থায়ী নেক আমল হচ্ছে, سُبْحَانَ اللَّهِ، وَالْحَمْدُ لِلَّهِ، وَلَا إِلَهَ إِلَّا اللَّهُ، وَاللَّهُ أَكْبَرُ، وَلَا حَوْلَ وَلَا قُوَّةَ إِلَّا بِاللَّهِ."
