dua_id,chapter_number,chapter_en,chapter_bn,arabic_sunnah,arabic_hadithbd,arabic_match_status,arabic_match_score
1,1,Chapter: When waking up,ঘুম থেকে জেগে উঠার সময়ের যিক্‌রসমূহ,الحَمْـدُ لِلّهِ الّذي أَحْـيانا بَعْـدَ ما أَماتَـنا وَإليه النُّـشور,«الْحَمْدُ لِلَّهِ الَّذِيْ أَحْيَانَا بَعْدَ مَا أَمَاتَنَا، وَإِلَيْهِ النُّشُوْرُ».,exact_match,1.0
2,1,Chapter: When waking up,ঘুম থেকে জেগে উঠার সময়ের যিক্‌রসমূহ,لا إلهَ إلاّ اللّهُ وَحْـدَهُ لا شَـريكَ له، لهُ المُلـكُ ولهُ الحَمـد، وهوَ على كلّ شيءٍ قدير، سُـبْحانَ اللهِ، والحمْـدُ لله، ولا إلهَ إلاّ اللهُ واللهُ أكبَر، وَلا حَولَ وَلا قوّة إلاّ باللّهِ العليّ العظيم، رَبِّ اغْفرْ لي,«لاَ إِلَهَ إِلاَّ اللَّهُ وَحْدَهُ لاَ شَريكَ لَهُ، لَهُ الْمُلْكُ وَلَهُ الْحَمْدُ، وَهُوَ عَلَى كُلِّ شَيْءٍ قَدِيرٌ، سُبْحَانَ اللَّهِ، وَالْحَمْدُ للَّهِ، وَلاَ إِلَهَ إِلاَّ اللَّهُ، وَاللَّهُ أَكبَرُ، وَلاَ حَوْلَ وَلاَ قُوَّةَ إِلاَّ بِاللَّهِ الْعَلِيِّ الْعَظِيمِ» «رَبِّ اغْفرْ لِي».,exact_match,1.0
3,1,Chapter: When waking up,ঘুম থেকে জেগে উঠার সময়ের যিক্‌রসমূহ,الحمدُ للهِ الذي عافاني في جَسَدي وَرَدّ عَليّ روحي وَأَذِنَ لي بِذِكْرِه,«الْحَمْدُ لِلَّهِ الَّذِي عَافَانِي فِي جَسَدِي، وَرَدَّ عَلَيَّ رُوحِي، وَأَذِنَ لي بِذِكْرِهِ».,exact_match,1.0
4,1,Chapter: When waking up,ঘুম থেকে জেগে উঠার সময়ের যিক্‌রসমূহ,إِنَّ فِي خَلْقِ السَّمَوَاتِ وَالأَرْضِ وَاخْتِلاَفِ اللَّيْلِ وَالنَّهَارِ لآيَاتٍ لأُوْلِي الألْبَابِ {190} الَّذِينَ يَذْكُرُونَ اللهَ قِيَامًا وَقُعُودًا وَعَلَىَ جُنُوبِهِمْ وَيَتَفَكَّرُونَ فِي خَلْقِ السَّمَوَاتِ وَالأَرْضِ رَبَّنَا مَا خَلَقْتَ هَذا بَاطِلاً سُبْحَانَكَ فَقِنَا عَذَابَ النَّارِ {191} رَبَّنَا إِنَّكَ مَن تُدْخِلِ النَّارَ فَقَدْ أَخْزَيْتَهُ وَمَا لِلظَّالِمِينَ مِنْ أَنصَارٍ {192} رَّبَّنَا إِنَّنَا سَمِعْنَا مُنَادِيًا يُنَادِي لِلإِيمَانِ أَنْ ءامِنُواْ بِرَبِّكُمْ فَآمَنَّا رَبَّنَا فَاغْفِرْ لَنَا ذُنُوبَنَا وَكَفِّرْ عَنَّا سَيِّئَاتِنَا وَتَوَفَّنَا مَعَ الأبْرَارِ {193} رَبَّنَا وَءاتِنَا مَا وَعَدتَّنَا عَلَى رُسُلِكَ وَلاَ تُخْزِنَا يَوْمَ الْقِيَامَةِ إِنَّكَ لاَ تُخْلِفُ الْمِيعَادَ {194} فَاسْتَجَابَ لَهُمْ رَبُّهُمْ أَنِّي لاَ أُضِيعُ عَمَلَ عَامِلٍ مِّنكُم مِّن ذَكَرٍ أَوْ أُنثَى بَعْضُكُم مِّن بَعْضٍ فَالَّذِينَ هَاجَرُواْ وَأُخْرِجُواْ مِن دِيَارِهِمْ وَأُوذُواْ فِي سَبِيلِي وَقَاتَلُواْ وَقُتِلُواْ لأُكَفِّرَنَّ عَنْهُمْ سَيِّئَاتِهِمْ وَلأُدْخِلَنَّهُمْ جَنَّاتٍ تَجْرِي مِن تَحْتِهَا الأَنْهَارُ ثَوَابًا مِّن عِندِ اللهِ وَاللهُ عِندَهُ حُسْنُ الثَّوَابِ {195} لاَ يَغُرَّنَّكَ تَقَلُّبُ الَّذِينَ كَفَرُواْ فِي الْبِلاَدِ {196} مَتَاعٌ قَلِيلٌ ثُمَّ مَأْوَاهُمْ جَهَنَّمُ وَبِئْسَ الْمِهَادُ {197} لَكِنِ الَّذِينَ اتَّقَوْاْ رَبَّهُمْ لَهُمْ جَنَّاتٌ تَجْرِي مِن تَحْتِهَا الأَنْهَارُ خَالِدِينَ فِيهَا نُزُلاً مِّنْ عِندِ اللهِ وَمَا عِندَ اللهِ خَيْرٌ لِّلأَبْرَارِ {198} وَإِنَّ مِنْ أَهْلِ الْكِتَابِ لَمَن يُؤْمِنُ بِاللهِ وَمَا أُنزِلَ إِلَيْكُمْ وَمَآ أُنزِلَ إِلَيْهِمْ خَاشِعِينَ للهِ لاَ يَشْتَرُونَ بِآيَاتِ اللهِ ثَمَنًا قَلِيلاً أُوْلَئِكَ لَهُمْ أَجْرُهُمْ عِندَ رَبِّهِمْ إِنَّ اللهَ سَرِيعُ الْحِسَابِ {199} يَا أَيُّهَا الَّذِينَ ءامَنُواْ اصْبِرُواْ وَصَابِرُواْ وَرَابِطُواْ وَاتَّقُواْ اللهَ لَعَلَّكُمْ تُفْلِحُونَ {200},﴿اِنَّ فِيْ خَلْقِ السَّمٰوٰتِ وَالْاَرْضِ وَاخْتِلَافِ الَّيْلِ وَالنَّھَارِ لَاٰيٰتٍ لِّاُولِي الْاَلْبَابِ ١٩٠؁ڌالَّذِيْنَ يَذْكُرُوْنَ اللّٰهَ قِيٰمًا وَّقُعُوْدًا وَّعَلٰي جُنُوْبِھِمْ وَيَتَفَكَّرُوْنَ فِيْ خَلْقِ السَّمٰوٰتِ وَالْاَرْضِ ۚ رَبَّنَا مَا خَلَقْتَ هٰذَا بَاطِلًا ۚ سُبْحٰنَكَ فَقِنَا عَذَابَ النَّارِ ١٩١؁رَبَّنَآ اِنَّكَ مَنْ تُدْخِلِ النَّارَ فَقَدْ اَخْزَيْتَهٗ ۭ وَمَا لِلظّٰلِمِيْنَ مِنْ اَنْصَارٍ ١٩٢؁رَبَّنَآ اِنَّنَا سَمِعْنَا مُنَادِيًا يُّنَادِيْ لِلْاِيْمَانِ اَنْ اٰمِنُوْا بِرَبِّكُمْ فَاٰمَنَّاڰ رَبَّنَا فَاغْفِرْ لَنَا ذُنُوْبَنَا وَكَفِّرْ عَنَّا سَيِّاٰتِنَا وَتَوَفَّنَا مَعَ الْاَبْرَارِ ١٩٣؁ۚرَبَّنَا وَاٰتِنَا مَا وَعَدْتَّنَا عَلٰي رُسُلِكَ وَلَا تُخْزِنَا يَوْمَ الْقِيٰمَةِ ۭاِنَّكَ لَا تُخْلِفُ الْمِيْعَادَ ١٩٤؁فَاسْتَجَابَ لَھُمْ رَبُّھُمْ اَنِّىْ لَآ اُضِيْعُ عَمَلَ عَامِلٍ مِّنْكُمْ مِّنْ ذَكَرٍ اَوْ اُنْثٰى ۚ بَعْضُكُمْ مِّنْۢ بَعْضٍ ۚ فَالَّذِيْنَ ھَاجَرُوْا وَاُخْرِجُوْا مِنْ دِيَارِھِمْ وَاُوْذُوْا فِيْ سَبِيْلِيْ وَقٰتَلُوْا وَقُتِلُوْا لَاُكَفِّرَنَّ عَنْھُمْ سَيِّاٰتِھِمْ وَلَاُدْخِلَنَّھُمْ جَنّٰتٍ تَجْرِيْ مِنْ تَحْتِھَا الْاَنْھٰرُ ۚ ثَوَابًا مِّنْ عِنْدِ اللّٰهِ ۭوَاللّٰهُ عِنْدَهٗ حُسْنُ الثَّوَابِ ١٩٥؁لَا يَغُرَّنَّكَ تَقَلُّبُ الَّذِيْنَ كَفَرُوْا فِي الْبِلَادِ ١٩٦؁ۭ مَتَاعٌ قَلِيْلٌ ۣ ثُمَّ مَاْوٰىھُمْ جَهَنَّمُ ۭوَبِئْسَ الْمِھَادُ ١٩٧؁لٰكِنِ الَّذِيْنَ اتَّقَوْا رَبَّھُمْ لَھُمْ جَنّٰتٌ تَجْرِيْ مِنْ تَحْتِھَا الْاَنْھٰرُ خٰلِدِيْنَ فِيْھَا نُزُلًا مِّنْ عِنْدِ اللّٰهِ ۭ وَمَا عِنْدَ اللّٰهِ خَيْرٌ لِّلْاَبْرَارِ ١٩٨؁وَاِنَّ مِنْ اَھْلِ الْكِتٰبِ لَمَنْ يُّؤْمِنُ بِاللّٰهِ وَمَآ اُنْزِلَ اِلَيْكُمْ وَمَآ اُنْزِلَ اِلَيْھِمْ خٰشِعِيْنَ لِلّٰهِ ۙ لَا يَشْتَرُوْنَ بِاٰيٰتِ اللّٰهِ ثَـمَنًا قَلِيْلًا ۭ اُولٰۗىِٕكَ لَھُمْ اَجْرُھُمْ عِنْدَ رَبِّھِمْ ۭ اِنَّ اللّٰهَ سَرِيْعُ الْحِسَابِ ١٩٩؁يٰٓاَيُّھَا الَّذِيْنَ اٰمَنُوا اصْبِرُوْا وَصَابِرُوْا وَرَابِطُوْا ۣوَاتَّقُوا اللّٰهَ لَعَلَّكُمْ تُفْلِحُوْنَ ٢٠٠؁ۧ﴾,mismatch,0.6703
5,2,Chapter: When wearing a garment,কাপড় পরিধানের দো‘আ,الحمدُ للهِ الّذي كَساني هذا (الثّوب) وَرَزَقَنيه مِنْ غَـيـْرِ حَولٍ مِنّي وَلا قـوّة,«الْحَمْدُ للَّهِ الَّذِي كَسَانِي هَذَا (الثَّوْبَ) وَرَزَقَنِيهِ مِنْ غَيْرِ حَوْلٍ مِنِّي وَلاَ قُوَّة...».,exact_match,1.0
6,3,Chapter: When wearing a new garment,নতুন কাপড় পরিধানের দো‘আ,اللّهُـمَّ لَـكَ الحَـمْـدُ أنْـتَ كَسَـوْتَنيهِ، أََسْأََلُـكَ مِـنْ خَـيرِهِ وَخَـيْرِ مَا صُنِعَ لَـه، وَأَعوذُ بِكَ مِـنْ شَـرِّهِ وَشَـرِّ مـا صُنِعَ لَـهُ,«اللَّهُمَّ لَكَ الْحَمْدُ أَنْتَ كَسَوْتَنِيهِ، أَسْأَلُكَ مِنْ خَيْرِهِ وَخَيْرِ مَا صُنِعَ لَهُ، وَأَعُوذُ بِكَ مِنْ شَرِّهِ وَشَرِّ مَا صُنِعَ لَهُ».,exact_match,1.0
7,4,Chapter: To someone wearing a new garment,অপরকে নতুন কাপড় পরিধান করতে দেখলে তার জন্য দো‘আ,تُبْـلي وَيُـخْلِفُ اللهُ تَعَالى,«تُبْلِي وَيُخْلِفُ اللَّهُ تَعَالَى».,exact_match,1.0
8,4,Chapter: To someone wearing a new garment,অপরকে নতুন কাপড় পরিধান করতে দেখলে তার জন্য দো‘আ,اِلبَـس جَديـداً وَعِـشْ حَمـيداً وَمُـتْ شهيداً,«اِلْبَسْ جَدِيداً وَعِشْ حَمِيداً وَمُتْ شَهِيداً».,exact_match,1.0
9,5,Chapter: Before undressing,কাপড় খুলে রাখার সময় কী বলবে,بِسْمِ الله,«بِسْمِ اللَّهِ».,exact_match,1.0
10,6,Chapter: Before entering the bathroom,পায়খানায় প্রবেশের দো‘আ,(بِسْمِ الله) اللّهُـمَّ إِنِّـي أَعـوذُ بِـكَ مِـنَ الْخُـبْثِ وَالْخَبائِث,«[بِسْمِ اللَّهِ] اللَّهُمَّ إِنِّي أَعُوذُ بِكَ مِنَ الْخُبْثِ وَالْخَبائِث».,exact_match,1.0
11,7,Chapter: After leaving the bathroom,পায়খানা থেকে বের হওয়ার দো‘আ,غُفْـرانَك,«غُفْرَانَكَ».,exact_match,1.0
12,8,Chapter: Before ablution,ওযুর পূর্বে যিক্‌র,بِسْمِ الله,«بِسْمِ اللَّهِ».,exact_match,1.0
13,9,Chapter: Upon completing the ablution,ওযু শেষ করার পর যিক্‌র,أَشْهَدُ أَنْ لا إِلَـهَ إِلاّ اللهُ وَحْدَهُ لا شَريـكَ لَـهُ وَأَشْهَدُأَنَّ مُحَمّـداً عَبْـدُهُ وَرَسـولُـه,«أَشْهَدُ أَنْ لاَ إِلَهَ إِلاَّ اللَّهُ وَحْدَهُ لاَ شَرِيكَ لَهُ وَأَشْهَدُ أَنَّ مُحَمَّداً عَبْدُهُ وَرَسُولُهُ..».,near_exact,0.9924
14,9,Chapter: Upon completing the ablution,ওযু শেষ করার পর যিক্‌র,اللّهُـمَّ اجْعَلنـي مِنَ التَّـوّابينَ وَاجْعَـلْني مِنَ المتَطَهّـرين.,«اللَّهُمَّ اجْعَلْنِي مِنَ التَّوَّابِينَ وَاجْعَلْنِي مِنَ الْمُتَطَهِّرِينَ».,exact_match,1.0
15,9,Chapter: Upon completing the ablution,ওযু শেষ করার পর যিক্‌র,سُبْحـانَكَ اللّهُـمَّ وَبِحَمدِك أَشْهَـدُ أَنْ لا إِلهَ إِلاّ أَنْتَ أَسْتَغْفِرُكَ وَأَتوبُ إِلَـيْك,«سُبْحانَكَ اللَّهُمَّ وَبِحَمْدِكَ، أَشْهَدُ أَنْ لاَ إِلَهَ إِلاَّ أَنْتَ، أَسْتَغْفِرُكَ وَأَتوبُ إِلَيْكَ».,exact_match,1.0
16,10,Chapter: Remembrance when leaving the home,বাড়ি থেকে বের হওয়ার সময়ের যিক্‌র,بِسْمِ اللهِ ، تَوَكَّلْـتُ عَلى اللهِ وَلا حَوْلَ وَلا قُـوَّةَ إِلاّ بِالله,«بِسْمِ اللَّهِ، تَوَكَّلْتُ عَلَى اللَّهِ، وَلَاَ حَوْلَ وَلَا قُوَّةَ إِلاَّ بِاللَّهِ».,exact_match,1.0
17,10,Chapter: Remembrance when leaving the home,বাড়ি থেকে বের হওয়ার সময়ের যিক্‌র,اللّهُـمَّ إِنِّـي أَعـوذُ بِكَ أَنْ أَضِـلَّ أَوْ أُضَـل ، أَوْ أَزِلَّ أَوْ أُزَل ، أَوْ أَظْلِـمَ أَوْ أَُظْلَـم ، أَوْ أَجْهَلَ أَوْ يُـجْهَلَ عَلَـيّ,«اللّٰـهُمَّ إِنِّي أَعُوذُ بِكَ أَنْ أَضِلَّ، أَوْ أُضَلَّ، أَوْ أَزِلَّ، أَوْ أُزَلَّ، أَوْ أَظْلِمَ، أَوْ أُظْلَمَ، أَوْ أَجْهَلَ، أَوْ يُجْهَلَ عَلَيَّ».,exact_match,1.0
18,11,Chapter: Remembrance upon entering the home,ঘরে প্রবেশের সময় যিক্‌র,بِسْـمِ اللهِ وَلَجْنـا، وَبِسْـمِ اللهِ خَـرَجْنـا، وَعَلـى رَبِّنـا تَوَكّلْـن (ثم ليسلم على أهله.),«بِسْمِ اللَّهِ وَلَجْنَا، وَبِسْمِ اللَّهِ خَرَجْنَا، وَعَلَى اللَّهِ رَبِّنَا تَوَكَّلْنَا»,mismatch,0.8103
19,12,Chapter: When going to the mosque,মসজিদে যাওয়ার সময়ে পড়ার দো‘আ,"اللّهُـمَّ اجْعَـلْ فِي قَلْبـي نُوراً ، وَفي لِسَـانِي نُوراً، وَفِي سَمْعِي نُوراً, وَفِي بَصَرِيِ نُوراً, وَمِنْ فََوْقِي نُوراً , وَ مِنْ تَحْتِي نُوراً, وَ عَنْ يَمِينيِ نُوراَ, وعَنْ شِمَالِي نُوراً, وَمْن أَماَمِي نُوراً, وَمِنْ خَلْفيِ نُوراَ, واجْعَلْ فِي نَفْسِي نُوراً, وأَعْظِمْ لِي نُوراً, وَعظِّمْ لِي نُوراً, وَاجْعَلْ لِي نُوراً, واجْعَلنِي نُوراً, أللَّهُمَّ أَعْطِنِي نُوراً, واجْعَلْ فِي عَصَبِي نُوراً, وَفِي لَحْمِي نُوراً, وَفِي دَمِي نُوراً وَفِي شَعْرِي نُوراً, وفِي بَشَرِي نُوراً (أَللَّهُمَّ اجِعَلْ لِي نُوراً فِي قّبْرِي وَ نُوراَ فِي عِظاَمِي) (وَزِدْنِي نُوراً, وَزِدْنِي نُوراَ , وَزِدْنِي نُوراً) (وَهَبْ لِي نُوراً عَلَى نُوراً )",«اللَّهُمَّ اجْعَلْ فِي قَلْبِي نُوراً، وَفِي لِسَانِي نُوراً، وَفِي سَمْعِي نُوراً، وَفِي بَصَرِي نُوراً، وَمِنْ فَوْقِي نُوراً، وَمِنْ تَحْتِي نُوراً، وَعَنْ يَمِينِي نُوراً، وَعَنْ شِمَالِي نُوراً، وَمِنْ أَمَامِي نُوراً، وَمِنْ خَلْفِي نُوراً، وَاجْعَلْ فِي نَفْسِي نُوراً، وَأَعْظِمْ لِي نُوراً، وَعَظِّم لِي نُوراً، وَاجْعَلْ لِي نُوراً، وَاجْعَلْنِي نُوراً، اللَّهُمَّ أَعْطِنِي نُوراً، وَاجْعَلْ فِي عَصَبِي نُوراً، وَفِي لَحْمِي نُوراً، وَفِي دَمِي نُوراً، وَفِي شَعْرِي نُوراً، وَفِي بَشَرِي نُوراً». «[اللَّهُمَّ اجْعَلْ لِي نُوراً فِي قَبْرِي... وَنُوراً فِي عِظَامِي]» [«وَزِدْنِي نُوراً، وَزِدْنِي نُوراً، وَزِدْنِي نُوراً»] [«وَهَبْ لِي نُوراً عَلَى نُورٍ»].,near_exact,0.9952
20,13,Chapter: Upon entering the mosque,মসজিদে প্রবেশের দো‘আ,,«أَعُوذُ بِاللَّهِ العَظِيمِ، وَبِوَجْهِهِ الْكَرِيمِ، وَسُلْطَانِهِ الْقَدِيمِ، مِنَ الشَّيْطَانِ الرَّجِيمِ» [بِسْمِ اللَّهِ، وَالصَّلَاةُ] [وَالسَّلَامُ عَلَى رَسُولِ اللَّهِ] «اللَّهُمَّ افْتَحْ لِي أَبْوَابَ رَحْمَتِكَ».,one_missing,
21,14,Chapter: Upon leaving the mosque,মসজিদ থেকে বের হওয়ার দো‘আ,بِسمِ الله وَالصّلاةُ وَالسّلامُ عَلى رَسولِ الله، اللّهُـمَّ إِنّـي أَسْأَلُكَ مِـنْ فَضْـلِك، اللّهُـمَّ اعصِمْنـي مِنَ الشَّيْـطانِ الرَّجـيم,«بِسْمِ اللَّهِ وَالصّلَاةُ وَالسَّلَامُ عَلَى رَسُولِ اللَّهِ، اللَّهُمَّ إِنِّي أَسْأَلُكَ مِنْ فَضْلِك، اللَّهُمَّ اعْصِمْنِي مِنَ الشَّيْطَانِ الرَّجِيمِ».,exact_match,1.0
22,15,Chapter: Concerning the athan (the call to prayer),আযানের যিক্‌রসমূহ,يقول مثل ما يقول المؤذن إلا في (حي على الصلاة ، وحي على الفلاح) فيقول لا حول ولا قوة إلا بالله.,«لاَ حَوْلَ وَلاَ قُوَّةَ إِلاَّ بِاللَّهِ»,mismatch,0.4211
23,15,Chapter: Concerning the athan (the call to prayer),আযানের যিক্‌রসমূহ,وَأَنا أَشْـهَدُ أَنْ لا إِلـهَ إِلاّ اللهُ وَحْـدَهُ لا شَـريكَ لَـه ، وَأَنَّ محَمّـداً عَبْـدُهُ وَرَسـولُه، رَضيـتُ بِاللهِ رَبَّاً ، وَبِمُحَمَّـدٍ رَسـولاً وَبِالإِسْلامِ دينَـاً,«وَأَنَا أَشْهَدُ أَنْ لاَ إِلَهَ إِلاَّ اللَّهُ وَحْدَهُ لاَ شَرِيكَ لَهُ وَأَنَّ مُحَمَّداً عَبْدُهُ وَرَسُولُهُ، رَضِيتُ بِاللَّهِ رَبَّاً، وَبِمُحَمَّدٍ رَسُولاً، وَبِالْإِسْلاَمِ دِينَاً»,exact_match,1.0
24,15,Chapter: Concerning the athan (the call to prayer),আযানের যিক্‌রসমূহ,يُصَلِّي عَلَى النَّبِيِّ صلى الله عليه وسلم بَعْدَ فَرَاغِهِ مِنْ إِجَابَةِ الْمُؤَذِّنِ,,one_missing,
25,15,Chapter: Concerning the athan (the call to prayer),আযানের যিক্‌রসমূহ,,«اللَّهُمَّ رَبَّ هَذِهِ الدَّعْوَةِ التَّامَّةِ، وَالصَّلاَةِ الْقَائِمَةِ، آتِ مُحَمَّداً الْوَسِيلَةَ وَالْفَضِيلَةَ، وَابْعَثْهُ مَقَامَاً مَحمُوداً الَّذِي وَعَدْتَهُ، [إِنَّكَ لَا تُخْلِفُ الْمِيعَادَ]».,one_missing,
26,15,Chapter: Concerning the athan (the call to prayer),আযানের যিক্‌রসমূহ,يَدْعُو لِنَفسِهِ بَيْنَ الْأَذَانِ وَالْإِقَامَةِ فَإِنَّ الدُّعَاءَ حِينَئِذٍ لاَ يُرَدُّ,,one_missing,
27,16,Chapter: At the start of the prayer (after takbeer),সালাতের শুরুতে দো‘আ,اللّهُـمَّ باعِـدْ بَيـني وَبَيْنَ خَطـايايَ كَما باعَدْتَ بَيْنَ المَشْرِقِ وَالمَغْرِبْ ، اللّهُـمَّ نَقِّنـي مِنْ خَطايايَ كَمـا يُـنَقَّى الثَّـوْبُ الأَبْيَضُ مِنَ الدَّنَسْ ، اللّهُـمَّ اغْسِلْنـي مِنْ خَطايـايَ بِالثَّلـجِ وَالمـاءِ وَالْبَرَدْ.,«اللَّهُمَّ بَاعِدْ بَيْنِي وَبَيْنَ خَطَايَايَ كَمَا بَاعَدْتَ بَيْنَ الْمَشْرِقِ وَالْمَغْرِبِ، اللَّهُمَّ نَقِّنِي مِنْ خَطَايَايَ كَمَا يُنَقَّى الثَّوْبُ الْأَبْيَضُ مِنَ الدَّنَسِ، اللَّهُمَّ اغْسِلْني مِنْ خَطَايَايَ، بِالثَّلْجِ وَالْماءِ وَالْبَرَدِ».,exact_match,1.0
28,16,Chapter: At the start of the prayer (after takbeer),সালাতের শুরুতে দো‘আ,سُبْـحانَكَ اللّهُـمَّ وَبِحَمْـدِكَ وَتَبارَكَ اسْمُـكَ وَتَعـالى جَـدُّكَ وَلا إِلهَ غَيْرُك,«سُبْحانَكَ اللَّهُمَّ وَبِحَمْدِكَ، وَتَبارَكَ اسْمُكَ، وَتَعَالَى جَدُّكَ، وَلاَ إِلَهَ غَيْرُكَ».,exact_match,1.0
29,16,Chapter: At the start of the prayer (after takbeer),সালাতের শুরুতে দো‘আ,وَجَّهـتُ وَجْهِـيَ لِلَّذي فَطَرَ السَّمـواتِ وَالأَرْضَ حَنـيفَاً وَمـا أَنا مِنَ المشْرِكين ، إِنَّ صَلاتـي ، وَنُسُكي ، وَمَحْـيايَ ، وَمَماتـي للهِ رَبِّ العالَمين ، لا شَريـكَ لَهُ وَبِذلكَ أُمِرْتُ وَأَنا مِنَ المسْلِـمين. اللّهُـمَّ أَنْتَ المَلِكُ لا إِلهَ إِلاّ أَنْت، أَنْتَ رَبِّـي وَأَنـا عَبْـدُك ، ظَلَمْـتُ نَفْسـي وَاعْـتَرَفْتُ بِذَنْبـي فَاغْفِرْ لي ذُنوبي جَميعاً إِنَّـه لا يَغْـفِرُ الذُّنـوبَ إلاّ أَنْت. وَاهْدِنـي لأَحْسَنِ الأَخْلاقِ لا يَهْـدي لأَحْسَـنِها إِلاّ أَنْـت ، وَاصْـرِف عَـنّْي سَيِّئَهـا، لا يَصْرِفُ عَـنّْي سَيِّئَهـا إِلاّ أَنْـت، لَبَّـيْكَ وَسَعْـدَيْك، وَالخَـيْرُ كُلُّـهُ بِيَـدَيْـك، وَالشَّرُّ لَيْـسَ إِلَـيْك ، أَنا بِكَ وَإِلَيْـك ، تَبـارَكْتَ وَتَعـالَيتَ أَسْتَغْـفِرُكَ وَأَتوبُ إِلَـيك,«وَجَّهْتُ وَجْهِيَ لِلَّذِي فَطَرَ السَّمَوَاتِ وَالأَرْضَ حَنِيفَاً وَمَا أَنَا مِنَ الْمُشْرِكِينَ، إِنَّ صَلاَتِي، وَنُسُكِي، وَمَحْيَايَ، وَمَمَاتِي لِلَّهِ رَبِّ الْعَالَمِينَ، لاَ شَرِيكَ لَهُ وَبِذَلِكَ أُمِرْتُ وَأَنَا مِنَ الْمُسْلِمِينَ. اللَّهُمَّ أَنْتَ المَلِكُ لاَ إِلَهَ إِلاَّ أَنْتَ، أَنْتَ رَبِّي وَأَنَا عَبْدُكَ، ظَلَمْتُ نَفْسِي وَاعْتَرَفْتُ بِذَنْبِي فَاغْفِرْ لِي ذُنُوبي جَمِيعَاً إِنَّهُ لاَ يَغْفِرُ الذُّنوبَ إِلاَّ أَنْتَ. وَاهْدِنِي لِأَحْسَنِ الأَخْلاقِ لاَ يَهْدِي لِأَحْسَنِها إِلاَّ أَنْتَ، وَاصْرِفْ عَنِّي سَيِّئَهَا، لاَ يَصْرِفُ عَنِّي سَيِّئَهَا إِلاَّ أَنْتَ، لَبَّيْكَ وَسَعْدَيْكَ، وَالخَيْرُ كُلُّهُ بِيَـــــــدَيْكَ، وَالشَّـــــرُّ لَيْسَ إِلَيْــــــكَ، أَنَا بِكَ وَإِلَيْكَ، تَبارَكْتَ وَتَعَالَيْتَ، أَسْتَغْفِرُكَ وَأَتوبُ إِلَيْكَ».,exact_match,1.0
30,16,Chapter: At the start of the prayer (after takbeer),সালাতের শুরুতে দো‘আ,اللّهُـمَّ رَبَّ جِـبْرائيل ، وَميكـائيل ، وَإِسْـرافيل، فاطِـرَ السَّمواتِ وَالأَرْض ، عالـِمَ الغَيْـبِ وَالشَّهـادَةِ أَنْـتَ تَحْـكمُ بَيْـنَ عِبـادِكَ فيـما كانوا فيهِ يَخْتَلِفـون. اهدِنـي لِمـا اخْتُـلِفَ فيـهِ مِنَ الْحَـقِّ بِإِذْنِك ، إِنَّـكَ تَهْـدي مَنْ تَشـاءُ إِلى صِراطٍ مُسْتَقـيم,«اللَّهُمَّ رَبَّ جِبْرَائِيلَ، وَمِيْكَائِيلَ، وَإِسْرَافِيلَ، فَاطِرَ السَّمَوَاتِ وَالأَرْضِ، عَالِمَ الغَيْبِ وَالشَّهَادَةِ أَنْتَ تَحْكُمُ بَيْنَ عِبَادِكَ فِيمَا كَانُوا فِيهِ يَخْتَلِفُونَ. اهْدِنِي لِمَا اخْتُلِفَ فِيهِ مِنَ الْحَقِّ بِإِذْنِكَ إِنَّكَ تَهْدِي مَنْ تَشَاءُ إِلَى صِرَاطٍ مُسْتَقيمٍ».,exact_match,1.0
31,16,Chapter: At the start of the prayer (after takbeer),সালাতের শুরুতে দো‘আ,اللهُ أَكْبَـرُ كَبـيرا ، اللهُ أَكْبَـرُ كَبـيرا ، اللهُ أَكْبَـرُ كَبـيرا ، وَالْحَـمْدُ للهِ كَثـيرا ، وَالْحَـمْدُ للهِ كَثـيرا ، وَالْحَـمْدُ للهِ كَثـيرا ، وَسُبْـحانَ اللهِ بكْـرَةً وَأَصيـلا. ( ثَلاثاً ) أَعـوذُ بِاللهِ مِنَ الشَّـيْطانِ مِنْ نَفْخِـهِ وَنَفْـثِهِ وَهَمْـزِه,«اللَّهُ أَكْبَرُ كَبِيرَاً، اللَّهُ أَكْبَرُ كَبِيراً، اللَّهُ أَكْبَرُ كَبِيراً، وَالْحَمْدُ لِلَّهِ كَثيراً، وَالْحَمْدُ لِلَّهِ كَثيراً، وَالْحَمْدُ لِلَّهِ كَثيراً، وَسُبْحَانَ اللَّهِ بُكْرَةً وَأَصِيلاً» (তিনবার) «أَعُوذُ بِاللَّهِ مِنَ الشَّيْطَانِ: مِنْ نَفْخِهِ، وَنَفْثِهِ، وَهَمْزِهِ».,close_match,0.9677
32,16,Chapter: At the start of the prayer (after takbeer),সালাতের শুরুতে দো‘আ,,«اللَّهُمَّ لَكَ الْحَمْدُ، أَنْتَ نُورُ السَّمَوَاتِ وَالأَرْضِ وَمَنْ فِيهِنَّ، وَلَكَ الْحَمْدُ أَنْتَ قَيِّمُ السَّمَوَاتِ وَالأَرْضِ وَمَنْ فِيهِنَّ، [وَلَكَ الْحَمْدُ أَنْتَ رَبُّ السَّمَواتِ وَالأَرْضِ وَمَنْ فِيهِنَّ] [وَلَكَ الْحَمْدُ لَكَ مُلْكُ السَّمَوَاتِ وَالأَرْضِ وَمَنْ فِيهِنَّ] [وَلَكَ الْحَمْدُ أَنْتَ مَلِكُ السَّمَوَاتِ وَالأَرْضِ] [وَلَكَ الْحَمْدُ] [أَنْتَ الْحَقُّ، وَوَعْدُكَ الْحَقُّ، وَقَوْلُكَ الْحَقُّ، وَلِقاؤُكَ الْحَقُّ، وَالْجَنَّةُ حَقٌّ، وَالنَّارُ حَقٌّ، وَالنَّبِيُّونَ حَقٌّ، وَمحَمَّدٌ حَقٌّ، وَالسّاعَةُ حَقٌّ] [اللَّهُمَّ لَكَ أَسْلَمتُ، وَعَلَيْكَ تَوَكَّلْتُ، وَبِكَ آمَنْتُ، وَإِلَيْكَ أَنَبْتُ، وَبِكَ خاصَمْتُ، وَإِلَيْكَ حاكَمْتُ. فَاغْفِرْ لِي مَا قَدَّمْتُ، وَمَا أَخَّرْتُ، وَمَا أَسْرَرْتُ، وَمَا أَعْلَنْتُ] [أَنْتَ المُقَدِّمُ، وَأَنْتَ المُؤَخِّرُ لاَ إِلَهَ إِلاَّ أَنْتَ] [أَنْتَ إِلَهِي لاَ إِلَهَ إِلاَّ أَنْتَ]».,one_missing,
33,17,Chapter: While bowing in prayer,রুকূ‘র দো‘আ,سُبْـحانَ رَبِّـيَ الْعَظـيم (ثلاث مرات),«سُبْحانَ رَبِّيَ الْعَظِيمِ». .,mismatch,0.7619
34,17,Chapter: While bowing in prayer,রুকূ‘র দো‘আ,سُبْـحانَكَ اللّهُـمَّ رَبَّـنا وَبِحَـمْدِك ، اللّهُـمَّ اغْفِـرْ لي,«سُبْحَانَكَ اللَّهُمَّ رَبَّنَا وَبِحَمْدِكَ، اللَّهُمَّ اغْفِرْ لِي».,exact_match,1.0
35,17,Chapter: While bowing in prayer,রুকূ‘র দো‘আ,سُبـّوحٌ قُـدّْوس ، رَبُّ الملائِكَـةِ وَالـرُّوح,«سُبُّوُحٌ، قُدُّوسٌ، رَبُّ المَلاَئِكَةِ وَالرُّوحِ».,exact_match,1.0
36,17,Chapter: While bowing in prayer,রুকূ‘র দো‘আ,اللّهُـمَّ لَكَ رَكَـعْتُ وَبِكَ آمَـنْت، ولَكَ أَسْلَـمْت ، خَشَـعَ لَكَ سَمْـعي، وَبَصَـري ، وَمُخِّـي، وَعَظْمـي، وَعَصَـبي ، وَما استَقَـلَّ بِهِ قَدَمي,«اللَّهُمَّ لَكَ رَكَعْتُ، وَبِكَ آمَنْتُ، وَلَكَ أَسْلَمْتُ، خَشَعَ لَكَ سَمْعِي، وَبَصَرِي، وَمُخِّي، وَعَــــظْمِي، وَعَصَبِي، [وَمَا استَقَلَّتْ بِهِ قَدَمِي]».,near_exact,0.9942
37,17,Chapter: While bowing in prayer,রুকূ‘র দো‘আ,سُبْـحانَ ذي الْجَبَـروت، والمَلَـكوت، وَالكِبْـرِياء، وَالْعَظَـمَةِ,«سُبْحَانَ ذِي الْجَبَرُوتِ، وَالْمَلَكُوتِ، وَالْكِبْرِيَاءِ، وَالْعَظَمَةِ».,exact_match,1.0
38,18,Chapter: Upon rising from the bowing position,রুকু থেকে উঠার দো‘আ,سَمِـعَ اللهُ لِمَـنْ حَمِـدَه,«سَمِعَ اللَّهُ لِمَنْ حَمِدَهُ».,exact_match,1.0
39,18,Chapter: Upon rising from the bowing position,রুকু থেকে উঠার দো‘আ,رَبَّنـا وَلَكَ الحَمْـدُ حَمْـداً كَثـيراً طَيِّـباً مُـبارَكاً فيه,«رَبَّنَا وَلَكَ الْحَمْدُ، حَمْداً كَثيراً طَيِّباً مُبارَكاً فِيهِ».,exact_match,1.0
40,18,Chapter: Upon rising from the bowing position,রুকু থেকে উঠার দো‘আ,مِلْءَ السَّمـواتِ وَمِلْءَ الأَرْض، وَما بَيْـنَهُمـا ، وَمِلْءَ ما شِئْـتَ مِنْ شَيءٍ بَعْـد . أَهـلَ الثَّـناءِ وَالمَجـد ، أََحَـقُّ ما قالَ العَبْـد ، وَكُلُّـنا لَكَ عَـبد . اللّهُـمَّ لا مانِعَ لِما أَعْطَـيْت ، وَلا مُعْطِـيَ لِما مَنَـعْت ، وَلا يَنْفَـعُ ذا الجَـدِّ مِنْـكَ الجَـد,«مِلْءَ السَّمَوَاتِ وَمِلْءَ الأَرْضِ، وَمَا بَيْنَهُمَا، وَمِلْءَ مَا شِئْتَ مِنْ شَيءٍ بَعْدُ. أَهلَ الثَّناءِ وَالْمَجْدِ، أَحَقُّ مَا قَالَ الْعَبْدُ، وَكُلُّنَا لَكَ عَبْدٌ. اللَّهُمَّ لاَ مَانِعَ لِمَا أَعْطَيْتَ، وَلاَ مُعْطِيَ لِمَا مَنَعْتَ، وَلاَ يَنْفَعُ ذَا الجَدِّ مِنْكَ الجَدُّ».,exact_match,1.0
41,19,Chapter: While prostrating,সিজদার দো‘আ,سُبْـحانَ رَبِّـيَ الأَعْلـى. (ثلاث مرات),«سُبْحَانَ رَبِّيَ الأَعْلَى».,mismatch,0.7619
42,19,Chapter: While prostrating,সিজদার দো‘আ,سُبْـحانَكَ اللّهُـمَّ رَبَّـنا وَبِحَـمْدِكَ ، اللّهُـمَّ اغْفِرْ لي,«سُبْحَانَكَ اللَّهُمَّ رَبَّنَا وَبِحَمْدِكَ، اللَّهُمَّ اغْفِرْ لِي».,exact_match,1.0
43,19,Chapter: While prostrating,সিজদার দো‘আ,سُبـّوحٌ قُـدّوس، رَبُّ الملائِكَـةِ وَالـرُّوح,«سُبوحٌ، قُدُّوسٌ، رَبُّ الْمَلَائِكَةِ وَالرُّوحِ».,exact_match,1.0
44,19,Chapter: While prostrating,সিজদার দো‘আ,اللّهُـمَّ لَكَ سَـجَدْتُ وَبِـكَ آمَنْـت ، وَلَكَ أَسْلَـمْت ، سَجَـدَ وَجْهـي للَّـذي خَلَقَـهُ وَصَـوَّرَهُ وَشَقَّ سَمْـعَـهُ وَبَصَـرَه ، تَبـارَكَ اللهُ أَحْسـنُ الخـالِقيـن,«اللَّهُمَّ لَكَ سَجَدْتُ وَبِكَ آمَنْتُ، وَلَكَ أَسْلَمْتُ، سَجَدَ وَجْهِيَ لِلَّذِي خَلَقَهُ، وَصَوَّرَهُ، وَشَقَّ سَمْعَهُ وَبَصَرَهُ، تَبَارَكَ اللَّهُ أَحْسنُ الْخَالِقينَ».,exact_match,1.0
45,19,Chapter: While prostrating,সিজদার দো‘আ,سُبْـحانَ ذي الْجَبَـروت، والمَلَكـوت، والكِبْـرِياء، وَالعَظَمَـةِ.,«سُبْحَانَ ذِي الْجَبَرُوتِ، وَالْمَلَكُوتِ، وَالْكِبْرِيَاءِ، وَالْعَظَمَةِ».,exact_match,1.0
46,19,Chapter: While prostrating,সিজদার দো‘আ,اللّهُـمَّ اغْفِـرْ لي ذَنْـبي كُلَّـه ، دِقَّـهُ وَجِلَّـه ، وَأَوَّلَـهُ وَآخِـرَه ، وَعَلانِيَّتَـهُ وَسِـرَّه,«اللَّهُمَّ اغْفِرْ لِي ذَنْبِي كُلَّهُ: دِقَّهُ وَجِلَّهُ، وَأَوَّلَهُ وَآخِرَهُ، وَعَلاَنِيَّتَهُ وَسِرَّهُ».,exact_match,1.0
47,19,Chapter: While prostrating,সিজদার দো‘আ,اللّهُـمَّ إِنِّـي أَعـوذُ بِرِضـاكَ مِنْ سَخَطِـك ، وَبِمعـافاتِـكَ مِنْ عُقوبَـتِك ، وَأَعـوذُ بِكَ مِنْـك ، لا أُحْصـي ثَنـاءً عَلَـيْك ، أَنْـتَ كَمـا أَثْنَـيْتَ عَلـى نَفْسـِك,«اللَّهُمَّ إِنِّي أَعُوذُ بِرِضَاكَ مِنْ سَخَطِكَ، وَبِمُعَافَاتِكَ مِنْ عُقوبَتِكَ، وَأَعُوذُ بِكَ مِنْكَ، لاَ أُحْصِي ثَنَاءً عَلَيْكَ، أَنْتَ كَمَا أَثْنَيْتَ عَلَى نَفْسِكَ».,exact_match,1.0
48,20,Chapter: Between the two prostrations,দুই সিজদার মধ্যবর্তী বৈঠকের দো‘আ,رَبِّ اغْفِـرْ لي ، رَبِّ اغْفِـرْ لي,«رَبِّ اغْفِرْ لِي، رَبِّ اغْفِرْ لِي».,exact_match,1.0
49,20,Chapter: Between the two prostrations,দুই সিজদার মধ্যবর্তী বৈঠকের দো‘আ,اللّهُـمَّ اغْفِـرْ لي ، وَارْحَمْـني ، وَاهْدِنـي ، وَاجْبُرْنـي ، وَعافِنـي وَارْزُقْنـي وَارْفَعْـني,«اللَّهُمَّ اغْفِرْ لِي، وَارْحَمْنِي، وَاهْدِنِي، وَاجْبُرْنِي، وَعَافِنِي، وَارْزُقْنِي، وَارْفَعْنِي».,exact_match,1.0
50,21,Chapter: When prostrating due to recitation of the Quran,সিজদার আয়াত তেলাওয়াতের পর সিজদায় দো‘আ,سَجَـدَ وَجْهـي للَّـذي خَلَقَـهُ وَشَقَّ سَمْـعَـهُ وَبَصَـرَهُ بِحَـوْلِـهِ وَقُـوَّتِهِ ﴿فتَبـارَكَ اللهُ أَحْسَـنُ الخـالِقيـن﴾.,«سَجَدَ وَجْهِيَ لِلَّذِي خَلَقَهُ، وَشَقَّ سَمْعَهُ وَبَصَرَهُ بِحَوْلِهِ وَقُوَّتِهِ، ﴿فَتَبارَكَ اللَّهُ أَحْسَنُ الْخَالِقِينَ﴾».,exact_match,1.0
51,21,Chapter: When prostrating due to recitation of the Quran,সিজদার আয়াত তেলাওয়াতের পর সিজদায় দো‘আ,اللّهُـمَّ اكْتُـبْ لي بِهـا عِنْـدَكَ أَجْـراً ، وَضَـعْ عَنِّـي بِهـا وِزْراً ، وَاجْعَـلها لي عِنْـدَكَ ذُخْـراً ، وَتَقَبَّـلها مِنِّي كَمَا تَقَبَّلْتَهَا مِنْ عَبْدِكَ دَاوُدَ.,«اللَّهُمَّ اكْتُبْ لِي بِهَا عِنْدَكَ أَجْراً، وَضَعْ عَنِّي بِهَا وِزْراً، وَاجْعَلْهَا لِي عِنْدَكَ ذُخْراً، وَتَقَبَّلْهَا مِنِّي كَمَا تَقَبَّلْتَهَا مِنْ عَبْدِكَ دَاوُدَ».,exact_match,1.0
52,22,Chapter: The Tashahhud,তাশাহ্‌হুদ,التَّحِيّـاتُ للهِ وَالصَّلَـواتُ والطَّيِّـبات ، السَّلامُ عَلَيـكَ أَيُّهـا النَّبِـيُّ وَرَحْمَـةُ اللهِ وَبَرَكـاتُه ، السَّلامُ عَلَيْـناوَعَلـى عِبـادِ للهِ الصَّـالِحـين . أَشْـهَدُ أَنْ لا إِلـهَ إِلاّ الله ، وَأَشْـهَدُ أَنَّ مُحَمّـداً عَبْـدُهُ وَرَسـولُه,«التَّحِيَّاتُ لِلَّهِ، وَالصَّلَواتُ، وَالطَّيِّباتُ، السَّلاَمُ عَلَيْكَ أَيُّهَا النَّبِيُّ وَرَحْمَةُ اللَّهِ وَبَرَكَاتُهُ، السَّلاَمُ عَلَيْنَا وَعَلَى عِبَادِ اللَّهِ الصَّالِحِينَ. أَشْهَدُ أَنْ لاَ إِلَهَ إِلاَّ اللَّهُ وَأَشْهَدُ أَنَّ مُحَمَّداً عَبْدُهُ وَرَسولُهُ».,near_exact,0.9937
53,23,Chapter: Prayers upon the Prophet ﷺ after the tashahhud,তাশাহ্‌হুদের পর নবী সাল্লাল্লাহু আলাইহি ওয়াসাল্লামের উপর সালাত (দরুদ) পাঠ,اللّهُـمَّ صَلِّ عَلـى مُحمَّـد، وَعَلـى آلِ مُحمَّد، كَمـا صَلَّيـتَ عَلـى إبْراهـيمَ وَعَلـى آلِ إبْراهـيم، إِنَّكَ حَمـيدٌ مَجـيد ، اللّهُـمَّ بارِكْ عَلـى مُحمَّـد، وَعَلـى آلِ مُحمَّـد، كَمـا بارِكْتَ عَلـى إبْراهـيمَ وَعَلـى آلِ إبْراهيم، إِنَّكَ حَمـيدٌ مَجـيد,«اللَّهُمَّ صَلِّ عَلَى مُحَمَّدٍ، وَعَلَى آلِ مُحَمَّدٍ، كَمَا صَلَّيتَ عَلَى إِبْرَاهِيمَ، وَعَلَى آلِ إِبْرَاهِيمَ، إِنَّكَ حَمِيدٌ مَجِيدٌ، اللَّهُمَّ بَارِكْ عَلَى مُحَمَّدٍ وَعَلَى آلِ مُحَمَّدٍ، كَمَا بَارَكْتَ عَلَى إِبْرَاهِيمَ وَعَلَى آلِ إِبْرَاهِيمَ، إِنَّكَ حَمِيدٌ مَجِيدٌ».,exact_match,1.0
54,23,Chapter: Prayers upon the Prophet ﷺ after the tashahhud,তাশাহ্‌হুদের পর নবী সাল্লাল্লাহু আলাইহি ওয়াসাল্লামের উপর সালাত (দরুদ) পাঠ,اللّهُـمَّ صَلِّ عَلـى مُحمَّـدٍ وَعَلـى أَزْواجِـهِ وَذُرِّيَّـتِه، كَمـا صَلَّيْـتَ عَلـى آلِ إبْراهـيم . وَبارِكْ عَلـى مُحمَّـدٍ وَعَلـى أَزْواجِـهِ وَذُرِّيَّـتِه، كَمـا بارِكْتَ عَلـى آلِ إبْراهـيم . إِنَّكَ حَمـيدٌ مَجـيد,«اللَّهُمَّ صَلِّ عَلَى مُحَمَّدٍ وَعَلَى أَزْوَاجِهِ وَذُرِّيَّتِهِ، كَمَا صَلَّيْتَ عَلَى آلِ إِبْرَاهِيمَ. وَبَارِكْ عَلَى مُحَمَّدٍ وَعَلَى أَزْواجِهِ وَذُرِّيَّتِهِ، كَمَا بَارَكْتَ عَلَى آلِ إِبْرَاهِيمَ. إِنَّكَ حَمِيدٌ مَجِيدٌ».,exact_match,1.0
55,24,Chapter: After the last tashahhud and before salam,সালামের আগে শেষ তাশাহহুদের পরের দো‘আ,اللّهُـمَّ إِنِّـي أَعـوذُ بِكَ مِـنْ عَذابِ القَـبْر، وَمِـنْ عَذابِ جَهَـنَّم، وَمِـنْ فِتْـنَةِ المَحْـيا وَالمَمـات، وَمِـنْ شَـرِّ فِتْـنَةِ المَسيحِ الدَّجّال,«اللَّهُــمَّ إِنِّي أَعُوذُ بِكَ مِنْ عَذَابِ الْقَبْرِ، وَمِنْ عَذَابِ جَهَنَّمَ، وَمِنْ فِتْنَةِ الْمَحْيَا وَالْمَمَاتِ، وَمِنْ شَرِّ فِتْنَةِ الْمَسِيحِ الدَّجَّالِ».,exact_match,1.0
56,24,Chapter: After the last tashahhud and before salam,সালামের আগে শেষ তাশাহহুদের পরের দো‘আ,اللّهُـمَّ إِنِّـي أَعـوذُ بِكَ مِـنْ عَذابِ القَـبْر ، وَأَعـوذُ بِكَ مِـنْ فِتْـنَةِ المَسيحِ الدَّجّـال ، أَعـوذُ بِكَ مِـنْ فِتْـنَةِ المَحْـيا وَالمَمـات . اللّهُـمَّ إِنِّـي أَعـوذُ بِكَ مِنَ المَأْثَـمِ وَالمَغْـرَم,«اللَّهُمَّ إِنِّي أَعوذُ بِكَ مِنْ عَذَابِ الْقَبْرِ، وَأَعوذُ بِكَ مِنْ فِتْنَةِ الْمَسِيحِ الدَّجَّالِ، وَأَعوذُ بِكَ مِنْ فِتْنَةِ الْمَحْيَا وَالْمَمَاتِ. اللَّهُمَّ إِنِّي أَعوذُ بِكَ مِنَ الْمَأْثَمِ وَالْمَغْرَمِ».,near_exact,0.9961
57,24,Chapter: After the last tashahhud and before salam,সালামের আগে শেষ তাশাহহুদের পরের দো‘আ,اللّهُـمَّ إِنِّـي ظَلَـمْتُ نَفْسـي ظُلْمـاً كَثـيراً وَلا يَغْـفِرُ الذُّنـوبَ إِلاّ أَنْت، فَاغْـفِر لي مَغْـفِرَةً مِنْ عِنْـدِك وَارْحَمْـني، إِنَّكَ أَنْتَ الغَـفورُ الرَّحـيم,«اللَّهُمَّ إِنِّي ظَلَمْتُ نَفْسِي ظُلْماً كَثِيراً، وَلاَ يَغْفِرُ الذُّنوبَ إِلاَّ أَنْتَ، فَاغْفِرْ لِي مَغْفِرَةً مِنْ عِنْدِكَ وَارْحَمْنِي، إِنَّكَ أَنْتَ الغَفورُ الرَّحيمُ».,exact_match,1.0
58,24,Chapter: After the last tashahhud and before salam,সালামের আগে শেষ তাশাহহুদের পরের দো‘আ,اللّهُـمَّ اغْـفِرْ لي ما قَدَّمْـتُ وَما أَخَّرْت ، وَما أَسْـرَرْتُ وَما أَعْلَـنْت ، وَما أَسْـرَفْت ، وَما أَنْتَ أَعْـلَمُ بِهِ مِنِّي . أَنْتَ المُقَـدِّمُ، وَأَنْتَ المُـؤَخِّـرُ لا إِلهَ إِلاّ أَنْـت,«اللَّهُمَّ اغْفِرْ لِي مَا قَدَّمْتُ، وَمَا أَخَّرْتُ، وَمَا أَسْرَرْتُ، وَمَا أَعْلَنْتُ، وَمَا أَسْرَفْتُ، وَمَا أَنْتَ أَعْلَمُ بِهِ مِنِّي. أَنْتَ الْمُقَدِّمُ، وَأَنْتَ الْمُؤَخِّرُ لاَ إِلَهَ إِلاَّ أَنْتَ».,exact_match,1.0
59,24,Chapter: After the last tashahhud and before salam,সালামের আগে শেষ তাশাহহুদের পরের দো‘আ,اللّهُـمَّ أَعِـنِّي عَلـى ذِكْـرِكَ وَشُكْـرِك ، وَحُسْـنِ عِبـادَتِـك,«اللَّهُمَّ أَعِنِّي عَلَى ذِكْرِكَ، وَشُكْرِكَ، وَحُسْنِ عِبادَتِكَ».,exact_match,1.0
60,24,Chapter: After the last tashahhud and before salam,সালামের আগে শেষ তাশাহহুদের পরের দো‘আ,اللّهُـمَّ إِنِّـي أَعوذُ بِكَ مِنَ البُخْـل، وَأَعوذُ بِكَ مِنَ الجُـبْن، وَأَعوذُ بِكَ مِنْ أَنْ أُرَدَّ إِلى أَرْذَلِ الـعُمُر، وَأََعوذُ بِكَ مِنْ فِتْنَـةِ الدُّنْـيا وَعَـذابِ القَـبْر,«اللَّهُمَّ إِنِّي أَعُوذُ بِكَ مِنَ الْبُخْلِ، وَأَعوذُ بِكَ مِنَ الْجُبْنِ، وَأَعُوذُ بِكَ مِنْ أَنْ أُرَدَّ إِلَى أَرْذَلِ الْعُمُرِ، وَأَعُوذُ بِكَ مِنْ فِتْنَةِ الدُّنْيَا وَعَذَابِ الْقَبْرِ».,exact_match,1.0
61,24,Chapter: After the last tashahhud and before salam,সালামের আগে শেষ তাশাহহুদের পরের দো‘আ,اللّهُـمَّ إِنِّـي أَسْأَلُـكَ الجَـنَّةَ وأََعوذُ بِـكَ مِـنَ الـنّار,«اللَّهُمَّ إِنِّي أَسْأَلُكَ الْجَنَّةَ وَأَعُوذُ بِكَ مِنَ النَّارِ».,exact_match,1.0
62,24,Chapter: After the last tashahhud and before salam,সালামের আগে শেষ তাশাহহুদের পরের দো‘আ,اللّهُـمَّ بِعِلْـمِكَ الغَـيْبِ وَقُـدْرَتِـكَ عَلـى الْخَلقِ أَحْـيِني ما عَلِـمْتَ الحـياةَ خَـيْراً لـي، وَتَوَفَّـني إِذا عَلِـمْتَ الوَفـاةَ خَـيْراً لـي، اللّهُـمَّ إِنِّـي أَسْـأَلُـكَ خَشْيَتَـكَ في الغَـيْبِ وَالشَّهـادَةِ، وَأَسْـأَلُـكَ كَلِمَـةَ الحَـقِّ في الرِّضـا وَالغَضَـب، وَأَسْـأَلُـكَ القَصْدَ في الغِنـى وَالفَقْـر، أَسْـأَلُـكَ نَعـيماً لا يَنْفَـد، وَأَسْـأَلُـكَ قُـرَّةَ عَيْـنٍ لا تَنْـقَطِعْ وَأَسْـأَلُـكَ الرِّضـا بَعْـدَ القَضـاء، وَأَسْـأَلُـكَ بًـرْدَ الْعَـيْشِ بَعْـدَ الْمَـوْت، وَأَسْـأَلُـكَ لَـذَّةَ النَّظَـرِ إِلـى وَجْـهِكَ وَالشَّـوْقَ إِلـى لِقـائِـك، في غَـيرِ ضَـرّاءَ مُضِـرَّة، وَلا فِتْـنَةٍ مُضـلَّة، اللّهُـمَّ زَيِّـنّا بِزينَـةِ الإيـمان، وَاجْـعَلنا هُـداةً مُهْـتَدين,«اللَّهُمَّ بِعِلْمِكَ الغَيْبَ وَقُدْرَتِكَ عَلَى الْخَلقِ أَحْيِنِي مَا عَلِمْتَ الْحَيَاةَ خَيْراً لِي، وَتَوَفَّنِي إِذَا عَلِمْتَ الْوَفَاةَ خَيْراً لِي، اللَّهُمَّ إِنِّي أَسْأَلُكَ خَشْيَتَكَ فِي الْغَيْبِ وَالشَّهَادَةِ، وَأَسْأَلُكَ كَلِمَةَ الْحَقِّ فِي الرِّضَا وَالْغَضَبِ، وَأَسْأَلُكَ الْقَصْدَ فِي الْغِنَى وَالْفَقْرِ، وَأَسْأَلُكَ نَعِيماً لاَ يَنْفَدُ، وَأَسْأَلُكَ قُرَّةَ عَيْنٍ لاَ تَنْقَطِعُ، وَأَسْأَلُكَ الرِّضَا بَعْدَ الْقَضَاءِ، وَأَسْــــأَلُكَ بَرْدَ الْعَيْشِ بَعْدَ الْمَوْتِ، وَأَسْأَلُكَ لَذَّةَ النَّظَرِ إِلَى وَجْهِكَ، وَالشَّوْقَ إِلَى لِقائِكَ فِي غَيرِ ضَرَّاءَ مُضِرَّةٍ، وَلاَ فِتْنَةٍ مُضِلَّةٍ، اللَّهُمَّ زَيِّنَا بِزِينَةِ الإِيمَانِ، وَاجْعَلْنَا هُدَاةً مُهْتَدِينَ».,near_exact,0.9988
63,24,Chapter: After the last tashahhud and before salam,সালামের আগে শেষ তাশাহহুদের পরের দো‘আ,اللّهُـمَّ إِنِّـي أَسْأَلُـكَ يا اللهُ بِأَنَّـكَ الواحِـدُ الأَحَـد الصَّـمَدُ الَّـذي لَـمْ يَلِـدْ وَلَمْ يولَدْ، وَلَمْ يَكـنْ لَهُ كُـفُواً أَحَـد ، أَنْ تَغْـفِرْ لي ذُنـوبي إِنَّـكَ أَنْـتَ الغَفـورُ الرَّحِّـيم,«اللَّهُمَّ إِنِّي أَسْأَلُكَ يَا أَللَّهُ بِأَنَّكَ الْوَاحِدُ الْأَحَدُ الصَّمَدُ الَّذِي لَمْ يَلِدْ وَلَمْ يولَدْ، وَلَمْ يَكنْ لَهُ كُفُواً أَحَدٌ، أَنْ تَغْفِرَ لِي ذُنُوبِي إِنَّكَ أَنْتَ الْغَفُورُ الرَّحِّيمُ».,exact_match,1.0
64,24,Chapter: After the last tashahhud and before salam,সালামের আগে শেষ তাশাহহুদের পরের দো‘আ,اللّهُـمَّ إِنِّـي أَسْأَلُـكَ بِأَنَّ لَكَ الْحَـمْدُ لا إِلـهَ إِلاّ أَنْـتَ وَحْـدَكَ لا شَـريكَ لَـكَ المَنّـانُ يا بَديـعَ السَّمواتِ وَالأَرْضِ يا ذا الجَلالِ وَالإِكْـرام يا حَـيُّ يا قَـيّومُ إِنِّـي أَسْأَلُـكَ الجَـنَّةَ وَأَعـوذُ بِـكَ مِنَ الـنّار,«اللَّهُمَّ إِنِّي أَسْأَلُكَ بِأَنَّ لَكَ الْحَمْدَ لَا إِلَهَ إِلاَّ أَنْتَ وَحْدَكَ لاَ شَرِيكَ لَكَ، الْمَنَّانُ، يَا بَدِيعَ السَّمَوَاتِ وَالْأَرْضِ يَا ذَا الْجَلاَلِ وَالْإِكرَامِ، يَا حَيُّ يَا قَيُّومُ إِنِّي أَسْأَلُكَ الْجَنَّةَ وَأَعُوذُ بِكَ مِنَ النَّارِ».,exact_match,1.0
65,24,Chapter: After the last tashahhud and before salam,সালামের আগে শেষ তাশাহহুদের পরের দো‘আ,اللّهُـمَّ إِنِّـي أَسْأَلُـكَ بِأَنَّـي أَشْـهَدُ أَنَّـكَ أنْـتَ اللهُ لا إِلـهَ إِلاّ أَنْـت الأَحَـدُ الصَّـمَدُ الَّـذي لَـمْ يَلِـدْ وَلَمْ يولَـدْ وَلَمْ يَكـنْ لَهُ كُـفُواً أَحَـد,«اللَّهُمَّ إِنِّي أَسْأَلُكَ بِأَنَّي أَشْهَدُ أَنَّكَ أَنْتَ اللَّهُ لاَ إِلَهَ إِلاَّ أَنْتَ الْأَحَدُ الصَّمَدُ الَّذِي لَمْ يَلِدْ وَلَمْ يُولَدْ وَلَمْ يَكُنْ لَهُ كُفُواً أَحَدٌ».,exact_match,1.0
66,25,Chapter: After salam,সালাম ফিরানোর পর যিকরসমূহ,أَسْـتَغْفِرُ الله (ثَلاثاً) اللّهُـمَّ أَنْـتَ السَّلامُ وَمِـنْكَ السَّلام تَبارَكْتَ يا ذا الجَـلالِ وَالإِكْـرام,«أَسْتَغْفِرُ اللَّهَ» (তিনবার) «اللَّهُمَّ أَنْتَ السَّلاَمُ، وَمِنْكَ السَّلاَمُ، تَبَارَكْتَ يَا ذَا الْجَلاَلِ وَالْإِكْرَامِ».,close_match,0.9272
67,25,Chapter: After salam,সালাম ফিরানোর পর যিকরসমূহ,لا إلهَ إلاّ اللّهُ وحدَهُ لا شريكَ لهُ لهُ المُـلْكُ ولهُ الحَمْد وهوَ على كلّ شَيءٍ قَدير اللّهُـمَّ لا مانِعَ لِما أَعْطَـيْت وَلا مُعْطِـيَ لِما مَنَـعْت وَلا يَنْفَـعُ ذا الجَـدِّ مِنْـكَ الجَـد,«لاَ إِلَهَ إِلاَّ اللَّهُ وَحْدَهُ لاَ شَرِيكَ لَهُ، لَهُ الْمُلْكُ وَلَهُ الْحَمْدُ وَهُوَ عَلَى كُلِّ شَيْءٍ قَدِيرٌ [তিনবার]، اللَّهُمَّ لاَ مَانِعَ لِمَا أَعْطَيْتَ، وَلاَ مُعْطِيَ لِمَا مَنَعْتَ، وَلاَ يَنْفَعُ ذَا الْجَدِّ مِنْكَ الجَدُّ».,close_match,0.9753
68,25,Chapter: After salam,সালাম ফিরানোর পর যিকরসমূহ,لا إلهَ إلاّ اللّه وحدَهُ لا شريكَ لهُ لهُ الملكُ ولهُ الحَمد وهوَ على كلّ شيءٍ قدير لا حَـوْلَ وَلا قـوَّةَ إِلاّ بِاللهِ لا إلهَ إلاّ اللّـه وَلا نَعْـبُـدُ إِلاّ إيّـاه لَهُ النِّعْـمَةُ وَلَهُ الفَضْل وَلَهُ الثَّـناءُ الحَـسَن لا إلهَ إلاّ اللّهُ مخْلِصـينَ لَـهُ الدِّينَ وَلَوْ كَـرِهَ الكـافِرون,"«لَا إِلَهَ إِلاَّ اللَّهُ وَحْدَهُ لاَ شَرِيكَ لَهُ، لَهُ الْمُلْكُ، وَلَهُ الْحَمدُ، وَهُوَ عَلَى كُلِّ شَيْءٍ قَدِيرٌ. لاَ حَوْلَ وَلاَ قُوَّةَ إِلاَّ بِاللَّهِ، لاَ إِلَهَ إِلاَّ اللَّهُ، وَلاَ نَعْبُدُ إِلاَّ إِيَّاهُ, لَهُ النِّعْمَةُ وَلَهُ الْفَضْلُ وَلَهُ الثَّنَاءُ الْحَسَنُ، لَا إِلَهَ إِلاَّ اللَّهُ مُخْلِصِينَ لَهُ الدِّينَ وَلَوْ كَرِهَ الكَافِرُونَ».",exact_match,1.0
69,25,Chapter: After salam,সালাম ফিরানোর পর যিকরসমূহ,سُـبْحانَ اللهِ والحَمْـدُ لله واللهُ أكْـبَر (ثلاثاً وثلاثين) لا إلهَ إلاّ اللّهُ وَحْـدَهُ لا شريكَ لهُ لهُ الملكُ ولهُ الحَمْد وهُوَ على كُلّ شَيءٍ قَـدير,«سُبْحَانَ اللَّهِ، وَالْحَمْدُ لِلَّهِ، وَاللَّهُ أَكْبَرُ» (৩৩ বার) « لاَ إِلَهَ إِلاَّ اللَّهُ وَحْدَهُ لاَ شَرِيكَ لَهُ، لَهُ الْمُلْكُ وَلَهُ الْحَمْدُ وَهُوَ عَلَى كُلِّ شَيْءٍ قَدِيرٌ».,close_match,0.9251
70,25,Chapter: After salam,সালাম ফিরানোর পর যিকরসমূহ,بِسْمِ اللَّهِ الرَّحْمَنِ الرَّحِيمِ {قُلْ هُوَ اللَّهُ أَحَدٌ* اللَّهُ الصَّمَدُ* لَمْ يَلِدْ وَلَمْ يُولَدْ* وَلَمْ يَكُن لَّهُ كُفُواً أَحَدٌ} بِسْمِ اللَّهِ الرَّحْمَنِ الرَّحِيمِ {قُلْ أَعُوذُ بِرَبِّ الْفَلَقِ* مِن شَرِّ مَا خَلَقَ* وَمِن شَرِّ غَاسِقٍ إِذَا وَقَبَ* وَمِن شَرِّ النَّفَّاثَاتِ فِي الْعُقَدِ* وَمِن شَرِّ حَاسِدٍ إِذَا حَسَدَ} بِسْمِ اللَّهِ الرَّحْمَنِ الرَّحِيمِ {قُلْ أَعُوذُ بِرَبِّ النَّاسِ* مَلِكِ النَّاسِ* إِلَهِ النَّاسِ* مِن شَرِّ الْوَسْوَاسِ الْخَنَّاسِ* الَّذِي يُوَسْوِسُ فِي صُدُورِ النَّاسِ* مِنَ الْجِنَّةِ وَالنَّاسِ} بَعْدَ كُلِّ صَلاَةٍ.,بِسْمِ اللّٰهِ الرَّحْمٰنِ الرَّحِيْمِ ۝ ﴿قُلْ هُوَ اللّٰهُ اَحَدٌ ۝ۚ اَللّٰهُ الصَّمَدُ لَمْ يَلِدْ ڏ وَلَمْ يُوْلَدْ ۝ وَلَمْ يَكُنْ لَّهٗ كُفُوًا اَحَدٌ ۝ۧ﴾، بِسْمِ اللّٰهِ الرَّحْمٰنِ الرَّحِيْمِ ۝ ﴿قُلْ اَعُوْذُ بِرَبِّ الْفَلَقِ ۝ مِنْ شَرِّ مَا خَلَقَ ۝ وَمِنْ شَرِّ غَاسِقٍ اِذَا وَقَبَ ۝ وَمِنْ شَرِّ النَّفّٰثٰتِ فِي الْعُقَدِ ۝ وَمِنْ شَرِّ حَاسِدٍ اِذَا حَسَدَ ۝﴾، بِسْمِ اللّٰهِ الرَّحْمٰنِ الرَّحِيْمِ ۝ ﴿قُلْ اَعُوْذُ بِرَبِّ النَّاسِ ۝ مَلِكِ النَّاسِ ۝ اِلٰهِ النَّاسِ ۝ مِنْ شَرِّ الْوَسْوَاسِ ڏ الْخَنَّاسِ ۝ الَّذِيْ يُوَسْوِسُ فِيْ صُدُوْرِ النَّاسِ ۝ مِنَ الْجِنَّةِ وَالنَّاسِ ۝ۧ﴾,mismatch,0.5483
71,25,Chapter: After salam,সালাম ফিরানোর পর যিকরসমূহ,﴿اللّهُ لاَ إِلَـهَ إِلاَّ هُوَ الْحَيُّ الْقَيُّومُ لاَ تَأْخُذُهُ سِنَةٌ وَلاَ نَوْمٌ لَّهُ مَا فِي السَّمَاوَاتِ وَمَا فِي الأَرْضِ مَن ذَا الَّذِي يَشْفَعُ عِنْدَهُ إِلاَّ بِإِذْنِهِ يَعْلَمُ مَا بَيْنَ أَيْدِيهِمْ وَمَا خَلْفَهُمْ وَلاَ يُحِيطُونَ بِشَيْءٍ مِّنْ عِلْمِهِ إِلاَّ بِمَا شَاء وَسِعَ كُرْسِيُّهُ السَّمَاوَاتِ وَالأَرْضَ وَلاَ يَؤُودُهُ حِفْظُهُمَا وَهُوَ الْعَلِيُّ الْعَظِيمُ﴾ عقب كل صلاة,﴿ اَللّٰهُ لَآ اِلٰهَ اِلَّا ھُوَ ۚ اَلْـحَيُّ الْقَيُّوْمُ ڬ لَا تَاْخُذُهٗ سِـنَةٌ وَّلَا نَوْمٌ ۭ لَهٗ مَا فِي السَّمٰوٰتِ وَمَا فِي الْاَرْضِ ۭ مَنْ ذَا الَّذِيْ يَشْفَعُ عِنْدَهٗٓ اِلَّا بِاِذْنِهٖ ۭ يَعْلَمُ مَا بَيْنَ اَيْدِيْهِمْ وَمَا خَلْفَھُمْ ۚ وَلَا يُحِيْطُوْنَ بِشَيْءٍ مِّنْ عِلْمِهٖٓ اِلَّا بِمَا شَاۗءَ ۚ وَسِعَ كُرْسِـيُّهُ السَّمٰوٰتِ وَالْاَرْضَ ۚ وَلَا يَـــــُٔـــوْدُهٗ حِفْظُهُمَا ۚ وَھُوَ الْعَلِيُّ الْعَظِيْمُ ٢٥٥؁ ﴾.,mismatch,0.8629
72,25,Chapter: After salam,সালাম ফিরানোর পর যিকরসমূহ,لاَ إِلَهَ إِلاَّ اللَّهُ وَحْدَهُ لاَ شَرِيكَ لَهُ لَهُ الْمُلْكُ وَلَهُ الْحَمْدُ يُحْيِي وَيُمِيتُ وَهُوَ عَلَى كُلِّ شَيْءٍ قَدِيرٌ (عَشْرَ مَرّاتٍ بَعْدَ صَلاةِ الْمَغْرِبِ وَالصُّبْحِ),«لاَ إِلَهَ إِلاَّ اللَّهُ وَحْدَهُ لاَ شَرِيكَ لَهُ، لَهُ الْمُلْكُ وَلَهُ الْحَمْدُ يُحْيِي وَيُمِيتُ وَهُوَ عَلَى كُلِّ شَيْءٍ قَدِيرٌ»,mismatch,0.8351
73,25,Chapter: After salam,সালাম ফিরানোর পর যিকরসমূহ,اللَّهُمَّ إِنِّي أَسْأَلُكَ عِلْماً نافِعاً وَرِزْقاً طَيِّباً وَعَمَلاً مُتَقَبَّلاً (بَعْدَ السّلامِ مِنْ صَلاَةِ الفَجْرِ),«اللَّهُمَّ إِنِّي أَسْأَلُكَ عِلْماً نافِعاً، وَرِزْقاً طَيِّباً، وَعَمَلاً مُتَقَبَّلاً».,mismatch,0.8
74,26,Chapter: For seeking guidance in forming a decision or choosing the proper course,ইসতিখারার সালাতের দো‘আ,"قال جابر بن عبد الله رضي الله عنهما : كان رسول الله صلى الله عليه وسلم ، يُعلمنا الاستخارة في الأمور كلها كما يعلمُنا السورة من القرآن ، يقول : إذا هم أحدكم بالأمر فليركع ركعتين من غير الفريضة ، ثم ليقل: ""اللهم إني أستخيرك بعلمك ، وأستقدرك بقدرتك ، وأسألك من فضلك العظيم فإنك تقدِرُ ولا أقدِرُ ، وتعلم ولا أعلم ، وأنت علام الغيوب ، اللهم إن كنت تعلم أن هذا الأمر - يسمي حاجته - خير لي في ديني ومعاشي وعاقبة أمري - أو قال : عاجله وآجله - فاقدره لي ويسره لي ، ثم بارك لي فيه ، وإن كنت تعلم أن هذا الأمر شر لي في ديني ومعاشي وعاقبة أمري - أو قال : عاجله وآجله - فاصرفه عني واصرفني عنه ، واقدر لي الخير حيث كان ، ثم ارضني به "" وما ندم من استخار الخالق، وشاور المخلوقين المؤمنين وتثبَّت في أمره، فقد قال سبحانه ﴿وَشـاوِرْهُـم في الأمْـرِ فَـإِذا عَـزَمْـتَ فَتَوَكّـلْ عَلـى الله﴾",« اللَّهُمَّ إِنِّي أَسْتَخِيرُكَ بِعِلْمِكَ، وَأَسْتَقْدِرُكَ بِقُدْرَتِكَ، وَأَسْأَلُكَ مِنْ فَضْلِكَ العَظِيمِ؛ فَإِنَّكَ تَقْدِرُ وَلاَ أَقْدِرُ، وَتَعْلَمُ وَلاَ أَعْلَمُ، وَأَنْتَ عَلاَّمُ الغُيُوبِ، اللَّهُمَّ إِنْ كُنْتَ تَعْلَمُ أَنَّ هَذَا الأمْرَ - وَيُسَمِّي حَاجَتَهُ - خَيْرٌ لِي فِي دِينِي وَمَعَاشِي وَعَاقِبَةِ أَمْرِي – أَوْ قَالَ: عَاجِلِهِ وَآجِلِهِ - فَاقْدُرْهُ لِي وَيَسِّرْهُ لِي ثمَّ بَارِكْ لِي فِيهِ، وَإِنْ كُنْتَ تَعْلَمُ أَنَّ هَذَا الْأَمْرَ شَرٌّ لِي فِي دِينِي وَمَعَاشِي وَعَاقِبَةِ أَمْرِي – أَوْ قَالَ: عَاجِلِهِ وَآجِلِهِ – فَاصْرِفْهُ عَنِّي وَاصْرِفْنِي عَنْهُ وَاقْدُرْ لِيَ الْخَيْرَ حَيْثُ كَانَ، ثُمَّ أَرْضِنِي بِهِ». ﴿ وَشَاوِرْھُمْ فِي الْاَمْرِ ۚ فَاِذَا عَزَمْتَ فَتَوَكَّلْ عَلَي اللَّهِ﴾.,mismatch,0.0482
75,27,Chapter: In the morning and evening,সকাল ও বিকালের যিক্‌রসমূহ,(أعوذ بالله من الشيطان الرجيم) ﴿اللّهُ لاَ إِلَـهَ إِلاَّ هُوَ الْحَيُّ الْقَيُّومُ لاَ تَأْخُذُهُ سِنَةٌ وَلاَ نَوْمٌ لَّهُ مَا فِي السَّمَاوَاتِ وَمَا فِي الأَرْضِ مَن ذَا الَّذِي يَشْفَعُ عِنْدَهُ إِلاَّ بِإِذْنِهِ يَعْلَمُ مَا بَيْنَ أَيْدِيهِمْ وَمَا خَلْفَهُمْ وَلاَ يُحِيطُونَ بِشَيْءٍ مِّنْ عِلْمِهِ إِلاَّ بِمَا شَاء وَسِعَ كُرْسِيُّهُ السَّمَاوَاتِ وَالأَرْضَ وَلاَ يَؤُودُهُ حِفْظُهُمَا وَهُوَ الْعَلِيُّ الْعَظِيمُ﴾,أَعُوذُ بِاللَّهِ مِنَ الشَّيطَانِ الرَّجِيمِ ﴿ اَللّٰهُ لَآ اِلٰهَ اِلَّا ھُوَ ۚ اَلْـحَيُّ الْقَيُّوْمُ ڬ لَا تَاْخُذُهٗ سِـنَةٌ وَّلَا نَوْمٌ ۭ لَهٗ مَا فِي السَّمٰوٰتِ وَمَا فِي الْاَرْضِ ۭ مَنْ ذَا الَّذِيْ يَشْفَعُ عِنْدَهٗٓ اِلَّا بِاِذْنِهٖ ۭ يَعْلَمُ مَا بَيْنَ اَيْدِيْهِمْ وَمَا خَلْفَھُمْ ۚ وَلَا يُحِيْطُوْنَ بِشَيْءٍ مِّنْ عِلْمِهٖٓ اِلَّا بِمَا شَاۗءَ ۚ وَسِعَ كُرْسِـيُّهُ السَّمٰوٰتِ وَالْاَرْضَ ۚ وَلَا يَـــــُٔـــوْدُهٗ حِفْظُهُمَا ۚ وَھُوَ الْعَلِيُّ الْعَظِيْمُ ٢٥٥؁ ﴾.,mismatch,0.8967
76,27,Chapter: In the morning and evening,সকাল ও বিকালের যিক্‌রসমূহ,بسم الله الرحمن الرحيم { قُلْ هُوَ اللَّهُ أَحَدٌ * اللَّهُ الصَّمَدُ * لَمْ يَلِدْ وَلَمْ يُولَدْ * لَمْ يَكُن لَّهُ كُفُواً أَحَدٌ } بسم الله الرحمن الرحيم { قُلْ أَعُوذُ بِرَبِّ الْفَلَقِ * مِن شَرِّ مَا خَلَقَ * وَمِن شَرِّ غَاسِقٍ إِذَا وَقَبَ * وَمِن شَرِّ النَّفَّاثَاتِ فِي الْعُقَدِ * وَمِن شَرِّ حَاسِدٍ إِذَا حَسَدَ } بسم الله الرحمن الرحيم { قُلْ أَعُوذُ بِرَبِّ النَّاسِ * مَلِكِ النَّاسِ * إِلَهِ النَّاسِ * مِن شَرِّ الْوَسْوَاسِ الْخَنَّاسِ * الَّذِي يُوَسْوِسُ فِي صُدُورِ النَّاسِ * مِنَ الْجِنَّةِ وَالنَّاسِ } (ثلاث مرات),بِسْمِ اللّٰهِ الرَّحْمٰنِ الرَّحِيْمِ ۝ ﴿قُلْ هُوَ اللّٰهُ اَحَدٌ ۝ۚ اَللّٰهُ الصَّمَدُ ۝ۚ لَمْ يَلِدْ ڏ وَلَمْ يُوْلَدْ ۝ وَلَمْ يَكُنْ لَّهٗ كُفُوًا اَحَدٌ ۝ۧ﴾ بِسْمِ اللّٰهِ الرَّحْمٰنِ الرَّحِيْمِ ۝ ﴿قُلْ اَعُوْذُ بِرَبِّ الْفَلَقِ ۝ مِنْ شَرِّ مَا خَلَقَ ۝ وَمِنْ شَرِّ غَاسِقٍ اِذَا وَقَبَ ۝ وَمِنْ شَرِّ النَّفّٰثٰتِ فِي الْعُقَدِ ۝ وَمِنْ شَرِّ حَاسِدٍ اِذَا حَسَدَ ۝﴾ بِسْمِ اللّٰهِ الرَّحْمٰنِ الرَّحِيْمِ ۝ ﴿قُلْ اَعُوْذُ بِرَبِّ النَّاسِ ۝ مَلِكِ النَّاسِ ۝ اِلٰهِ النَّاسِ ۝ مِنْ شَرِّ الْوَسْوَاسِ ڏ الْخَنَّاسِ ۝ الَّذِيْ يُوَسْوِسُ فِيْ صُدُوْرِ النَّاسِ ۝ مِنَ الْجِنَّةِ وَالنَّاسِ ۝ۧ﴾,mismatch,0.548
77,27,Chapter: In the morning and evening,সকাল ও বিকালের যিক্‌রসমূহ,أَصْبَحْنَا وَأَصْبَحَ الْمُلْكُ لِلَّهِ وَالْحَمْدُ لِلَّهِ، لاَ إِلَهَ إلاَّ اللَّهُ وَحْدَهُ لاَ شَرِيكَ لَهُ، لَهُ الْمُلْكُ وَلَهُ الْحَمْدُ وَهُوَ عَلَى كُلِّ شَيْءٍ قَدِيرٌ، رَبِّ أَسْأَلُكَ خَيْرَ مَا فِي هَذَا الْيَوْمِ وَخَيرَ مَا بَعْدَهُ، وَأَعُوذُ بِكَ مِنْ شَرِّ مَا فِي هَذَا الْيَوْمِ وَشَرِّ مَا بَعْدَهُ، رَبِّ أَعُوذُ بِكَ مِنَ الْكَسَلِ وَسُوءِ الْكِبَرِ، رَبِّ أَعُوذُ بِكَ مِنْ عَذَابٍ فِي النَّارِ وَعَذَابٍ فِي القَـبْر.,«أَصْبَحْنَا وَأَصْبَحَ الْمُلْكُ لِلَّهِ، وَالْحَمْدُ لِلَّهِ، لاَ إِلَهَ إلاَّ اللَّهُ وَحْدَهُ لاَ شَرِيكَ لَهُ، لَهُ الْمُلْكُ وَلَهُ الْحَمْدُ وَهُوَ عَلَى كُلِّ شَيْءٍ قَدِيرٌ، رَبِّ أَسْأَلُكَ خَيْرَ مَا فِي هَذَا الْيَوْمِ وَخَيرَ مَا بَعْدَهُ، وَأَعُوذُ بِكَ مِنْ شَرِّ مَا فِي هَذَا الْيَوْمِ وَشَرِّ مَا بَعْدَهُ، رَبِّ أَعُوذُ بِكَ مِنَ الْكَسَلِ وَسُوءِ الْكِبَرِ، رَبِّ أَعُوذُ بِكَ مِنْ عَذَابٍ فِي النَّارِ وَعَذَابٍ فِي الْقَبْرِ».,exact_match,1.0
78,27,Chapter: In the morning and evening,সকাল ও বিকালের যিক্‌রসমূহ,اللّهُـمَّ بِكَ أَصْـبَحْنا وَبِكَ أَمْسَـينا وَبِكَ نَحْـيا وَبِكَ نَمـوتُ وَإِلَـيْكَ النِّـشور وإذا أمسي فليقل : اللهم بك أمسينا وبك أصبحنا وبك نحيا وبك نموت وإليك المصير,«اللَّهُمَّ بِكَ أَصْبَحْنَا، وَبِكَ أَمْسَيْنَا، وَبِكَ نَحْيَا، وَبِكَ نَمُوتُ وَإِلَيْكَ النُّشُورُ».,mismatch,0.6064
79,27,Chapter: In the morning and evening,সকাল ও বিকালের যিক্‌রসমূহ,اللّهـمَّ أَنْتَ رَبِّـي لا إلهَ إلاّ أَنْتَ خَلَقْتَنـي وَأَنا عَبْـدُك وَأَنا عَلـى عَهْـدِكَ وَوَعْـدِكَ ما اسْتَـطَعْـت أَعـوذُ بِكَ مِنْ شَـرِّ ما صَنَـعْت أَبـوءُ لَـكَ بِنِعْـمَتِـكَ عَلَـيَّ وَأَبـوءُ بِذَنْـبي فَاغْفـِرْ لي فَإِنَّـهُ لا يَغْـفِرُ الذُّنـوبَ إِلاّ أَنْتَ,«اللَّهُمَّ أَنْتَ رَبِّي لَا إِلَهَ إِلاَّ أَنْتَ، خَلَقْتَنِي وَأَنَا عَبْدُكَ، وَأَنَا عَلَى عَهْدِكَ وَوَعْدِكَ مَا اسْتَطَعْتُ، أَعُوذُ بِكَ مِنْ شَرِّ مَا صَنَعْتُ، أَبُوءُ لَكَ بِنِعْمَتِكَ عَلَيَّ، وَأَبُوءُ بِذَنْبِي فَاغْفِرْ لِي فَإِنَّهُ لاَ يَغْفِرُ الذُّنوبَ إِلاَّ أَنْتَ».,exact_match,1.0
80,27,Chapter: In the morning and evening,সকাল ও বিকালের যিক্‌রসমূহ,اللّهُـمَّ إِنِّـي أَصْبَـحْتُ أَُشْـهِدُك ، وَأُشْـهِدُ حَمَلَـةَ عَـرْشِـك ، وَمَلائِكَتِك ، وَجَمـيعَ خَلْـقِك ، أَنَّـكَ أَنْـتَ اللهُ لا إلهَ إلاّ أَنْـتَ وَحْـدَكَ لا شَريكَ لَـك ، وَأَنَّ ُ مُحَمّـداً عَبْـدُكَ وَرَسـولُـك . (أربع مرات حينَ يصْبِح أوْ يمسي),«اللَّهُمَّ إِنِّي أَصْبَحْتُ أُشْهِدُكَ، وَأُشْهِدُ حَمَلَةَ عَرْشِكَ، وَمَلاَئِكَتِكَ، وَجَمِيعَ خَلْقِكَ، أَنَّكَ أَنْتَ اللَّهُ لَا إِلَهَ إِلاَّ أَنْتَ وَحْدَكَ لاَ شَرِيكَ لَكَ، وَأَنَّ مُحَمَّداً عَبْدُكَ وَرَسُولُكَ» (৪ বার).,mismatch,0.8961
81,27,Chapter: In the morning and evening,সকাল ও বিকালের যিক্‌রসমূহ,اللّهُـمَّ ما أَصْبَـَحَ بي مِـنْ نِعْـمَةٍ أَو بِأَحَـدٍ مِـنْ خَلْـقِك ، فَمِـنْكَ وَحْـدَكَ لا شريكَ لَـك ، فَلَـكَ الْحَمْـدُ وَلَـكَ الشُّكْـر,«اللَّهُمَّ مَا أَصْبَحَ بِي مِنْ نِعْمَةٍ أَوْ بِأَحَدٍ مِنْ خَلْقِكَ فَمِنْكَ وَحْدَكَ لاَ شَرِيكَ لَكَ، فَلَكَ الْحَمْدُ وَلَكَ الشُّكْرُ».,exact_match,1.0
82,27,Chapter: In the morning and evening,সকাল ও বিকালের যিক্‌রসমূহ,اللّهُـمَّ عافِـني في بَدَنـي، اللّهُـمَّ عافِـني في سَمْـعي، اللّهُـمَّ عافِـني في بَصَـري، لا إلهَ إلاّ اللّه أَنْـتَ. اللّهُـمَّ إِنّـي أَعـوذُبِكَ مِنَ الْكُـفر، وَالفَـقْر، وَأَعـوذُ بِكَ مِنْ عَذابِ القَـبْر، لا إلهَ إلاّ أَنْـتَ. (ثلاث مرات),«اللَّهُمَّ عَافِنِي فِي بَدَنِي، اللَّهُمَّ عَافِنِي فِي سَمْعِي، اللَّهُمَّ عَافِنِي فِي بَصَرِي، لاَ إِلَهَ إِلاَّ أَنْتَ. اللَّهُمَّ إِنِّي أَعُوذُ بِكَ مِنَ الْكُفْرِ، وَالفَقْرِ، وَأَعُوذُ بِكَ مِنْ عَذَابِ القَبْرِ، لاَ إِلَهَ إِلاَّ أَنْتَ» (৩ বার).,close_match,0.9423
83,27,Chapter: In the morning and evening,সকাল ও বিকালের যিক্‌রসমূহ,حَسْبِـيَ اللّهُ لا إلهَ إلاّ هُوَ عَلَـيهِ تَوَكَّـلتُ وَهُوَ رَبُّ العَرْشِ العَظـيم. (سبع مرات),«حَسْبِيَ اللَّهُ لاَ إِلَهَ إِلاَّ هُوَ عَلَيهِ تَوَكَّلتُ وَهُوَ رَبُّ الْعَرْشِ الْعَظِيمِ» (৭ বার).,close_match,0.9106
84,27,Chapter: In the morning and evening,সকাল ও বিকালের যিক্‌রসমূহ,اللّهُـمَّ إِنِّـي أسْـأَلُـكَ العَـفْوَ وَالعـافِـيةَ في الدُّنْـيا وَالآخِـرَة ، اللّهُـمَّ إِنِّـي أسْـأَلُـكَ العَـفْوَ وَالعـافِـيةَ في ديني وَدُنْـيايَ وَأهْـلي وَمالـي ، اللّهُـمَّ اسْتُـرْ عـوْراتي وَآمِـنْ رَوْعاتـي ، اللّهُـمَّ احْفَظْـني مِن بَـينِ يَدَيَّ وَمِن خَلْفـي وَعَن يَمـيني وَعَن شِمـالي ، وَمِن فَوْقـي ، وَأَعـوذُ بِعَظَمَـتِكَ أَن أُغْـتالَ مِن تَحْتـي,«اللَّهُمَّ إِنِّي أَسْأَلُكَ الْعَفْوَ وَالْعَافِيَةَ فِي الدُّنْيَا وَالآخِرَةِ، اللَّهُمَّ إِنِّي أَسْأَلُكَ الْعَفْوَ وَالْعَافِيَةَ: فِي دِينِي وَدُنْيَايَ وَأَهْلِي، وَمَالِي، اللَّهُمَّ اسْتُرْ عَوْرَاتِي، وَآمِنْ رَوْعَاتِي، اللَّهُمَّ احْفَظْنِي مِنْ بَينِ يَدَيَّ، وَمِنْ خَلْفِي، وَعَنْ يَمِينِي، وَعَنْ شِمَالِي، وَمِنْ فَوْقِي، وَأَعُوذُ بِعَظَمَتِكَ أَنْ أُغْتَالَ مِنْ تَحْتِي».,exact_match,1.0
85,27,Chapter: In the morning and evening,সকাল ও বিকালের যিক্‌রসমূহ,اللّهُـمَّ عالِـمَ الغَـيْبِ وَالشّـهادَةِ فاطِـرَ السّماواتِ وَالأرْضِ رَبَّ كـلِّ شَـيءٍ وَمَليـكَه ، أَشْهَـدُ أَنْ لا إِلـهَ إِلاّ أَنْت ، أَعـوذُ بِكَ مِن شَـرِّ نَفْسـي وَمِن شَـرِّ الشَّيْـطانِ وَشِـرْكِه ، وَأَنْ أَقْتَـرِفَ عَلـى نَفْسـي سوءاً أَوْ أَجُـرَّهُ إِلـى مُسْـلِم,«اللَّهُمَّ عَالِمَ الغَيْبِ وَالشَّهَادَةِ فَاطِرَ السَّمَوَاتِ وَالْأَرْضِ، رَبَّ كُلِّ شَيْءٍ وَمَلِيكَهُ، أَشْهَدُ أَنْ لاَ إِلَهَ إِلاَّ أَنْتَ، أَعُوذُ بِكَ مِنْ شَرِّ نَفْسِي، وَمِنْ شَرِّ الشَّيْطانِ وَشَرَكِهِ، وَأَنْ أَقْتَرِفَ عَلَى نَفْسِي سُوءاً، أَوْ أَجُرَّهُ إِلَى مُسْلِمٍ».,near_exact,0.997
86,27,Chapter: In the morning and evening,সকাল ও বিকালের যিক্‌রসমূহ,بِسـمِ اللهِ الذي لا يَضُـرُّ مَعَ اسمِـهِ شَيءٌ في الأرْضِ وَلا في السّمـاءِ وَهـوَ السّمـيعُ العَلـيم . (ثلاث مرات),«بِسْمِ اللَّهِ الَّذِي لاَ يَضُرُّ مَعَ اسْمِهِ شَيْءٌ فِي الْأَرْضِ وَلاَ فِي السّمَاءِ وَهُوَ السَّمِيعُ الْعَلِيمُ».(৩ বার),close_match,0.9259
87,27,Chapter: In the morning and evening,সকাল ও বিকালের যিক্‌রসমূহ,رَضيـتُ بِاللهِ رَبَّـاً وَبِالإسْلامِ ديـناً وَبِمُحَـمَّدٍ نَبِيّـاً . (ثلاث مرات),«رَضِيتُ بِاللَّهِ رَبَّاً، وَبِالْإِسْلاَمِ دِيناً، وَبِمُحَمَّدٍ ﷺ نَبِيّاً».(৩ বার),mismatch,0.86
88,27,Chapter: In the morning and evening,সকাল ও বিকালের যিক্‌রসমূহ,يا حَـيُّ يا قَيّـومُ بِـرَحْمَـتِكِ أَسْتَـغـيث ، أَصْلِـحْ لي شَـأْنـي كُلَّـه ، وَلا تَكِلـني إِلى نَفْـسي طَـرْفَةَ عَـين,«يَا حَيُّ يَا قَيُّومُ بِرَحْمَتِكَ أَسْتَغيثُ أَصْلِحْ لِي شَأْنِيَ كُلَّهُ وَلاَ تَكِلْنِي إِلَى نَفْسِي طَرْفَةَ عَيْنٍ».,exact_match,1.0
89,27,Chapter: In the morning and evening,সকাল ও বিকালের যিক্‌রসমূহ,أَصْبَـحْـنا وَأَصْبَـحْ المُـلكُ للهِ رَبِّ العـالَمـين ، اللّهُـمَّ إِنِّـي أسْـأَلُـكَ خَـيْرَ هـذا الـيَوْم ، فَـتْحَهُ ، وَنَصْـرَهُ ، وَنـورَهُ وَبَـرَكَتَـهُ ، وَهُـداهُ ، وَأَعـوذُ بِـكَ مِـنْ شَـرِّ ما فـيهِ وَشَـرِّ ما بَعْـدَه وإذا أمسى قال: أَمْسَيْـنا وَأَمْسـى المُـلكُ للهِ رَبِّ العـالَمـين ، اللّهُـمَّ إِنِّـي أسْـأَلُـكَ خَـيْرَ هـذهِ اللَّـيْلَة ، فَتْحَهـا ، وَنَصْـرَهـا ، وَنـورَهـا وَبَـرَكَتَـهـا ، وَهُـداهـا ، وَأَعـوذُ بِـكَ مِـنْ شَـرِّ ما فـيهـاِ وَشَـرِّ ما بَعْـدَهـا,«أَصْبَحْنَا وَأَصْبَحَ الْمُلْكُ لِلَّهِ رَبِّ الْعَالَمِينَ، اللَّهُـمَّ إِنِّي أَسْأَلُكَ خَيْرَ هَذَا الْيَوْمِ:فَتْحَهُ، وَنَصْرَهُ، وَنورَهُ، وَبَرَكَتَهُ، وَهُدَاهُ، وَأَعُوذُ بِكَ مِنْ شَرِّ مَا فِيهِ وَشَرِّ مَا بَعْدَهُ».,mismatch,0.629
90,27,Chapter: In the morning and evening,সকাল ও বিকালের যিক্‌রসমূহ,,«أَصْبَحْنا عَلَى فِطْرَةِ الْإِسْلاَمِ، وَعَلَى كَلِمَةِ الْإِخْلاَصِ، وَعَلَى دِينِ نَبِيِّنَا مُحَمَّدٍ ﷺ، وَعَلَى مِلَّةِ أَبِينَا إِبْرَاهِيمَ، حَنِيفاً مُسْلِماً وَمَا كَانَ مِنَ الْمُشرِكِينَ».,one_missing,
91,27,Chapter: In the morning and evening,সকাল ও বিকালের যিক্‌রসমূহ,سُبْحـانَ اللهِ وَبِحَمْـدِهِ . (مائة مرة),«سُبْحَانَ اللَّهِ وَبِحَمْدِهِ».(১০০ বার),mismatch,0.7451
92,27,Chapter: In the morning and evening,সকাল ও বিকালের যিক্‌রসমূহ,لا إلهَ إلاّ اللّهُ وحْـدَهُ لا شَـريكَ لهُ، لهُ المُـلْكُ ولهُ الحَمْـد، وهُوَ على كُلّ شَيءٍ قَدير . (عشر مرات أَوْ مرَّةً واحدةً عندَ الكَسَلِ),«لاَ إِلَهَ إِلاَّ اللَّهُ وَحْدَهُ لاَ شَرِيكَ لَهُ، لَهُ الْمُلْكُ وَلَهُ الْحَمْدُ، وَهُوَ عَلَى كُلِّ شَيْءٍ قَدِيرٌ».(১০ বার),mismatch,0.8045
93,27,Chapter: In the morning and evening,সকাল ও বিকালের যিক্‌রসমূহ,لا إلهَ إلاّ اللّهُ وحْـدَهُ لا شَـريكَ لهُ، لهُ المُـلْكُ ولهُ الحَمْـد، وهُوَ على كُلّ شَيءٍ قَدير . (مائة مرة إذا أصبح),«لاَ إِلَهَ إِلاَّ اللَّهُ، وَحْدَهُ لاَ شَرِيكَ لَهُ، لَهُ الْمُلْكُ وَلَهُ الْحَمْدُ وَهُوَ عَلَى كُلِّ شَيْءٍ قَدِيرٌ».,mismatch,0.8861
94,27,Chapter: In the morning and evening,সকাল ও বিকালের যিক্‌রসমূহ,سُبْحـانَ اللهِ وَبِحَمْـدِهِ عَدَدَ خَلْـقِه ، وَرِضـا نَفْسِـه ، وَزِنَـةَ عَـرْشِـه ، وَمِـدادَ كَلِمـاتِـه . (ثلاث مرات إذا أصبح),«سُبْحَانَ اللَّهِ وَبِحَمْدِهِ: عَدَدَ خَلْقِهِ، وَرِضَا نَفْسِهِ، وَزِنَةَ عَرْشِهِ، وَمِدَادَ كَلِمَاتِهِ».(৩ বার),mismatch,0.8531
95,27,Chapter: In the morning and evening,সকাল ও বিকালের যিক্‌রসমূহ,اللَّهُمَّ إِنِّي أَسْأَلُكَ عِلْماً نَافِعاً، وَرِزْقاً طَيِّباً، وَعَمَلاً مُتَقَبَّلاً (إذا أصبحَ),«اللَّهُمَّ إِنِّي أَسْأَلُكَ عِلْماً نَافِعاً، وَرِزْقاً طَيِّباً، وَعَمَلاً مُتَقَبَّلاً».,close_match,0.9174
96,27,Chapter: In the morning and evening,সকাল ও বিকালের যিক্‌রসমূহ,أَسْتَغْفِرُ اللَّهَ وَأَتُوبُ إِلَيْهِ (مِائَةَ مَرَّةٍ فِي الْيَوْمِ),«أَسْتَغْفِرُ اللَّهَ وَأَتُوبُ إِلَيْهِ».,mismatch,0.7097
97,27,Chapter: In the morning and evening,সকাল ও বিকালের যিক্‌রসমূহ,أَعـوذُ بِكَلِمـاتِ اللّهِ التّـامّـاتِ مِنْ شَـرِّ ما خَلَـق (ثلاث مرات إِذا أمسى),«أَعُوذُ بِكَلِمَاتِ اللَّهِ التَّامَّاتِ مِنْ شَرِّ مَا خَلَقَ».,mismatch,0.7957
98,27,Chapter: In the morning and evening,সকাল ও বিকালের যিক্‌রসমূহ,اللَّهُمَّ صَلِّ وَ سَلِّمْ عَلَى نَبِيِّنَا مُحَمَّدٍ (عشر مرات),«اللَّهُمَّ صَلِّ وَسَلِّمْ عَلَى نَبَيِّنَا مُحَمَّدٍ».,mismatch,0.8485
99,28,Chapter: Before sleeping,ঘুমানোর যিক্‌রসমূহ,يَجْمَعُ كَفَّيْهِ ثُمَّ يَنْفُثُ فِيهِمَا فَيَقْرَأُ فِيهِمَا: بِسْمِ اللَّهِ الرَّحْمَنِ الرَّحِيمِ {قُلْ هُوَ اللَّهُ أَحَدٌ * اللَّهُ الصَّمَدُ* لَمْ يَلِدْ وَلَمْ يُولَدْ* وَلَمْ يَكُن لَّهُ كُفُواً أَحَدٌ}. بِسْمِ اللَّهِ الرَّحْمَنِ الرَّحِيمِ {قُلْ أَعُوذُ بِرَبِّ الْفَلَقِ* مِن شَرِّ مَا خَلَقَ* وَمِن شَرِّ غَاسِقٍ إِذَا وَقَبَ* وَمِن شَرِّ النَّفَّاثَاتِ فِي الْعُقَدِ* وَمِن شَرِّ حَاسِدٍ إِذَا حَسَدَ}. بِسْمِ اللَّهِ الرَّحْمَنِ الرَّحِيمِ {قُلْ أَعُوذُ بِرَبِّ النَّاسِ* مَلِكِ النَّاسِ* إِلَهِ النَّاسِ* مِن شَرِّ الْوَسْوَاسِ الْخَنَّاسِ* الَّذِي يُوَسْوِسُ فِي صُدُورِ النَّاسِ* مِنَ الْجِنَّةِ وَالنَّاسِ} ثُمَّ يَمْسَحُ بِهِمَا مَا اسْتَطَاعَ مِنْ جَسَدِهِ يَبْدَأُ بِهِمَا عَلَى رَأْسِهِ وَوَجْهِهِ وَمَا أَقبَلَ مِنْ جَسَدِهِ (يفعلُ ذلك ثلاثَ مرَّاتٍ),بِسْمِ اللّٰهِ الرَّحْمٰنِ الرَّحِيْمِ ۝ ﴿قُلْ هُوَ اللّٰهُ اَحَدٌ ۝ۚ اَللّٰهُ الصَّمَدُ ۝ۚ لَمْ يَلِدْ ڏ وَلَمْ يُوْلَدْ ۝ وَلَمْ يَكُنْ لَّهٗ كُفُوًا اَحَدٌ ۝ۧ﴾، بِسْمِ اللّٰهِ الرَّحْمٰنِ الرَّحِيْمِ ۝ ﴿قُلْ اَعُوْذُ بِرَبِّ الْفَلَقِ ۝ مِنْ شَرِّ مَا خَلَقَ ۝ وَمِنْ شَرِّ غَاسِقٍ اِذَا وَقَبَ ۝ وَمِنْ شَرِّ النَّفّٰثٰتِ فِي الْعُقَدِ ۝ وَمِنْ شَرِّ حَاسِدٍ اِذَا حَسَدَ ۝﴾، بِسْمِ اللّٰهِ الرَّحْمٰنِ الرَّحِيْمِ ۝ ﴿قُلْ اَعُوْذُ بِرَبِّ النَّاسِ ۝ مَلِكِ النَّاسِ ۝ اِلٰهِ النَّاسِ ۝ مِنْ شَرِّ الْوَسْوَاسِ ڏ الْخَنَّاسِ ۝ الَّذِيْ يُوَسْوِسُ فِيْ صُدُوْرِ النَّاسِ ۝ مِنَ الْجِنَّةِ وَالنَّاسِ ۝ۧ﴾,mismatch,0.0025
100,28,Chapter: Before sleeping,ঘুমানোর যিক্‌রসমূহ,((اللَّهُ لاَ إِلَهَ إِلاَّ هُوَ الْحَيُّ الْقَيُّومُ لاَ تَأْخُذُهُ سِنَةٌ وَلاَ نَوْمٌ لَّهُ مَا فِي السَّمَوَاتِ وَمَا فِي الأَرْضِ مَن ذَا الَّذِي يَشْفَعُ عِنْدَهُ إِلاَّ بِإِذْنِهِ يَعْلَمُ مَا بَيْنَ أَيْدِيهِمْ وَمَا خَلْفَهُمْ وَلاَ يُحِيطُونَ بِشَيْءٍ مِّنْ عِلْمِهِ إِلاَّ بِمَا شَاء وَسِعَ كُرْسِيُّهُ السَّمَوَاتِ وَالأَرْضَ وَلاَ يَؤُودُهُ حِفْظُهُمَا وَهُوَ الْعَلِيُّ الْعَظِيمُ)),﴿ اَللّٰهُ لَآ اِلٰهَ اِلَّا ھُوَ ۚ اَلْـحَيُّ الْقَيُّوْمُ ڬ لَا تَاْخُذُهٗ سِـنَةٌ وَّلَا نَوْمٌ ۭ لَهٗ مَا فِي السَّمٰوٰتِ وَمَا فِي الْاَرْضِ ۭ مَنْ ذَا الَّذِيْ يَشْفَعُ عِنْدَهٗٓ اِلَّا بِاِذْنِهٖ ۭ يَعْلَمُ مَا بَيْنَ اَيْدِيْهِمْ وَمَا خَلْفَھُمْ ۚ وَلَا يُحِيْطُوْنَ بِشَيْءٍ مِّنْ عِلْمِهٖٓ اِلَّا بِمَا شَاۗءَ ۚ وَسِعَ كُرْسِـيُّهُ السَّمٰوٰتِ وَالْاَرْضَ ۚ وَلَا يَـــــُٔـــوْدُهٗ حِفْظُهُمَا ۚ وَھُوَ الْعَلِيُّ الْعَظِيْمُ ٢٥٥؁ ﴾.,mismatch,0.8917
101,28,Chapter: Before sleeping,ঘুমানোর যিক্‌রসমূহ,((ءامَنَ الرَّسُولُ بِمَا أُنزِلَ إِلَيْهِ مِن رَّبِّهِ وَالْمُؤْمِنُونَ كُلٌّ ءامَنَ بِاللهِ وَمَلآئِكَتِهِ وَكُتُبِهِ وَرُسُلِهِ لاَ نُفَرِّقُ بَيْنَ أَحَدٍ مِّن رُّسُلِهِ وَقَالُواْ سَمِعْنَا وَأَطَعْنَا غُفْرَانَكَ رَبَّنَا وَإِلَيْكَ الْمَصِيرُ {285} لاَ يُكَلِّفُ اللهُ نَفْسًا إِلاَّ وُسْعَهَا لَهَا مَا كَسَبَتْ وَعَلَيْهَا مَا اكْتَسَبَتْ رَبَّنَا لاَ تُؤَاخِذْنَا إِن نَّسِينَا أَوْ أَخْطَأْنَا رَبَّنَا وَلاَ تَحْمِلْ عَلَيْنَا إِصْرًا كَمَا حَمَلْتَهُ عَلَى الَّذِينَ مِن قَبْلِنَا رَبَّنَا وَلاَ تُحَمِّلْنَا مَا لاَ طَاقَةَ لَنَا بِهِ وَاعْفُ عَنَّا وَاغْفِرْ لَنَا وَارْحَمْنَآ أَنتَ مَوْلاَنَا فَانصُرْنَا عَلَى الْقَوْمِ الْكَافِرِينَ {286})),﴿اٰمَنَ الرَّسُوْلُ بِمَآ اُنْزِلَ اِلَيْهِ مِنْ رَّبِّهٖ وَالْمُؤْمِنُوْنَ ۭ كُلٌّ اٰمَنَ بِاللّٰهِ وَمَلٰۗىِٕكَتِهٖ وَكُتُبِهٖ وَرُسُلِهٖ ۣلَا نُفَرِّقُ بَيْنَ اَحَدٍ مِّنْ رُّسُلِهٖ ۣ وَقَالُوْا سَمِعْنَا وَاَطَعْنَا ڭ غُفْرَانَكَ رَبَّنَا وَاِلَيْكَ الْمَصِيْرُ ٢٨٥؁لَا يُكَلِّفُ اللّٰهُ نَفْسًا اِلَّا وُسْعَهَا ۭ لَهَا مَا كَسَبَتْ وَعَلَيْهَا مَا اكْتَسَبَتْ ۭرَبَّنَا لَا تُؤَاخِذْنَآ اِنْ نَّسِيْنَآ اَوْ اَخْطَاْنَا ۚ رَبَّنَا وَلَا تَحْمِلْ عَلَيْنَآ اِصْرًا كَمَا حَمَلْتَهٗ عَلَي الَّذِيْنَ مِنْ قَبْلِنَا ۚ رَبَّنَا وَلَا تُحَمِّلْنَا مَا لَا طَاقَةَ لَنَا بِهٖ ۚ وَاعْفُ عَنَّا ۪ وَاغْفِرْ لَنَا ۪ وَارْحَمْنَا ۪ اَنْتَ مَوْلٰىنَا فَانْــصُرْنَا عَلَي الْقَوْمِ الْكٰفِرِيْنَ ٢٨٦؀ۧ ﴾.,close_match,0.9179
102,28,Chapter: Before sleeping,ঘুমানোর যিক্‌রসমূহ,بِاسْمِكَ رَبِّي وَضَعْتُ جَنْبِي، وَبِكَ أَرْفَعُهُ، فَإِن أَمْسَكْتَ نَفْسِي فارْحَمْهَا، وَإِنْ أَرْسَلْتَهَا فَاحْفَظْهَا بِمَا تَحْفَظُ بِهِ عِبَادَكَ الصَّالِحِينَ,«بِاسْمِكَ رَبِّي وَضَعْتُ جَنْبِي، وَبِكَ أَرْفَعُهُ، فَإِن أَمْسَكْتَ نَفْسِي فارْحَمْهَا، وَإِنْ أَرْسَلْتَهَا فَاحْفَظْهَا، بِمَا تَحْفَظُ بِهِ عِبَادَكَ الصَّالِحِينَ».,exact_match,1.0
103,28,Chapter: Before sleeping,ঘুমানোর যিক্‌রসমূহ,اللَّهُمَّ إِنَّكَ خَلَقْتَ نَفْسِي وَأَنْتَ تَوَفَّاهَا، لَكَ مَمَاتُهَا وَمَحْياهَا، إِنْ أَحْيَيْتَهَا فَاحْفَظْهَا، وَإِنْ أَمَتَّهَا فَاغْفِرْ لَهَا. اللَّهُمَّ إِنِّي أَسْأَلُكَ العَافِيَةَ,«اللَّهُمَّ إِنَّكَ خَلَقْتَ نَفْسِي وَأَنْتَ تَوَفَّاهَا، لَكَ مَمَاتُهَا وَمَحْياهَا، إِنْ أَحْيَيْتَهَا فَاحْفَظْهَا، وَإِنْ أَمَتَّهَا فَاغْفِرْ لَهَا. اللَّهُمَّ إِنِّي أَسْأَلُكَ العَافِيَةَ».,exact_match,1.0
104,28,Chapter: Before sleeping,ঘুমানোর যিক্‌রসমূহ,اللّهُـمَّ قِنـي عَذابَـكَ يَـوْمَ تَبْـعَثُ عِبـادَك .,«اللَّهُمَّ قِنِي عَذَابَكَ يَوْمَ تَبْعَثُ عِبَادَكَ».,exact_match,1.0
105,28,Chapter: Before sleeping,ঘুমানোর যিক্‌রসমূহ,بِاسْـمِكَ اللّهُـمَّ أَمـوتُ وَأَحْـيا,«بِاسْمِكَ اللَّهُمَّ أَمُوتُ وَأَحْيَا».,exact_match,1.0
106,28,Chapter: Before sleeping,ঘুমানোর যিক্‌রসমূহ,سُبْحَانَ اللَّهِ (ثلاثاً وثلاثين) وَالْحَمْدُ لِلَّهِ (ثلاثاً وثلاثين) وَاللَّهُ أَكْبَرُ (أربعاً وثلاثينَ),«سُبْحَانَ اللَّهِ (ثلاثاً وثلاثين) وَالْحَمْدُ لِلَّهِ (ثلاثاً وثلاثين) وَاللَّهُ أَكْبَرُ (أربعاً وثلاثينَ»,exact_match,1.0
107,28,Chapter: Before sleeping,ঘুমানোর যিক্‌রসমূহ,اللّهُـمَّ رَبَّ السّمـواتِ السَّبْـعِ وَرَبَّ العَـرْشِ العَظـيم رَبَّنـا وَرَبَّ كُـلِّ شَـيء فالِـقَ الحَـبِّ وَالنَّـوى وَمُـنَزِّلَ التَّـوْراةِ وَالإنْجـيل والفُـرْقان أَعـوذُ بِـكَ مِن شَـرِّ كُـلِّ شَـيءٍ أَنْـتَ آخِـذٌ بِنـاصِـيَتِه اللّهُـمَّ أَنْـتَ الأوَّلُ فَلَـيسَ قَبْـلَكَ شَيء وَأَنْـتَ الآخِـرُ فَلَـيسَ بَعْـدَكَ شَيء وَأَنْـتَ الظّـاهِـرُ فَلَـيْسَ فَـوْقَـكَ شَيء وَأَنْـتَ الْبـاطِـنُ فَلَـيْسَ دونَـكَ شَيء اقـْضِ عَنّـا الـدَّيْـنَ وَأَغْـنِنـا مِنَ الفَـقْر,«اللَّهُمَّ رَبَّ السَّمَوَاتِ السَّبْعِ وَرَبَّ الأَرْضِ، وَرَبَّ الْعَرْشِ الْعَظِيمِ، رَبَّنَا وَرَبَّ كُلِّ شَيْءٍ، فَالِقَ الْحَبِّ وَالنَّوَى، وَمُنْزِلَ التَّوْرَاةِ وَالْإِنْجِيلِ، وَالْفُرْقَانِ، أَعُوذُ بِكَ مِنْ شَرِّ كُلِّ شَيْءٍ أَنْتَ آخِذٌ بِنَاصِيَتِهِ. اللَّهُمَّ أَنْتَ الأَوَّلُ فَلَيْسَ قَبْلَكَ شَيْءٌ، وَأَنْتَ الآخِرُ فَلَيسَ بَعْدَكَ شَيْءٌ، وَأَنْتَ الظَّاهِرُ فَلَيْسَ فَوْقَكَ شَيْءٌ، وَأَنْتَ الْبَاطِنُ فَلَيْسَ دُونَكَ شَيْءٌ، اقْضِ عَنَّا الدَّيْنَ وَأَغْنِنَا مِنَ الْفَقْرِ».,near_exact,0.9823
108,28,Chapter: Before sleeping,ঘুমানোর যিক্‌রসমূহ,الْحَمْدُ لِلَّهِ الَّذِي أَطْعَمَنَا وَسَقَانَا، وَكَفَانَا، وَآوَانَا، فَكَمْ مِمَّنْ لاَ كَافِيَ لَهُ وَلاَ مُؤْوِيَ,«الْحَمْدُ لِلَّهِ الَّذِي أَطْعَمَنَا وَسَقَانَا، وَكَفَانَا، وَآوَانَا، فَكَمْ مِمَّنْ لاَ كَافِيَ لَهُ وَلاَ مُؤْوِيَ».,exact_match,1.0
109,28,Chapter: Before sleeping,ঘুমানোর যিক্‌রসমূহ,اللّهُـمَّ عالِـمَ الغَـيْبِ وَالشّـهادَةِ فاطِـرَ السّماواتِ وَالأرْضِ رَبَّ كـلِّ شَـيءٍ وَمَليـكَه أَشْهَـدُ أَنْ لا إِلـهَ إِلاّ أَنْت أَعـوذُ بِكَ مِن شَـرِّ نَفْسـي وَمِن شَـرِّ الشَّيْـطانِ وَشِـرْكِه وَأَنْ أَقْتَـرِفَ عَلـى نَفْسـي سوءاً أَوْ أَجُـرَّهُ إِلـى مُسْـلِم,«اللَّهُمَّ عَالِمَ الغَيْبِ وَالشَّهَادَةِ فَاطِرَ السَّمَوَاتِ وَالْأَرْضِ، رَبَّ كُلِّ شَيْءٍ وَمَلِيكَهُ، أَشْهَدُ أَنْ لاَ إِلَهَ إِلاَّ أَنْتَ، أَعُوذُ بِكَ مِنْ شَرِّ نَفْسِي، وَمِنْ شَرِّ الشَّيْطانِ وَشِرْكِهِ، وَأَنْ أَقْتَرِفَ عَلَى نَفْسِي سُوءاً، أَوْ أَجُرَّهُ إِلَى مُسْلِمٍ».,near_exact,0.997
110,28,Chapter: Before sleeping,ঘুমানোর যিক্‌রসমূহ,يقرأ ((ألم * تنزيل)) السجدة، و((تبارك الذي بيده الملك)),,one_missing,
111,28,Chapter: Before sleeping,ঘুমানোর যিক্‌রসমূহ,اللّهُـمَّ أَسْـلَمْتُ نَفْـسي إِلَـيْكَ، وَفَوَّضْـتُ أَمْـري إِلَـيْكَ، وَوَجَّـهْتُ وَجْـهي إِلَـيْكَ، وَأَلْـجَـاْتُ ظَهـري إِلَـيْكَ، رَغْبَـةً وَرَهْـبَةً إِلَـيْكَ، لا مَلْجَـأَ وَلا مَنْـجـا مِنْـكَ إِلاّ إِلَـيْكَ، آمَنْـتُ بِكِتـابِكَ الّـذي أَنْزَلْـتَ وَبِنَبِـيِّـكَ الّـذي أَرْسَلْـت,«اللَّهُمَّ أَسْلَمْتُ نَفْسِي إِلَيْكَ، وَفَوَّضْتُ أَمْرِي إِلَيْكَ، وَوَجَّهْتُ وَجْهِي إِلَيْكَ، وَأَلْجَأْتُ ظَهْرِي إِلَيْكَ، رَغْبَةً وَرَهْبَةً إِلَيْكَ، لاَ مَلْجَأَ وَلاَ مَنْجَا مِنْكَ إِلاَّ إِلَيْكَ، آمَنْتُ بِكِتَابِكَ الَّذِي أَنْزَلْتَ، وَبِنَبِيِّكَ الَّذِي أَرْسَلْتَ».,exact_match,1.0
112,29,Chapter: When tossing and turning during the night,রাতে যখন পার্শ্ব পরিবর্তন করে তখন পড়ার দো‘আ,لا إِلـهَ إِلاّ اللهُ الـواحِدُ القَهّـار رَبُّ السَّـمواتِ وَالأرْضِ وَما بَيْـنَهـما العَزيـزُ الغَـفّار,«لاَ إِلَهَ إِلاَّ اللَّهُ الْوَاحِدُ الْقَهّارُ، رَبُّ السَّمَوَاتِ وَالْأَرْضِ وَمَا بَيْنَهُمَا الْعَزيزُ الْغَفَّارُ».,exact_match,1.0
113,30,"Chapter: Upon experiencing unrest, fear, apprehensiveness during sleep",ঘুমন্ত অবস্থায় ভয় এবং একাকিত্বের অস্বস্তিতে পড়ার দো‘আ,أَعـوذُ بِكَلِمـاتِ اللّهِ التّـامّـاتِ مِن غَضَـبِهِ وَعِـقابِهِ وَشَـرِّ عِبـادِهِ وَمِنْ هَمَـزاتِ الشَّـياطينِ وَأَنْ يَحْضـرون,«أَعُوذُ بِكَلِمَاتِ اللَّهِ التَّامَّاتِ مِنْ غَضَبِهِ وَعِقَابِهِ، وَشَرِّ عِبَادِهِ، وَمِنْ هَمَزَاتِ الشَّياطِينِ وَأَنْ يَحْضُرُونِ».,exact_match,1.0
114,31,Chapter: Upon seeing a good dream or a bad dream,,يَنْفُثُ عَنْ يَسَارِهِ (ثلاثاً). يَسْتَعِيذُ بِاللَّهِ مِنَ الشَّيطَانِ وَمِنْ شَرِّ مَا رَأَى (ثَلاَثَ مَرَّاتٍ). لاَ يُحَدِّثْ بِهَا أَحَداً. يَــتَحَوَّلُ عَنْ جَنْبِهِ الَّذِي كَانَ عَلَيْهِ.,,one_missing,
115,31,Chapter: Upon seeing a good dream or a bad dream,,يقوم يصلي إن أراد ذلك.ويَقُومُ يُصَلِّي إِنْ أَرَادَ ذَلِكَ.,,one_missing,
116,32,Chapter: Qunoot Al-Witr,খারাপ স্বপ্ন বা দুঃস্বপ্ন দেখে যা করবে,,«اللَّهُمَّ اهْدِنِي فِيمَنْ هَدَيْتَ، وَعَافِنِي فِيمَنْ عَافَيْتَ، وَتَوَلَّنِي فِيمَنْ تَوَلَّيْتَ، وَبَارِكْ لِي فِيمَا أَعْطَيْتَ، وَقِنِي شَرَّ مَا قَضَيْتَ؛ فَإِنَّكَ تَقْضِي وَلاَ يُقْضَى عَلَيْكَ، إِنَّهُ لاَ يَذِلُّ مَنْ وَالَيْتَ، [وَلاَ يَعِزُّ مَنْ عَادَيْتَ]، تَبارَكْتَ رَبَّنا وَتَعَالَيْتَ».,one_missing,
117,32,Chapter: Qunoot Al-Witr,খারাপ স্বপ্ন বা দুঃস্বপ্ন দেখে যা করবে,اللّهُـمَّ إِنِّـي أَعـوذُ بِرِضـاكَ مِنْ سَخَطِـك، وَبِمُعـافاتِـكَ مِنْ عُقوبَـتِك، وَأَعـوذُ بِكَ مِنْـك، لا أُحْصـي ثَنـاءً عَلَـيْك، أَنْـتَ كَمـا أَثْنَـيْتَ عَلـى نَفْسـِك,«اللَّهُمَّ إِنِّي أَعُوذُ بِرِضَاكَ مِنْ سَخَطِكَ، وَبِمُعَافَاتِكَ مِنْ عُقُوبَتِكَ، وَأَعُــــوذُ بِكَ مِنْكَ، لاَ أُحْصِي ثَنَاءً عَلَيْكَ، أَنْتَ كَمَا أَثْنَيْتَ عَلَى نَفْسِكَ».,exact_match,1.0
118,32,Chapter: Qunoot Al-Witr,খারাপ স্বপ্ন বা দুঃস্বপ্ন দেখে যা করবে,اللّهُـمَّ إِيّـاكَ نعْـبُدْ، وَلَـكَ نُصَلّـي وَنَسْـجُد، وَإِلَـيْكَ نَسْـعى وَنَحْـفِد، نَـرْجو رَحْمَـتَك، وَنَخْشـى عَـذابَك، إِنَّ عَـذابَكَ بالكـافرين ملْحَـق. اللّهُـمَّ إِنّا نَسْتَعـينُكَ وَنَسْتَـغْفِرُك، وَنُثْـنـي عَلَـيْك الخَـيْرَ، وَلا نَكْـفُرُك، وَنُـؤْمِنُ بِك، وَنَخْـضَعُ لَكَ وَنَخْـلَعُ مَنْ يَكْـفرُك,«اللَّهُمَّ إِيَّاكَ نعْبُدُ، وَلَكَ نُصَلِّي وَنَسْجُدُ، وَإِلَيْكَ نَسْعَى وَنَحْفِدُ، نَرْجُو رَحْمَتَكَ، وَنَخْشَى عَذَابَكَ، إِنَّ عَذَابَكَ بِالكَافِرِينَ مُلْحَقٌ. اللَّهُمَّ إِنَّا نَسْتَعينُكَ، وَنَسْتَغْفِرُكَ، وَنُثْنِي عَلَيْكَ الْخَيْرَ، وَلاَ نَكْفُرُكَ، وَنُؤْمِنُ بِكَ، وَنَخْضَعُ لَكَ، وَنَخْلَعُ مَنْ يَكْفرُكَ».,exact_match,1.0
119,33,Chapter: Immediately after salam of the witr prayer,বিত্‌রের নামায থেকে সালাম ফিরানোর পরের যিক্‌র,"""سبحان الملك القدوس"" ثلاث مرات والثالثة يجهر بها ويمد بها صوته ""ربِّ الملائكةِ والرّوح""",«سُبْحَانَ المَلِكِ القُدُّوسِ» « [رَبِّ الْمَلاَئِكَةِ وَالرُّوحِ]».,mismatch,0.6379
120,34,Chapter: For anxiety and sorrow,দুঃখ ও দুশ্চিন্তার সময় পড়ার দো‘আ,اللّهُـمَّ إِنِّي عَبْـدُكَ ابْنُ عَبْـدِكَ ابْنُ أَمَتِـكَ نَاصِيَتِي بِيَـدِكَ مَاضٍ فِيَّ حُكْمُكَ عَدْلٌ فِيَّ قَضَاؤكَ أَسْأَلُـكَ بِكُلِّ اسْمٍ هُوَ لَكَ سَمَّـيْتَ بِهِ نَفْسَكَ أِوْ أَنْزَلْتَـهُ فِي كِتَابِكَ أَوْ عَلَّمْـتَهُ أَحَداً مِنْ خَلْقِـكَ أَوِ اسْتَـأْثَرْتَ بِهِ فِي عِلْمِ الغَيْـبِ عِنْـدَكَ أَنْ تَجْـعَلَ القُرْآنَ رَبِيـعَ قَلْبِـي وَنورَ صَـدْرِي وجَلَاءَ حُـزْنِي وذَهَابَ هَمِّـي,«اللَّهُمَّ إِنِّي عَبْدُكَ، ابْنُ عَبْدِكَ، ابْنُ أَمَتِكَ، نَاصِيَتِي بِيَدِكَ، مَاضٍ فِيَّ حُكْمُكَ، عَدْلٌ فِيَّ قَضَاؤُكَ، أَسْأَلُكَ بِكُــــلِّ اسْمٍ هُوَ لَكَ، سَمَّيْتَ بِهِ نَفْسَكَ، أَوْ أَنْزَلْتَهُ فِي كِتَابِكَ، أَوْ عَلَّمْتَهُ أَحَداً مِنْ خَلْقِكَ، أَوِ اسْتَأْثَرْتَ بِهِ فِي عِلْمِ الغَيْبِ عِنْدَكَ، أَنْ تَجْعَلَ القُرْآنَ رَبِيعَ قَلْبِي، وَنُورَ صَدْرِي، وَجَلاَءَ حُزْنِي، وَذَهَابَ هَمِّي».,exact_match,1.0
121,34,Chapter: For anxiety and sorrow,দুঃখ ও দুশ্চিন্তার সময় পড়ার দো‘আ,اللّهُـمَّ إِنِّي أَعْوذُ بِكَ مِنَ الهَـمِّ وَ الْحُـزْنِ، والعًجْـزِ والكَسَلِ والبُخْـلِ والجُـبْنِ، وضَلْـعِ الـدَّيْنِ وغَلَبَـةِ الرِّجال,«اللَّهُمَّ إِنِّي أَعُوذُ بِكَ مِنَ الْهَمِّ وَالْحَزَنِ، وَالْعَجْزِ وَالْكَسَلِ، وَالْبُخْلِ وَالْجُبْنِ، وَضَلَعِ الدَّيْنِ وَغَلَبَةِ الرِّجَالِ».,near_exact,0.9941
122,35,Chapter: For one in distress,দুর্দশাগ্রস্ত ব্যক্তির দো‘আ,لَا إلَهَ إِلَّا اللَّهُ الْعَظـيمُ الْحَلِـيمْ، لَا إِلَهَ إِلَّا اللَّهُ رَبُّ العَـرْشِ العَظِيـمِ، لَا إِلَـهَ إِلَّا اللَّهْ رَبُّ السَّمَـوّاتِ ورّبُّ الأَرْضِ ورَبُّ العَرْشِ الكَـريم,«لاَ إِلَهَ إِلاَّ اللَّهُ الْعَظِيمُ الْحَلِيمُ، لاَ إِلَهَ إِلاَّ اللَّهُ رَبُّ الْعَرْشِ الْعَظِيمِ، لاَ إِلَهَ إِلاَّ اللَّهُ رَبُّ السَّمَوَاتِ وَرَبُّ الْأَرْضِ وَرَبُّ الْعَرْشِ الْكَرِيمِ».,exact_match,1.0
123,35,Chapter: For one in distress,দুর্দশাগ্রস্ত ব্যক্তির দো‘আ,اللّهُـمَّ رَحْمَتَـكَ أَرْجـو فَلا تَكِلـني إِلى نَفْـسي طَـرْفَةَ عَـيْن، وَأَصْلِـحْ لي شَأْنـي كُلَّـه لَا إِلَهَ إِلَّا أنْـت,«اللَّهُمَّ رَحْمَتَكَ أَرْجُو، فَلاَ تَكِلْنِي إِلَى نَفْسِي طَرْفَةَ عَيْنٍ، وَأَصْلِحْ لِي شَأْنِي كُلَّهُ، لاَ إِلَهَ إِلاَّ أَنْتَ».,exact_match,1.0
124,35,Chapter: For one in distress,দুর্দশাগ্রস্ত ব্যক্তির দো‘আ,لَا إِلَهَ إِلَّا أنْـت سُـبْحانَكَ إِنِّي كُنْـتُ مِنَ الظّـالِميـن,«لاَ إِلَهَ إِلاَّ أَنْتَ سُبْحَانَكَ إِنِّي كُنْتُ مِنَ الظّالِمِينَ».,exact_match,1.0
125,35,Chapter: For one in distress,দুর্দশাগ্রস্ত ব্যক্তির দো‘আ,اللهُ اللهُ رَبِّي لا أُشْـرِكُ بِهِ شَيْـئاً,«اللَّهُ اللَّهُ رَبِّي لاَ أُشْرِكُ بِهِ شَيْئاً».,exact_match,1.0
126,36,Chapter: Upon encountering an enemy or those of authority,শত্রু এবং শক্তিধর ব্যক্তির সাক্ষাতকালে দো‘আ,اللّهُـمَّ إِنا نَجْـعَلُكَ في نُحـورِهِـم، وَنَعـوذُ بِكَ مِنْ شُرورِهـمْ,«اللَّهُمَّ إِنَّا نَجْعَلُكَ فِي نُحُورِهِم، وَنَعُوذُ بِكَ مِنْ شُرُورِهِمْ».,exact_match,1.0
127,36,Chapter: Upon encountering an enemy or those of authority,শত্রু এবং শক্তিধর ব্যক্তির সাক্ষাতকালে দো‘আ,اللّهُـمَّ أَنْتَ عَضُـدي، وَأَنْتَ نَصـيري، بِكَ أَجـولُ وَبِكَ أَصـولُ وَبِكَ أُقـاتِل,«اللَّهُمَّ أَنْتَ عَضُدِي، وَأَنْتَ نَصِيرِي، بِكَ أَحُولُ وَبِكَ أَصُولُ، وَبِكَ أُقاتِلُ».,near_exact,0.9808
128,36,Chapter: Upon encountering an enemy or those of authority,শত্রু এবং শক্তিধর ব্যক্তির সাক্ষাতকালে দো‘আ,حَسْبُـنا اللهُ وَنِعْـمَ الوَكـيل,«حَسْبُنا اللَّهُ وَنِعْمَ الْوَكِيلُ».,exact_match,1.0
129,37,Chapter: For one afraid of the ruler's injustice,শাসকের অত্যাচারের ভয় করলে পড়ার দো‘আ,اللَّهُمَّ ربَّ السَّمَوَاتِ السَّبْعِ، وَرَبَّ الْعَرْشِ الْعَظِيمِ، كُنْ لِي جَاراً مِنْ فُلاَنِ بْنِ فُلاَنٍ، وَأَحْزَابِهِ مِنْ خَلاَئِقِكَ، أَنْ يَفْرُطَ عَلَيَّ أَحَدٌ مِنْهُمْ أَوْ يَطْغَى، عَزَّ جَارُكَ، وَجَلَّ ثَنَاؤُكَ، وَلاَ إِلَهَ إِلاَّ أَنْتَ,«اللَّهُمَّ ربَّ السَّمَوَاتِ السَّبْعِ، وَرَبَّ الْعَرْشِ الْعَظِيمِ، كُنْ لِي جَاراً مِنْ فُلاَنِ بْنِ فُلاَنٍ، وَأَحْزَابِهِ مِنْ خَلاَئِقِكَ، أَنْ يَفْرُطَ عَلَيَّ أَحَدٌ مِنْهُمْ أَوْ يَطْغَى، عَزَّ جَارُكَ، وَجَلَّ ثَنَاؤُكَ، وَلاَ إِلَهَ إِلاَّ أَنْتَ».,exact_match,1.0
130,37,Chapter: For one afraid of the ruler's injustice,শাসকের অত্যাচারের ভয় করলে পড়ার দো‘আ,الله أكبر، الله أعز من خلقه جميعاً ، الله أعز مما أخاف وأحذر ، أعوذ بالله الذي لا إله إلا هو ، الممسك السموات السبع أن يقعن على الأرض إلا بإذنه ، من شر عبدك فلان ، وجنوده وأتباعه وأشياعه ، من الجن والأنس ، اللهم كن لي جاراً من شرهم ، جل ثناؤك وعز جارك ، وتبارك اسمك ، ولا إله غيرك (ثلاث مرات),«اللَّهُ أَكْبَرُ، اللَّهُ أَعَزُّ مِنْ خَلْقِهِ جَمِيعاً، اللَّهُ أَعَزُّ مِمَّا أَخَافُ وَأَحْذَرُ، أَعُوذُ بِاللَّهِ الَّذِي لاَ إِلَهَ إِلاَّ هُوَ، الْمُمْسِكِ السَّمَوَاتِ السَّبْعِ أَنْ يَقَعْنَ عَلَى الْأَرْضِ إِلاَّ بِإِذْنِهِ، مِنْ شَرِّ عَبْدِكَ فُلاَنٍ، وَجُنُودِهِ وَأَتْبَاعِهِ وَأَشْيَاعِهِ، مِنْ الْجِنِّ وَالإِنْسِ، اللَّهُمَّ كُنْ لِي جَاراً مِنْ شَرِّهِمْ، جَلَّ ثَنَاؤُكَ وَعَزَّ جَارُكَ، وَتَبَارَكَ اسْمُكَ، وَلاَ إِلَهَ غَيْرُكَ».(৩ বার),close_match,0.9736
131,38,Chapter: Against enemies,শত্রুর উপর বদ-দো‘আ,اللَّهُمَّ مُنْزِلَ الْكِتَاب سَرِيعَ الْحِسَاب اهْزِم الأَحْزَاب اللَّهُمَّ اهْزِمْهُمْ وَ زَلْزِلْهُم,«اللَّهُمَّ مُنْزِلَ الْكِتَابِ، سَرِيعَ الْحِسَابِ، اهْزِمِ الأَحْزَابَ، اللَّهُمَّ اهزِمْهُمْ وَزَلْزِلْهُمْ».,near_exact,0.9921
132,39,Chapter: When being afraid of a group of people,কোনো সম্প্রদায়কে ভয় করলে যা বলবে,اللَّهُمَّ اكْفِنِيهِم بمَا شِئْت,«اللَّهُمَّ اكْفِنِيهِمْ بِمَا شِئْتَ».,exact_match,1.0
133,40,Chapter: For one afflicted with doubt in his faith,ঈমানের মধ্যে সন্দেহে পতিত ব্যক্তির দো‘আ,يَسْتَعِيذُ بِاللَّهِ. يَنْتَهِي عَمَّا شك فِيهِ.,,one_missing,
134,40,Chapter: For one afflicted with doubt in his faith,ঈমানের মধ্যে সন্দেহে পতিত ব্যক্তির দো‘আ,"يقول"" آمنت بالله ورسله""",«آمَنْتُ بِاللَّهِ وَرُسُلِهِ».,mismatch,0.8649
135,40,Chapter: For one afflicted with doubt in his faith,ঈমানের মধ্যে সন্দেহে পতিত ব্যক্তির দো‘আ,يقرأ قوله تعالى ((هُوَ الأوَّلُ، وَالآخِـرُ، وَالظّـاهِـرُ، وَالْبـاطِـنُ، وَهُوَ بِكُلِّ شَيءٍ عَلـيم)),« ﴿هُوَ الْأوَّلُ وَالْآخِرُ وَالظّاهِرُ وَالْباطِنُ وَهُوَ بِكُلِّ شَيْءٍ عَلِيمٌ﴾».,mismatch,0.8421
136,41,Chapter: Settling a debt,ঋণ মুক্তির জন্য দো‘আ,اللّهُـمَّ اكْفِـني بِحَلالِـكَ عَنْ حَـرامِـك، وَأَغْنِـني بِفَضْـلِكَ عَمَّـنْ سِـواك,«اللَّهُمَّ اكْفِنِي بِحَلاَلِكَ عَنْ حَرَامِكَ، وَأَغْنِنِي بِفَضْلِكِ عَمَّنْ سِوَاكَ».,exact_match,1.0
137,41,Chapter: Settling a debt,ঋণ মুক্তির জন্য দো‘আ,اللَّهُمَّ إِنِّي أَعُوذُ بِكَ مِنَ الْهَمِّ وَالْحَزَنِ، وَالْعَجْزِ وَالْكَسَلِ، وَالْبُخْلِ وَالْجُبْنِ، وَضَلَعِ الدَّيْنِ وَغَلَبَةِ الرِّجَالِ,«اللَّهُمَّ إِنِّي أَعُوذُ بِكَ مِنَ الْهَمِّ وَالْحَزَنِ، وَالْعَجْزِ وَالْكَسَلِ، وَالْبُخْلِ وَالْجُبْنِ، وَضَلَعِ الدَّيْنِ وَغَلَبَةِ الرِّجَالِ».,exact_match,1.0
138,42,Chapter: For one afflicted by whisperings in prayer or recitation,সালাতে ও কেরাআতে শয়তানের কুমন্ত্রণায় পতিত ব্যক্তির দো‘আ,أَعُوذُ بِاللَّهِ مِنَ الشَّيطَانِ الرَّجِيمِ، وَاتْفُلْ عَلَى يَسَارِكَ (ثلاثاً),«أَعُوذُ بِاللَّهِ مِنَ الشَّيطَانِ الرَّجِيمِ».,mismatch,0.7179
139,43,Chapter: For one whose affairs have become difficult,কঠিন কাজে পতিত ব্যক্তির দো‘আ,اللَّهُمَّ لاَ سَهْلَ إِلاَّ مَا جَعَلْتَهُ سَهْلاً، وَأَنْتَ تَجْعَلُ الْحَزْنَ إِذَا شِئْتَ سَهْلاً,«اللَّهُمَّ لاَ سَهْلَ إِلاَّ مَا جَعَلْتَهُ سَهْلاً، وَأَنْتَ تَجْعَلُ الْحَزْنَ إِذَا شِئْتَ سَهْلاً».,exact_match,1.0
140,44,Chapter: Upon committing a sin,পাপ করে ফেললে যা বলবে এবং যা করবে,مَا مِنْ عَبْدٍ يُذنِبُ ذَنْباً فَيُحْسِنُ الطُّهُورَ، ثُمَّ يَقُومُ فَيُصَلِّي رَكْعَتَيْنِ، ثُمَّ يَسْتَغْفِرُ اللَّهَ إِلاَّ غَفَرَ اللَّهُ لَهُ,,one_missing,
141,45,Chapter: For expelling the devil and his whisperings,শয়তান ও তার কুমন্ত্রণা দূর করার দো‘আ,الاستعاذة بالله منه,,one_missing,
142,45,Chapter: For expelling the devil and his whisperings,শয়তান ও তার কুমন্ত্রণা দূর করার দো‘আ,الْأَذَانُ,,one_missing,
143,45,Chapter: For expelling the devil and his whisperings,শয়তান ও তার কুমন্ত্রণা দূর করার দো‘আ,الْأَذْكَارُ وَقِرَاءَةُ الْقُرْآنِ,,one_missing,
144,46,Chapter: When stricken with a mishap or overtaken by an affair,"যখন অনাকাঙ্খিত কিছু ঘটে, বা যা করতে চায় তাতে বাধাপ্রাপ্ত হয়, তখন পড়ার দো‘আ",قَدَّرَ اللهُ وَما شـاءَ فَعَـل,«قَدَرُ اللَّه وَمَا شَاءَ فَعَلَ».,exact_match,1.0
145,47,Chapter: Congratulation on the occasion of a birth and its reply,সন্তান লাভকারীকে অভিনন্দন ও তার জবাব,(بَارَكَ اللَّهُ لَكَ فِي الْمَوْهُوبِ لَكَ، وَشَكَرْتَ الْوَاهِبَ، وَبَلَغَ أَشُدَّهُ، وَرُزِقْتَ بِرَّهُ). وَيَرُدُّ عَلَيْهِ الْمُهَــــــنَّأُ فَيَقُولُ: (بَارَكَ اللَّهُ لَكَ وَبَارَكَ عَلَيْكَ، وَجَزَاكَ اللَّهُ خَيْراً، وَرَزَقَكَ اللَّهُ مِثْلَهُ، وَأَجْزَلَ ثَوَابَكَ).,«بَارَكَ اللَّهُ لَكَ فِي الْمَوْهُوبِ لَكَ، وَشَكَرْتَ الْوَاهِبَ، وَبَلَغَ أَشُدَّهُ، وَرُزِقْتَ بِرَّهُ». «بَارَكَ اللَّهُ لَكَ وَبَارَكَ عَلَيْكَ، وَجَزَاكَ اللَّهُ خَيْراً، وَرَزَقَكَ اللَّهُ مِثْلَهُ، وَأَجْزَلَ ثَوَابَكَ».,close_match,0.917
146,48,Chapter: Placing childen under Allah’s protection,যা দ্বারা শিশুদের জন্য আশ্রয় প্রার্থনা করা হয়,"كان رسول الله صلى الله عليه وسلم يعوذ الحسن والحسين "" أعيذكما بكلمات الله التامة ، من كل شيطان وهامة ، ومن كل عينِ لامة """,«أُعِيذُكُمَا بِكَلِمَاتِ اللَّهِ التَّامَّةِ مِنْ كُلِّ شَيْطَانٍ وَهَامَّةٍ، وَمِنْ كُلِّ عَيْنٍ لاَمَّةٍ».,mismatch,0.6977
147,49,Chapter: When visiting the sick,রোগী দেখতে গিয়ে তার জন্য দো‘আ,لا بأْسَ طَهـورٌ إِنْ شـاءَ الله,«لاَ بأْسَ طَهُورٌ إِنْ شَاءَ اللَّهُ».,exact_match,1.0
148,49,Chapter: When visiting the sick,রোগী দেখতে গিয়ে তার জন্য দো‘আ,أَسْـأَلُ اللهَ العَـظيـم، رَبَّ العَـرْشِ العَـظيـم أَنْ يَشْفـيك . (سبع مرات),«أَسْأَلُ اللَّهَ الْعَظيمَ رَبَّ الْعَرْشِ الْعَظِيمِ أَنْ يَشْفيَكَ» (সাতবার),mismatch,0.8571
149,50,Chapter: Excellence of visiting the sick,রোগী দেখতে যাওয়ার ফযীলত,قَالَ صلى الله عليه وسلم: (إِذَا عَادَ الرَّجُلُ أَخَاهُ الْمُسْلِمَ مَشَى فِي خِرَافَةِ الْجَنَّةِ حَتَّى يَجْلِسَ، فَإِذَا جَلَسَ غَمَرَتْهُ الرَّحْمَةُ، فَإِنْ كَانَ غُدْوَةً صَلَّى عَلَيْهِ سَبْعُونَ أَلْفَ مَلَكٍ حَتَّى يُمْسِيَ، وَإِنْ كَانَ مَسَاءً صَلَّى عَلَيْهِ سَبْعُونَ أَلْفَ مَلَكٍ حَتَّى يُصْبِحَ),,one_missing,
150,51,Chapter: When the sick have renounced all hope of life,জীবনের আশা ছেড়ে দেওয়া রোগীর দো‘আ,أللّهُـمَّ اغْفِـرْ لي وَارْحَمْـني وَأَلْحِقْـني بِالرَّفـيقِ الأّعْلـى,«اللَّهُمَّ اغْفِرْ لِي، وَارْحَمْنِي، وَأَلْحِقْنِي بِالرَّفِيقِ الْأَعْلَى».,exact_match,1.0
151,51,Chapter: When the sick have renounced all hope of life,জীবনের আশা ছেড়ে দেওয়া রোগীর দো‘আ,جعل النبي صلى الله عليه وسلم عند موته يدخل يديه في الماء فيمسح بهما وجههُ ويقول : لا إله إلا الله إن للموت لسكرات,« لاَ إِلَهَ إِلاَّ اللَّهُ إِنَّ لِلْمَوْتِ سَكَرَاتٍ».,mismatch,0.4286
152,51,Chapter: When the sick have renounced all hope of life,জীবনের আশা ছেড়ে দেওয়া রোগীর দো‘আ,لا إلهَ إلاّ اللّهُ وَاللّهُ أَكْبَـر، لا إلهَ إلاّ اللّهُ وحْـدَهُ، لا إلهَ إلاّ اللّهُ وحْـدَهُ لا شَريكَ لهُ، لا إلهَ إلاّ اللّهُ لهُ المُلكُ ولهُ الحَمْد، لا إلهَ إلاّ اللّهُ وَلا حَـوْلَ وَلا قُـوَّةَ إِلاّ بِالله,«لاَ إِلَهَ إِلاَّ اللَّهُ وَاللَّهُ أَكْبَرُ، لاَ إِلَهَ إِلاَّ اللَّهُ وَحْدَهُ، لاَ إِلَهَ إِلاَّ اللَّهُ وَحْدَهُ لاَ شَرِيكَ لَهُ، لاَ إِلَهَ إِلاَّ اللَّهُ لَهُ المُلْكُ وَلَهُ الْحَمْدُ، لاَ إِلَهَ إِلاَّ اللَّهُ وَلاَ حَوْلَ وَلاَ قُوَّةَ إِلاَّ بِاللَّهِ».,exact_match,1.0
153,52,Chapter: Instruction for the one nearing death,মরণাপন্ন ব্যক্তিকে তালক্বীন (কালেমা স্মরণ করিয়ে দেওয়া),"من كان آخر كلامه ""لا إله إلا الله"" دخل الجنة",لاَ إِلَهَ إِلاَّ اللَّهُ.,mismatch,0.5263
154,53,Chapter: For one afflicted by a calamity,কোনো মুসিবতে পতিত ব্যক্তির দো‘আ,إِنّا للهِ وَإِنَا إِلَـيْهِ راجِعـون ، اللهُـمِّ اْجُـرْني في مُصـيبَتي، وَاخْلُـفْ لي خَيْـراً مِنْـها,«إِنَّا لِلَّهِ وَإِنَّا إِلَيْهِ رَاجِعُونَ، اللَّهُمَّ أْجُرْنِي فِي مُصِيبَتِي، وَأَخْلِفْ لِي خَيْرَاً مِنْهَا».,exact_match,1.0
155,54,Chapter: When closing the eyes of the deceased,মৃত ব্যক্তির চোখ বন্ধ করানোর দো‘আ,اللهُـمِّ اغْفِـرْ لِـفلان (باسـمه) وَارْفَعْ دَرَجَتَـهُ في المَهْـدِييـن ، وَاخْـلُفْـهُ في عَقِـبِهِ في الغابِـرين، وَاغْفِـرْ لَنـا وَلَـهُ يا رَبَّ العـالَمـين، وَافْسَـحْ لَهُ في قَبْـرِهِ وَنَـوِّرْ لَهُ فيه,«اللَّهُمَّ اغْفِرْ لِفُلاَنٍ (بِاسْمِهِ) وَارْفَعْ دَرَجَتَهُ فِي الْمَهْدِيِّينَ، وَاخْلُفْهُ فِي عَقِبِهِ فِي الْغَابِرِينَ، وَاغْفِرْ لَنَا وَلَهُ يَا رَبَّ الْعَالَمِينَ، وَافْسَحْ لَهُ فِي قَبْرِهِ، وَنَوِّرْ لَهُ فِيهِ».,exact_match,1.0
156,55,Chapter: For the deceased at the funeral prayer,মৃত ব্যক্তির জন্য জানাযার সালাতে দো‘আ,,«اللَّهُمَّ اغْفِرْ لَهُ وَارْحَمْهُ، وَعَافِهِ، وَاعْفُ عَنْهُ، وَأَكْرِمْ نُزُلَهُ، وَوَسِّعْ مُدْخَلَهُ، وَاغْسِلْهُ بِالْمَاءِ وَالثَّلْجِ وَالْبَرَدِ، وَنَقِّهِ مِنَ الْخَطَايَا كَمَا نَقَّيْتَ الثَّوْبَ الأَبْيَضَ مِنَ الدَّنَسِ، وَأَبْدِلْهُ دَاراً خَيْراً مِنْ دَارِهِ، وَأَهْلاً خَيْراً مِنْ أَهْلِهِ، وَزَوْجَاً خَيْراً مِنْ زَوْجِهِ، وَأَدْخِلْهُ الْجَنَّةَ، وَأَعِذْهُ مِنْ عَذَابِ القَبْرِ [وَعَذَابِ النَّارِ]».,one_missing,
157,55,Chapter: For the deceased at the funeral prayer,মৃত ব্যক্তির জন্য জানাযার সালাতে দো‘আ,اللهُـمِّ اغْفِـرْ لِحَيِّـنا وَمَيِّتِـنا، وَشـاهِدِنا وَغائِبِـنا ، وَصَغيـرِنا وَكَبيـرِنا ، وَذَكَـرِنا وَأُنْثـانا . اللهُـمِّ مَنْ أَحْيَيْـتَهُ مِنّا فَأَحْيِـهِ عَلى الإِسْلام ، وَمَنْ تَوَفَّـيْتَهُ مِنّا فَتَوَفَّـهُ عَلى الإِيـمان ، اللهُـمِّ لا تَحْـرِمْنـا أَجْـرَه ، وَلا تُضِـلَّنا بَعْـدَه,«اللَّهُمَّ اغْفِرْ لِحَيِّنَا وَمَيِّتِنَا، وَشَاهِدِنَا وَغَائِبِنَا، وَصَغِيرِنَا وَكَبيرِنَا، وَذَكَرِنَا وَأُنْثَانَا. اللَّهُمَّ مَنْ أَحْيَيْتَهُ مِنَّا فَأَحْيِهِ عَلَى الْإِسْلاَمِ، وَمَنْ تَوَفَّيْتَهُ مِنَّا فَتَوَفَّهُ عَلَى الإِيمَانِ، اللَّهُمَّ لاَ تَحْرِمْنَا أَجْرَهُ، وَلاَ تُضِلَّنَا بَعْدَهُ».,exact_match,1.0
158,55,Chapter: For the deceased at the funeral prayer,মৃত ব্যক্তির জন্য জানাযার সালাতে দো‘আ,اللهُـمِّ إِنَّ فُلانَ بْنَ فُلانٍ في ذِمَّـتِك ، وَحَبْـلِ جِـوارِك ، فَقِـهِ مِنْ فِتْـنَةِ الْقَـبْرِ وَعَذابِ النّـار ، وَأَنْتَ أَهْلُ الْوَفـاءِ وَالْـحَقِّ ، فَاغْفِـرْ لَهُ وَارْحَمْـهُ ، إِنَّكَ أَنْتَ الغَـفورُ الـرَّحيم,«اللَّهُمَّ إِنَّ فُلاَنَ بْنَ فُلاَنٍ فِي ذِمَّتِكَ، وَحَبْلِ جِوَارِكَ، فَقِهِ مِنْ فِتْنَةِ الْقَبْرِ، وَعَذَابِ النَّارِ، وَأَنْتَ أَهْلُ الْوَفَاءِ وَالْحَقِّ، فَاغْفِرْ لَهُ وَارْحَمْهُ إِنَّكَ أَنْتَ الغَفُورُ الرَّحيمُ».,exact_match,1.0
159,55,Chapter: For the deceased at the funeral prayer,মৃত ব্যক্তির জন্য জানাযার সালাতে দো‘আ,اللهُـمِّ عَبْـدُكَ وَابْنُ أَمَـتِك، احْتـاجَ إِلى رَحْمَـتِك، وَأَنْتَ غَنِـيٌّ عَنْ عَذابِـه، إِنْ كانَ مُحْـسِناً فَزِدْ في حَسَـناتِه، وَإِنْ كانَ مُسـيئاً فَتَـجاوَزْ عَنْـه,«اللَّهُمَّ عَبْدُكَ وَابْنُ أَمَتِكَ احْتَاجَ إِلَى رَحْمَتِكَ، وَأَنْتَ غَنِيٌّ عَنْ عَذَابِهِ، إِنْ كَانَ مُحْسِناً فَزِدْ فِي حَسَنَاتِهِ، وَإِنْ كَانَ مُسِيئاً فَتَجَاوَزْ عَنْهُ».,exact_match,1.0
160,56,"Chapter: When the deceased is a child, during the funeral prayer",নাবালক শিশুদের জন্য জানাযার সালাতে দো‘আ,"""اللهم أعذه من عذاب القبر "" وإن قال: ""اللهم اجعله فرطاً وذخراً لوالديه ، وشفيعاً مجاباً . اللهم ثقل به موازينها وأعظم به أجورهما ، وألحقهُ بصالح المؤمنين ، واجعلهُ في كفالة إبراهيم ، وقه برحمتك عذاب الجحيم ، وأبدله داراً خيراً من داره ، وأهلاً خيراً من أهله ، اللهم اغفر لاسلافنا ، وأفراطنا ، ومن سبقنا بالإيمان "" فحسن",«اللَّهُمَّ أَعِذْهُ مِنْ عَذَابِ القَبْرِ». «اللَّهُمَّ اجْعَلْهُ فَرَطاً وَذُخْراً لِوَالِدَيْهِ، وَشَفِيعاً مُجَاباً، اللَّهُمَّ ثَقِّلْ بِهِ مَوَازِينَهُمَا، وَأَعْظِمْ بِهِ أُجورَهُمَا، وَأَلْحِقْهُ بِصَالِحِ الْمُؤْمِنِينَ، وَاجْعَلْهُ فِي كَفَالَةِ إِبْرَاهِيمَ، وَقِهِ بِرَحْمَتِكَ عَذَابَ الْجَحِيمِ، وَأَبْدِلْهُ دَاراً خَيْراً مِنْ دَارِهِ، وَأَهْلاً خَيْراً مِنْ أَهْلِهِ، اللَّهُمَّ اغْفِرْ لِأَسْلاَفِنَا، وَأَفْرَاطِنَا، وَمَنْ سَبَقَنَا بِالْإِيمَانِ».,close_match,0.9745
161,56,"Chapter: When the deceased is a child, during the funeral prayer",নাবালক শিশুদের জন্য জানাযার সালাতে দো‘আ,اللهُـمِّ اجْعَلْـهُ لَنا فَرَطـاً، وَسَلَـفاً وَأَجْـراً,«اللَّهُمَّ اجْعَلْهُ لَنَا فَرَطاً، وَسَلَفاً، وَأَجْراً».,exact_match,1.0
162,57,Chapter: Condolence,শোকার্তদের সান্ত্বনা দেওয়ার দো‘আ,"""إن لله ما أخذ وله ما أعطى . وكل شيء عنده بأجل مُسمى ... فلتصبر ولتحتسب "" وإن قال : ""أعظم الله أجرك ، وأحسن عزاءك وغفر لميتك"" فحسن",إِنَّ للَّهِ مَا أَخَذَ، وَلَهُ مَا أَعْطَى، وَكُلُّ شَيْءٍ عِنْدَهُ بِأَجَلٍ مُسَمَّى... فَلْتَصْبِرْ وَلْتَحْتَسِبْ. أَعْظَمَ اللَّهُ أَجْرَكَ، وَأَحْسَنَ عَزَاءَكَ، وَغَفَرَ لِمَيِّتِكَ.,close_match,0.9395
163,58,Chapter: Placing the deceased in the grave,মৃতকে কবরে প্রবেশ করানোর দো‘আ,بِسْـمِ اللهِ وَعَلـى سُـنَّةِ رَسـولِ الله,«بِسْمِ اللَّهِ وَعَلَى سُنَّةِ رَسُولِ اللَّهِ».,exact_match,1.0
164,59,Chapter: After burying the deceased,মৃতকে দাফন করার পর দো‘আ,اللَّهُمَّ اغْفِرْ لَهُ اللَّهُمَّ ثَبِّتْهُ,«اللَّهُمَّ اغْفِرْ لَهُ، اللَّهُمَّ ثَبِّتْهُ».,exact_match,1.0
165,60,Chapter: Visiting the graves,কবর যিয়ারতের দো‘আ,السَّلامُ عَلَـيْكُمْ أَهْلَ الدِّيارِ مِنَ المؤْمِنيـنَ وَالْمُسْلِمين، وَإِنّا إِنْ شاءَ اللهُ بِكُـمْ لاحِقـون، نَسْـاَلُ اللهَ لنـا وَلَكُـمْ العـافِيَة,«السَّلاَمُ عَلَيْكُمْ أَهْلَ الدِّيَارِ، مِنَ الْمُؤْمِنِينَ وَالْمُسْلِمِينَ، وَإِنَّا إِنْ شَاءَ اللَّهُ بِكُمْ لاَحِقُونَ، [وَيَرْحَمُ اللَّهُ الْمُسْتَقدِمِينَ مِنَّا وَالْمُسْتأْخِرِينَ] أَسْاَلُ اللَّهَ لَنَا وَلَكُمُ الْعَافِيَةَ».,mismatch,0.8403
166,61,Chapter: During a wind storm,বায়ূ প্রবাহিত হলে পড়ার দো‘আ,اللّهُـمَّ إِنَّـي أَسْـأَلُـكَ خَيْـرَها، وَأَعـوذُ بِكَ مِنْ شَـرِّها,«اللَّهُمَّ إِنِّي أَسْــــــأَلُكَ خَيْرَهَا، وَأَعُوذُ بِكَ مِنْ شَرِّهَا».,exact_match,1.0
167,61,Chapter: During a wind storm,বায়ূ প্রবাহিত হলে পড়ার দো‘আ,اللّهُـمَّ إِنَّـي أَسْـأَلُـكَ خَيْـرَها، وَخَيْـرَ ما فيهـا، وَخَيْـرَ ما اُرْسِلَـتْ بِه، وَأَعـوذُ بِكَ مِنْ شَـرِّها، وَشَـرِّ ما فيهـا، وَشَـرِّ ما اُرْسِلَـتْ بِه,«اللَّهُمَّ إِنِّي أَسْأَلُكَ خَيْرَهَا، وَخَيْرَ مَا فِيهَا، وَخَيْرَ مَا أُرْسِلَتْ بِهِ، وَأَعُوذُ بِكَ مِنْ شَرِّهَا، وَشَرِّ مَا فِيهَا، وَشَرِّ مَا أُرْسِلَتْ بِهِ».,exact_match,1.0
168,62,Chapter: Upon hearing thunder,মেঘের গর্জন শুনলে পড়ার দো‘আ,سُبْـحانَ الّذي يُسَبِّـحُ الـرَّعْدُ بِحَمْـدِهِ، وَالملائِكـةُ مِنْ خيـفَته,«سُبْحَانَ الَّذِي يُسَبِّحُ الرَّعْدُ بِحَمْدِهِ وَالْمَلاَئِكةُ مِنْ خِيفَتِهِ».,exact_match,1.0
169,63,Chapter: For rain,মেঘের গর্জন শুনলে পড়ার দো‘আ,اللّهُمَّ اسْقِـنا غَيْـثاً مُغيـثاً مَريئاً مُريـعاً، نافِعـاً غَيْـرَ ضار، عاجِـلاً غَـيْرَ آجِل,«اللَّهُمَّ اسْقِنَا غَيْثاً مُغِيثاً مَرِيئاً مَرِيعاً، نَافِعاً غَيْرَ ضَارٍّ، عَاجِلاً غَيْرَ آجِلٍ».,exact_match,1.0
170,63,Chapter: For rain,মেঘের গর্জন শুনলে পড়ার দো‘আ,اللّهُمَّ أغِثْنـا، اللّهُمَّ أغِثْنـا، اللّهُمَّ أغِثْنـا,«اللَّهُمَّ أَغِثْنَا، اللَّهُمَّ أَغِثْنَا، اللَّهُمَّ أَغِثْنَا».,exact_match,1.0
171,63,Chapter: For rain,মেঘের গর্জন শুনলে পড়ার দো‘আ,اللّهُمَّ اسْقِ عِبادَكَ وَبَهـائِمَك، وَانْشُـرْ رَحْمَـتَكَ وَأَحْيِي بَلَـدَكَ المَيِّـت,«اللَّهُمَّ اسْقِ عِبَادَكَ، وَبَهَائِمَكَ، وَانْشُرْ رَحْمَتَكَ، وَأَحْيِي بَلَدَكَ الْمَيِّتَ».,exact_match,1.0
172,64,Chapter: When it rains,মেঘের গর্জন শুনলে পড়ার দো‘আ,اللّهُمَّ صَيِّـباً نافِـعاً,اللَّهُمَّ صَيِّباً نَافِعاً.,exact_match,1.0
173,65,Chapter: After rainfall,মেঘের গর্জন শুনলে পড়ার দো‘আ,مُطِـرْنا بِفَضْـلِ اللهِ وَرَحْمَـتِه,مُطِرْنَا بِفَضْلِ اللَّهِ وَرَحْمَتِهِ.,exact_match,1.0
174,66,Chapter: Asking for clear skies,মেঘের গর্জন শুনলে পড়ার দো‘আ,اللّهُمَّ حَوالَيْنا وَلا عَلَيْـنا، اللّهُمَّ عَلى الآكـامِ وَالظِّـراب، وَبُطـونِ الأوْدِية، وَمَنـابِتِ الشَّجـر,اللَّهُمَّ حَوَالَيْنَا وَلاَ عَلَيْنَا، اللَّهُمَّ عَلَى الآكَامِ وَالظِّرَابِ، وَبُطُونِ الْأَوْدِيَةِ، وَمَنَابِتِ الشَّجَرِ.,exact_match,1.0
175,67,Chapter: Upon sighting the crescent moon,নতুন চাঁদ দেখে পড়ার দো‘আ,اللهُ أَكْـبَر، اللّهُمَّ أَهِلَّـهُ عَلَيْـنا بِالأمْـنِ وَالإيمـان، والسَّلامَـةِ والإسْلام، وَالتَّـوْفيـقِ لِما تُحِـبُّ رَبَّنـا وَتَـرْضـى، رَبُّنـا وَرَبُّكَ الله,اللَّهُ أَكْبَرُ، اللَّهُمَّ أَهِلَّهُ عَلَيْنَا بِالْأَمْنِ وَالْإِيمَانِ، وَالسَّلاَمَةِ وَالْإِسْلاَمِ، وَالتَّوْفِيقِ لِمَا تُحِبُّ رَبَّنَا وَتَرْضَى، رَبُّنَا وَرَبُّكَ اللَّهُ.,exact_match,1.0
176,68,Chapter: Upon breaking fast,ইফতারের সময় রোযাদারের দো‘আ,ذَهَـبَ الظَّمَـأُ، وَابْتَلَّـتِ العُـروق، وَثَبَـتَ الأجْـرُ إِنْ شـاءَ الله,«ذَهَبَ الظَّمَأُ وَابْتَلَّتِ العُرُوقُ، وَثَبَتَ الْأَجْرُ إِنْ شَاءَ اللَّهُ».,exact_match,1.0
177,68,Chapter: Upon breaking fast,ইফতারের সময় রোযাদারের দো‘আ,اللّهُـمَّ إِنَّـي أَسْـأَلُـكَ بِرَحْمَـتِكَ الّتي وَسِـعَت كُلَّ شيء، أَنْ تَغْـفِرَ لي,«اللَّهُمَّ إِنِّي أَسْأَلُكَ بِرَحْمَتِكَ الَّتِي وَسِعَتْ كُلَّ شَيْءٍ أَنْ تَغْفِرَ لِي».,exact_match,1.0
178,69,Chapter: Before eating,খাওয়ার পূর্বে দো‘আ,إِذَا أَكَلَ أَحَدُكُمْ طَعَاماً فَلْيَقُلْ بِسْمِ اللَّهِ، فَإِنْ نَسِيَ فِي أَوَّلِهِ فَلْيَقُلْ بسمِ اللَّهِ فِي أَوَّلِهِ وَآخِرِهِ,«بِسْمِ اللَّهِ» «بسمِ اللَّهِ فِي أَوَّلِهِ وَآخِرِهِ»,mismatch,0.5636
179,69,Chapter: Before eating,খাওয়ার পূর্বে দো‘আ,"مَنْ أَطْعَمَهُ اللَّهُ الطَّعَامَ فَلْيَقُلْ: ""اللَّهُمَّ بَارِكْ لَنَا فِيهِ وَأَطْعِمْنَا خَيْراً مِنْهُ""، وَمَنْ سَقَاهُ اللَّهُ لَبَناً فَلْيَقُلْ ""اللَّهُمَّ بَارِكْ لَنَا فِيهِ وَزِدْنَا مِنْهُ""",« اللَّهُمَّ بَارِكْ لَنَا فِيهِ وَأَطْعِمْنَا خَيْراً مِنْهُ». «اللَّهُمَّ بَارِكْ لَنَا فِيهِ وَزِدْنَا مِنْهُ».,mismatch,0.7111
180,70,Chapter: Upon completing the meal,আহার শেষ করার পর দো‘আ,الْحَمْـدُ للهِ الَّذي أَطْعَمَنـي هـذا وَرَزَقَنـيهِ مِنْ غَـيْرِ حَوْلٍ مِنِّي وَلا قُوَّة,«الْحَمْدُ لِلَّهِ الَّذِي أَطْعَمَنِي هَذَا، وَرَزَقَنِيهِ، مِنْ غَيْرِ حَوْلٍ مِنِّي وَلاَ قُوَّةٍ».,exact_match,1.0
181,70,Chapter: Upon completing the meal,আহার শেষ করার পর দো‘আ,الْحَمْـدُ للهِ حَمْـداً كَثـيراً طَيِّـباً مُبـارَكاً فيه، غَيْرَ مَكْفِيٍّ وَلا مُوَدَّعٍ وَلا مُسْتَغْـنىً عَنْـهُ رَبَّـنا,«الْحَمْدُ لِلَّهِ حَمْداً كَثِيراً طَيِّباً مُبَارَكاً فِيهِ، غَيْرَ [مَكْفِيٍّ وَلاَ ] مُوَدَّعٍ، وَلاَ مُسْتَغْنَىً عَنْهُ رَبَّنَا».,exact_match,1.0
182,71,Chapter: Of the guest for the host,আহারের আয়োজনকারীর জন্য মেহমানের দো‘আ,اللّهُـمَّ بارِكْ لَهُمْ فيما رَزَقْـتَهُم، وَاغْفِـرْ لَهُـمْ وَارْحَمْهُمْ,«اللَّهُمَّ بَارِكْ لَهُمْ فِيمَا رَزَقْتَهُم، وَاغْفِرْ لَهُمْ وَارْحَمْهُمْ».,exact_match,1.0
183,72,Chapter: To one who intends to give food or drink,দো‘আর মাধ্যমে খাবার বা পানীয় চাওয়ার ইঙ্গিত করা,اللّهُـمَّ أَطْعِمْ مَن أَطْعَمَني، وَاسْقِ مَن سقاني,«اللَّهُمَّ أَطْعِمْ مَنْ أَطْعَمَنِي، وَاسْقِ مَنْ سَقَانِي».,exact_match,1.0
184,73,Chapter: When breaking fast in someone’s home,কোনো পরিবারের কাছে ইফতার করলে তাদের জন্য দো‘আ,أَفْطَـرَ عِنْدَكُم الصّـائِمونَ وَأَكَلَ طَعامَـكُمُ الأبْـرار، وَصَلَّـتْ عَلَـيْكُمُ الملائِكَـة,«أَفْطَرَ عِنْدَكُمُ الصَّائِمُونَ، وَأَكَلَ طَعَامَكُمُ الْأَبْرَارُ، وَصَلَّتْ عَلَيْكُمُ الْمَلاَئِكَةُ».,exact_match,1.0
185,74,Chapter: By one fasting when presented with food and does not break his fast,"রোযাদারের নিকট যদি খাবার উপস্থিত হয়, আর সে রোযা না ভাঙ্গে তখন তার দো‘আ করা",(إِذَا دُعِيَ أَحَدُكُمْ فَلْيُجِبْ، فَإِنْ كَانَ صَائِماً فَلْيُصَلِّ، وَإِنْ كَانَ مُفْطِراً فَلْيَطْعَمْ) ، وَمَعْنَى فَلْيُصَلِّ أَيْ فَلْيَدْعُ.,,one_missing,
186,75,Chapter: When insulted while fasting,রোযাদারকে কেউ গালি দিলে যা বলবে,إِنِّي صَائِمٌ، إِنِّي صَائِمٌ,«إِنِّي صَائِمٌ، إِنِّي صَائِمٌ».,exact_match,1.0
187,76,Chapter: Upon seeing the early or premature fruit,ফলের কলি দেখলে পড়ার দো‘আ,اللّهُـمَّ بارِكْ لَنا في ثَمَـرِنا، وَبارِكْ لَنا في مَدينَتِنـا، وَبارِكْ لَنا في صاعِنـا، وَبارِكْ لَنا في مُدِّنا,«اللَّهُمَّ بَارِكْ لَنَا فِي ثَمَرِنَا، وَبَارِكْ لَنَا فِي مَدِينَتِنَا، وَبَارِكْ لَنَا فِي صَاعِنَا، وَبَارِكْ لَنَا فِي مُدِّنَا».,exact_match,1.0
188,77,Chapter: Upon sneezing,হাঁচির দো‘আ,إِذَا عَطَسَ أَحَدُكُم فَلْيَقُلِ (الْحَمْدُ لِلَّهِ)، وَلْيَقُلْ لَهُ أَخُوهُ أَوْ صَاحِبُهُ: (يَرْحَمُكَ اللَّهُ)، فَإِذَا قَالَ لَهُ: (يَرحَمُكَ اللَّهُ)، فَلْيَقُلْ: (يَهْدِيكُمُ اللَّهُ وَيُصْلِحُ بَالَكُمْ),«الْحَمْدُ لِلَّهِ» « يَرْحَمُكَ اللَّهُ » « يَهْدِيكُمُ اللَّهُ وَيُصْلِحُ بَالَكُمْ».,mismatch,0.55
189,78,Chapter: When a disbeliever praises Allah after sneezing,কাফের ব্যক্তি হাঁচি দিয়ে আলহামদুলিল্লাহ বললে তার জবাবে যা বলা হবে,يَهْـديكُـمُ اللهُ وَيُصْـلِحُ بالَـكُم,«يَهْدِيكُمُ اللَّهُ وَيُصْلِحُ بَالَكُمْ».,exact_match,1.0
190,79,Chapter: To the newlywed,নব বিবাহিতের জন্য দো‘আ,بارَكَ اللّهُ لَك، وَبارَكَ عَلَـيْك، وَجَمَعَ بَيْـنَكُما في خَـيْر,«بَارَكَ اللَّهُ لَكَ، وَبَارَكَ عَلَيْكَ، وَجَمَعَ بَيْنَكُمَا فِي خَيْرٍ».,exact_match,1.0
191,80,Chapter: On the wedding night or when buying an animal,বিবাহিত ব্যক্তির দো‘আ এবং বাহন ক্রয়ের পর দো‘আ,إِذَا تَزَوَّجَ أَحَدُكُمُ امْرَأَةً، أَوْ إِذَا اشْتَرَى خَادِماً فَلْيَقُلْ: (اللَّهُمَّ إِنِّي أَسْأَلُكَ خَيْرَهَا، وَخَيْرَ مَا جَبَلْتَهَا عَلَيْهِ، وَأَعُوذُ بِكَ مِنْ شَرِّهَا، وَشَرِّ مَا جَبَلْتَهَا عَلَيْهِ)، وَإِذَا اشْتَرَى بَعِيراً فَلْيَأْخُذْ بِذِرْوَةِ سَنَامِهِ وَلْيَقُلْ مِثْلَ ذَلِكَ.,«اللَّهُمَّ إِنِّي أَسْأَلُكَ خَيْرَهَا، وَخَيْرَ مَا جَبَلْتَهَا عَلَيْهِ، وَأَعُوذُ بِكَ مِنْ شَرِّهَا، وَشَرِّ مَا جَبَلْتَهَا عَلَيْهِ، وَإِذَا اشْتَرَى بَعِيراً فَلْيَأْخُذْ بِذِرْوَةِ سَنَامِهِ وَلْيَقُلْ مِثْلَ ذَلِكَ».,mismatch,0.8467
192,81,Chapter: Before sexual intercourse with the wife,স্ত্রী-সহবাসের পুর্বের দো‘আ,بِسْمِ الله اللّهُـمَّ جَنِّبْنا الشَّيْـطانَ، وَجَنِّبِ الشَّـيْطانَ ما رَزَقْـتَنا,«بِسْمِ اللَّهِ، اللَّهُمَّ جَنِّبْنَا الشَّيْطَانَ، وَجَنِّبِ الشَّيْطَانَ مَا رَزَقْتَنَا».,exact_match,1.0
193,82,Chapter: When angry,ক্রোধ দমনের দো‘আ,أَعـوذُ بِاللهِ مِنَ الشَّيْـطانِ الرَّجيـم,«أَعُوذُ بِاللَّهِ مِنَ الشَّيْطَانِ الرَّجِيمِ».,exact_match,1.0
194,83,Chapter: Upon seeing someone in trial or tribulation,বিপন্ন লোক দেখলে পড়ার দো‘আ,الْحَمْـدُ للهِ الّذي عافاني مِمّا ابْتَـلاكَ بِهِ، وَفَضَّلَـني عَلى كَثيـرٍ مِمَّنْ خَلَـقَ تَفْضـيلا,«الْحَمْدُ لِلَّهِ الَّذِي عَافَانِي مِمَّا ابْتَلاَكَ بِهِ، وَفَضَّلَنِي عَلَى كَثِيرٍ مِمَّنْ خَلَقَ تَفْضِيلاً».,exact_match,1.0
195,84,Chapter: At a sitting or gathering,মজলিসে যা বলতে হয়,"عن ابن عمر قال : كان يعد لرسول الله صلى الله عليه وسلم في المجلس الواحد مائة مرة من قبل أن يقوم ""رب اغفر لي وتب علي إنك أنت التواب الغفور""",«رَبِّ اغْفِرْ لِي، وَتُبْ عَلَيَّ، إِنَّكَ أَنْتَ التَّوَّابُ الغَفُورُ».,mismatch,0.4598
196,85,"Chapter: For the expiation of sins, said at the conclusion of a sitting or gathering",বৈঠকের কাফ্‌ফারা (ক্ষতিপূরণ),سُبْحـانَكَ اللّهُـمَّ وَبِحَمدِك، أَشْهَـدُ أَنْ لا إِلهَ إِلاّ أَنْتَ أَسْتَغْفِرُكَ وَأَتوبُ إِلَـيْك,«سُبْحَانَكَ اللَّهُمَّ وَبِحَمْدِكَ، أَشْهَدُ أَنْ لاَ إِلَهَ إِلاَّ أَنْتَ، أَسْتَغْفِرُكَ وَأَتُوبُ إِلَيْكَ».,exact_match,1.0
197,86,Chapter: Returning a supplication of forgiveness,"কেউ যদি বলে, ‘আল্লাহ আপনাকে ক্ষমা করুন’, তার জন্য দো‘আ",وَلَكَ,«وَلَكَ».,exact_match,1.0
198,87,Chapter: To one who does you a favour,কেউ আপনার সাথে সদাচারণ করলে তার জন্য দো‘আ,جَزاكَ اللهُ خَـيْراً,«جَزَاكَ اللَّهُ خَيْراً».,exact_match,1.0
199,88,Chapter: Protection from the Dajjal,আল্লাহ যা দ্বারা দাজ্জাল থেকে হেফাযত করবেন,.(مَنْ حَفِظَ عَشْرَ آيَاتٍ مِنْ أَوَّلِ سُورَةِ الْكَهْفِ عُصِمَ مِنَ الدَّجَّالِ) ، وَالْاسْتِعَاذَةُ بِاللَّهِ مِنْ فِتْنَتِهِ عَقِبَ التَّشَهُّدِ الْأَخِيرِ مِنْ كُلِّ صَلاَةٍ.,,one_missing,
200,89,"Chapter: To one who pronounces his love for you, for Allah’s sake","যে ব্যক্তি বলবে, ‘আমি আপনাকে আল্লাহ্‌র জন্য ভালোবাসি’— তার জন্য দো‘আ",أَحَبَّـكَ الّذي أَحْبَبْـتَني لَه,«أَحَبَّكَ الَّذِي أَحْبَبْتَنِي لَهُ».,exact_match,1.0
201,90,Chapter: To one who has offered you some of his wealth,আপনাকে কেউ তার সম্পদ দান করার জন্য পেশ করলে তার জন্য দো‘আ,بارَكَ اللهُ لَكَ في أَهْلِكَ وَمالِك,«بَارَكَ اللَّهُ لَكَ فِي أَهْلِكَ وَمَالِكَ».,exact_match,1.0
202,91,Chapter: To the debtor when his debt is settled,কেউ ঋণ দিলে তা পরিশোধের সময় দো‘আ,بارَكَ اللهُ لَكَ في أَهْلِكَ وَمالِك، إِنَّما جَـزاءُ السَّلَفِ الْحَمْدُ والأَداء,«بارَكَ اللَّهُ لَكَ فِي أَهْلِكَ وَمَالِكَ، إِنَّمَا جَزَاءُ السَّلَفِ الْحَمْدُ وَالأَدَاءُ».,exact_match,1.0
203,92,Chapter: For fear of shirk,,اللّهُـمَّ إِنّـي أَعـوذُبِكَ أَنْ أُشْـرِكَ بِكَ وَأَنا أَعْـلَمْ، وَأَسْتَـغْفِرُكَ لِما لا أَعْـلَم,,one_missing,
204,93,"Chapter: To someone who says ""May Allah bless you""","কেউ যদি বলে, ‘আল্লাহ আপনার উপর বরকত দিন’, তার জন্য দো‘আ",وَفيكَ بارَكَ الله,«وَفِيكَ بَارَكَ اللَّهُ».,exact_match,1.0
205,94,Chapter: The scorn of ascribing things to evil omens,অশুভ লক্ষণ গ্রহণকে অপছন্দ করে দো‘আ,اللّهُـمَّ لا طَيْـرَ إِلاّ طَيْـرُك، وَلا خَـيْرَ إِلاّ خَـيْرُك، وَلا إِلهَ غَيْـرُك,«اللَّهُمَّ لاَ طَيْرَ إِلاَّ طَيْرُكَ، وَلاَ خَيْرَ إِلاَّ خَيْرُكَ، وَلاَ إِلَهَ غَيْرُكَ».,exact_match,1.0
206,95,Chapter: When mounting an animal or any means of transport,বাহনে আরোহণের দো‘আ,بِسْـمِ اللهِ وَالْحَمْـدُ لله، ﴿سُبْحَانَ الَّذِي سَخَّرَ لَنَا هَذَا وَمَا كُنَّا لَهُ مُقْرِنِينَ * وَإِنَّا إِلَى رَبِّنَا لَمُنقَلِبُونَ﴾ الحَمْـدُ لله، الحَمْـدُ لله، الحَمْـدُ لله، اللهُ أكْـبَر، اللهُ أكْـبَر، اللهُ أكْـبَر، سُـبْحانَكَ اللّهُـمَّ إِنّي ظَلَـمْتُ نَفْسي فَاغْـفِرْ لي، فَإِنَّهُ لا يَغْفِـرُ الذُّنوبَ إِلاّ أَنْـت,«بِسْمِ اللَّهِ، وَالْحَمْدُ للَّهِ ﴿سُبْحَانَ الَّذِي سَخَّرَ لَنَا هَذَا وَمَا كُنَّا لَهُ مُقْرِنِينَ، وَإِنَّا إِلَى رَبِّنَا لَمُنقَلِبُونَ﴾، «الْحَمْدُ لِلَّهِ، الْحَمْدُ لِلَّهِ، الْحَمْدُ لِلَّهِ، اللَّهُ أَكْبَرُ، اللَّهُ أَكْبَرُ، اللَّهُ أَكْبَرُ، سُبْحَانَكَ اللَّهُمَّ إِنِّي ظَلَمْتُ نَفْسِي فَاغْفِرْ لِي؛ فَإِنَّهُ لاَ يَغْفِرُ الذُّنُوبَ إِلاَّ أَنْتَ».,near_exact,0.9929
207,96,Chapter: For travel,সফরের দো‘আ,"""اللَّهُ أَكْبَرُ، اللَّهُ أَكْبَرُ، اللَّهُ أَكْبَرُ، ﴿سُبْحَانَ الَّذِي سَخَّرَ لَنَا هَذَا وَمَا كُنَّا لَهُ مُقْرِنِينَ * وَإِنَّا إِلَى رَبِّنَا لَمُنقَلِبُونَ﴾ اللَّهُمَّ إِنّا نَسْأَلُكَ فِي سَفَرِنَا هَذَا البِرَّ وَالتَّقْوَى، وَمِنَ الْعَمَلِ مَا تَرْضَى، اللَّهُمَّ هَوِّنْ عَلَيْنَا سَفَرَنَا هَذَا وَاطْوِ عَنَّا بُعْدَهُ، اللَّهُمَّ أَنْتَ الصَّاحِبُ فِي السَّفَرِ، وَالْخَليفَةُ فِي الْأَهْلِ، اللَّهُمَّ إِنِّي أَعُوذُ بِكَ مِنْ وَعْثَاءِ السَّفَرِ، وَكَآبَةِ الْمَنْظَرِ، وَسُوءِ الْمُنْقَلَبِ فِي الْمَالِ وَالْأَهْلِ""، وإذا رَجَعَ قَالَهُنَّ وَزَادَ فِيهِنَّ: ""آيِبُونَ، تائِبُونَ، عَابِدُونَ، لِرَبِّنَا حَامِدُونَ"".",اللَّهُ أَكْبَرُ، اللَّهُ أَكْبَرُ، اللَّهُ أَكْبَرُ، ﴿سُبْحَانَ الَّذِي سَخَّرَ لَنَا هَذَا وَمَا كُنَّا لَهُ مُقْرِنِينَ * وَإِنَّا إِلَى رَبِّنَا لَمُنقَلِبُونَ﴾ «اللَّهُمَّ إِنّا نَسْأَلُكَ فِي سَفَرِنَا هَذَا البِرَّ وَالتَّقْوَى، وَمِنَ الْعَمَلِ مَا تَرْضَى، اللَّهُمَّ هَوِّنْ عَلَيْنَا سَفَرَنَا هَذَا وَاطْوِ عَنَّا بُعْدَهُ، اللَّهُمَّ أَنْتَ الصَّاحِبُ فِي السَّفَرِ، وَالْخَليفَةُ فِي الْأَهْلِ، اللَّهُمَّ إِنِّي أَعُوذُ بِكَ مِنْ وَعْثَاءِ السَّفَرِ، وَكَآبَةِ الْمَنْظَرِ، وَسُوءِ الْمُنْقَلَبِ فِي الْمَالِ وَالْأَهْلِ» «آيِبُونَ، تائِبُونَ، عَابِدُونَ، لِرَبِّنَا حَامِدُونَ».,mismatch,0.888
208,97,Chapter: Upon entering a town or village,গ্রাম বা শহরে প্রবেশের দো‘আ,أللّـهُمَّ رَبَّ السَّـمواتِ السّـبْعِ وَما أَظْلَلَـن، وَرَبَّ الأَراضيـنَ السّـبْعِ وَما أقْلَلْـن، وَرَبَّ الشَّيـاطينِ وَما أَضْلَلْـن، وَرَبَّ الرِّياحِ وَما ذَرَيْـن، أَسْـأَلُـكَ خَيْـرَ هذهِ الْقَـرْيَةِ وَخَيْـرَ أَهْلِـها، وَخَيْـرَ ما فيها، وَأَعـوذُ بِكَ مِنْ شَـرِّها وَشَـرِّ أَهْلِـها، وَشَـرِّ ما فيها,«اللَّهُمَّ رَبَّ السَّمَوَاتِ السَّبْعِ وَمَا أَظْلَلْنَ، وَرَبَّ الأَرَضِينَ السَّبْعِ وَمَا أَقْلَلْنَ، وَرَبَّ الشَّياطِينِ وَمَا أَضْلَلْنَ، وَرَبَّ الرِّيَاحِ وَمَا ذَرَيْنَ، أَسْأَلُكَ خَيْرَ هَذِهِ الْقَرْيَةِ، وَخَيْرَ أَهْلِهَا، وَخَيْرَ مَا فِيهَا، وَأَعُوذُ بِكَ مِنْ شَرِّهَا، وَشَرِّ أَهْلِهَا، وَشَرِّ مَا فِيهَا».,near_exact,0.9973
209,98,Chapter: When entering the market,গ্রাম বা শহরে প্রবেশের দো‘আ,لا إلهَ إلاّ اللّه وحدَهُ لا شريكَ لهُ، لهُ المُلْـكُ ولهُ الحَمْـد، يُحْيـي وَيُميـتُ وَهُوَ حَيٌّ لا يَمـوت، بِيَـدِهِ الْخَـيْرُ وَهوَ على كلّ شيءٍ قدير,«لاَ إِلَهَ إِلاَّ اللَّهُ وَحْدَهُ لاَ شَرِيكَ لَهُ، لَهُ الْمُلْكُ، وَلَهُ الْحَمْدُ، يُحْيِي وَيُمِيتُ، وَهُوَ حَيٌّ لاِ يَمُوتُ، بِيَدِهِ الْخَيْرُ، وَهُوَ عَلَى كُلِّ شَيْءٍ قَدِيرٌ».,exact_match,1.0
210,99,Chapter: When the mounted animal (or mean of transport) stumbles,বাহন হোঁচট খেলে পড়ার দো‘আ,بِسْـمِ اللهِ,«بِسْمِ اللَّهِ».,exact_match,1.0
211,100,Chapter: Supplication of the traveller for the resident,মুক্বীম বা অবস্থানকারীদের জন্য মুসাফিরের দো‘আ,أَسْتَـوْدِعُكُـمُ اللَّهَ الَّذي لا تَضـيعُ وَدائِعُـه,«أَسْتَوْدِعُكُمُ اللَّهَ الَّذِي لاَ تَضِيعُ وَدَائِعُهُ».,exact_match,1.0
212,101,Chapter: Supplication of the resident for the traveller,মুসাফিরের জন্য মুক্বীম বা অবস্থানকারীর দো‘আ,أَسْتَـوْدِعُ اللَّهَ ديـنَكَ وَأَمانَتَـكَ، وَخَـواتيـمَ عَمَـلِك,أَسْتَوْدِعُ اللَّهَ دِينَكَ، وَأَمَانَتَكَ، وَخَوَاتِيمَ عَمَلِكَ».,exact_match,1.0
213,101,Chapter: Supplication of the resident for the traveller,মুসাফিরের জন্য মুক্বীম বা অবস্থানকারীর দো‘আ,زَوَّدَكَ اللَّهُ التقْوى، وَغَفَـرَذَنْـبَكَ، وَيَسَّـرَ لَكَ الخَـيْرَ حَيْـثُما كُنْـت,«زَوَّدَكَ اللَّهُ التَّقْوَى، وَغَفَرَ ذَنْبَكَ، وَيَسَّرَ لَكَ الخَيْرَ حَيْثُ ما كُنْتَ».,near_exact,0.98
214,102,Chapter: Takbir and Tasbih during travel,সফরে চলার সময় তাকবীর ও তাসবীহ,قَالَ جَابِرٌ رضي الله عنه: (كُنَّا إِذَا صَعَدْنَا كَبَّرْنَا، وَإِذَا نَزَلْنَا سَبَّحْنَا),,one_missing,
215,103,Chapter: Prayer of the traveller as dawn approaches,রাত্রির শেষ প্রহরে মুসাফিরের দো‘আ,سَمِـعَ سـامِعٌ بِحَمْـدِ اللهِ وَحُسْـنِ بَلائِـهِ عَلَيْـنا. رَبَّنـا صـاحِبْـنا وَأَفْـضِل عَلَيْـنا عائِذاً باللهِ مِنَ النّـار,«سَمَّعَ سَامِعٌ بِحَمْدِ اللَّهِ، وَحُسْنِ بَلاَئِهِ عَلَيْنَا، رَبَّنَا صاحِبْنَا، وَأَفْضِلْ عَلَيْنَا، عَائِذاً بِاللَّهِ مِنَ النَّارِ».,exact_match,1.0
216,104,Chapter: Stopping or lodging somewhere in travel and otherwise,সফরে বা অন্য অবস্থায় কোনো ঘরে নামলে পড়ার দো‘আ,أَعـوذُ بِكَلِـماتِ اللّهِ التّـامّاتِ مِنْ شَـرِّ ما خَلَـق,«أَعُوذُ بِكَلِمَاتِ اللَّهِ التَّامَّاتِ مِنْ شَرِّ مَا خَلَقَ».,exact_match,1.0
217,105,Chapter: While returning from travel,সফর থেকে ফেরার যিক্‌র,يُكَبِّرُ عَلَى كُلِّ شَرَفٍ ثَلاَثَ تَكْبِيرَاتٍ ثُمَّ يَقُولُ: لاَ إِلَهَ إِلاَّ اللَّهُ وَحْدَهُ لاَ شَرِيكَ لَهُ، لَهُ الْمُلْكُ، وَلَهُ الْحَمْدُ، وَهُوَ عَلَى كُلِّ شَيْءٍ قَدِيرٌ، آيِبُونَ، تَائِبُونَ، عَابِدُونَ، لِرَبِّنا حَامِدُونَ، صَدَقَ اللَّهُ وَعْدَهُ، وَنَصَرَ عَبْدَهُ، وَهَزَمَ الْأَحْزابَ وَحْدَهُ,« لاَ إِلَهَ إِلاَّ اللَّهُ وَحْدَهُ لاَ شَرِيكَ لَهُ، لَهُ الْمُلْكُ، وَلَهُ الْحَمْدُ، وَهُوَ عَلَى كُلِّ شَيْءٍ قَدِيرٌ، آيِبُونَ، تَائِبُونَ، عَابِدُونَ، لِرَبِّنا حَامِدُونَ، صَدَقَ اللَّهُ وَعْدَهُ، وَنَصَرَ عَبْدَهُ، وَهَزَمَ الْأَحْزابَ وَحْدَهُ».,mismatch,0.8869
218,106,Chapter: What to say upon receiving pleasing or displeasing news,আনন্দদায়ক অথবা অপছন্দনীয় কিছুর সম্মুখীন হলে যা বলবে,كَانَ النَّبِيُّ صلى الله عليه وسلم إِذَا أَتَاهُ الْأَمْرُ يَسُرُّهُ قَالَ: (الْحَمْدُ لِلَّهِ الَّذِي بِنِعْمَتِهِ تَتِمُّ الصَّالِحَاتُ) وَإِذَا أَتَاهُ الْأَمْرُ يَكْرَهُهُ قَالَ: (الْحَمْدُ لِلَّهِ عَلَى كُلِّ حَالٍ),«الْحَمْدُ لِلَّهِ الَّذِي بِنِعْمَتِهِ تَتِمُّ الصَّالِحَاتُ» «الْحَمْدُ لِلَّهِ عَلَى كُلِّ حَالٍ».,mismatch,0.582
219,107,Chapter: Excellence of sending prayers upon the Prophet (saws),নবী সাল্লাল্লাহু আলাইহি ওয়াসাল্লাম-এর উপর দরূদ পাঠের ফযীলত,قَالَ النَّبِيُّ صلى الله عليه وسلم: (مَنْ صَلَّى عَلَيَّ صَلاَةً صَلَّى اللَّهُ عَلَيْهِ بِهَا عَشْراً),,one_missing,
220,107,Chapter: Excellence of sending prayers upon the Prophet (saws),নবী সাল্লাল্লাহু আলাইহি ওয়াসাল্লাম-এর উপর দরূদ পাঠের ফযীলত,وَقَالَ صلى الله عليه وسلم: (لاَ تَجْعَلُوا قَبْرِي عِيداً وَصَلُّوا عَلَيَّ؛ فَإِنَّ صَلاَتَكُم تَبْلُغُنِي حَيْثُ كُنْتُمْ),,one_missing,
221,107,Chapter: Excellence of sending prayers upon the Prophet (saws),নবী সাল্লাল্লাহু আলাইহি ওয়াসাল্লাম-এর উপর দরূদ পাঠের ফযীলত,وَقَالَ صلى الله عليه وسلم: (الْبَخِيلُ مَنْ ذُكِرْتُ عِنْدَهُ فَلَمْ يُصَلِّ عَلَيَّ),,one_missing,
222,107,Chapter: Excellence of sending prayers upon the Prophet (saws),নবী সাল্লাল্লাহু আলাইহি ওয়াসাল্লাম-এর উপর দরূদ পাঠের ফযীলত,وَقَالَ صلى الله عليه وسلم:(إِنَّ لِلَّهِ مَلاَئِكَةً سَيَّاحِينَ فِي الْأَرْضِ يُبَلِّغُونِي مِنْ أُمَّتِي السَّلاَمَ),,one_missing,
223,107,Chapter: Excellence of sending prayers upon the Prophet (saws),নবী সাল্লাল্লাহু আলাইহি ওয়াসাল্লাম-এর উপর দরূদ পাঠের ফযীলত,وَقَالَ صلى الله عليه وسلم: (مَا مِنْ أَحَدٍ يُسَلِّمُ عَلَيَّ إِلاَّ رَدَّ اللَّهُ عَلَيَّ رُوحِيَ حَتَّى أَرُدَّ عَلَيْهِ السَّلاَمَ),,one_missing,
224,108,Chapter: Excellence of spreading the Islamic greeting,সালামের প্রসার,قَالَ رَسُولُ اللَّهِ صلى الله عليه وسلم: (لاَ تَدْخُلُوا الْجَنَّةَ حَتَّى تُؤْمِنُوا، وَلاَ تُؤْمِنُوا حَتَّى تَحَابُّوا، أَوَلاَ أَدُلُّكُم عَلَى شَيْءٍ إِذَا فَعَلْتُمُوهُ تَحَابَبْتُم، أَفْشُوا السَّلاَمَ بَيْنَكُمْ),,one_missing,
225,108,Chapter: Excellence of spreading the Islamic greeting,সালামের প্রসার,ثَلاَثٌ مَنْ جَمَعَهُنَّ فَقَدْ جَمَعَ الْإِيمَانَ: الْإِنْصَافُ مِنْ نَفْسِكَ، وَبَذْلُ السَّلاَمِ لِلْعَالَمِ، وَالْإِنْفَاقُ مِنَ الإِقْتَارِ,,one_missing,
226,108,Chapter: Excellence of spreading the Islamic greeting,সালামের প্রসার,وَعَنْ عَبْدِ اللَّهِ بْنِ عُمَرَ رَضِيَ اللَّهُ عَنْهُمَا: أنَّ رَجُلاً سَأَلَ النَّبِيَّ صلى الله عليه وسلم أيُّ الْإِسْلاَمِ خَيْرٌ قَالَ: (تُطْعِمُ الطَّعَامَ، وَتَقْرأُ السَّلاَمَ عَلَى مَنْ عَرَفْتَ وَمَنْ لَمْ تَعْرِفْ),,one_missing,
227,109,Chapter: Returning a greeting to a disbeliever,কাফের সালাম দিলে কীভাবে জবাব দিবে,إذَا سَلَّمَ عَلَيْكُمْ أَهْلُ الْكِتَابِ فَقُولُوا: وَعَلَيْكُمْ,«وَعَلَيْكُمْ»,mismatch,0.2727
228,110,Chapter: Upon hearing a rooster crow or the braying of a donkey,মোরগের ডাক ও গাধার স্বর শুনলে পড়ার দো‘আ,إِذَا سَمِعْتُمْ صِيَاحَ الدِّيَكَةِ فَاسْأَلُوا اللَّهَ مِنْ فَضْلِهِ؛ فَإِنَّهَا رَأَتْ مَلَكاً وَإِذَا سَمِعْتُمْ نَهِيقَ الْحِمَارِ فَتَعَوَّذُوا بِاللَّهِ مِنَ الشَّيطَانِ؛ فَإِنَّهُ رَأَى شَيْطَاناً,,one_missing,
229,111,Chapter: Upon hearing the barking of dogs at night,রাতের বেলায় কুকুরের ডাক শুনলে দো‘আ,إِذَا سَمِعْتُمْ نُبَاحَ الْكِلاَبِ وَنَهِيقَ الْحَمِيرِ بِاللَّيْلِ فَتَعَوَّذُوا بِاللَّهِ مِنْهُنَّ؛ فَإِنَّهُنَّ يَرَيْنَ مَا لاَ تَرَوْنَ,,one_missing,
230,112,Chapter: For one you have insulted,যাকে আপনি গালি দিয়েছেন তার জন্য দো‘আ,"قال صلى الله عليه وسلم: ""اللَّهُم فأيما مؤمن سببته فاجعل ذلك له قربة إليك يوم القيامة""",«اللَّهُمَّ فَأَيُّمَا مُؤْمِنٍ سَبَبْتُهُ فَاجْعَلْ ذَلِكَ لَهُ قُرْبَةً إِلَيْكَ يَوْمَ الْقِيَامَةِ».,mismatch,0.8321
231,113,Chapter: The etiquette of praising a fellow Muslim,কোনো মুসলিম অপর মুসলিমকে প্রশংসা করলে যা বলবে,"قال صلى الله عليه وسلم: ""إِذَا كَانَ أَحَدُكُم مَادِحاً صَاحِبَهُ لاَ مَحَالَةَ فَلْيَقُلْ: أَحْسِبُ فُلاَناً وَاللَّهُ حَسِيبُهُ، وَلاَ أُزَكِّي عَلَى اللَّهِ أَحَداً، أَحْسِبُهُ – إِنْ كَانَ يَعْلَمُ ذَاكَ – كَذَا وَكَذَا""",« أَحْسِبُ فُلاَناً وَاللَّهُ حَسِيبُهُ، وَلاَ أُزَكِّي عَلَى اللَّهِ أَحَداً، أَحْسِبُهُ – إِنْ كَانَ يَعْلَمُ ذَاكَ – كَذَا وَكَذَا».,mismatch,0.7143
232,114,Chapter: For the one that have been praised,কোনো মুসলিমের প্রশংসা করা হলে সে যা বলবে,,«اللَّهُمَّ لاَ تُؤَاخِذْنِي بِمَا يَقُولُونَ، وَاغْفِرْ لِي مَا لاَ يَعْلَمُونَ، [وَاجْعَلْنِي خَيْراً مِمَّا يَظُّنُّونَ]».,one_missing,
233,115,Chapter: The Talbiya for the one doing Hajj or 'Umrah,হজ্জ বা উমরায় মুহরিম ব্যক্তি কিভাবে তালবিয়াহ পড়বে,لَبَّيْكَ اللَّهُمَّ لَبَّيْكَ، لَبَّيْكَ لاَ شَرِيكَ لَكَ لَبَّيْكَ، إِنَّ الْحَمْدَ والنِّعْمَة لَكَ والمُلْكُ، لَا شَرِيكَ لَكَ,«لَبَّيْكَ اللَّهُمَّ لَبَّيْكَ، لَبَّيْكَ لاَ شَرِيكَ لَكَ لَبَّيْكَ، إِنَّ الْحَمْدَ، وَالنِّعْمَةَ، لَكَ وَالْمُلْكَ، لاَ شَرِيكَ لَكَ».,exact_match,1.0
234,116,Chapter: The Takbîr passing the black stone,হাজরে আসওয়াদের কাছে আসলে তাকবীর বলা,طَافَ النَّبيُّ صلى الله عليه وسلم بِالْبَيْتِ عَلَى بَعِيرٍ كُلَّمَا أَتَى الرُّكْنَ أَشَارَ إِلَيْهِ بِشَيْءٍ عِنْدَهُ وَكَبَّرَ,,one_missing,
235,117,Chapter: Between the Yemeni corner and the black stone,রুকনে ইয়ামানী ও হাজরে আসওয়াদের মাঝে দো‘আ,﴿رَبَّنَا آتِنَا في الدُّنْيَا حسَنَةً وفي الآخِرَةِ حسَنةً وقِنَا عذَابَ النَّارِ﴾,«﴿ رَبَّنَآ اٰتِنَا فِي الدُّنْيَا حَسَنَةً وَّفِي الْاٰخِرَةِ حَسَـنَةً وَّقِنَا عَذَابَ النَّارِ ٢٠١؁ ﴾».,close_match,0.9431
236,118,Chapter: When at Mount Safa and Mount Marwah,সাফা ও মারওয়ায় দাঁড়িয়ে যা পড়বে,"(لَمَّا دَنَا النَّبِيُّ صلى الله عليه وسلم مِنَ الصَّفَا قَرَأَ: ﴿إِنَّ الصَّفَا وَالْمَرْوَةَ مِنْ شَعَآئِرِ اللَّهِ﴾ ""أَبْدَأُ بِمَا بَدَأَ اللَّهُ بِهِ"" فَبَدَأَ بِالصَّفَا فَرَقِيَ عَلَيْهِ حَتَّى رَأَى الْبَيْتَ، فَاسْتَقْبَلَ الْقِبْلَةَ، فَوَحَّدَ اللَّهَ وَكبَّرَهُ وَقَالَ: لاَ إِلَهَ إِلاَّ اللَّهُ وَحْدَهُ لاَ شَرِيكَ لَهُ، لَهُ الْمُلْكُ وَلَهُ الْحَمْدُ وَهُوَ عَلَى كُلِّ شَيْءٍ قَدِيرٌ، لاَ إِلَهَ إِلاَّ اللَّهُ وَحْدَهُ، أَنْجَزَ وَعْدَهُ، وَنَصَرَ عَبْدَهُ، وَهَزَمَ الْأَحْزَابَ وَحْدَهُ، ثُمَّ دَعَا بَيْنَ ذلكَ. قَالَ مِثْلَ هَذَا ثَلاَثَ مَرَّاتٍ) الْحَدِيثُ. وَفِيهِ: (فَفَعَلَ عَلَى الْمَرْوَةِ كَمَا فَعَلَ عَلَى الصَّفَا)",«﴿إِنَّ الصَّفَا وَالْمَرْوَةَ مِنْ شَعَآئِرِ اللَّهِ﴾» «لاَ إِلَهَ إِلاَّ اللَّهُ وَحْدَهُ لاَ شَرِيكَ لَهُ، لَهُ الْمُلْكُ وَلَهُ الْحَمْدُ وَهُوَ عَلَى كُلِّ شَيْءٍ قَدِيرٌ، لاَ إِلَهَ إِلاَّ اللَّهُ وَحْدَهُ، أَنْجَزَ وَعْدَهُ، وَنَصَرَ عَبْدَهُ، وَهَزَمَ الْأَحْزَابَ وَحْدَهُ».,mismatch,0.5934
237,119,Chapter: The Day of 'Arafah,আরাফাতের দিনে দো‘আ,خير الدعاء دعاء يوم عرفة ، وخيرُ ما قلت أنا والنبيُّون من قبلي : لا إله إلا الله وحدهُ لا شريك لهُ ، لهُ الملكُ ولهُ الحمدُ وهو على كل شيء قدير.,« لاَ إِلَهَ إِلاَّ اللَّهُ وَحْدَهُ لاَ شَرِيكَ لَهُ، لَهُ الْمُلْكُ وَلَهُ الْحَمْدُ وَهُوَ عَلَى كُلِّ شَيْءٍ قَدِيرٌ».,mismatch,0.7071
238,120,Chapter: Remembrance at Muzdalifa,মাশ‘আরুল হারাম তথা মুযদালিফায় যিক্‌র,رَكِبَ صلى الله عليه وسلم الْقَصْوَاءَ حَتَّى أَتَى الْمَشْعَرَ الْحَرَامَ فَاسْتَقْبَلَ الْقِبْلَةَ (فَدَعَاهُ، وَكَبَّرَهُ، وَهَللَّهُ، وَوَحَّدَهُ) فَلَمْ يَزَلْ وَاقِفاً حَتَّى أَسْفَرَ جِدَّاً فَدَفَعَ قَبْلَ أَنْ تَطْلُعَ الشَّمسُ.,,one_missing,
239,121,Chapter: Takbir when throwing each pebble at the Jamarat,জামরাসমূহে প্রত্যেক কংকর নিক্ষেপকালে তাকবীর বলা,يُكَبِّرُ كُلَّمَا رَمَى بِحَصَاةٍ عِنْدَ الْجِمَارِ الثَّلاَثِ، ثُمَّ يَتَقَدَّمُ، ويَقِفُ يَدْعُو مُسْتَقْبِلَ الْقِبلَةِ، رَافِعاً يَدَيْهِ بَعْدَ الْجَمْرَةِ الْأُولَى وَالثَّانِيَةِ. أَمَّا جَمْرَةُ الْعَقَبَةِ فَيَرْمِيهَا وَيُكَبِّرُ عِنْدَ كُلِّ حَصَاةٍ وَيَنْصَرِفُ وَلاَ يَقِفُ عِنْدَهَا,,one_missing,
240,122,Chapter: At times of amazement and that which delights,আশ্চর্যজনক ও আনন্দজনক বিষয়ের পর দো‘আ,سُـبْحانَ الله,«سُبْحَانَ اللَّهِ!».,exact_match,1.0
241,122,Chapter: At times of amazement and that which delights,আশ্চর্যজনক ও আনন্দজনক বিষয়ের পর দো‘আ,اللهُ أَكْـبَر,«اللَّهُ أَكْبَرُ!».,exact_match,1.0
242,123,Chapter: Upon receiving pleasant news,আনন্দদায়ক কোনো সংবাদ আসলে যা করবে,كَانَ النَّبيُّ صلى الله عليه وسلم إِذَا أَتَاهُ أَمْرٌ يَسُرُّهُ أَوْ يُسَرُّ بِهِ خَرَّ سَاجِداً شُكْراً لِلَّهِ تَبَارَكَ وَتَعَالَى,,one_missing,
243,124,Chapter: When feeling some pain in the body,শরীরে কোনো ব্যথা অনুভব করলে যা করবে ও বলবে,"ضَعْ يَدَكَ عَلَى الَّذِي تَألَّمَ مِنْ جَسَدِكَ وَقُلْ: ""بِسْمِ اللَّهِ"" ثَلاَثاً، وَقُلْ سَبْعَ مَرَّاتٍ: ""أَعُوذُ بِاللَّهِ وَقُدْرَتِهِ مِنْ شَرِّ مَا أَجِدُ وَأُحَاذِرُ""",«بِسْمِ اللَّهِ» «أَعُوذُ بِاللَّهِ وَقُدْرَتِهِ مِنْ شَرِّ مَا أَجِدُ وَأُحَاذِرُ».,mismatch,0.6389
244,125,Chapter: When in fear of afflicting something with an (evil) eye from oneself,কোনো কিছুর উপর নিজের চোখ লাগার ভয় থাকলে দো‘আ,,,both_missing,
245,126,Chapter: When startled,ভীত অবস্থায় যা বলবে,لا إلهَ إلاّ اللّهُ,«لاَ إِلَهَ إِلاَّ اللَّهُ!».,exact_match,1.0
246,127,Chapter: When slaughtering or offering a sacrifice,পশু যবেহ বা নাহর করার সময় যা বলবে,,«بِسْمِ اللَّهِ وَاللَّهُ أَكْبَرُ [اللَّهُمَّ مِنْكَ وَلَكَ] اللَّهُمَّ تَقَبَّلْ مِنِّي».,one_missing,
247,128,Chapter: To ward off the plot of the rebellious devils,দুষ্ট শয়তানদের ষড়যন্ত্র প্রতিহত করতে যা বলবে,أَعُوذُ بكَلِمَاتِ اللهِ التَّامَّاتِ الَّتِي لَا يُجَاوِزُهُنَّ بَرٌّ ولَا فَاجرٌ مِنْ شّرِّ مَا خَلقَ، وبَرَأَ وذَرَأَ، ومِنْ شَرِّ مَا يَنْزِلُ مِنَ السَّمَاءِ وِمنْ شَرِّ مَا يَعْرُجُ فيهَا، ومِن شَرِّ مَا ذَرَأَ في الأَرْضِ ومِنْ شَرِّ مَا يَخْرُجُ مِنْهَا، وِمنْ شَرِّ فِتَنِ اللَّيْلِ والنَّهارِ، ومِنْ شَرِّ كُلِّ طارِقٍ إِلَّا طَارِقاً يَطْرُقُ بخَيْرٍ يَا رَحْمَنُ,«أَعُوذُ بكَلِمَاتِ اللَّهِ التَّامَّاتِ الَّتِي لاَ يُجَاوِزُهُنَّ بَرٌّ وَلاَ فَاجِرٌ: مِنْ شَرِّ مَا خَلَقَ، وَبَرَأَ وَذَرَأَ، وَمِنْ شَرِّ مَا يَنْزِلُ مِنَ السَّمَاءِ، وَمِنْ شَرِّ مَا يَعْرُجُ فيهَا، وَمِنْ شَرِّ مَا ذَرَأَ فِي الْأَرْضِ، وَمِنْ شَرِّ مَا يَخْرُجُ مِنْهَا، وَمِنْ شَرِّ فِتَنِ اللَّيْلِ وَالنَّهَارِ، وَمِنْ شَرِّ كُلِّ طَارِقٍ إِلاَّ طَارِقاً يَطْرُقُ بِخَيْرٍ يَا رَحْمَنُ».,exact_match,1.0
248,129,Chapter: Seeking forgiveness and repentance,ক্ষমাপ্রার্থনা ও তাওবা করা,"قَالَ رَسُولُ اللَّهِ صلى الله عليه وسلم: ""وَاللَّهِ إِنِّي لأَسْتَغفِرُ اللَّهَ وَأَتُوبُ إِلَيْهِ فِي الْيَوْمِ أَكْثَرَ مِنْ سَبْعِينَ مَرَّةٍ""",,one_missing,
249,129,Chapter: Seeking forgiveness and repentance,ক্ষমাপ্রার্থনা ও তাওবা করা,وَقَالَ صلى الله عليه وسلم: (يَا أَيُّهَا النَّاسُ تُوبُوا إِلَى اللَّهِ فَإِنِّي أَتُوبُ فِي الْيَوْمِ إِلَيْهِ مِائَةَ مَرَّةٍ),,one_missing,
250,129,Chapter: Seeking forgiveness and repentance,ক্ষমাপ্রার্থনা ও তাওবা করা,وَقَالَ صلى الله عليه وسلم: مَنْ قَالَ (أَسْتَغْفِرُ اللَّهَ الْعَظيمَ الَّذِي لاَ إِلَهَ إِلاَّ هُوَ الْحَيُّ القَيّوُمُ وَأَتُوبُ إِلَيهِ)، غَفَرَ اللَّهُ لَهُ وَإِنْ كَانَ فَرَّ مِنَ الزَّحْفِ.,«أَسْتَغْفِرُ اللَّهَ الْعَظيمَ الَّذِي لاَ إِلَهَ إِلاَّ هُوَ الْحَيُّ القَيّوُمُ وَأَتُوبُ إِلَيهِ».,mismatch,0.6557
251,129,Chapter: Seeking forgiveness and repentance,ক্ষমাপ্রার্থনা ও তাওবা করা,وَقَالَ صلى الله عليه وسلم: أَقْرَبُ مَا يَكُونُ الرَّبُّ مِنَ الْعَبْدِ فِي جَوْفِ اللَّيْلِ الآخِرِ فَإِنِ اسْتَطَعْتَ أَنْ تَكُونَ مِمَّنْ يَذْكُرُ اللَّهَ فِي تِلْكَ السَّاعَةِ فَكُنْ,,one_missing,
252,129,Chapter: Seeking forgiveness and repentance,ক্ষমাপ্রার্থনা ও তাওবা করা,.وَقَالَ صلى الله عليه وسلم: أَقْرَبُ مَا يَكُونُ الْعَبْدُ مِنْ رَبِّهِ وَهُوَ سَاجِدٌ فَأَكثِرُوا الدُّعَاءَ.,,one_missing,
253,129,Chapter: Seeking forgiveness and repentance,ক্ষমাপ্রার্থনা ও তাওবা করা,.وَقَالَ صلى الله عليه وسلم: إِنَّهُ لَيُغَانُ عَلَى قَلْبِي وَإِنِّي لأَسْتَغْفِرُ اللَّهَ فِي الْيَوْمِ مِائَةَ مَرَّةٍ.,,one_missing,
254,130,"Chapter: Excellence of Tasbih, Tahmid, Tahlil, and Takbir","তাসবীহ, তাহমীদ, তাহলীল ও তাকবীর -এর ফযীলত",قَالَ صلى الله عليه وسلم: مَنْ قَالَ (سُبْحَانَ اللَّهِ وَبِحَمْدِهِ) فِي يَوْمٍ مِائَةَ مَرَّةٍ حُطَّتْ خَطَايَاهُ وَلَوْ كَانَتْ مِثْلَ زَبَدِ الْبَحْر.,«سُبْحَانَ اللَّهِ وَبِحَمْدِهِ».,mismatch,0.2982
255,130,"Chapter: Excellence of Tasbih, Tahmid, Tahlil, and Takbir","তাসবীহ, তাহমীদ, তাহলীল ও তাকবীর -এর ফযীলত",وَقَالَ صلى الله عليه وسلم: مَنْ قَالَ (لاَ إِلَهَ إِلاَّ اللَّهُ وَحْدَهُ لاَ شَرِيكَ لَهُ، لَهُ الْمُلْكُ، وَلَهُ الْحَمْدُ، وَهُوَ عَلَى كُلِّ شَيْءٍ قَدِيرٌ) عَشْرَ مِرَارٍ، كَانَ كَمَنْ أَعْتَقَ أَرْبَعَةَ أَنْفُسٍ مِنْ وَلَدِ إِسْمَاعِيلَ,«لاَ إِلَهَ إِلاَّ اللَّهُ وَحْدَهُ لاَ شَرِيكَ لَهُ، لَهُ الْمُلْكُ، وَلَهُ الْحَمْدُ، وَهُوَ عَلَى كُلِّ شَيْءٍ قَدِيرٌ».,mismatch,0.6393
256,130,"Chapter: Excellence of Tasbih, Tahmid, Tahlil, and Takbir","তাসবীহ, তাহমীদ, তাহলীল ও তাকবীর -এর ফযীলত",وَقَالَ صلى الله عليه وسلم: كَلِمَتَانِ خَفِيفَتَانِ عَلَى اللِّسَانِ، ثَقِيلَتَانِ فِي الْمِيزَانِ، حَبِيبَتَانِ إِلَى الرَّحْمَنِ: (سُبْحَانَ اللَّهِ وَبِحَمْدِهِ)، (سُبْحانَ اللَّهِ الْعَظِيمِ),«سُبْحَانَ اللَّهِ وَبِحَمْدِهِ، سُبْحانَ اللَّهِ الْعَظِيمِ».,mismatch,0.443
257,130,"Chapter: Excellence of Tasbih, Tahmid, Tahlil, and Takbir","তাসবীহ, তাহমীদ, তাহলীল ও তাকবীর -এর ফযীলত",وَقَالَ صلى الله عليه وسلم: لَأَنْ أَقُولَ (سُبْحَانَ اللَّهِ، وَالْحَمْدُ لِلَّهِ، وَلاَ إِلَهَ إِلاَّ اللَّهُ، وَاللَّهُ أَكْبَرُ)، أَحَبُّ إِلَيَّ مِمَّا طَلَعَتْ عَلَيْهِ الشَّمسُ.,,one_missing,
258,130,"Chapter: Excellence of Tasbih, Tahmid, Tahlil, and Takbir","তাসবীহ, তাহমীদ, তাহলীল ও তাকবীর -এর ফযীলত",وَقَالَ صلى الله عليه وسلم: أَيَعْجِزُ أَحَدُكُم أَنْ يَكْسِبَ كُلَّ يَوْمٍ أَلْفَ حَسَنَةٍ؟ فَسَأَلَهُ سَائِلٌ مِنْ جُلَسَائِهِ كَيْفَ يَكْسِبُ أَحَدُنَا أَلْفَ حَسَنَةٍ؟ قَالَ: يُسَبِّحُ مِائَةَ تَسْبِيحَةٍ، فَيُكتَبُ لَهُ أَلْفُ حَسَنَةٍ أَوْ يُحَطُّ عَنْهُ أَلْفُ خَطِيئَةٍ.,,one_missing,
259,130,"Chapter: Excellence of Tasbih, Tahmid, Tahlil, and Takbir","তাসবীহ, তাহমীদ, তাহলীল ও তাকবীর -এর ফযীলত",مَنْ قَالَ (سُبْحَانَ اللَّهِ الْعَظِيمِ وَبِحَمْدِهِ) غُرِسَتْ لَهُ نَخْلَةٌ فِي الْجَنَّةِ,« سُبْحَانَ اللَّهِ الْعَظِيمِ وَبِحَمْدِهِ ».,mismatch,0.6234
260,130,"Chapter: Excellence of Tasbih, Tahmid, Tahlil, and Takbir","তাসবীহ, তাহমীদ, তাহলীল ও তাকবীর -এর ফযীলত",وَقَالَ صلى الله عليه وسلم: يَا عَبْدَ اللَّهِ بْنَ قَيْسٍ أَلاَ أَدُلُّكَ عَلَى كَنْزٍ مِنْ كُنُوزِ الْجَنَّةِ؟ فَقُلْتُ: بَلَى يَا رَسُولَ اللَّهِ، قَالَ: قُلْ (لاَ حَوْلَ وَلاَ قُوَّةَ إِلاَّ بِاللَّهِ).,«لاَ حَوْلَ وَلاَ قُوَّةَ إِلاَّ بِاللَّهِ».,mismatch,0.3179
261,130,"Chapter: Excellence of Tasbih, Tahmid, Tahlil, and Takbir","তাসবীহ, তাহমীদ, তাহলীল ও তাকবীর -এর ফযীলত",وَقَالَ صلى الله عليه وسلم: أَحَبُّ الْكَلاَمِ إِلَى اللَّهِ أَرْبَعٌ: (سُبْحَانَ اللَّهِ)، وَ(الْحَمْدُ لِلَّهِ)، وَ(لاَ إِلَهَ إِلاَّ اللَّهُ)، وَ(اللَّهُ أَكْبَرُ)، لاَ يَضُرُّكَ بِأَيِّهِنَّ بَدَأتَ,«سُبْحَانَ اللَّهِ، وَالْحَمْدُ لِلَّهِ، وَلاَ إِلَهَ إِلاَّ اللَّهُ، وَاللَّهُ أَكْبَرُ».,mismatch,0.5799
262,130,"Chapter: Excellence of Tasbih, Tahmid, Tahlil, and Takbir","তাসবীহ, তাহমীদ, তাহলীল ও তাকবীর -এর ফযীলত",جَاءَ أَعْرَابِيٌّ إِلَى رَسُولِ اللَّهِ صلى الله عليه وسلم فَقَالَ: عَلِّمْنِي كَلاماً أَقُولُهُ: قَالَ: قُلْ (لاَ إِلَهَ إِلاَّ اللَّهُ وَحْدَهُ لاَ شَرِيكَ لَهُ، اللَّهُ أَكْبَرُ كَبِيراً، وَالْحَمْدُ لِلَّهِ كَثِيراً، سُبْحَانَ اللَّهِ رَبِّ العَالَمِينَ، لاَ حَوْلَ وَلاَ قُوَّةَ إِلاَّ بِاللَّهِ الْعَزِيزِ الْحَكِيمِ). قَالَ: فَهَؤُلاَءِ لِرَبِّي، فَمَا لِي؟ قَالَ: قُلْ (اللَّهُمَّ اغْفِرْ لِي، وَارْحَمْنِي، وَاهْدِنِي، وَارْزُقْنِي).,«لاَ إِلَهَ إِلاَّ اللَّهُ وَحْدَهُ لاَ شَرِيكَ لَهُ، اللَّهُ أَكْبَرُ كَبِيراً، وَالْحَمْدُ لِلَّهِ كَثِيراً، سُبْحَانَ اللَّهِ رَبِّ العَالَمِينَ، لاَ حَوْلَ وَلاَ قُوَّةَ إِلاَّ بِاللَّهِ الْعَزِيزِ الْحَكِيمِ» «اللَّهُمَّ اغْفِرْ لِي، وَارْحَمْنِي، وَاهْدِنِي، وَارْزُقْنِي».,mismatch,0.7581
263,130,"Chapter: Excellence of Tasbih, Tahmid, Tahlil, and Takbir","তাসবীহ, তাহমীদ, তাহলীল ও তাকবীর -এর ফযীলত",كَانَ الرَّجُلُ إِذَا أَسْلَمَ عَلَّمَهُ النَّبيُّ صلى الله عليه وسلم الصَّلاَةَ ثُمَّ أَمَرَهُ أَنْ يَدْعُوَ بِهَؤُلاَءِ الْكَلِمَاتِ: (اللَّهُمَّ اغْفِرِ لِي، وَارْحَمْنِي، وَاهْدِنِي، وَعَافِنِي وَارْزُقْنِي),«اللَّهُمَّ اغْفِرِ لِي، وَارْحَمْنِي، وَاهْدِنِي، وَعَافِنِي وَارْزُقْنِي».,mismatch,0.4971
264,130,"Chapter: Excellence of Tasbih, Tahmid, Tahlil, and Takbir","তাসবীহ, তাহমীদ, তাহলীল ও তাকবীর -এর ফযীলত",إِنَّ أَفْضَلَ الدُّعَاءِ (الْحَمْدُ لِلَّهِ)، وَأَفْضَلَ الذِّكْرِ (لاَ إِلَهَ إِلاَّ اللَّهُ),«الْحَمْدُ لِلَّهِ» «لاَ إِلَهَ إِلاَّ اللَّهُ»,mismatch,0.6494
265,130,"Chapter: Excellence of Tasbih, Tahmid, Tahlil, and Takbir","তাসবীহ, তাহমীদ, তাহলীল ও তাকবীর -এর ফযীলত",الباقيات الصالحات : (سبحان الله) و(الحمد لله )، و(لا إله إلا الله)، و(الله أكبر) ،و (لا حول ولا قوة إلا بالله).,«سُبْحَانَ اللَّهِ، وَالْحَمْدُ لِلَّهِ، وَلاَ إِلَهَ إِلاَّ اللَّهُ، وَاللَّهُ أَكْبَرُ، وَلاَ حَوْلَ وَلاَ قُوَّةَ إِلاَّ بِاللَّهِ».,mismatch,0.8721
266,131,Chapter: How the Prophet ﷺ made tasbeeh,কীভাবে নবী সাল্লাল্লাহু আলাইহি ওয়াসাল্লাম তাসবীহ পাঠ করতেন?,عَنْ عَبْدِ اللَّهِ بْنِ عَمْرٍو رضي الله عنهما قَالَ: رَأَيْتُ النَّبيَّ صلى الله عليه وسلم يَعْقِدُ التَّسْبِيحَ بِيَمِينِهِ.,,one_missing,
267,132,Chapter: Comprehensive types of good and manners,কীভাবে নবী সাল্লাল্লাহু আলাইহি ওয়াসাল্লাম তাসবীহ পাঠ করতেন?,إِذَا كَانَ جُنْحُ اللَّيْلِ – أَوْ أَمْسَيْتُم – فَـكُفُّوا صِبْيانَـكُم، فَإِنَّ الشَّيَاطِينَ تَنْتَشِرُ حِينَئِذٍ، فَإِذَا ذَهَبَ سَاعَةٌ مِنَ اللَّيلِ فَخَلُّوهُمْ، وَأَغْلِقُوا الأَبْوَابَ وَاذْكُرُوا اسْمَ اللَّهِ؛ فَإِنَّ الشَّيطَانَ لاَ يَفْتَحُ بَاباً مُغلَقاً، وَأَوْكُوا قِرَبَكُمْ، وَاذْكُرُوا اسْمَ اللَّهِ، وَخَمِّرُوا آنِيَتَكُم، وَاذْكُرُوا اسْمَ اللَّهِ، وَلَوْ أَنْ تَعْرُضُوا عَلَيْهَا شَيْئاً، وَأَطْفِئُوا مَصَابِيحَكُمْ.,,one_missing,
