dua_id,chapter_number,chapter_en,chapter_ar,chapter_number_bn,chapter_bn,transliteration_en,english_translation,transliteration_bn,bengali_translation,arabic_sunnah,arabic_hadithbd,reference,references_bn,notes,notes_bn,arabic_match_status,arabic_match_score,raw_block_sunnah,raw_block_hadithbd
1,1,Chapter: When waking up,أذكار الاستيقاظ من النوم,1.0,ঘুম থেকে জেগে উঠার সময়ের যিক্‌রসমূহ,Alḥamdu lillāhil-ladhī 'aḥyānā ba`da mā 'amātanā wa 'ilayhin-nushūr.,Praise is to Allah Who gives us life after He has caused us to die and to Him is the return.,আলহামদু লিল্লা-হিল্লাযী আহ্ইয়া-না- বা‘দা মা- আমা-তানা- ওয়া ইলাইহিন্ নুশূর,"“হামদ-প্রশংসা আল্লাহ্‌র জন্য, যিনি (নিদ্রারূপ) মৃত্যুর পর আমাদেরকে জীবিত করলেন, আর তাঁরই নিকট সকলের পুনরুত্থান”[1]।",الحَمْـدُ لِلّهِ الّذي أَحْـيانا بَعْـدَ ما أَماتَـنا وَإليه النُّـشور,«الْحَمْدُ لِلَّهِ الَّذِيْ أَحْيَانَا بَعْدَ مَا أَمَاتَنَا، وَإِلَيْهِ النُّشُوْرُ».,"Al-Bukhari, cf. Al-Asqalani, Fathul-Bari 11/113; Muslim 4/2083",,,,exact_match,1.0,"[""Alḥamdu lillāhil-ladhī 'aḥyānā ba`da mā 'amātanā wa 'ilayhin-nushūr."", 'Praise is to Allah Who gives us life after He has caused us to die and to Him is the return.', 'Al-Bukhari, cf. Al-Asqalani, Fathul-Bari 11/113; Muslim 4/2083', 'الحَمْـدُ لِلّهِ الّذي أَحْـيانا بَعْـدَ ما أَماتَـنا وَإليه النُّـشور']","['«الْحَمْدُ لِلَّهِ الَّذِيْ أَحْيَانَا بَعْدَ مَا أَمَاتَنَا، وَإِلَيْهِ النُّشُوْرُ».', '(আলহামদু লিল্লা-হিল্লাযী আহ্ইয়া-না- বা‘দা মা- আমা-তানা- ওয়া ইলাইহিন্ নুশূর)', '“হামদ-প্রশংসা আল্লাহ্\u200cর জন্য, যিনি (নিদ্রারূপ) মৃত্যুর পর আমাদেরকে জীবিত করলেন, আর তাঁরই নিকট সকলের পুনরুত্থান”[1]।']"
2,1,Chapter: When waking up,أذكار الاستيقاظ من النوم,1.0,ঘুম থেকে জেগে উঠার সময়ের যিক্‌রসমূহ,"Lā 'ilāha 'illallāhu waḥdahu la sharīka lahu, lahul-mulku wa lahul-ḥamdu, wa huwa 'alā kulli shay'in qadīr Subḥānallāhi, walḥamdu lillāhi, wa lā 'ilāha 'illallāhu, wallāhu 'akbar, wa lā ḥaula wa lā quwwata 'illā billāhil-`aliyyil-`aẓīm, rabbighfir lī.","There is none worthy of worship but Allah alone, Who has no partner, His is the dominion and to Him belongs all praise, and He is able to do all things. Glory is to Allah. Praise is to Allah. There is none worthy of worship but Allah. Allah is the Most Great. There is no might and no power except by Allah's leave, the Exalted, the Mighty. My Lord, forgive me.","লা ইলা-হা ইল্লাল্লা-হু ওয়াহ্‌দাহূ লা- শারীকালাহূ, লাহুল মুলকু, ওয়ালাহুল হামদু, ওয়াহুয়া ‘আলা কুল্লি শায়ইন ক্বাদীর। সুবহা-নাল্লাহি, ওয়ালহামদু লিল্লাহি, ওয়া লা ইলা-হা ইল্লাল্লা-হু, ওয়াল্লা-হু আকবার, ওয়া লা- হাওলা ওয়ালা- কুওয়াতা ইল্লা- বিল্লা-হিল ‘আলিয়্যিল ‘আযীম, রাব্বিগফির লী","“একমাত্র আল্লাহ ছাড়া কোনো হক্ব ইলাহ নেই, তাঁর কোনো শরীক নেই; রাজত্ব তাঁরই, প্রশংসাও তাঁরই; আর তিনি সকল কিছুর ওপর ক্ষমতাবান। আল্লাহ পবিত্র-মহান। সকল হামদ-প্রশংসা আল্লাহ্‌র। আল্লাহ ছাড়া কোনো হক্ব ইলাহ নেই। আল্লাহ সবচেয়ে বড়। সুউচ্চ সুমহান আল্লাহর সাহায্য ছাড়া (পাপ কাজ থেকে দূরে থাকার) কোনো উপায় এবং (সৎকাজ করার) কোনো শক্তি কারো নেই। হে রব্ব ! আমাকে ক্ষমা করুন”।[2]",لا إلهَ إلاّ اللّهُ وَحْـدَهُ لا شَـريكَ له، لهُ المُلـكُ ولهُ الحَمـد، وهوَ على كلّ شيءٍ قدير، سُـبْحانَ اللهِ، والحمْـدُ لله، ولا إلهَ إلاّ اللهُ واللهُ أكبَر، وَلا حَولَ وَلا قوّة إلاّ باللّهِ العليّ العظيم، رَبِّ اغْفرْ لي,«لاَ إِلَهَ إِلاَّ اللَّهُ وَحْدَهُ لاَ شَريكَ لَهُ، لَهُ الْمُلْكُ وَلَهُ الْحَمْدُ، وَهُوَ عَلَى كُلِّ شَيْءٍ قَدِيرٌ، سُبْحَانَ اللَّهِ، وَالْحَمْدُ للَّهِ، وَلاَ إِلَهَ إِلاَّ اللَّهُ، وَاللَّهُ أَكبَرُ، وَلاَ حَوْلَ وَلاَ قُوَّةَ إِلاَّ بِاللَّهِ الْعَلِيِّ الْعَظِيمِ» «رَبِّ اغْفرْ لِي».,"Whoever says this will be forgiven, and if he supplicates Allah, his prayer will be answered; if he performs ablution and prays, his prayer will be accepted. Al-Bukhari, cf. Al-Asqalani, Fathul-Bari 3/39, among others. The wording here is from Ibn Majah 2/335.",,,,exact_match,1.0,"[""Lā 'ilāha 'illallāhu waḥdahu la sharīka lahu, lahul-mulku wa lahul-ḥamdu, wa huwa 'alā kulli shay'in qadīr Subḥānallāhi, walḥamdu lillāhi, wa lā 'ilāha 'illallāhu, wallāhu 'akbar, wa lā ḥaula wa lā quwwata 'illā billāhil-`aliyyil-`aẓīm, rabbighfir lī."", ""There is none worthy of worship but Allah alone, Who has no partner, His is the dominion and to Him belongs all praise, and He is able to do all things. Glory is to Allah. Praise is to Allah. There is none worthy of worship but Allah. Allah is the Most Great. There is no might and no power except by Allah's leave, the Exalted, the Mighty. My Lord, forgive me."", 'Whoever says this will be forgiven, and if he supplicates Allah, his prayer will be answered; if he performs ablution and prays, his prayer will be accepted. Al-Bukhari, cf. Al-Asqalani, Fathul-Bari 3/39, among others. The wording here is from Ibn Majah 2/335.', 'لا إلهَ إلاّ اللّهُ وَحْـدَهُ لا شَـريكَ له، لهُ المُلـكُ ولهُ الحَمـد، وهوَ على كلّ شيءٍ قدير، سُـبْحانَ اللهِ، والحمْـدُ لله، ولا إلهَ إلاّ اللهُ واللهُ أكبَر، وَلا حَولَ وَلا قوّة إلاّ باللّهِ العليّ العظيم، رَبِّ اغْفرْ لي']","['«لاَ إِلَهَ إِلاَّ اللَّهُ وَحْدَهُ لاَ شَريكَ لَهُ، لَهُ الْمُلْكُ وَلَهُ الْحَمْدُ، وَهُوَ عَلَى كُلِّ شَيْءٍ قَدِيرٌ، سُبْحَانَ اللَّهِ، وَالْحَمْدُ للَّهِ، وَلاَ إِلَهَ إِلاَّ اللَّهُ، وَاللَّهُ أَكبَرُ، وَلاَ حَوْلَ وَلاَ قُوَّةَ إِلاَّ بِاللَّهِ الْعَلِيِّ الْعَظِيمِ» «رَبِّ اغْفرْ لِي».', '(লা ইলা-হা ইল্লাল্লা-হু ওয়াহ্\u200cদাহূ লা- শারীকালাহূ, লাহুল মুলকু, ওয়ালাহুল হামদু, ওয়াহুয়া ‘আলা কুল্লি শায়ইন ক্বাদীর। সুবহা-নাল্লাহি, ওয়ালহামদু লিল্লাহি, ওয়া লা ইলা-হা ইল্লাল্লা-হু, ওয়াল্লা-হু আকবার, ওয়া লা- হাওলা ওয়ালা- কুওয়াতা ইল্লা- বিল্লা-হিল ‘আলিয়্যিল ‘আযীম, রাব্বিগফির লী)।', '“একমাত্র আল্লাহ ছাড়া কোনো হক্ব ইলাহ নেই, তাঁর কোনো শরীক নেই; রাজত্ব তাঁরই, প্রশংসাও তাঁরই; আর তিনি সকল কিছুর ওপর ক্ষমতাবান। আল্লাহ পবিত্র-মহান। সকল হামদ-প্রশংসা আল্লাহ্\u200cর। আল্লাহ ছাড়া কোনো হক্ব ইলাহ নেই। আল্লাহ সবচেয়ে বড়। সুউচ্চ সুমহান আল্লাহর সাহায্য ছাড়া (পাপ কাজ থেকে দূরে থাকার) কোনো উপায় এবং (সৎকাজ করার) কোনো শক্তি কারো নেই। হে রব্ব ! আমাকে ক্ষমা করুন”।[2]']"
3,1,Chapter: When waking up,أذكار الاستيقاظ من النوم,1.0,ঘুম থেকে জেগে উঠার সময়ের যিক্‌রসমূহ,"Al-ḥamdu lillāhil-ladhī `āfānī fī jasadī, wa radda `alayya rūḥī, wa 'adhina lī bidhikrihi.",Praise is to Allah Who gave strength to my body and returned my soul to me and permitted me to remember Him.,"আল্‌হামদু লিল্লা-হিল্লাযী ‘আ-ফা-নী ফী জাসাদী, ওয়ারদ্দা ‘আলাইয়্যা রূহী ওয়া আযিনা লী বিযিকরিহী","“সকল হামদ-প্রশংসা আল্লাহ্‌র জন্য, যিনি আমার দেহকে নিরাপদ করেছেন, আমার রূহকে আমার নিকট ফেরত দিয়েছেন এবং আমাকে তাঁর যিক্‌র করার অনুমতি (সুযোগ) দিয়েছেন”[3]।",الحمدُ للهِ الذي عافاني في جَسَدي وَرَدّ عَليّ روحي وَأَذِنَ لي بِذِكْرِه,«الْحَمْدُ لِلَّهِ الَّذِي عَافَانِي فِي جَسَدِي، وَرَدَّ عَلَيَّ رُوحِي، وَأَذِنَ لي بِذِكْرِهِ».,At-Tirmidhi 5/473. See Al-Albani's Sahih Tirmidhi 3/144.,,,,exact_match,1.0,"[""Al-ḥamdu lillāhil-ladhī `āfānī fī jasadī, wa radda `alayya rūḥī, wa 'adhina lī bidhikrihi."", 'Praise is to Allah Who gave strength to my body and returned my soul to me and permitted me to remember Him.', ""At-Tirmidhi 5/473. See Al-Albani's Sahih Tirmidhi 3/144."", 'الحمدُ للهِ الذي عافاني في جَسَدي وَرَدّ عَليّ روحي وَأَذِنَ لي بِذِكْرِه']","['«الْحَمْدُ لِلَّهِ الَّذِي عَافَانِي فِي جَسَدِي، وَرَدَّ عَلَيَّ رُوحِي، وَأَذِنَ لي بِذِكْرِهِ».', '(আল্\u200cহামদু লিল্লা-হিল্লাযী ‘আ-ফা-নী ফী জাসাদী, ওয়ারদ্দা ‘আলাইয়্যা রূহী ওয়া আযিনা লী বিযিকরিহী)', '“সকল হামদ-প্রশংসা আল্লাহ্\u200cর জন্য, যিনি আমার দেহকে নিরাপদ করেছেন, আমার রূহকে আমার নিকট ফেরত দিয়েছেন এবং আমাকে তাঁর যিক্\u200cর করার অনুমতি (সুযোগ) দিয়েছেন”[3]।']"
4,1,Chapter: When waking up,أذكار الاستيقاظ من النوم,1.0,ঘুম থেকে জেগে উঠার সময়ের যিক্‌রসমূহ,'Inna fī khalqi-ssamāwāti wal-'arđi wakhtilāfi-llayli wan-nahāri la'āyātin li'wlī-l-'albāb. Al-ladhīna yadhkurūna-allaha qiyāman wa qu`ūdan wa `alā junūbihim wa yatafakkarūna fī Khalqi-ssamāwāti wal-'arđi rabbanā mā khalaqta hādhā bāţilāan subĥānaka faqinā `adhāban-nār. Rabbanā 'innaka man tudkhili-nnāra faqad 'akhzaytahu wa mā li-žžālimīna min 'anşārin. Rabbanā 'innanā sami`nā munādīan yunādī lil'īmāni 'an 'āminū birabbikum fa 'āmannā. Rabbanā fāghfirlanā dhunūbanā wa kaffir `annā sayyi'ātinā wa tawaffanā ma`a al-'abrāri. Rabbanā wa 'ātinā mā wa`adtanā `alá rusulika wa lā tukhzinā yawmal-qiyāmati 'innaka lā tukhliful-mī`ād. Fāstajāba lahum rabbuhum 'annī lā 'uđī`u `amala `āmilin minkum min dhakarin 'aw 'unthá ba`đukum min ba`đin fa-lladhīna hājarū wa 'ukhrijū min diyārihim wa 'ūdhū fī sabīlī wa qātalū wa qutilū la'ukaffiranna `anhum sayyi'ātihim wa la'udkhilannahum jannātin tajrī min taĥtihāl-'anhāru thawāban min `indil-lahi wal-lāhu `indahu ĥusnuth-thawāb. Lā yaghurrannaka taqallubu 'l-ladhīna kafarū fī l-bilādi. Matā`un qalīlun thumma ma'wāhum jahannamu wa bi'sa 'l-mihād. Lakini 'l-ladhīna 'ttaqaw rabbahum lahum jannātun tajrī min taĥtihā 'l-'anhāru khālidīna fīhā nuzulan min `indi 'l-lahi wa mā `inda 'llahi khayrun li 'l-abrār. Wa 'inna min 'ahli 'l-kitābi laman yu'minu bil-lahi wa mā 'unzila 'ilaykum wa mā 'unzila 'ilayhim khāshi`īna lillahi lā yashtarūna bi'āyāti 'l-lahi thamanan qalīlāan 'ulā'ika lahum 'ajruhum `inda rabbihim 'inna 'l-laha sarī`u al-ĥisāb. Yā 'ayyuhā 'l-ladhīna 'āmanū-şbirū wa şābirū wa rābiţū wa 'ttaqu 'l-laha la`allakum tufliĥūn.,"Indeed, in the creation of the heavens and the earth and the alternation of the day and night there are signs for people of reason. ˹They are˺ those who remember Allah while standing, sitting, and lying on their sides, and reflect on the creation of the heavens and the earth ˹and pray˺, “Our Lord! You have not created ˹all of˺ this without purpose. Glory be to You! Protect us from the torment of the Fire. Our Lord! Indeed, those You commit to the Fire will be ˹completely˺ disgraced! And the wrongdoers will have no helpers. Our Lord! We have heard the caller to ˹true˺ belief, ˹proclaiming,˺ ‘Believe in your Lord ˹alone˺,’ so we believed. Our Lord! Forgive our sins, absolve us of our misdeeds, and allow us ˹each˺ to die as one of the virtuous. Our Lord! Grant us what You have promised us through Your messengers and do not put us to shame on Judgment Day—for certainly You never fail in Your promise.” So their Lord responded to them:","ইন্না ফী খলকিস্ সামাওয়াতি ওয়াল আরদি ওয়াখতিলা-ফিল লাইলি ওয়ান্নাহা-রি লাআয়া-তিল্ লিউলিল্ আলবা-ব। আল্লাযীনা ইয়াযকুরূনাল্লাহা কিয়া-মাও ওয়াকু‘উদাঁও ওয়া‘আলা জুনূবিহিম ওয়াইয়াতাফাক্কারূনা ফী খলকিস্ সামাওয়াতি ওয়াল আরদি, রববানা মা খালাকতা হাযা বা-তিলান, সুবহানাকা ফাকিনা ‘আযা-বান্ নার। রববানা ইন্নাকা মান তুদখিলিন্ না-রা ফাকাদ আখযাইতাহু, ওয়ামা লিয্যালিমীনা মিন আনসা-র। রববানা ইন্নানা সামি‘না মুনাদিইয়াইয়্যুনা-দী লিলঈমানি আন্ আ-মিনু বিরব্বিকুম ফাআ--মান্না। রব্বানা ফাগফির লানা যুনূবানা ওয়াকাফফির ‘আন্না সায়্যিআ-তিনা ওয়া তাওয়াফ্‌ফানা মা‘আল আবরা-র। রববানা ওয়া আতিনা মা ওয়া‘আদতানা ‘আলা রুসুলিকা ওয়ালা তুখযিনা ইয়াওমাল কিয়া-মাতি, ইন্নাকা লা তুখলিফুল মী‘আদ। ফাস্তাজাবা লাহুম রববুহুম আন্নী লা উদী‘উ আমালা ‘আমিলিম মিনকুম মিন যাকারিন ওয়া উনসা বা‘দুকুম মিন বা‘দ, ফাল্লাযীনা হা-জারূ ওয়া উখরিজূ মিন দিয়ারিহিম ওয়া ঊ-যূ ফী সাবীলী ওয়া কা-তালু ওয়া কু-তিলু লাউকাফফিরান্না ‘আনহুম সায়্যিআ-তিহিম ওয়ালাউদখিলান্নাহুম জান্না-তিন তাজরী মিন তাহ-তিহাল আনহারু, ছাওয়া-বাম্ মিন ‘ইনদিল্লাহি, ওয়াল্লা-হু ইনদাহু হুসনুছ ছাওয়া-ব। লা ইয়াগুররান্নাকা তাকল্লুবুল্লাযীনা কাফারূ ফিল্ বিলা-দ। মাতা‘উন কালীলুন ছুম্মা মা’ওয়াহুম জাহান্নামু ওয়া বি’সাল মিহা-দ। লা-কিনিল্লাযীনাত্তাকাও রববাহুম লাহুম জান্না-তুন তাজরী মিন তাহতিহাল আনহারু খা-লিদ্বীনা ফীহা নুযুলাম্ মিন ইনদিল্লাহি ওয়ামা ইনদাল্লাহি খাইরুল লিল্ আবরার। ওয়াইন্না মিন আহলিল কিতাবি লামইয়ূ’মিনু বিল্লাহি ওয়ামা উনযিলা ইলাইকুম ওয়ামা উনযিলা ইলাইহিম খা-শিঈনা লিল্লা-হি লা ইয়াশতারূনা বিআ-য়া-তিল্লাহি ছামানান্ কালীলা। উলা-ইকা লাহুম আজরুহুম ‘ইনদা রববিহিম। ইন্নাল্লাহা সারী‘উল হিসাব। ইয়া আয়্যুহাল্লাযীনা আমানুসবিরূ ওয়াসা-বিরূ ওয়া রা-বিতু ওয়াত্তাকুল্লাহা লা‘আল্লাকুম তুফলিহুন","নিশ্চয় আসমানসমূহ ও যমীনের সৃষ্টিতে, রাত ও দিনের পরিবর্তনে নিদর্শনাবলী রয়েছে বোধশক্তি সম্পন্ন লোকদের জন্য। যারা দাঁড়িয়ে, বসে ও শুয়ে আল্লাহ্‌র স্মরণ করে এবং আসমানসমূহ ও যমীনের সৃষ্টি সম্বন্ধে চিন্তা করে, আর বলে, ‘হে আমাদের রব! আপনি এগুলো অনর্থক সৃষ্টি করেননি, আপনি অত্যন্ত পবিত্র, অতএব আপনি আমাদেরকে আগুনের শাস্তি হতে রক্ষা করুন।’ ‘হে আমাদের রব! আপনি কাউকেও আগুনে নিক্ষেপ করলে তাকে তো আপনি নিশ্চয়ই হেয় করলেন এবং যালেমদের কোন সাহায্যকারী নেই।’ ‘হে আমাদের রব, আমরা এক আহ্বায়ককে ঈমানের দিকে আহ্বান করতে শুনেছি, ‘তোমরা তোমাদের রবের উপর ঈমান আন।’ কাজেই আমরা ঈমান এনেছি। হে আমাদের রব! আপনি আমাদের পাপরাশি ক্ষমা করুন, আমাদের মন্দ কাজগুলো দূরীভূত করুন এবং আমাদেরকে সৎকর্মপরায়ণদের সহগামী করে মৃত্যু দিন। ‘হে আমাদের রব! আপনার রাসূলগণের মাধ্যমে আমাদেরকে যা দিতে প্রতিশ্রুতি দিয়েছেন তা আমাদেরকে দান করুন এবং কেয়ামতের দিন আমাদেরকে হেয় করবেন না। নিশ্চয় আপনি প্রতিশ্রুতির ব্যতিক্রম করেন না।’ তারপর তাদের রব তাদের ডাকে সাড়া দিয়ে বলেন, ‘নিশ্চয় আমি তোমাদের মধ্যে আমলকারী কোনো নর বা নারীর আমল বিফল করি না; তোমরা একে অপরের অংশ। কাজেই যারা হিজরত করেছে, নিজ ঘর থেকে উৎখাত হয়েছে, আমার পথে নির্যাতিত হয়েছে এবং যুদ্ধ করেছে ও নিহত হয়েছে আমি তাদের পাপ কাজগুলো অবশ্যই দূর করব এবং অবশ্যই তাদেরকে প্রবেশ করাব জান্নাতে, যার পাদদেশে নদী প্রবাহিত। এটা আল্লাহ্‌র কাছ থেকে পুরস্কার; আর উত্তম পুরস্কার আল্লাহ্‌রই কাছে রয়েছে। যারা কুফরী করেছে, দেশে দেশে তাদের অবাধ বিচরণ যেন কিছুতেই আপনাকে বিভ্রান্ত না করে। এ তো স্বল্পকালীন ভোগ মাত্র; তারপর জাহান্নাম তাদের আবাস; আর ওটা কত নিকৃষ্ট বিশ্রামস্থল! কিন্তু যারা তাদের রবকে ভয় করে তাদের জন্য রয়েছে জান্নাত, যার পাদদেশে নদী প্রবাহিত, সেখানে তারা স্থায়ী হবে। এ হচ্ছে আল্লাহ্‌র পক্ষ থেকে আতিথেয়তা; আর আল্লাহ্‌র কাছে যা আছে তা সৎকর্মপরায়ণদের জন্য উত্তম। আর নিশ্চয় কিতাবীদের মধ্যে এমন লোকও আছে যারা আল্লাহ্‌র প্রতি বিনয়াবনত হয়ে তাঁর প্রতি এবং তিনি যা তোমাদের ও তাদের প্রতি নাযিল করেছেন তাতে ঈমান আনে। তারা আল্লাহ্‌র আয়াত তুচ্ছ মূল্যে বিক্রি করে না। তারাই, যাদের জন্য আল্লাহ্‌র কাছে পুরস্কার রয়েছে। নিশ্চয়ই আল্লাহ্ দ্রুত হিসাব গ্রহণকারী। হে ঈমানদারগণ! তোমরা ধৈর্য ধারণ কর, ধৈর্যে প্রতিযোগিতা কর এবং সবসময় যুদ্ধের জন্য প্রস্তুত থাক, আর আল্লাহ্‌র তাকওয়া অবলম্বন কর; যাতে তোমরা সফলকাম হতে পার”[4]।",إِنَّ فِي خَلْقِ السَّمَوَاتِ وَالأَرْضِ وَاخْتِلاَفِ اللَّيْلِ وَالنَّهَارِ لآيَاتٍ لأُوْلِي الألْبَابِ {190} الَّذِينَ يَذْكُرُونَ اللهَ قِيَامًا وَقُعُودًا وَعَلَىَ جُنُوبِهِمْ وَيَتَفَكَّرُونَ فِي خَلْقِ السَّمَوَاتِ وَالأَرْضِ رَبَّنَا مَا خَلَقْتَ هَذا بَاطِلاً سُبْحَانَكَ فَقِنَا عَذَابَ النَّارِ {191} رَبَّنَا إِنَّكَ مَن تُدْخِلِ النَّارَ فَقَدْ أَخْزَيْتَهُ وَمَا لِلظَّالِمِينَ مِنْ أَنصَارٍ {192} رَّبَّنَا إِنَّنَا سَمِعْنَا مُنَادِيًا يُنَادِي لِلإِيمَانِ أَنْ ءامِنُواْ بِرَبِّكُمْ فَآمَنَّا رَبَّنَا فَاغْفِرْ لَنَا ذُنُوبَنَا وَكَفِّرْ عَنَّا سَيِّئَاتِنَا وَتَوَفَّنَا مَعَ الأبْرَارِ {193} رَبَّنَا وَءاتِنَا مَا وَعَدتَّنَا عَلَى رُسُلِكَ وَلاَ تُخْزِنَا يَوْمَ الْقِيَامَةِ إِنَّكَ لاَ تُخْلِفُ الْمِيعَادَ {194} فَاسْتَجَابَ لَهُمْ رَبُّهُمْ أَنِّي لاَ أُضِيعُ عَمَلَ عَامِلٍ مِّنكُم مِّن ذَكَرٍ أَوْ أُنثَى بَعْضُكُم مِّن بَعْضٍ فَالَّذِينَ هَاجَرُواْ وَأُخْرِجُواْ مِن دِيَارِهِمْ وَأُوذُواْ فِي سَبِيلِي وَقَاتَلُواْ وَقُتِلُواْ لأُكَفِّرَنَّ عَنْهُمْ سَيِّئَاتِهِمْ وَلأُدْخِلَنَّهُمْ جَنَّاتٍ تَجْرِي مِن تَحْتِهَا الأَنْهَارُ ثَوَابًا مِّن عِندِ اللهِ وَاللهُ عِندَهُ حُسْنُ الثَّوَابِ {195} لاَ يَغُرَّنَّكَ تَقَلُّبُ الَّذِينَ كَفَرُواْ فِي الْبِلاَدِ {196} مَتَاعٌ قَلِيلٌ ثُمَّ مَأْوَاهُمْ جَهَنَّمُ وَبِئْسَ الْمِهَادُ {197} لَكِنِ الَّذِينَ اتَّقَوْاْ رَبَّهُمْ لَهُمْ جَنَّاتٌ تَجْرِي مِن تَحْتِهَا الأَنْهَارُ خَالِدِينَ فِيهَا نُزُلاً مِّنْ عِندِ اللهِ وَمَا عِندَ اللهِ خَيْرٌ لِّلأَبْرَارِ {198} وَإِنَّ مِنْ أَهْلِ الْكِتَابِ لَمَن يُؤْمِنُ بِاللهِ وَمَا أُنزِلَ إِلَيْكُمْ وَمَآ أُنزِلَ إِلَيْهِمْ خَاشِعِينَ للهِ لاَ يَشْتَرُونَ بِآيَاتِ اللهِ ثَمَنًا قَلِيلاً أُوْلَئِكَ لَهُمْ أَجْرُهُمْ عِندَ رَبِّهِمْ إِنَّ اللهَ سَرِيعُ الْحِسَابِ {199} يَا أَيُّهَا الَّذِينَ ءامَنُواْ اصْبِرُواْ وَصَابِرُواْ وَرَابِطُواْ وَاتَّقُواْ اللهَ لَعَلَّكُمْ تُفْلِحُونَ {200},﴿اِنَّ فِيْ خَلْقِ السَّمٰوٰتِ وَالْاَرْضِ وَاخْتِلَافِ الَّيْلِ وَالنَّھَارِ لَاٰيٰتٍ لِّاُولِي الْاَلْبَابِ ١٩٠؁ڌالَّذِيْنَ يَذْكُرُوْنَ اللّٰهَ قِيٰمًا وَّقُعُوْدًا وَّعَلٰي جُنُوْبِھِمْ وَيَتَفَكَّرُوْنَ فِيْ خَلْقِ السَّمٰوٰتِ وَالْاَرْضِ ۚ رَبَّنَا مَا خَلَقْتَ هٰذَا بَاطِلًا ۚ سُبْحٰنَكَ فَقِنَا عَذَابَ النَّارِ ١٩١؁رَبَّنَآ اِنَّكَ مَنْ تُدْخِلِ النَّارَ فَقَدْ اَخْزَيْتَهٗ ۭ وَمَا لِلظّٰلِمِيْنَ مِنْ اَنْصَارٍ ١٩٢؁رَبَّنَآ اِنَّنَا سَمِعْنَا مُنَادِيًا يُّنَادِيْ لِلْاِيْمَانِ اَنْ اٰمِنُوْا بِرَبِّكُمْ فَاٰمَنَّاڰ رَبَّنَا فَاغْفِرْ لَنَا ذُنُوْبَنَا وَكَفِّرْ عَنَّا سَيِّاٰتِنَا وَتَوَفَّنَا مَعَ الْاَبْرَارِ ١٩٣؁ۚرَبَّنَا وَاٰتِنَا مَا وَعَدْتَّنَا عَلٰي رُسُلِكَ وَلَا تُخْزِنَا يَوْمَ الْقِيٰمَةِ ۭاِنَّكَ لَا تُخْلِفُ الْمِيْعَادَ ١٩٤؁فَاسْتَجَابَ لَھُمْ رَبُّھُمْ اَنِّىْ لَآ اُضِيْعُ عَمَلَ عَامِلٍ مِّنْكُمْ مِّنْ ذَكَرٍ اَوْ اُنْثٰى ۚ بَعْضُكُمْ مِّنْۢ بَعْضٍ ۚ فَالَّذِيْنَ ھَاجَرُوْا وَاُخْرِجُوْا مِنْ دِيَارِھِمْ وَاُوْذُوْا فِيْ سَبِيْلِيْ وَقٰتَلُوْا وَقُتِلُوْا لَاُكَفِّرَنَّ عَنْھُمْ سَيِّاٰتِھِمْ وَلَاُدْخِلَنَّھُمْ جَنّٰتٍ تَجْرِيْ مِنْ تَحْتِھَا الْاَنْھٰرُ ۚ ثَوَابًا مِّنْ عِنْدِ اللّٰهِ ۭوَاللّٰهُ عِنْدَهٗ حُسْنُ الثَّوَابِ ١٩٥؁لَا يَغُرَّنَّكَ تَقَلُّبُ الَّذِيْنَ كَفَرُوْا فِي الْبِلَادِ ١٩٦؁ۭ مَتَاعٌ قَلِيْلٌ ۣ ثُمَّ مَاْوٰىھُمْ جَهَنَّمُ ۭوَبِئْسَ الْمِھَادُ ١٩٧؁لٰكِنِ الَّذِيْنَ اتَّقَوْا رَبَّھُمْ لَھُمْ جَنّٰتٌ تَجْرِيْ مِنْ تَحْتِھَا الْاَنْھٰرُ خٰلِدِيْنَ فِيْھَا نُزُلًا مِّنْ عِنْدِ اللّٰهِ ۭ وَمَا عِنْدَ اللّٰهِ خَيْرٌ لِّلْاَبْرَارِ ١٩٨؁وَاِنَّ مِنْ اَھْلِ الْكِتٰبِ لَمَنْ يُّؤْمِنُ بِاللّٰهِ وَمَآ اُنْزِلَ اِلَيْكُمْ وَمَآ اُنْزِلَ اِلَيْھِمْ خٰشِعِيْنَ لِلّٰهِ ۙ لَا يَشْتَرُوْنَ بِاٰيٰتِ اللّٰهِ ثَـمَنًا قَلِيْلًا ۭ اُولٰۗىِٕكَ لَھُمْ اَجْرُھُمْ عِنْدَ رَبِّھِمْ ۭ اِنَّ اللّٰهَ سَرِيْعُ الْحِسَابِ ١٩٩؁يٰٓاَيُّھَا الَّذِيْنَ اٰمَنُوا اصْبِرُوْا وَصَابِرُوْا وَرَابِطُوْا ۣوَاتَّقُوا اللّٰهَ لَعَلَّكُمْ تُفْلِحُوْنَ ٢٠٠؁ۧ﴾,"Qur'an Āl-'Imran 3: 190-200; Al-Bukhari, cf. Al-Asqalani, Fathul-Bari 8/237; Muslim 1/530.","[4] সূরা আলে ইমরান ১৯০-২০০; বুখারী, ফাতহুল বারীসহ ৮/৩৩৭, নং ৪৫৬৯; মুসলিম ১/৫৩০, নং ২৫৬।",,,mismatch,0.6703,"[""'Inna fī khalqi-ssamāwāti wal-'arđi wakhtilāfi-llayli wan-nahāri la'āyātin li'wlī-l-'albāb. Al-ladhīna yadhkurūna-allaha qiyāman wa qu`ūdan wa `alā junūbihim wa yatafakkarūna fī Khalqi-ssamāwāti wal-'arđi rabbanā mā khalaqta hādhā bāţilāan subĥānaka faqinā `adhāban-nār. Rabbanā 'innaka man tudkhili-nnāra faqad 'akhzaytahu wa mā li-žžālimīna min 'anşārin. Rabbanā 'innanā sami`nā munādīan yunādī lil'īmāni 'an 'āminū birabbikum fa 'āmannā. Rabbanā fāghfirlanā dhunūbanā wa kaffir `annā sayyi'ātinā wa tawaffanā ma`a al-'abrāri. Rabbanā wa 'ātinā mā wa`adtanā `alá rusulika wa lā tukhzinā yawmal-qiyāmati 'innaka lā tukhliful-mī`ād. Fāstajāba lahum rabbuhum 'annī lā 'uđī`u `amala `āmilin minkum min dhakarin 'aw 'unthá ba`đukum min ba`đin fa-lladhīna hājarū wa 'ukhrijū min diyārihim wa 'ūdhū fī sabīlī wa qātalū wa qutilū la'ukaffiranna `anhum sayyi'ātihim wa la'udkhilannahum jannātin tajrī min taĥtihāl-'anhāru thawāban min `indil-lahi wal-lāhu `indahu ĥusnuth-thawāb. Lā yaghurrannaka taqallubu 'l-ladhīna kafarū fī l-bilādi. Matā`un qalīlun thumma ma'wāhum jahannamu wa bi'sa 'l-mihād. Lakini 'l-ladhīna 'ttaqaw rabbahum lahum jannātun tajrī min taĥtihā 'l-'anhāru khālidīna fīhā nuzulan min `indi 'l-lahi wa mā `inda 'llahi khayrun li 'l-abrār. Wa 'inna min 'ahli 'l-kitābi laman yu'minu bil-lahi wa mā 'unzila 'ilaykum wa mā 'unzila 'ilayhim khāshi`īna lillahi lā yashtarūna bi'āyāti 'l-lahi thamanan qalīlāan 'ulā'ika lahum 'ajruhum `inda rabbihim 'inna 'l-laha sarī`u al-ĥisāb. Yā 'ayyuhā 'l-ladhīna 'āmanū-şbirū wa şābirū wa rābiţū wa 'ttaqu 'l-laha la`allakum tufliĥūn."", 'Indeed, in the creation of the heavens and the earth and the alternation of the day and night there are signs for people of reason. ˹They are˺ those who remember Allah while standing, sitting, and lying on their sides, and reflect on the creation of the heavens and the earth ˹and pray˺, “Our Lord! You have not created ˹all of˺ this without purpose. Glory be to You! Protect us from the torment of the Fire. Our Lord! Indeed, those You commit to the Fire will be ˹completely˺ disgraced! And the wrongdoers will have no helpers. Our Lord! We have heard the caller to ˹true˺ belief, ˹proclaiming,˺ ‘Believe in your Lord ˹alone˺,’ so we believed. Our Lord! Forgive our sins, absolve us of our misdeeds, and allow us ˹each˺ to die as one of the virtuous. Our Lord! Grant us what You have promised us through Your messengers and do not put us to shame on Judgment Day—for certainly You never fail in Your promise.” So their Lord responded to them:', ""Qur'an Āl-'Imran 3: 190-200; Al-Bukhari, cf. Al-Asqalani, Fathul-Bari 8/237; Muslim 1/530."", 'إِنَّ فِي خَلْقِ السَّمَوَاتِ وَالأَرْضِ وَاخْتِلاَفِ اللَّيْلِ وَالنَّهَارِ لآيَاتٍ لأُوْلِي الألْبَابِ {190} الَّذِينَ يَذْكُرُونَ اللهَ قِيَامًا وَقُعُودًا وَعَلَىَ جُنُوبِهِمْ وَيَتَفَكَّرُونَ فِي خَلْقِ السَّمَوَاتِ وَالأَرْضِ رَبَّنَا مَا خَلَقْتَ هَذا بَاطِلاً سُبْحَانَكَ فَقِنَا عَذَابَ النَّارِ {191} رَبَّنَا إِنَّكَ مَن تُدْخِلِ النَّارَ فَقَدْ أَخْزَيْتَهُ وَمَا لِلظَّالِمِينَ مِنْ أَنصَارٍ {192} رَّبَّنَا إِنَّنَا سَمِعْنَا مُنَادِيًا يُنَادِي لِلإِيمَانِ أَنْ ءامِنُواْ بِرَبِّكُمْ فَآمَنَّا رَبَّنَا فَاغْفِرْ لَنَا ذُنُوبَنَا وَكَفِّرْ عَنَّا سَيِّئَاتِنَا وَتَوَفَّنَا مَعَ الأبْرَارِ {193} رَبَّنَا وَءاتِنَا مَا وَعَدتَّنَا عَلَى رُسُلِكَ وَلاَ تُخْزِنَا يَوْمَ الْقِيَامَةِ إِنَّكَ لاَ تُخْلِفُ الْمِيعَادَ {194} فَاسْتَجَابَ لَهُمْ رَبُّهُمْ أَنِّي لاَ أُضِيعُ عَمَلَ عَامِلٍ مِّنكُم مِّن ذَكَرٍ أَوْ أُنثَى بَعْضُكُم مِّن بَعْضٍ فَالَّذِينَ هَاجَرُواْ وَأُخْرِجُواْ مِن دِيَارِهِمْ وَأُوذُواْ فِي سَبِيلِي وَقَاتَلُواْ وَقُتِلُواْ لأُكَفِّرَنَّ عَنْهُمْ سَيِّئَاتِهِمْ وَلأُدْخِلَنَّهُمْ جَنَّاتٍ تَجْرِي مِن تَحْتِهَا الأَنْهَارُ ثَوَابًا مِّن عِندِ اللهِ وَاللهُ عِندَهُ حُسْنُ الثَّوَابِ {195} لاَ يَغُرَّنَّكَ تَقَلُّبُ الَّذِينَ كَفَرُواْ فِي الْبِلاَدِ {196} مَتَاعٌ قَلِيلٌ ثُمَّ مَأْوَاهُمْ جَهَنَّمُ وَبِئْسَ الْمِهَادُ {197} لَكِنِ الَّذِينَ اتَّقَوْاْ رَبَّهُمْ لَهُمْ جَنَّاتٌ تَجْرِي مِن تَحْتِهَا الأَنْهَارُ خَالِدِينَ فِيهَا نُزُلاً مِّنْ عِندِ اللهِ وَمَا عِندَ اللهِ خَيْرٌ لِّلأَبْرَارِ {198} وَإِنَّ مِنْ أَهْلِ الْكِتَابِ لَمَن يُؤْمِنُ بِاللهِ وَمَا أُنزِلَ إِلَيْكُمْ وَمَآ أُنزِلَ إِلَيْهِمْ خَاشِعِينَ للهِ لاَ يَشْتَرُونَ بِآيَاتِ اللهِ ثَمَنًا قَلِيلاً أُوْلَئِكَ لَهُمْ أَجْرُهُمْ عِندَ رَبِّهِمْ إِنَّ اللهَ سَرِيعُ الْحِسَابِ {199} يَا أَيُّهَا الَّذِينَ ءامَنُواْ اصْبِرُواْ وَصَابِرُواْ وَرَابِطُواْ وَاتَّقُواْ اللهَ لَعَلَّكُمْ تُفْلِحُونَ {200}']","['﴿اِنَّ فِيْ خَلْقِ السَّمٰوٰتِ وَالْاَرْضِ وَاخْتِلَافِ الَّيْلِ وَالنَّھَارِ لَاٰيٰتٍ لِّاُولِي الْاَلْبَابِ ١٩٠\u0601ڌالَّذِيْنَ يَذْكُرُوْنَ اللّٰهَ قِيٰمًا وَّقُعُوْدًا وَّعَلٰي جُنُوْبِھِمْ وَيَتَفَكَّرُوْنَ فِيْ خَلْقِ السَّمٰوٰتِ وَالْاَرْضِ ۚ رَبَّنَا مَا خَلَقْتَ هٰذَا بَاطِلًا ۚ سُبْحٰنَكَ فَقِنَا عَذَابَ النَّارِ ١٩١\u0601رَبَّنَآ اِنَّكَ مَنْ تُدْخِلِ النَّارَ فَقَدْ اَخْزَيْتَهٗ ۭ وَمَا لِلظّٰلِمِيْنَ مِنْ اَنْصَارٍ ١٩٢\u0601رَبَّنَآ اِنَّنَا سَمِعْنَا مُنَادِيًا يُّنَادِيْ لِلْاِيْمَانِ اَنْ اٰمِنُوْا بِرَبِّكُمْ فَاٰمَنَّاڰ رَبَّنَا فَاغْفِرْ لَنَا ذُنُوْبَنَا وَكَفِّرْ عَنَّا سَيِّاٰتِنَا وَتَوَفَّنَا مَعَ الْاَبْرَارِ ١٩٣\u0601ۚرَبَّنَا وَاٰتِنَا مَا وَعَدْتَّنَا عَلٰي رُسُلِكَ وَلَا تُخْزِنَا يَوْمَ الْقِيٰمَةِ ۭاِنَّكَ لَا تُخْلِفُ الْمِيْعَادَ ١٩٤\u0601فَاسْتَجَابَ لَھُمْ رَبُّھُمْ اَنِّىْ لَآ اُضِيْعُ عَمَلَ عَامِلٍ مِّنْكُمْ مِّنْ ذَكَرٍ اَوْ اُنْثٰى ۚ بَعْضُكُمْ مِّنْۢ بَعْضٍ ۚ فَالَّذِيْنَ ھَاجَرُوْا وَاُخْرِجُوْا مِنْ دِيَارِھِمْ وَاُوْذُوْا فِيْ سَبِيْلِيْ وَقٰتَلُوْا وَقُتِلُوْا لَاُكَفِّرَنَّ عَنْھُمْ سَيِّاٰتِھِمْ وَلَاُدْخِلَنَّھُمْ جَنّٰتٍ تَجْرِيْ مِنْ تَحْتِھَا الْاَنْھٰرُ ۚ ثَوَابًا مِّنْ عِنْدِ اللّٰهِ ۭوَاللّٰهُ عِنْدَهٗ حُسْنُ الثَّوَابِ ١٩٥\u0601لَا يَغُرَّنَّكَ تَقَلُّبُ الَّذِيْنَ كَفَرُوْا فِي الْبِلَادِ ١٩٦\u0601ۭ مَتَاعٌ قَلِيْلٌ ۣ ثُمَّ مَاْوٰىھُمْ جَهَنَّمُ ۭوَبِئْسَ الْمِھَادُ ١٩٧\u0601لٰكِنِ الَّذِيْنَ اتَّقَوْا رَبَّھُمْ لَھُمْ جَنّٰتٌ تَجْرِيْ مِنْ تَحْتِھَا الْاَنْھٰرُ خٰلِدِيْنَ فِيْھَا نُزُلًا مِّنْ عِنْدِ اللّٰهِ ۭ وَمَا عِنْدَ اللّٰهِ خَيْرٌ لِّلْاَبْرَارِ ١٩٨\u0601وَاِنَّ مِنْ اَھْلِ الْكِتٰبِ لَمَنْ يُّؤْمِنُ بِاللّٰهِ وَمَآ اُنْزِلَ اِلَيْكُمْ وَمَآ اُنْزِلَ اِلَيْھِمْ خٰشِعِيْنَ لِلّٰهِ ۙ لَا يَشْتَرُوْنَ بِاٰيٰتِ اللّٰهِ ثَـمَنًا قَلِيْلًا ۭ اُولٰۗىِٕكَ لَھُمْ اَجْرُھُمْ عِنْدَ رَبِّھِمْ ۭ اِنَّ اللّٰهَ سَرِيْعُ الْحِسَابِ ١٩٩\u0601يٰٓاَيُّھَا الَّذِيْنَ اٰمَنُوا اصْبِرُوْا وَصَابِرُوْا وَرَابِطُوْا ۣوَاتَّقُوا اللّٰهَ لَعَلَّكُمْ تُفْلِحُوْنَ ٢٠٠\u0601ۧ﴾', '(ইন্না ফী খলকিস্ সামাওয়াতি ওয়াল আরদি ওয়াখতিলা-ফিল লাইলি ওয়ান্নাহা-রি লাআয়া-তিল্ লিউলিল্ আলবা-ব। আল্লাযীনা ইয়াযকুরূনাল্লাহা কিয়া-মাও ওয়াকু‘উদাঁও ওয়া‘আলা জুনূবিহিম ওয়াইয়াতাফাক্কারূনা ফী খলকিস্ সামাওয়াতি ওয়াল আরদি, রববানা মা খালাকতা হাযা বা-তিলান, সুবহানাকা ফাকিনা ‘আযা-বান্ নার। রববানা ইন্নাকা মান তুদখিলিন্ না-রা ফাকাদ আখযাইতাহু, ওয়ামা লিয্যালিমীনা মিন আনসা-র। রববানা ইন্নানা সামি‘না মুনাদিইয়াইয়্যুনা-দী লিলঈমানি আন্ আ-মিনু বিরব্বিকুম ফাআ--মান্না। রব্বানা ফাগফির লানা যুনূবানা ওয়াকাফফির ‘আন্না সায়্যিআ-তিনা ওয়া তাওয়াফ্\u200cফানা মা‘আল আবরা-র। রববানা ওয়া আতিনা মা ওয়া‘আদতানা ‘আলা রুসুলিকা ওয়ালা তুখযিনা ইয়াওমাল কিয়া-মাতি, ইন্নাকা লা তুখলিফুল মী‘আদ। ফাস্তাজাবা লাহুম রববুহুম আন্নী লা উদী‘উ আমালা ‘আমিলিম মিনকুম মিন যাকারিন ওয়া উনসা বা‘দুকুম মিন বা‘দ, ফাল্লাযীনা হা-জারূ ওয়া উখরিজূ মিন দিয়ারিহিম ওয়া ঊ-যূ ফী সাবীলী ওয়া কা-তালু ওয়া কু-তিলু লাউকাফফিরান্না ‘আনহুম সায়্যিআ-তিহিম ওয়ালাউদখিলান্নাহুম জান্না-তিন তাজরী মিন তাহ-তিহাল আনহারু, ছাওয়া-বাম্ মিন ‘ইনদিল্লাহি, ওয়াল্লা-হু ইনদাহু হুসনুছ ছাওয়া-ব। লা ইয়াগুররান্নাকা তাকল্লুবুল্লাযীনা কাফারূ ফিল্ বিলা-দ। মাতা‘উন কালীলুন ছুম্মা মা’ওয়াহুম জাহান্নামু ওয়া বি’সাল মিহা-দ। লা-কিনিল্লাযীনাত্তাকাও রববাহুম লাহুম জান্না-তুন তাজরী মিন তাহতিহাল আনহারু খা-লিদ্বীনা ফীহা নুযুলাম্ মিন ইনদিল্লাহি ওয়ামা ইনদাল্লাহি খাইরুল লিল্ আবরার। ওয়াইন্না মিন আহলিল কিতাবি লামইয়ূ’মিনু বিল্লাহি ওয়ামা উনযিলা ইলাইকুম ওয়ামা উনযিলা ইলাইহিম খা-শিঈনা লিল্লা-হি লা ইয়াশতারূনা বিআ-য়া-তিল্লাহি ছামানান্ কালীলা। উলা-ইকা লাহুম আজরুহুম ‘ইনদা রববিহিম। ইন্নাল্লাহা সারী‘উল হিসাব। ইয়া আয়্যুহাল্লাযীনা আমানুসবিরূ ওয়াসা-বিরূ ওয়া রা-বিতু ওয়াত্তাকুল্লাহা লা‘আল্লাকুম তুফলিহুন)।', 'নিশ্চয় আসমানসমূহ ও যমীনের সৃষ্টিতে, রাত ও দিনের পরিবর্তনে নিদর্শনাবলী রয়েছে বোধশক্তি সম্পন্ন লোকদের জন্য। যারা দাঁড়িয়ে, বসে ও শুয়ে আল্লাহ্\u200cর স্মরণ করে এবং আসমানসমূহ ও যমীনের সৃষ্টি সম্বন্ধে চিন্তা করে, আর বলে, ‘হে আমাদের রব! আপনি এগুলো অনর্থক সৃষ্টি করেননি, আপনি অত্যন্ত পবিত্র, অতএব আপনি আমাদেরকে আগুনের শাস্তি হতে রক্ষা করুন।’ ‘হে আমাদের রব! আপনি কাউকেও আগুনে নিক্ষেপ করলে তাকে তো আপনি নিশ্চয়ই হেয় করলেন এবং যালেমদের কোন সাহায্যকারী নেই।’ ‘হে আমাদের রব, আমরা এক আহ্বায়ককে ঈমানের দিকে আহ্বান করতে শুনেছি, ‘তোমরা তোমাদের রবের উপর ঈমান আন।’ কাজেই আমরা ঈমান এনেছি। হে আমাদের রব! আপনি আমাদের পাপরাশি ক্ষমা করুন, আমাদের মন্দ কাজগুলো দূরীভূত করুন এবং আমাদেরকে সৎকর্মপরায়ণদের সহগামী করে মৃত্যু দিন। ‘হে আমাদের রব! আপনার রাসূলগণের মাধ্যমে আমাদেরকে যা দিতে প্রতিশ্রুতি দিয়েছেন তা আমাদেরকে দান করুন এবং কেয়ামতের দিন আমাদেরকে হেয় করবেন না। নিশ্চয় আপনি প্রতিশ্রুতির ব্যতিক্রম করেন না।’ তারপর তাদের রব তাদের ডাকে সাড়া দিয়ে বলেন, ‘নিশ্চয় আমি তোমাদের মধ্যে আমলকারী কোনো নর বা নারীর আমল বিফল করি না; তোমরা একে অপরের অংশ। কাজেই যারা হিজরত করেছে, নিজ ঘর থেকে উৎখাত হয়েছে, আমার পথে নির্যাতিত হয়েছে এবং যুদ্ধ করেছে ও নিহত হয়েছে আমি তাদের পাপ কাজগুলো অবশ্যই দূর করব এবং অবশ্যই তাদেরকে প্রবেশ করাব জান্নাতে, যার পাদদেশে নদী প্রবাহিত। এটা আল্লাহ্\u200cর কাছ থেকে পুরস্কার; আর উত্তম পুরস্কার আল্লাহ্\u200cরই কাছে রয়েছে। যারা কুফরী করেছে, দেশে দেশে তাদের অবাধ বিচরণ যেন কিছুতেই আপনাকে বিভ্রান্ত না করে। এ তো স্বল্পকালীন ভোগ মাত্র; তারপর জাহান্নাম তাদের আবাস; আর ওটা কত নিকৃষ্ট বিশ্রামস্থল! কিন্তু যারা তাদের রবকে ভয় করে তাদের জন্য রয়েছে জান্নাত, যার পাদদেশে নদী প্রবাহিত, সেখানে তারা স্থায়ী হবে। এ হচ্ছে আল্লাহ্\u200cর পক্ষ থেকে আতিথেয়তা; আর আল্লাহ্\u200cর কাছে যা আছে তা সৎকর্মপরায়ণদের জন্য উত্তম। আর নিশ্চয় কিতাবীদের মধ্যে এমন লোকও আছে যারা আল্লাহ্\u200cর প্রতি বিনয়াবনত হয়ে তাঁর প্রতি এবং তিনি যা তোমাদের ও তাদের প্রতি নাযিল করেছেন তাতে ঈমান আনে। তারা আল্লাহ্\u200cর আয়াত তুচ্ছ মূল্যে বিক্রি করে না। তারাই, যাদের জন্য আল্লাহ্\u200cর কাছে পুরস্কার রয়েছে। নিশ্চয়ই আল্লাহ্ দ্রুত হিসাব গ্রহণকারী। হে ঈমানদারগণ! তোমরা ধৈর্য ধারণ কর, ধৈর্যে প্রতিযোগিতা কর এবং সবসময় যুদ্ধের জন্য প্রস্তুত থাক, আর আল্লাহ্\u200cর তাকওয়া অবলম্বন কর; যাতে তোমরা সফলকাম হতে পার”[4]।', '[1] বুখারী ফাতহুল বারী ১১/১১৩, নং ৬৩১৪; মুসলিম ৪/২০৮৩, নং ২৭১১।', '[2] যে ব্যক্তি তা বলবে তাকে ক্ষমা করে দেওয়া হবে। যদি সে দো‘আ করে, তবে তার দো‘আ কবুল হবে। যদি সে উঠে ওযু করে নামায পড়ে, তবে তার নামায কবুল করা হবে। বুখারী: ফাতহুল বারী, ৩/৩৯, নং ১১৫৪। হাদীসের ভাষ্য ইবন মাজাহ এর অনুরূপ। দেখুন, সহীহ ইবন মাজাহ্\u200c: ২/৩৩৫।', '[3] তিরমিযী ৫/৪৭৩, নং ৩৪০১। দেখুন, সহীহুত তিরমিযী, ৩/১৪৪।', '[4] সূরা আলে ইমরান ১৯০-২০০; বুখারী, ফাতহুল বারীসহ ৮/৩৩৭, নং ৪৫৬৯; মুসলিম ১/৫৩০, নং ২৫৬।']"
5,2,Chapter: When wearing a garment,دعاء لبس الثوب,2.0,কাপড় পরিধানের দো‘আ,Alḥamdu lillāhil-ladhī kasānī hādhā (aththawba) wa razaqanīhi min ghayri hawlim-minnī wa lā quwwah.,"Praise is to Allah Who has clothed me with this (garment) and provided it for me, though I was powerless myself and incapable",আল্‌হামদু লিল্লা-হিল্লাযী কাসানী হা-যা (আসসাওবা,“সকল হামদ-প্রশংসা আল্লাহ্‌র জন্য; যিনি আমাকে এ (কাপড়)টি পরিধান করিয়েছেন এবং আমার শক্তি-সামর্থ্য ছাড়াই তিনি আমাকে এটা দান করেছেন”[1]।,الحمدُ للهِ الّذي كَساني هذا (الثّوب) وَرَزَقَنيه مِنْ غَـيـْرِ حَولٍ مِنّي وَلا قـوّة,«الْحَمْدُ للَّهِ الَّذِي كَسَانِي هَذَا (الثَّوْبَ) وَرَزَقَنِيهِ مِنْ غَيْرِ حَوْلٍ مِنِّي وَلاَ قُوَّة...».,"Al-Bukhari, Muslim, Abu Dawud, Ibn Majah, At-Tirmidhi. See also 'Irwa'ul-Ghalil 7/47.","[1] হাদীসটি নাসাঈ ব্যতীত সুনান গ্রন্থকারদের সবাই সংকলন করেছেন। আবূ দাউদ, নং ৪০২৩; তিরমিযী, নং ৩৪৫৮; ইবন মাজাহ্‌, নং ৩২৮৫। আর শাইখ আলবানী একে হাসান বলেছেন। দেখুন, ইরওয়াউল গালীল, ৭/৪৭।",,,exact_match,1.0,"['Alḥamdu lillāhil-ladhī kasānī hādhā (aththawba) wa razaqanīhi min ghayri hawlim-minnī wa lā quwwah.', 'Praise is to Allah Who has clothed me with this (garment) and provided it for me, though I was powerless myself and incapable', ""Al-Bukhari, Muslim, Abu Dawud, Ibn Majah, At-Tirmidhi. See also 'Irwa'ul-Ghalil 7/47."", 'الحمدُ للهِ الّذي كَساني هذا (الثّوب) وَرَزَقَنيه مِنْ غَـيـْرِ حَولٍ مِنّي وَلا قـوّة']","['«الْحَمْدُ للَّهِ الَّذِي كَسَانِي هَذَا (الثَّوْبَ) وَرَزَقَنِيهِ مِنْ غَيْرِ حَوْلٍ مِنِّي وَلاَ قُوَّة...».', '(আল্\u200cহামদু লিল্লা-হিল্লাযী কাসানী হা-যা (আসসাওবা) ওয়া রযাকানীহি মিন্ গইরি হাওলিম মিন্নী ওয়ালা কুওওয়াতিন)।', '“সকল হামদ-প্রশংসা আল্লাহ্\u200cর জন্য; যিনি আমাকে এ (কাপড়)টি পরিধান করিয়েছেন এবং আমার শক্তি-সামর্থ্য ছাড়াই তিনি আমাকে এটা দান করেছেন”[1]।', '[1] হাদীসটি নাসাঈ ব্যতীত সুনান গ্রন্থকারদের সবাই সংকলন করেছেন। আবূ দাউদ, নং ৪০২৩; তিরমিযী, নং ৩৪৫৮; ইবন মাজাহ্\u200c, নং ৩২৮৫। আর শাইখ আলবানী একে হাসান বলেছেন। দেখুন, ইরওয়াউল গালীল, ৭/৪৭।']"
6,3,Chapter: When wearing a new garment,دعاء لبس الثوب الجديد,3.0,নতুন কাপড় পরিধানের দো‘আ,"Allāhumma lakal-ḥamdu 'anta kasawtanīhi, 'as'aluka min khayrihi wa khayri mā ṣuni`a lahu, wa 'a`oothu bika min sharrihi wa sharri mā ṣuni`a lahu.","O Allah, praise is to You. You have clothed me. I ask You for its goodness and the goodness of what it has been made for, and I seek Your protection from the evil of it and the evil of what it has been made for.",আল্লা-হুম্মা লাকাল-হামদু আনতা কাসাওতানীহি। আসআলুকা মিন খইরিহি ওয়া খইরি মা সুনি‘আ লাহু। ওয়া আ‘ঊযু বিকা মিন শাররিহি ওয়া শাররি মা সুনি‘আ লাহু,“হে আল্লাহ্! আপনারই জন্য সকল হাম্‌দ-প্রশংসা। আপনিই এটি আমাকে পরিয়েছেন। আমি আপনার কাছে এর কল্যাণ ও এটি যে উদ্দেশ্যে তৈরি হয়েছে তার কল্যাণ প্রার্থনা করি। আর আমি এর অনিষ্ট এবং এটি যে জন্য তৈরি করা হয়েছে তার অনিষ্ট থেকে আপনার আশ্রয় চাই”[1]।,اللّهُـمَّ لَـكَ الحَـمْـدُ أنْـتَ كَسَـوْتَنيهِ، أََسْأََلُـكَ مِـنْ خَـيرِهِ وَخَـيْرِ مَا صُنِعَ لَـه، وَأَعوذُ بِكَ مِـنْ شَـرِّهِ وَشَـرِّ مـا صُنِعَ لَـهُ,«اللَّهُمَّ لَكَ الْحَمْدُ أَنْتَ كَسَوْتَنِيهِ، أَسْأَلُكَ مِنْ خَيْرِهِ وَخَيْرِ مَا صُنِعَ لَهُ، وَأَعُوذُ بِكَ مِنْ شَرِّهِ وَشَرِّ مَا صُنِعَ لَهُ».,"Abu Dawud and At-Tirmidhi. See also Al-Albani, Mukhtasar Shama'il At-Tirmidhi, p. 47.","[1] আবূ দাউদ, নং ৪০২০; তিরমিযী, নং ১৭৬৭; বাগভী, ১২/৪০; দেখুন, মুখতাসারুশ শামাইল লিল আলবানী, পৃ. ৪৭।",,,exact_match,1.0,"[""Allāhumma lakal-ḥamdu 'anta kasawtanīhi, 'as'aluka min khayrihi wa khayri mā ṣuni`a lahu, wa 'a`oothu bika min sharrihi wa sharri mā ṣuni`a lahu."", 'O Allah, praise is to You. You have clothed me. I ask You for its goodness and the goodness of what it has been made for, and I seek Your protection from the evil of it and the evil of what it has been made for.', ""Abu Dawud and At-Tirmidhi. See also Al-Albani, Mukhtasar Shama'il At-Tirmidhi, p. 47."", 'اللّهُـمَّ لَـكَ الحَـمْـدُ أنْـتَ كَسَـوْتَنيهِ، أََسْأََلُـكَ مِـنْ خَـيرِهِ وَخَـيْرِ مَا صُنِعَ لَـه، وَأَعوذُ بِكَ مِـنْ شَـرِّهِ وَشَـرِّ مـا صُنِعَ لَـهُ']","['«اللَّهُمَّ لَكَ الْحَمْدُ أَنْتَ كَسَوْتَنِيهِ، أَسْأَلُكَ مِنْ خَيْرِهِ وَخَيْرِ مَا صُنِعَ لَهُ، وَأَعُوذُ بِكَ مِنْ شَرِّهِ وَشَرِّ مَا صُنِعَ لَهُ».', '(আল্লা-হুম্মা লাকাল-হামদু আনতা কাসাওতানীহি। আসআলুকা মিন খইরিহি ওয়া খইরি মা সুনি‘আ লাহু। ওয়া আ‘ঊযু বিকা মিন শাররিহি ওয়া শাররি মা সুনি‘আ লাহু)।', '“হে আল্লাহ্! আপনারই জন্য সকল হাম্\u200cদ-প্রশংসা। আপনিই এটি আমাকে পরিয়েছেন। আমি আপনার কাছে এর কল্যাণ ও এটি যে উদ্দেশ্যে তৈরি হয়েছে তার কল্যাণ প্রার্থনা করি। আর আমি এর অনিষ্ট এবং এটি যে জন্য তৈরি করা হয়েছে তার অনিষ্ট থেকে আপনার আশ্রয় চাই”[1]।', '[1] আবূ দাউদ, নং ৪০২০; তিরমিযী, নং ১৭৬৭; বাগভী, ১২/৪০; দেখুন, মুখতাসারুশ শামাইল লিল আলবানী, পৃ. ৪৭।']"
7,4,Chapter: To someone wearing a new garment,الدعاء لمن لبس ثوباً جديداً,4.0,অপরকে নতুন কাপড় পরিধান করতে দেখলে তার জন্য দো‘আ,Tublī wa yukhliful-lāhu ta`ālā.,May Allah replace it when it is worn out.,তুবলী ওয়া ইয়ুখলিফুল্লা-হু তা‘আলা,"“তুমি পুরাতন করে ফেলবে, আর মহান আল্লাহ এর স্থলাভিষিক্ত করবেন”[1]।",تُبْـلي وَيُـخْلِفُ اللهُ تَعَالى,«تُبْلِي وَيُخْلِفُ اللَّهُ تَعَالَى».,Abu Dawud 4/41. See also Al-Albani Sahih Abu Dawud 2/760.,,,,exact_match,1.0,"['Tublī wa yukhliful-lāhu ta`ālā.', 'May Allah replace it when it is worn out.', 'Abu Dawud 4/41. See also Al-Albani Sahih Abu Dawud 2/760.', 'تُبْـلي وَيُـخْلِفُ اللهُ تَعَالى']","['«تُبْلِي وَيُخْلِفُ اللَّهُ تَعَالَى».', '(তুবলী ওয়া ইয়ুখলিফুল্লা-হু তা‘আলা)।', '“তুমি পুরাতন করে ফেলবে, আর মহান আল্লাহ এর স্থলাভিষিক্ত করবেন”[1]।']"
8,4,Chapter: To someone wearing a new garment,الدعاء لمن لبس ثوباً جديداً,4.0,অপরকে নতুন কাপড় পরিধান করতে দেখলে তার জন্য দো‘আ,"Ilbas jadīdan, wa `ish ḥamīdan, wa mut shahīdan.","Put on new clothes, live a praise-worthy life and die as a martyr.","ইলবাস জাদীদান, ওয়া ‘ইশ হামীদান, ওয়া মুত শাহীদান","“নতুন কাপড় পরিধান কর, প্রশংসিতরূপে দিনাতিপাত কর এবং শহীদ হয়ে মারা যাও”[2]।",اِلبَـس جَديـداً وَعِـشْ حَمـيداً وَمُـتْ شهيداً,«اِلْبَسْ جَدِيداً وَعِشْ حَمِيداً وَمُتْ شَهِيداً».,"Ibn Majah 2/1178, Al-Baghawi 12/41. See also Al-Albani, Sahih Ibn Majah 2/275","[2] সুনান ইবন মাজাহ ২/১১৭৮, নং ৩৫৫৮; বাগাওয়ী, ১২/৪১। দেখুন, সহীহ ইবন মাজাহ ২/২৭৫।",,,exact_match,1.0,"['Ilbas jadīdan, wa `ish ḥamīdan, wa mut shahīdan.', 'Put on new clothes, live a praise-worthy life and die as a martyr.', 'Ibn Majah 2/1178, Al-Baghawi 12/41. See also Al-Albani, Sahih Ibn Majah 2/275', 'اِلبَـس جَديـداً وَعِـشْ حَمـيداً وَمُـتْ شهيداً']","['«اِلْبَسْ جَدِيداً وَعِشْ حَمِيداً وَمُتْ شَهِيداً».', '(ইলবাস জাদীদান, ওয়া ‘ইশ হামীদান, ওয়া মুত শাহীদান)।', '“নতুন কাপড় পরিধান কর, প্রশংসিতরূপে দিনাতিপাত কর এবং শহীদ হয়ে মারা যাও”[2]।', '[1] সুনান আবি দাউদ ৪/৪১, হাদীস নং ৪০২০; দেখুন, সহীহ আবি দাউদ ২/৭৬০।', '[2] সুনান ইবন মাজাহ ২/১১৭৮, নং ৩৫৫৮; বাগাওয়ী, ১২/৪১। দেখুন, সহীহ ইবন মাজাহ ২/২৭৫।']"
9,5,Chapter: Before undressing,ما يقول إذا وضع الثوب,5.0,কাপড় খুলে রাখার সময় কী বলবে,Bismillāhi,In the Name of Allah.,বিসমিল্লাহ,“আল্লাহ্‌র নামে (খুলে রাখলাম)”[1]।,بِسْمِ الله,«بِسْمِ اللَّهِ».,"At-Tirmidhi 2/505, among others. See 'Irwa'ul Ghalil no. 49 and Sahihul-Jami' 3/203","[1] তিরমিযী ২/৫০৫, নং ৬০৬, ও অন্যান্য। আরও দেখুন, ইরওয়াউল গালীল, নং ৫০; সহীহুল জামে‘ ৩/২০৩।",,,exact_match,1.0,"['Bismillāhi', 'In the Name of Allah.', ""At-Tirmidhi 2/505, among others. See 'Irwa'ul Ghalil no. 49 and Sahihul-Jami' 3/203"", 'بِسْمِ الله']","['«بِسْمِ اللَّهِ».', '(বিসমিল্লাহ)', '“আল্লাহ্\u200cর নামে (খুলে রাখলাম)”[1]।', '[1] তিরমিযী ২/৫০৫, নং ৬০৬, ও অন্যান্য। আরও দেখুন, ইরওয়াউল গালীল, নং ৫০; সহীহুল জামে‘ ৩/২০৩।']"
10,6,Chapter: Before entering the bathroom,دعاء دخول الخلاء,6.0,পায়খানায় প্রবেশের দো‘আ,[Bismillāhi] Allāhumma 'innī 'a`ūdhu bika minal-khubthi walkhabā'ith.,"[In the Name of Allah]. O Allah, I seek protection in You from evil and the evil ones (or, from the evil male and female Jinn).",[বিসমিল্লাহি] আল্লা-হুম্মা ইন্নী আ‘ঊযু বিকা মিনাল খুব্‌সি ওয়াল খাবা-ইসি,“[আল্লাহ্‌র নামে।] হে আল্লাহ! আমি আপনার নিকট অপবিত্র নর জিন্ ও নারী জিন্ থেকে আশ্রয় চাই”[1]।,(بِسْمِ الله) اللّهُـمَّ إِنِّـي أَعـوذُ بِـكَ مِـنَ الْخُـبْثِ وَالْخَبائِث,«[بِسْمِ اللَّهِ] اللَّهُمَّ إِنِّي أَعُوذُ بِكَ مِنَ الْخُبْثِ وَالْخَبائِث».,"Al-Bukhari 1/45, Muslim 1/283. The addition of Bismillah at its beginning was reported by Said bin Mansur. See Fathul-Bari 1/244","[1] বুখারী ১/৪৫, নং ১৪২; মুসলিম ১/২৮৩, নং ৩৭৫। শুরুতে অতিরিক্ত ‘বিসমিল্লাহ্‌’ উদ্ধৃত করেছেন সা‘ঈদ ইবন মানসূর। দেখুন, ফাতহুল বারী, ১/২৪৪।",,,exact_match,1.0,"[""[Bismillāhi] Allāhumma 'innī 'a`ūdhu bika minal-khubthi walkhabā'ith."", '[In the Name of Allah]. O Allah, I seek protection in You from evil and the evil ones (or, from the evil male and female Jinn).', 'Al-Bukhari 1/45, Muslim 1/283. The addition of Bismillah at its beginning was reported by Said bin Mansur. See Fathul-Bari 1/244', '(بِسْمِ الله) اللّهُـمَّ إِنِّـي أَعـوذُ بِـكَ مِـنَ الْخُـبْثِ وَالْخَبائِث']","['«[بِسْمِ اللَّهِ] اللَّهُمَّ إِنِّي أَعُوذُ بِكَ مِنَ الْخُبْثِ وَالْخَبائِث».', '([বিসমিল্লাহি] আল্লা-হুম্মা ইন্নী আ‘ঊযু বিকা মিনাল খুব্\u200cসি ওয়াল খাবা-ইসি)', '“[আল্লাহ্\u200cর নামে।] হে আল্লাহ! আমি আপনার নিকট অপবিত্র নর জিন্ ও নারী জিন্ থেকে আশ্রয় চাই”[1]।', '[1] বুখারী ১/৪৫, নং ১৪২; মুসলিম ১/২৮৩, নং ৩৭৫। শুরুতে অতিরিক্ত ‘বিসমিল্লাহ্\u200c’ উদ্ধৃত করেছেন সা‘ঈদ ইবন মানসূর। দেখুন, ফাতহুল বারী, ১/২৪৪।']"
11,7,Chapter: After leaving the bathroom,دعاء الخروج من الخلاء,7.0,পায়খানা থেকে বের হওয়ার দো‘আ,Ghufrānaka,I seek Your forgiveness.,গুফরা-নাকা,“আমি আপনার কাছে ক্ষমাপ্রার্থী।”[1],غُفْـرانَك,«غُفْرَانَكَ».,"Abu Dawud, Ibn Majah and At-Tirmidhi. An-Nasa'i recorded it in 'Amalul-Yawm wal-Laylah. Also see the checking of Ibn Al-Qayyim's Zadul-Ma'ad, 2/387.","[1] হাদীসটি নাসাঈ ব্যতীত সকল সুনান গ্রন্থকারই উদ্ধৃত করেছেন; তবে নাসাঈ তার ‘আমালুল ইয়াওমি ওয়াললাইলাহ’ গ্রন্থে (নং ৭৯) তা উদ্ধৃত করেছেন। আবূ দাউদ, নং ৩০; তিরমিযী, নং ৭; ইবন মাজাহ্‌, নং ৩০০। আর শাইখ আলবানী সহীহ সুনান আবি দাউদে ১/১৯ একে সহীহ বলেছেন।",,,exact_match,1.0,"['Ghufrānaka', 'I seek Your forgiveness.', ""Abu Dawud, Ibn Majah and At-Tirmidhi. An-Nasa'i recorded it in 'Amalul-Yawm wal-Laylah. Also see the checking of Ibn Al-Qayyim's Zadul-Ma'ad, 2/387."", 'غُفْـرانَك']","['«غُفْرَانَكَ».', '(গুফরা-নাকা)', '“আমি আপনার কাছে ক্ষমাপ্রার্থী।”[1]', '[1] হাদীসটি নাসাঈ ব্যতীত সকল সুনান গ্রন্থকারই উদ্ধৃত করেছেন; তবে নাসাঈ তার ‘আমালুল ইয়াওমি ওয়াললাইলাহ’ গ্রন্থে (নং ৭৯) তা উদ্ধৃত করেছেন। আবূ দাউদ, নং ৩০; তিরমিযী, নং ৭; ইবন মাজাহ্\u200c, নং ৩০০। আর শাইখ আলবানী সহীহ সুনান আবি দাউদে ১/১৯ একে সহীহ বলেছেন।']"
12,8,Chapter: Before ablution,الذكر قبل الوضوء,8.0,ওযুর পূর্বে যিক্‌র,Bismillāhi,In the Name of Allah,বিস্‌মিল্লাহ্,‘আল্লাহ্‌র নামে’[1]।,بِسْمِ الله,«بِسْمِ اللَّهِ».,"Abu Dawud, Ibn Majah, and Ahmad. See also Al-Albani, 'Irwa'ul-Ghain 1/122.","[1] আবূ দাউদ, নং ১০১; ইবন মাজাহ্‌, নং ৩৯৭; আহমাদ নং ৯৪১৮। আরও দেখুন, ইরওয়াউল গালীল ১/১২২।",,,exact_match,1.0,"['Bismillāhi', 'In the Name of Allah', ""Abu Dawud, Ibn Majah, and Ahmad. See also Al-Albani, 'Irwa'ul-Ghain 1/122."", 'بِسْمِ الله']","['«بِسْمِ اللَّهِ».', '(বিস্\u200cমিল্লাহ্)', '‘আল্লাহ্\u200cর নামে’[1]।', '[1] আবূ দাউদ, নং ১০১; ইবন মাজাহ্\u200c, নং ৩৯৭; আহমাদ নং ৯৪১৮। আরও দেখুন, ইরওয়াউল গালীল ১/১২২।']"
13,9,Chapter: Upon completing the ablution,الذكر بعد الفراغ من الوضوء,9.0,ওযু শেষ করার পর যিক্‌র,'Ash-hadu 'an lā 'ilāha 'illallāhu waḥdahu lā sharīka lahu wa 'ash-hadu 'anna Muḥammadan `abduhu wa Rasūluhu.,"I bear witness that none has the right to be worshipped but Allah alone, Who has no partner; and I bear witness that Muhammad is His slave and His Messenger.",আশ্‌হাদু আল্লা-ইলাহা ইল্লাল্লাহু ওয়াহ্‌দাহু লা- শারীকা লাহূ ওয়া আশহাদু আন্না মুহাম্মাদান ‘আব্দুহূ ওয়া রাসূলুহূ,"“আমি সাক্ষ্য দিচ্ছি যে, একমাত্র আল্লাহ ছাড়া কোনো হক্ব ইলাহ নেই, তাঁর কোনো শরীক নেই। আমি আরও সাক্ষ্য দিচ্ছি যে, মুহাম্মাদ তাঁর বান্দা ও রাসূল”[1]।",أَشْهَدُ أَنْ لا إِلَـهَ إِلاّ اللهُ وَحْدَهُ لا شَريـكَ لَـهُ وَأَشْهَدُأَنَّ مُحَمّـداً عَبْـدُهُ وَرَسـولُـه,«أَشْهَدُ أَنْ لاَ إِلَهَ إِلاَّ اللَّهُ وَحْدَهُ لاَ شَرِيكَ لَهُ وَأَشْهَدُ أَنَّ مُحَمَّداً عَبْدُهُ وَرَسُولُهُ..».,Muslim 1/209.,,,,near_exact,0.9924,"[""'Ash-hadu 'an lā 'ilāha 'illallāhu waḥdahu lā sharīka lahu wa 'ash-hadu 'anna Muḥammadan `abduhu wa Rasūluhu."", 'I bear witness that none has the right to be worshipped but Allah alone, Who has no partner; and I bear witness that Muhammad is His slave and His Messenger.', 'Muslim 1/209.', 'أَشْهَدُ أَنْ لا إِلَـهَ إِلاّ اللهُ وَحْدَهُ لا شَريـكَ لَـهُ وَأَشْهَدُأَنَّ مُحَمّـداً عَبْـدُهُ وَرَسـولُـه']","['«أَشْهَدُ أَنْ لاَ إِلَهَ إِلاَّ اللَّهُ وَحْدَهُ لاَ شَرِيكَ لَهُ وَأَشْهَدُ أَنَّ مُحَمَّداً عَبْدُهُ وَرَسُولُهُ..».', '(আশ্\u200cহাদু আল্লা-ইলাহা ইল্লাল্লাহু ওয়াহ্\u200cদাহু লা- শারীকা লাহূ ওয়া আশহাদু আন্না মুহাম্মাদান ‘আব্দুহূ ওয়া রাসূলুহূ)', '“আমি সাক্ষ্য দিচ্ছি যে, একমাত্র আল্লাহ ছাড়া কোনো হক্ব ইলাহ নেই, তাঁর কোনো শরীক নেই। আমি আরও সাক্ষ্য দিচ্ছি যে, মুহাম্মাদ তাঁর বান্দা ও রাসূল”[1]।']"
14,9,Chapter: Upon completing the ablution,الذكر بعد الفراغ من الوضوء,9.0,ওযু শেষ করার পর যিক্‌র,Allāhummaj`alnī minat-tawwābīna waj`alnī minal-mutaṭahhirīn.,"O Allah, make me among those who turn to You in repentance, and make me among those who are purified.",আল্লা-হুম্মাজ‘আলনী মিনাত্ তাওয়াবীনা ওয়াজ‘আলনী মিনাল মুতাতাহ্‌হিরীন,“হে আল্লাহ! আপনি আমাকে তাওবাকারীদের অন্তর্ভুক্ত করুন এবং পবিত্রতা অর্জনকারীদেরও অন্তর্ভুক্ত করুন।”[2],اللّهُـمَّ اجْعَلنـي مِنَ التَّـوّابينَ وَاجْعَـلْني مِنَ المتَطَهّـرين.,«اللَّهُمَّ اجْعَلْنِي مِنَ التَّوَّابِينَ وَاجْعَلْنِي مِنَ الْمُتَطَهِّرِينَ».,"At-Tirmidhi 1/78. See also Al-Albani, Sahih At- Tirmidhi 1/18",,,,exact_match,1.0,"['Allāhummaj`alnī minat-tawwābīna waj`alnī minal-mutaṭahhirīn.', 'O Allah, make me among those who turn to You in repentance, and make me among those who are purified.', 'At-Tirmidhi 1/78. See also Al-Albani, Sahih At- Tirmidhi 1/18', 'اللّهُـمَّ اجْعَلنـي مِنَ التَّـوّابينَ وَاجْعَـلْني مِنَ المتَطَهّـرين.']","['«اللَّهُمَّ اجْعَلْنِي مِنَ التَّوَّابِينَ وَاجْعَلْنِي مِنَ الْمُتَطَهِّرِينَ».', '(আল্লা-হুম্মাজ‘আলনী মিনাত্ তাওয়াবীনা ওয়াজ‘আলনী মিনাল মুতাতাহ্\u200cহিরীন)', '“হে আল্লাহ! আপনি আমাকে তাওবাকারীদের অন্তর্ভুক্ত করুন এবং পবিত্রতা অর্জনকারীদেরও অন্তর্ভুক্ত করুন।”[2]']"
15,9,Chapter: Upon completing the ablution,الذكر بعد الفراغ من الوضوء,9.0,ওযু শেষ করার পর যিক্‌র,"Subḥānaka Allāhumma wa biḥamdika, 'ash-hadu 'an lā 'ilāha 'illā 'Anta, 'astaghfiruka wa 'atūbu 'ilayk.","Glory is to You, O Allah, and praise; I bear witness that there is none worthy of worship but You. I seek Your forgiveness and turn to You in repentance.",সুবহানাকা আল্লা-হুম্মা ওয়া বিহামদিকা আশহাদু আল লা-ইলাহা ইল্লা আন্তা আস্তাগফিরুকা ওয়াআতূবু ইলাইকা,"“হে আল্লাহ! আপনার প্রশংসাসহ পবিত্রতা ও মহিমা ঘোষণা করছি। আমি সাক্ষ্য দেই যে, আপনি ছাড়া কোনো হক্ব ইলাহ নেই, আমি আপনার কাছে ক্ষমা প্রার্থনা করছি এবং আপনার নিকট তওবা করছি”[3]",سُبْحـانَكَ اللّهُـمَّ وَبِحَمدِك أَشْهَـدُ أَنْ لا إِلهَ إِلاّ أَنْتَ أَسْتَغْفِرُكَ وَأَتوبُ إِلَـيْك,«سُبْحانَكَ اللَّهُمَّ وَبِحَمْدِكَ، أَشْهَدُ أَنْ لاَ إِلَهَ إِلاَّ أَنْتَ، أَسْتَغْفِرُكَ وَأَتوبُ إِلَيْكَ».,"An-Nasa'i, 'Amalul-Yawm wal-Laylah, p. 173. See also Al-Albani, 'Irwa'ul-Ghalil 1/135 and 2/94.","[3] নাসাঈ, আমালুল ইয়াওমি ওয়াল লাইলাহ, পৃ. ১৭৩। আরও দেখুন, ইরওয়াউল গালীল, ১/১৩৫, ৩/৯৪।",,,exact_match,1.0,"[""Subḥānaka Allāhumma wa biḥamdika, 'ash-hadu 'an lā 'ilāha 'illā 'Anta, 'astaghfiruka wa 'atūbu 'ilayk."", 'Glory is to You, O Allah, and praise; I bear witness that there is none worthy of worship but You. I seek Your forgiveness and turn to You in repentance.', ""An-Nasa'i, 'Amalul-Yawm wal-Laylah, p. 173. See also Al-Albani, 'Irwa'ul-Ghalil 1/135 and 2/94."", 'سُبْحـانَكَ اللّهُـمَّ وَبِحَمدِك أَشْهَـدُ أَنْ لا إِلهَ إِلاّ أَنْتَ أَسْتَغْفِرُكَ وَأَتوبُ إِلَـيْك']","['«سُبْحانَكَ اللَّهُمَّ وَبِحَمْدِكَ، أَشْهَدُ أَنْ لاَ إِلَهَ إِلاَّ أَنْتَ، أَسْتَغْفِرُكَ وَأَتوبُ إِلَيْكَ».', '(সুবহানাকা আল্লা-হুম্মা ওয়া বিহামদিকা আশহাদু আল লা-ইলাহা ইল্লা আন্তা আস্তাগফিরুকা ওয়াআতূবু ইলাইকা)।', '“হে আল্লাহ! আপনার প্রশংসাসহ পবিত্রতা ও মহিমা ঘোষণা করছি। আমি সাক্ষ্য দেই যে, আপনি ছাড়া কোনো হক্ব ইলাহ নেই, আমি আপনার কাছে ক্ষমা প্রার্থনা করছি এবং আপনার নিকট তওবা করছি”[3]', '[1] মুসলিম ১/২০৯, নং ২৩৪।', '[2] তিরিমিযী-১/৭৮, নং ৫৫। আরও দেখুন, সহীহুত তিরমিযী, ১/১৮।', '[3] নাসাঈ, আমালুল ইয়াওমি ওয়াল লাইলাহ, পৃ. ১৭৩। আরও দেখুন, ইরওয়াউল গালীল, ১/১৩৫, ৩/৯৪।']"
16,10,Chapter: Remembrance when leaving the home,الذكر عند الخروج من المنزل,10.0,বাড়ি থেকে বের হওয়ার সময়ের যিক্‌র,"Bismillāhi, tawakkaltu `alallāhi, wa lā ḥawla wa lā quwwata illā billāh.","In the Name of Allah, I have placed my trust in Allah, there is no might and no power except by Allah.","বিসমিল্লাহি, তাওয়াককালতু ‘আলাল্লা-হি, ওয়ালা হাওলা ওয়ালা কুওয়াতা ইল্লা বিল্লাহ",“আল্লাহ্‌র নামে (বের হচ্ছি)। আল্লাহর উপর ভরসা করলাম। আর আল্লাহর সাহায্য ছাড়া (পাপ কাজ থেকে দূরে থাকার) কোনো উপায় এবং (সৎকাজ করার) কোনো শক্তি কারো নেই”[1]।,بِسْمِ اللهِ ، تَوَكَّلْـتُ عَلى اللهِ وَلا حَوْلَ وَلا قُـوَّةَ إِلاّ بِالله,«بِسْمِ اللَّهِ، تَوَكَّلْتُ عَلَى اللَّهِ، وَلَاَ حَوْلَ وَلَا قُوَّةَ إِلاَّ بِاللَّهِ».,"Abu Dawud 4/325, At-Tirmidhi 5/490. See also Al-Albani, Sahih At-Tirmidhi 3/151",,,,exact_match,1.0,"['Bismillāhi, tawakkaltu `alallāhi, wa lā ḥawla wa lā quwwata illā billāh.', 'In the Name of Allah, I have placed my trust in Allah, there is no might and no power except by Allah.', 'Abu Dawud 4/325, At-Tirmidhi 5/490. See also Al-Albani, Sahih At-Tirmidhi 3/151', 'بِسْمِ اللهِ ، تَوَكَّلْـتُ عَلى اللهِ وَلا حَوْلَ وَلا قُـوَّةَ إِلاّ بِالله']","['«بِسْمِ اللَّهِ، تَوَكَّلْتُ عَلَى اللَّهِ، وَلَاَ حَوْلَ وَلَا قُوَّةَ إِلاَّ بِاللَّهِ».', '(বিসমিল্লাহি, তাওয়াককালতু ‘আলাল্লা-হি, ওয়ালা হাওলা ওয়ালা কুওয়াতা ইল্লা বিল্লাহ)।', '“আল্লাহ্\u200cর নামে (বের হচ্ছি)। আল্লাহর উপর ভরসা করলাম। আর আল্লাহর সাহায্য ছাড়া (পাপ কাজ থেকে দূরে থাকার) কোনো উপায় এবং (সৎকাজ করার) কোনো শক্তি কারো নেই”[1]।']"
17,10,Chapter: Remembrance when leaving the home,الذكر عند الخروج من المنزل,10.0,বাড়ি থেকে বের হওয়ার সময়ের যিক্‌র,"Allāhumma 'innī 'a`ūdhu bika 'an 'aḍilla, 'aw 'uḍalla, 'aw 'azilla, 'aw 'uzalla, 'aw 'aẓlima, 'aw 'uẓlama, 'aw 'ajhala 'aw yujhala `alayya.","O Allah, I seek refuge in You lest I misguide others , or I am misguided by others , lest I cause others to err or I am caused to err , lest I abuse others or be abused, and lest I behave foolishly or meet with the foolishness of others.","আল্লা-হুম্মা ইন্নী আ‘ঊযু বিকা আন আদ্বিল্লা, আও উদ্বাল্লা, আও আযিল্লা, আও উযাল্লা, আও আযলিমা, আও উযলামা, আও আজহালা, আও ইয়ুজহালা ‘আলাইয়্যা","“হে আল্লাহ! আমি আপনার নিকট আশ্রয় চাই যেন নিজেকে বা অন্যকে পথভ্রষ্ট না করি, অথবা অন্যের দ্বারা পথভ্রষ্ট না হই; আমার নিজের বা অন্যের পদস্খলন না করি, অথবা আমায় যেন পদস্খলন করানো না হয়; আমি যেন নিজের বা অন্যের উপর যুলম না করি অথবা আমার প্রতি যুলম না করা হয়; আমি যেন নিজে মুর্খতা না করি, অথবা আমার উপর মূর্খতা করা না হয়।”[2]",اللّهُـمَّ إِنِّـي أَعـوذُ بِكَ أَنْ أَضِـلَّ أَوْ أُضَـل ، أَوْ أَزِلَّ أَوْ أُزَل ، أَوْ أَظْلِـمَ أَوْ أَُظْلَـم ، أَوْ أَجْهَلَ أَوْ يُـجْهَلَ عَلَـيّ,«اللّٰـهُمَّ إِنِّي أَعُوذُ بِكَ أَنْ أَضِلَّ، أَوْ أُضَلَّ، أَوْ أَزِلَّ، أَوْ أُزَلَّ، أَوْ أَظْلِمَ، أَوْ أُظْلَمَ، أَوْ أَجْهَلَ، أَوْ يُجْهَلَ عَلَيَّ».,"Abu Dawud, Ibn Majah, An-Nasa'i, At-Tirmidhi. See also Al-Albani, Sahih At-Tirmidhi 3/152 and Sahih Ibn Majah 2/336","[2] সুনান গ্রন্থকারগণ: আবূ দাউদ, নং ৫০৯৪; তিরমিযী, নং ৩৪২৭; নাসাঈ, নং ৫৫০১; ইবন মাজাহ, নং ৩৮৮৪। আরও দেখুন, সহীহুত তিরমিযী ৩/১৫২; সহীহ ইবন মাজাহ্‌ ২/৩৩৬।",,,exact_match,1.0,"[""Allāhumma 'innī 'a`ūdhu bika 'an 'aḍilla, 'aw 'uḍalla, 'aw 'azilla, 'aw 'uzalla, 'aw 'aẓlima, 'aw 'uẓlama, 'aw 'ajhala 'aw yujhala `alayya."", 'O Allah, I seek refuge in You lest I misguide others , or I am misguided by others , lest I cause others to err or I am caused to err , lest I abuse others or be abused, and lest I behave foolishly or meet with the foolishness of others.', ""Abu Dawud, Ibn Majah, An-Nasa'i, At-Tirmidhi. See also Al-Albani, Sahih At-Tirmidhi 3/152 and Sahih Ibn Majah 2/336"", 'اللّهُـمَّ إِنِّـي أَعـوذُ بِكَ أَنْ أَضِـلَّ أَوْ أُضَـل ، أَوْ أَزِلَّ أَوْ أُزَل ، أَوْ أَظْلِـمَ أَوْ أَُظْلَـم ، أَوْ أَجْهَلَ أَوْ يُـجْهَلَ عَلَـيّ']","['«اللّٰـهُمَّ إِنِّي أَعُوذُ بِكَ أَنْ أَضِلَّ، أَوْ أُضَلَّ، أَوْ أَزِلَّ، أَوْ أُزَلَّ، أَوْ أَظْلِمَ، أَوْ أُظْلَمَ، أَوْ أَجْهَلَ، أَوْ يُجْهَلَ عَلَيَّ».', '(আল্লা-হুম্মা ইন্নী আ‘ঊযু বিকা আন আদ্বিল্লা, আও উদ্বাল্লা, আও আযিল্লা, আও উযাল্লা, আও আযলিমা, আও উযলামা, আও আজহালা, আও ইয়ুজহালা ‘আলাইয়্যা)।', '“হে আল্লাহ! আমি আপনার নিকট আশ্রয় চাই যেন নিজেকে বা অন্যকে পথভ্রষ্ট না করি, অথবা অন্যের দ্বারা পথভ্রষ্ট না হই; আমার নিজের বা অন্যের পদস্খলন না করি, অথবা আমায় যেন পদস্খলন করানো না হয়; আমি যেন নিজের বা অন্যের উপর যুলম না করি অথবা আমার প্রতি যুলম না করা হয়; আমি যেন নিজে মুর্খতা না করি, অথবা আমার উপর মূর্খতা করা না হয়।”[2]', '[1] আবূ দাউদ ৪/৩২৫, নং ৫০৯৫; তিরমিযী ৫/৪৯০, ৩৪২৬। আরও দেখুন, সহীহুল তিরমিযী, ৩/১৫১।', '[2] সুনান গ্রন্থকারগণ: আবূ দাউদ, নং ৫০৯৪; তিরমিযী, নং ৩৪২৭; নাসাঈ, নং ৫৫০১; ইবন মাজাহ, নং ৩৮৮৪। আরও দেখুন, সহীহুত তিরমিযী ৩/১৫২; সহীহ ইবন মাজাহ্\u200c ২/৩৩৬।']"
18,11,Chapter: Remembrance upon entering the home,الذكر عند الدخول المنزل,11.0,ঘরে প্রবেশের সময় যিক্‌র,"Bismillāhi walajnā, wa bismillāhi kharajnā, wa `ala Rabbinā tawakkalnā","In the Name of Allah we enter , in the Name of Allah we leave , and upon our Lord we depend [then say As-Salāmu `Alaykum to those present].","বিসমিল্লাহি ওয়ালাজনা, ওয়াবিস্‌মিল্লাহি খারাজনা, ওয়া ‘আলাল্লাহি রাব্বিনা তাওয়াক্কালনা","বলবে,",بِسْـمِ اللهِ وَلَجْنـا، وَبِسْـمِ اللهِ خَـرَجْنـا، وَعَلـى رَبِّنـا تَوَكّلْـن (ثم ليسلم على أهله.),«بِسْمِ اللَّهِ وَلَجْنَا، وَبِسْمِ اللَّهِ خَرَجْنَا، وَعَلَى اللَّهِ رَبِّنَا تَوَكَّلْنَا»,"Abu Dawud 4/325. Muslim {Hadith no. 2018) says that one should mention the Name of Allah when entering the home and when beginning to eat; and that the devil, hearing this, says: ""There is no shelter for us here tonight and no food.""","[1] আবূ দাউদ ৪/৩২৫, ৫০৯৬। আর আল্লামা ইবন বায রহ. তার তুহফাতুল আখইয়ার গ্রন্থে পৃ. ২৮ এটার সনদকে হাসান বলেছেন। তাছাড়া সহীহ হাদীসে এসেছে, “যখন তোমাদের কেউ ঘরে প্রবেশ করে, আর প্রবেশের সময় ও খাবারের সময় আল্লাহকে স্মরণ করে, তখন শয়তান (নিজ ব্যক্তিদের) বলে, তোমাদের কোনো বাসস্থান নেই, তোমাদের রাতের কোনো খাবার নেই।” মুসলিম, নং ২০১৮।",,"“আল্লাহ্‌র নামে আমরা প্রবেশ করলাম, আল্লাহ্‌র নামেই আমরা বের হলাম এবং আমাদের রব আল্লাহ্‌র উপরই আমরা ভরসা করলাম”। অতঃপর ঘরের লোকজনকে সালাম দিবে।[1]",mismatch,0.8103,"['Bismillāhi walajnā, wa bismillāhi kharajnā, wa `ala Rabbinā tawakkalnā', 'In the Name of Allah we enter , in the Name of Allah we leave , and upon our Lord we depend [then say As-Salāmu `Alaykum to those present].', 'Abu Dawud 4/325. Muslim {Hadith no. 2018) says that one should mention the Name of Allah when entering the home and when beginning to eat; and that the devil, hearing this, says: ""There is no shelter for us here tonight and no food.""', 'بِسْـمِ اللهِ وَلَجْنـا، وَبِسْـمِ اللهِ خَـرَجْنـا، وَعَلـى رَبِّنـا تَوَكّلْـن (ثم ليسلم على أهله.)']","['বলবে,', '«بِسْمِ اللَّهِ وَلَجْنَا، وَبِسْمِ اللَّهِ خَرَجْنَا، وَعَلَى اللَّهِ رَبِّنَا تَوَكَّلْنَا»', '(বিসমিল্লাহি ওয়ালাজনা, ওয়াবিস্\u200cমিল্লাহি খারাজনা, ওয়া ‘আলাল্লাহি রাব্বিনা তাওয়াক্কালনা)', '“আল্লাহ্\u200cর নামে আমরা প্রবেশ করলাম, আল্লাহ্\u200cর নামেই আমরা বের হলাম এবং আমাদের রব আল্লাহ্\u200cর উপরই আমরা ভরসা করলাম”। অতঃপর ঘরের লোকজনকে সালাম দিবে।[1]', '[1] আবূ দাউদ ৪/৩২৫, ৫০৯৬। আর আল্লামা ইবন বায রহ. তার তুহফাতুল আখইয়ার গ্রন্থে পৃ. ২৮ এটার সনদকে হাসান বলেছেন। তাছাড়া সহীহ হাদীসে এসেছে, “যখন তোমাদের কেউ ঘরে প্রবেশ করে, আর প্রবেশের সময় ও খাবারের সময় আল্লাহকে স্মরণ করে, তখন শয়তান (নিজ ব্যক্তিদের) বলে, তোমাদের কোনো বাসস্থান নেই, তোমাদের রাতের কোনো খাবার নেই।” মুসলিম, নং ২০১৮।']"
19,12,Chapter: When going to the mosque,دعاء الذهاب إلى المسجد,12.0,মসজিদে যাওয়ার সময়ে পড়ার দো‘আ,"Allāhummaj'al fī qalbī nūran, wa fī lisānī nūran, wa fī sam`ī nūran, wa fī baṣarī nūran, wa min fawqī nūran, wa min taḥtī nūran, wa `an yamīnī nūran, wa `an shimālī nūran, wa min 'amāmī nūran, wa min khalfī nūran, waj`al fī nafsī nūran, wa 'a`ẓim lī nūran, wa `ẓẓim lī nūran, waj`allī nūran, waj`alnī nūran, Allāhumma 'a`tinī nūran, waj'al fī `aṣabī nūran, wa fī laḥmī nūran, wa fī damī nūran, wa fī sha`rī nūran, wa fī basharī nūran. [Allāhummaj`allī nūran fī qabrī wa nūran fī `iẓāmī.] [Wa zidnī nūran, wa zidnī nūran, wa zidnī nūran.] [Wa hab lī nūran `alā nūr.]","O Allah, place light in my heart, and on my tongue light, and in my ears light and in my sight light, and above me light, and below me light, and to my right light, and to my left light, and before me light and behind me light. Place in my soul light. Magnify for me light, and amplify for me light. Make for me light and make me a light. O Allah, grant me light, and place light in my nerves, and in my body light and in my blood light and in my hair light and in my skin light.1 [O Allah, make for me a light in my grave... and a light in my bones.] (At-Tirmidhi 5/483 (Hadith no. 3419).) [Increase me in light, increase me in light, increase me in light .] (Al-Bukhari in Al-'Adab Al-Mufrad (Hadith no. 695), p. 258. See also Al-Albani, Sahih Al-'Adab Al-Mufrad(no. 536).) [Grant me light upon light.] (Al-Bukhari, cf. Al-Asqalani, Fathul-Bari 11/118.)",,"(আল্লা-হুম্মাজ‘আল ফী ক্বালবী নূরান, ওয়া ফী লিসানী নূরান, ওয়া ফী সাম্‘য়ী নূরান, ওয়া ফী বাসারী নূরান, ওয়া মিন ফাওকী নূরান, ওয়া মিন তাহ্‌তী নূরান, ওয়া ‘আন ইয়ামীনী নূরান, ওয়া ‘আন শিমালী নূরান, ওয়া মিন আমামী নূরান, ওয়া মিন খলফী নূরান, ওয়াজ‘আল ফী নাফ্‌সী নূরান, ওয়া আ‘যিম লী নূরান, ওয়া ‘আয্‌যিম লী নূরান, ওয়াজ‘আল্ লী নূরান, ওয়াজ‘আলনী নূরান; আল্লা-হুম্মা আ‘তিনী নূরান, ওয়াজ‘আল ফী ‘আসাবী নূরান, ওয়া ফী লাহ্‌মী নূরান, ওয়া ফী দামী নূরান, ওয়া ফী শা‘রী নূরান, ওয়া ফী বাশারী নূরান।","اللّهُـمَّ اجْعَـلْ فِي قَلْبـي نُوراً ، وَفي لِسَـانِي نُوراً، وَفِي سَمْعِي نُوراً, وَفِي بَصَرِيِ نُوراً, وَمِنْ فََوْقِي نُوراً , وَ مِنْ تَحْتِي نُوراً, وَ عَنْ يَمِينيِ نُوراَ, وعَنْ شِمَالِي نُوراً, وَمْن أَماَمِي نُوراً, وَمِنْ خَلْفيِ نُوراَ, واجْعَلْ فِي نَفْسِي نُوراً, وأَعْظِمْ لِي نُوراً, وَعظِّمْ لِي نُوراً, وَاجْعَلْ لِي نُوراً, واجْعَلنِي نُوراً, أللَّهُمَّ أَعْطِنِي نُوراً, واجْعَلْ فِي عَصَبِي نُوراً, وَفِي لَحْمِي نُوراً, وَفِي دَمِي نُوراً وَفِي شَعْرِي نُوراً, وفِي بَشَرِي نُوراً (أَللَّهُمَّ اجِعَلْ لِي نُوراً فِي قّبْرِي وَ نُوراَ فِي عِظاَمِي) (وَزِدْنِي نُوراً, وَزِدْنِي نُوراَ , وَزِدْنِي نُوراً) (وَهَبْ لِي نُوراً عَلَى نُوراً )",«اللَّهُمَّ اجْعَلْ فِي قَلْبِي نُوراً، وَفِي لِسَانِي نُوراً، وَفِي سَمْعِي نُوراً، وَفِي بَصَرِي نُوراً، وَمِنْ فَوْقِي نُوراً، وَمِنْ تَحْتِي نُوراً، وَعَنْ يَمِينِي نُوراً، وَعَنْ شِمَالِي نُوراً، وَمِنْ أَمَامِي نُوراً، وَمِنْ خَلْفِي نُوراً، وَاجْعَلْ فِي نَفْسِي نُوراً، وَأَعْظِمْ لِي نُوراً، وَعَظِّم لِي نُوراً، وَاجْعَلْ لِي نُوراً، وَاجْعَلْنِي نُوراً، اللَّهُمَّ أَعْطِنِي نُوراً، وَاجْعَلْ فِي عَصَبِي نُوراً، وَفِي لَحْمِي نُوراً، وَفِي دَمِي نُوراً، وَفِي شَعْرِي نُوراً، وَفِي بَشَرِي نُوراً». «[اللَّهُمَّ اجْعَلْ لِي نُوراً فِي قَبْرِي... وَنُوراً فِي عِظَامِي]» [«وَزِدْنِي نُوراً، وَزِدْنِي نُوراً، وَزِدْنِي نُوراً»] [«وَهَبْ لِي نُوراً عَلَى نُورٍ»].,"1 Up to this point was reported by Al-Bukhari 11 / 116 (Hadith no. 6316) and by Muslim 1/526, 529-530 (Hadithno. 763).","[1] এ শব্দগুলোর জন্য দেখুন, বুখারী, (ফাতহুল বারীসহ) ১১/১১৬, নং ৬৩১৬; মুসলিম ১/৫২৬, ৫২৯, ৫৩০, নং ৭৬৩। [2] তিরমিযী ৫/৪৮৩, নং ৩৪১৯। [3] ইমাম বুখারী, আল-আদাবুল মুফরাদ, নং ৬৯৫; পৃ. ২৫৮; আর আলবানী সেটার সনদকে সহীহ আদাবিল মুফরাদে সহীহ বলেছেন, নং ৫৩৬। [4] হাফেয ইবন হাজার এটাকে তার ফতহুল বারীতে উল্লেখ করেছেন এবং ইবন আবী আসেমের ‘কিতাবুদ দো‘আ’ এর দিকে সম্পর্কিত করেছেন। দেখুন ফাতহুল বারী, ১১/১১৮। আরও বলেছেন, বিভিন্ন বর্ণনা থেকে মোট ২৫ (পঁচিশটি) বিষয় পাওয়া গেল।",,"[আল্লা-হুম্মাজ‘আল লী নূরান ফী কাবরী, ওয়া নূরান ফী ‘ইযামী] [ওয়া যিদ্‌নী নূরান, ওয়া যিদনী নূরান, ওয়া যিদনী নূরান] [ওয়া হাবলী নূরান ‘আলা নুর] “হে আল্লাহ! আপনি আমার অন্তরে নূর (বা আলো) দান করুন, আমার যবানে নূর দান করুন, আমার শ্রবণশক্তিতে নূর দান করুন, আমার দর্শনশক্তিতে নূর দান করুন, আমার উপরে নূর দান করুন, আমার নীচে নূর দান করুন, আমার ডানে নূর দান করুন, আমার বামে নূর দান করুন, আমার সামনে নূর দান করুন, আমার পেছনে নূর দান করুন, আমার আত্মায় নূর দান করুন, আমার জন্য নূরকে বড় করে দিন, আমার জন্য নূর বাড়িয়ে দিন, আমার জন্য নূর নির্ধারণ করুন, আমাকে আলোকময় করুন। হে আল্লাহ! আমাকে নূর দান করুন, আমার পেশীতে নূর প্রদান করুন, আমার গোশ্‌তে নূর দান করুন, আমার রক্তে নূর দান করুন, আমার চুলে নূর দান করুন ও আমার চামড়ায় নূর দান করুন[1]।” [“হে আল্লাহ! আমার জন্য আমার কবরে নূর দিন, আমার হাড়সমূহেও নূর দিন”][2], [“আমাকে নূরে বৃদ্ধি করে দিন, আমাকে নূরে বৃদ্ধি করে দিন, আমাকে নূরে বৃদ্ধি করে দিন”][3], [“আমাকে নূরের উপর নূর দান করুন”][4]।",near_exact,0.9952,"[""Allāhummaj'al fī qalbī nūran, wa fī lisānī nūran, wa fī sam`ī nūran, wa fī baṣarī nūran, wa min fawqī nūran, wa min taḥtī nūran, wa `an yamīnī nūran, wa `an shimālī nūran, wa min 'amāmī nūran, wa min khalfī nūran, waj`al fī nafsī nūran, wa 'a`ẓim lī nūran, wa `ẓẓim lī nūran, waj`allī nūran, waj`alnī nūran, Allāhumma 'a`tinī nūran, waj'al fī `aṣabī nūran, wa fī laḥmī nūran, wa fī damī nūran, wa fī sha`rī nūran, wa fī basharī nūran. [Allāhummaj`allī nūran fī qabrī wa nūran fī `iẓāmī.] [Wa zidnī nūran, wa zidnī nūran, wa zidnī nūran.] [Wa hab lī nūran `alā nūr.]"", ""O Allah, place light in my heart, and on my tongue light, and in my ears light and in my sight light, and above me light, and below me light, and to my right light, and to my left light, and before me light and behind me light. Place in my soul light. Magnify for me light, and amplify for me light. Make for me light and make me a light. O Allah, grant me light, and place light in my nerves, and in my body light and in my blood light and in my hair light and in my skin light.1 [O Allah, make for me a light in my grave... and a light in my bones.] (At-Tirmidhi 5/483 (Hadith no. 3419).) [Increase me in light, increase me in light, increase me in light .] (Al-Bukhari in Al-'Adab Al-Mufrad (Hadith no. 695), p. 258. See also Al-Albani, Sahih Al-'Adab Al-Mufrad(no. 536).) [Grant me light upon light.] (Al-Bukhari, cf. Al-Asqalani, Fathul-Bari 11/118.)"", '1 Up to this point was reported by Al-Bukhari 11 / 116 (Hadith no. 6316) and by Muslim 1/526, 529-530 (Hadithno. 763).', 'اللّهُـمَّ اجْعَـلْ فِي قَلْبـي نُوراً ، وَفي لِسَـانِي نُوراً، وَفِي سَمْعِي نُوراً, وَفِي بَصَرِيِ نُوراً, وَمِنْ فََوْقِي نُوراً , وَ مِنْ تَحْتِي نُوراً, وَ عَنْ يَمِينيِ نُوراَ, وعَنْ شِمَالِي نُوراً, وَمْن أَماَمِي نُوراً, وَمِنْ خَلْفيِ نُوراَ, واجْعَلْ فِي نَفْسِي نُوراً, وأَعْظِمْ لِي نُوراً, وَعظِّمْ لِي نُوراً, وَاجْعَلْ لِي نُوراً, واجْعَلنِي نُوراً, أللَّهُمَّ أَعْطِنِي نُوراً, واجْعَلْ فِي عَصَبِي نُوراً, وَفِي لَحْمِي نُوراً, وَفِي دَمِي نُوراً وَفِي شَعْرِي نُوراً, وفِي بَشَرِي نُوراً (أَللَّهُمَّ اجِعَلْ لِي نُوراً فِي قّبْرِي وَ نُوراَ فِي عِظاَمِي) (وَزِدْنِي نُوراً, وَزِدْنِي نُوراَ , وَزِدْنِي نُوراً) (وَهَبْ لِي نُوراً عَلَى نُوراً )']","['«اللَّهُمَّ اجْعَلْ فِي قَلْبِي نُوراً، وَفِي لِسَانِي نُوراً، وَفِي سَمْعِي نُوراً، وَفِي بَصَرِي نُوراً، وَمِنْ فَوْقِي نُوراً، وَمِنْ تَحْتِي نُوراً، وَعَنْ يَمِينِي نُوراً، وَعَنْ شِمَالِي نُوراً، وَمِنْ أَمَامِي نُوراً، وَمِنْ خَلْفِي نُوراً، وَاجْعَلْ فِي نَفْسِي نُوراً، وَأَعْظِمْ لِي نُوراً، وَعَظِّم لِي نُوراً، وَاجْعَلْ لِي نُوراً، وَاجْعَلْنِي نُوراً، اللَّهُمَّ أَعْطِنِي نُوراً، وَاجْعَلْ فِي عَصَبِي نُوراً، وَفِي لَحْمِي نُوراً، وَفِي دَمِي نُوراً، وَفِي شَعْرِي نُوراً، وَفِي بَشَرِي نُوراً».', '«[اللَّهُمَّ اجْعَلْ لِي نُوراً فِي قَبْرِي... وَنُوراً فِي عِظَامِي]» [«وَزِدْنِي نُوراً، وَزِدْنِي نُوراً، وَزِدْنِي نُوراً»] [«وَهَبْ لِي نُوراً عَلَى نُورٍ»].', '(আল্লা-হুম্মাজ‘আল ফী ক্বালবী নূরান, ওয়া ফী লিসানী নূরান, ওয়া ফী সাম্‘য়ী নূরান, ওয়া ফী বাসারী নূরান, ওয়া মিন ফাওকী নূরান, ওয়া মিন তাহ্\u200cতী নূরান, ওয়া ‘আন ইয়ামীনী নূরান, ওয়া ‘আন শিমালী নূরান, ওয়া মিন আমামী নূরান, ওয়া মিন খলফী নূরান, ওয়াজ‘আল ফী নাফ্\u200cসী নূরান, ওয়া আ‘যিম লী নূরান, ওয়া ‘আয্\u200cযিম লী নূরান, ওয়াজ‘আল্ লী নূরান, ওয়াজ‘আলনী নূরান; আল্লা-হুম্মা আ‘তিনী নূরান, ওয়াজ‘আল ফী ‘আসাবী নূরান, ওয়া ফী লাহ্\u200cমী নূরান, ওয়া ফী দামী নূরান, ওয়া ফী শা‘রী নূরান, ওয়া ফী বাশারী নূরান।', '[আল্লা-হুম্মাজ‘আল লী নূরান ফী কাবরী, ওয়া নূরান ফী ‘ইযামী] [ওয়া যিদ্\u200cনী নূরান, ওয়া যিদনী নূরান, ওয়া যিদনী নূরান] [ওয়া হাবলী নূরান ‘আলা নুর]', '“হে আল্লাহ! আপনি আমার অন্তরে নূর (বা আলো) দান করুন, আমার যবানে নূর দান করুন, আমার শ্রবণশক্তিতে নূর দান করুন, আমার দর্শনশক্তিতে নূর দান করুন, আমার উপরে নূর দান করুন, আমার নীচে নূর দান করুন, আমার ডানে নূর দান করুন, আমার বামে নূর দান করুন, আমার সামনে নূর দান করুন, আমার পেছনে নূর দান করুন, আমার আত্মায় নূর দান করুন, আমার জন্য নূরকে বড় করে দিন, আমার জন্য নূর বাড়িয়ে দিন, আমার জন্য নূর নির্ধারণ করুন, আমাকে আলোকময় করুন। হে আল্লাহ! আমাকে নূর দান করুন, আমার পেশীতে নূর প্রদান করুন, আমার গোশ্\u200cতে নূর দান করুন, আমার রক্তে নূর দান করুন, আমার চুলে নূর দান করুন ও আমার চামড়ায় নূর দান করুন[1]।”', '[“হে আল্লাহ! আমার জন্য আমার কবরে নূর দিন, আমার হাড়সমূহেও নূর দিন”][2], [“আমাকে নূরে বৃদ্ধি করে দিন, আমাকে নূরে বৃদ্ধি করে দিন, আমাকে নূরে বৃদ্ধি করে দিন”][3], [“আমাকে নূরের উপর নূর দান করুন”][4]।', '[1] এ শব্দগুলোর জন্য দেখুন, বুখারী, (ফাতহুল বারীসহ) ১১/১১৬, নং ৬৩১৬; মুসলিম ১/৫২৬, ৫২৯, ৫৩০, নং ৭৬৩।', '[2] তিরমিযী ৫/৪৮৩, নং ৩৪১৯।', '[3] ইমাম বুখারী, আল-আদাবুল মুফরাদ, নং ৬৯৫; পৃ. ২৫৮; আর আলবানী সেটার সনদকে সহীহ আদাবিল মুফরাদে সহীহ বলেছেন, নং ৫৩৬।', '[4] হাফেয ইবন হাজার এটাকে তার ফতহুল বারীতে উল্লেখ করেছেন এবং ইবন আবী আসেমের ‘কিতাবুদ দো‘আ’ এর দিকে সম্পর্কিত করেছেন। দেখুন ফাতহুল বারী, ১১/১১৮। আরও বলেছেন, বিভিন্ন বর্ণনা থেকে মোট ২৫ (পঁচিশটি) বিষয় পাওয়া গেল।']"
20,13,Chapter: Upon entering the mosque,دعاء دخول المسجد,13.0,মসজিদে প্রবেশের দো‘আ,"'A`ūdhu billāhi l-`aẓīm, wa bi-wajhihil-karīm, wa sultānihil-qadīm, min ash-shaytānir-rajīm. [Bismillāhi, wassalātu wassalāmu `alā rasūlillāhi.] Allāhummaftaḥ lī 'abwāba raḥmatik.","I seek refuge in Almighty Allah, By His Noble Face, By His primordial power, From Satan the outcast. 1 [In the Name of Allah, and blessings 2 and peace be upon the Messenger of Allah. 3 O Allah, open before me the doors of Your mercy. 4",,"ডান পা দিয়ে ঢুকবে[1] এবং বলবে,",,«أَعُوذُ بِاللَّهِ العَظِيمِ، وَبِوَجْهِهِ الْكَرِيمِ، وَسُلْطَانِهِ الْقَدِيمِ، مِنَ الشَّيْطَانِ الرَّجِيمِ» [بِسْمِ اللَّهِ، وَالصَّلَاةُ] [وَالسَّلَامُ عَلَى رَسُولِ اللَّهِ] «اللَّهُمَّ افْتَحْ لِي أَبْوَابَ رَحْمَتِكَ».,"1. Abu Dawud and Al-Albani, Sahihul-Jdmi' As-Saghir (Hadithno. 4591). 2. Ibn As-Sunni (Hadith no. 88), graded good by Al-Albani. 3. Abu Dawud 1/126, see also Al-Albani, Sahihul-Jami'As-Saghir 1/528. 4. Muslim 1/494. There is also a report in Sunan Ibn Majah on the authority of Fatimah (RA), : ""O Allah, forgive me my sins and open for me the doors of Your mercy."" It was graded authentic by Al-Albani due to supporting Ahadith. See Sahih Ibn Majah 1/128-9.","[1] কারণ, আনাস ইবন মালিক রাদিয়াল্লাহু আনহু বলেন, “সুন্নাত হচ্ছে, যখন তুমি মসজিদে প্রবেশ করবে, তখন তোমার ডান পা দিয়ে ঢুকবে, আর যখন বের হবে, তখন বাম পা দিয়ে বের হবে”। হাদীসটি উদ্ধৃত করেছেন, হাকিম ১/২১৮; এবং একে মুসলিমের শর্ত অনুযায়ী সহীহ বলেছেন, আর ইমাম যাহাবী সেটার সমর্থন করেছেন। আরও উদ্ধৃত করেছেন বাইহাকী, ২/৪৪২; আর শাইখ আলবানী তার সিলসিলাতুল আহাদীসিস সহীহা গ্রন্থে এটাকে হাসান বলেছেন, ৫/৬২৪; নং ২৪৭৮। [2] আবূ দাউদ, নং ৪৬৬; আরও দেখুন, সহীহুল জামে‘ ৪৫৯১। [3] ইবনুসসুন্নি কর্তৃক উদ্ধৃত, নং ৮। আর শাইখ আলবানী তার আস-সামারুল মুস্তাতাব গ্রন্থে একে হাসান বলেছেন, পৃ. ৬০৭। [4] আবূ দাউদ ১/১২৬; নং ৪৬৫; আরও দেখুন, সহীহুল জামে‘ ১/৫২৮। [5] মুসলিম ১/৪৯৪, নং ৭১৩; আর সুনান ইবন মাজায় ফাতিমা রাদিয়াল্লাহু আনহার হাদীসে এসেছে, «اللهم اغفر لي ذنوبي وافتح لي أبواب رحمتك» “হে আল্লাহ, আমার গুনাহ ক্ষমা করে দিন এবং আমার জন্য আপনার রহমতের দ্বারসমূহ অবারিত করে দিন”। আর শাইখ আলবানী অন্যান্য শাহেদ বা সম অর্থের বর্ণনার কারণে একে সহীহ বলেছেন। দেখুন, সহীহ ইবন মাজাহ্ ১/১২৮-১২৯।",,"(আ‘ঊযু বিল্লা-হিল ‘আযীম, ওয়া বিওয়াজহিহিল কারীম, ওয়াসুলতা-নিহিল ক্বদীম, মিনাশ শাইত্বা-নির রাজীম। [বিসমিল্লা-হি ওয়াসসালাতু] [ওয়াসসালা-মু ‘আলা রাসূলিল্লা-হি], আল্লা-হুম্মাফ্‌তাহ লী আবওয়া-বা রাহ্‌মাতিক)। “আমি মহান আল্লাহ্‌র কাছে তাঁর সম্মানিত চেহারা ও প্রাচীন ক্ষমতার ওসীলায় বিতাড়িত শয়তান থেকে আশ্রয় প্রার্থনা করছি।”[2] [আল্লাহ্‌র নামে (প্রবেশ করছি), সালাত][3] [ও সালাম আল্লাহ্‌র রাসূলের উপর।][4] “হে আল্লাহ! আপনি আমার জন্য আপনার রহমতের দরজাসমূহ খুলে দিন।”[5]",one_missing,,"[""'A`ūdhu billāhi l-`aẓīm, wa bi-wajhihil-karīm, wa sultānihil-qadīm, min ash-shaytānir-rajīm. [Bismillāhi, wassalātu wassalāmu `alā rasūlillāhi.] Allāhummaftaḥ lī 'abwāba raḥmatik."", 'I seek refuge in Almighty Allah, By His Noble Face, By His primordial power, From Satan the outcast. 1 [In the Name of Allah, and blessings 2 and peace be upon the Messenger of Allah. 3 O Allah, open before me the doors of Your mercy. 4', '1. Abu Dawud and Al-Albani, Sahihul-Jdmi\' As-Saghir (Hadithno. 4591). 2. Ibn As-Sunni (Hadith no. 88), graded good by Al-Albani. 3. Abu Dawud 1/126, see also Al-Albani, Sahihul-Jami\'As-Saghir 1/528. 4. Muslim 1/494. There is also a report in Sunan Ibn Majah on the authority of Fatimah (RA), : ""O Allah, forgive me my sins and open for me the doors of Your mercy."" It was graded authentic by Al-Albani due to supporting Ahadith. See Sahih Ibn Majah 1/128-9.']","['ডান পা দিয়ে ঢুকবে[1] এবং বলবে,', '«أَعُوذُ بِاللَّهِ العَظِيمِ، وَبِوَجْهِهِ الْكَرِيمِ، وَسُلْطَانِهِ الْقَدِيمِ، مِنَ الشَّيْطَانِ الرَّجِيمِ» [بِسْمِ اللَّهِ، وَالصَّلَاةُ] [وَالسَّلَامُ عَلَى رَسُولِ اللَّهِ] «اللَّهُمَّ افْتَحْ لِي أَبْوَابَ رَحْمَتِكَ».', '(আ‘ঊযু বিল্লা-হিল ‘আযীম, ওয়া বিওয়াজহিহিল কারীম, ওয়াসুলতা-নিহিল ক্বদীম, মিনাশ শাইত্বা-নির রাজীম।', '[বিসমিল্লা-হি ওয়াসসালাতু] [ওয়াসসালা-মু ‘আলা রাসূলিল্লা-হি], আল্লা-হুম্মাফ্\u200cতাহ লী আবওয়া-বা রাহ্\u200cমাতিক)।', '“আমি মহান আল্লাহ্\u200cর কাছে তাঁর সম্মানিত চেহারা ও প্রাচীন ক্ষমতার ওসীলায় বিতাড়িত শয়তান থেকে আশ্রয় প্রার্থনা করছি।”[2] [আল্লাহ্\u200cর নামে (প্রবেশ করছি), সালাত][3] [ও সালাম আল্লাহ্\u200cর রাসূলের উপর।][4] “হে আল্লাহ! আপনি আমার জন্য আপনার রহমতের দরজাসমূহ খুলে দিন।”[5]', '[1] কারণ, আনাস ইবন মালিক রাদিয়াল্লাহু আনহু বলেন, “সুন্নাত হচ্ছে, যখন তুমি মসজিদে প্রবেশ করবে, তখন তোমার ডান পা দিয়ে ঢুকবে, আর যখন বের হবে, তখন বাম পা দিয়ে বের হবে”। হাদীসটি উদ্ধৃত করেছেন, হাকিম ১/২১৮; এবং একে মুসলিমের শর্ত অনুযায়ী সহীহ বলেছেন, আর ইমাম যাহাবী সেটার সমর্থন করেছেন। আরও উদ্ধৃত করেছেন বাইহাকী, ২/৪৪২; আর শাইখ আলবানী তার সিলসিলাতুল আহাদীসিস সহীহা গ্রন্থে এটাকে হাসান বলেছেন, ৫/৬২৪; নং ২৪৭৮।', '[2] আবূ দাউদ, নং ৪৬৬; আরও দেখুন, সহীহুল জামে‘ ৪৫৯১।', '[3] ইবনুসসুন্নি কর্তৃক উদ্ধৃত, নং ৮। আর শাইখ আলবানী তার আস-সামারুল মুস্তাতাব গ্রন্থে একে হাসান বলেছেন, পৃ. ৬০৭।', '[4] আবূ দাউদ ১/১২৬; নং ৪৬৫; আরও দেখুন, সহীহুল জামে‘ ১/৫২৮।', '[5] মুসলিম ১/৪৯৪, নং ৭১৩; আর সুনান ইবন মাজায় ফাতিমা রাদিয়াল্লাহু আনহার হাদীসে এসেছে,', '«اللهم اغفر لي ذنوبي وافتح لي أبواب رحمتك»', '“হে আল্লাহ, আমার গুনাহ ক্ষমা করে দিন এবং আমার জন্য আপনার রহমতের দ্বারসমূহ অবারিত করে দিন”। আর শাইখ আলবানী অন্যান্য শাহেদ বা সম অর্থের বর্ণনার কারণে একে সহীহ বলেছেন। দেখুন, সহীহ ইবন মাজাহ্ ১/১২৮-১২৯।']"
21,14,Chapter: Upon leaving the mosque,دعاء الخروج من المسجد,14.0,মসজিদ থেকে বের হওয়ার দো‘আ,"Bismillāhi waṣṣalātu wassalāmu 'alā Rasūlillāhi, Allāhumma 'innī 'as'aluka min faḍlika, Allāhumma`ṣimnī min ash-shaytānir-rajīm.","In the Name of Allah, and peace and blessings be upon the Messenger of Allah. O Allah, I ask for Your favor, O Allah, protect me from Satan the outcast.","বিস্‌মিল্লা-হি ওয়াস্‌সালা-তু ওয়াস্‌সালা-মু ‘আলা রাসূলিল্লাহ, আল্লা-হুম্মা ইন্নী আসআলুকা মিন ফাদ্বলিকা, আল্লা-হুম্মা আ‘সিমনি মিনাশ শাইত্বানির রাজীম।","বাম পা দিয়ে শুরু করবে[1] এবং বলবে,",بِسمِ الله وَالصّلاةُ وَالسّلامُ عَلى رَسولِ الله، اللّهُـمَّ إِنّـي أَسْأَلُكَ مِـنْ فَضْـلِك، اللّهُـمَّ اعصِمْنـي مِنَ الشَّيْـطانِ الرَّجـيم,«بِسْمِ اللَّهِ وَالصّلَاةُ وَالسَّلَامُ عَلَى رَسُولِ اللَّهِ، اللَّهُمَّ إِنِّي أَسْأَلُكَ مِنْ فَضْلِك، اللَّهُمَّ اعْصِمْنِي مِنَ الشَّيْطَانِ الرَّجِيمِ».,ibid.,"[1] আল-হাকিম, ১/২১৮; বাইহাকী, ২/৪৪২, আর শাইখ আলবানী তার সিলসিলাতুস সহীহায় একে হাসান হাদীস বলেছেন, ৫/৬২৪, নং ২৪৭৮। আর সেটার তাখরীজ পূর্বে গত হয়েছে। [2] মসজিদে প্রবেশের দো‘আয় পূর্বে বর্ণিত হাদীসের রেওয়ায়েতসমূহের তাখরীজ দেখুন, (২০ নং) আর “হে আল্লাহ, আমাকে বিতাড়িত শয়তান থেকে হেফাযত করুন” এ বাড়তি অংশের তাখরীজ দেখুন, ইবন মাজাহ্‌ ১/১২৯।",,"“আল্লাহ্‌র নামে (বের হচ্ছি)। আল্লাহ্‌র রাসুলের উপর শান্তি বর্ষিত হোক। হে আল্লাহ! আপনি আমার গুনাসমূহ মাফ করে দিন এবং আমার জন্য আপনার দয়ার দরজাগুলো খুলে দিন। হে আল্লাহ, আমাকে বিতাড়িত শয়তান থেকে হেফাযত করুন”[2]।",exact_match,1.0,"[""Bismillāhi waṣṣalātu wassalāmu 'alā Rasūlillāhi, Allāhumma 'innī 'as'aluka min faḍlika, Allāhumma`ṣimnī min ash-shaytānir-rajīm."", 'In the Name of Allah, and peace and blessings be upon the Messenger of Allah. O Allah, I ask for Your favor, O Allah, protect me from Satan the outcast.', 'ibid.', 'بِسمِ الله وَالصّلاةُ وَالسّلامُ عَلى رَسولِ الله، اللّهُـمَّ إِنّـي أَسْأَلُكَ مِـنْ فَضْـلِك، اللّهُـمَّ اعصِمْنـي مِنَ الشَّيْـطانِ الرَّجـيم']","['বাম পা দিয়ে শুরু করবে[1] এবং বলবে,', '«بِسْمِ اللَّهِ وَالصّلَاةُ وَالسَّلَامُ عَلَى رَسُولِ اللَّهِ، اللَّهُمَّ إِنِّي أَسْأَلُكَ مِنْ فَضْلِك، اللَّهُمَّ اعْصِمْنِي مِنَ الشَّيْطَانِ الرَّجِيمِ».', '(বিস্\u200cমিল্লা-হি ওয়াস্\u200cসালা-তু ওয়াস্\u200cসালা-মু ‘আলা রাসূলিল্লাহ, আল্লা-হুম্মা ইন্নী আসআলুকা মিন ফাদ্বলিকা, আল্লা-হুম্মা আ‘সিমনি মিনাশ শাইত্বানির রাজীম।)', '“আল্লাহ্\u200cর নামে (বের হচ্ছি)। আল্লাহ্\u200cর রাসুলের উপর শান্তি বর্ষিত হোক। হে আল্লাহ! আপনি আমার গুনাসমূহ মাফ করে দিন এবং আমার জন্য আপনার দয়ার দরজাগুলো খুলে দিন। হে আল্লাহ, আমাকে বিতাড়িত শয়তান থেকে হেফাযত করুন”[2]।', '[1] আল-হাকিম, ১/২১৮; বাইহাকী, ২/৪৪২, আর শাইখ আলবানী তার সিলসিলাতুস সহীহায় একে হাসান হাদীস বলেছেন, ৫/৬২৪, নং ২৪৭৮। আর সেটার তাখরীজ পূর্বে গত হয়েছে।', '[2] মসজিদে প্রবেশের দো‘আয় পূর্বে বর্ণিত হাদীসের রেওয়ায়েতসমূহের তাখরীজ দেখুন, (২০ নং) আর “হে আল্লাহ, আমাকে বিতাড়িত শয়তান থেকে হেফাযত করুন” এ বাড়তি অংশের তাখরীজ দেখুন, ইবন মাজাহ্\u200c ১/১২৯।']"
22,15,Chapter: Concerning the athan (the call to prayer),أذكار الأذان,15.0,আযানের যিক্‌রসমূহ,Lā ḥawla wa lā quwwata 'illā billāh.,"Repeat what the Mu'adh-dhin says, except for when he says:",লা-হাওলা ওয়ালা ক্বুওয়াতা ইল্লা বিল্লা-হ,"মুয়াযযিন যা বলে শ্রোতাও তা বলবে, তবে ‘হাইয়্যা ‘আলাস্‌সালাহ’ এবং ‘হাইয়্যা ‘আলাল ফালাহ’ এর সময় বলবে,",يقول مثل ما يقول المؤذن إلا في (حي على الصلاة ، وحي على الفلاح) فيقول لا حول ولا قوة إلا بالله.,«لاَ حَوْلَ وَلاَ قُوَّةَ إِلاَّ بِاللَّهِ»,"Al-Bukhari 1/152, Muslim 1/288.",,,“আল্লাহর সাহায্য ছাড়া (পাপ কাজ থেকে দূরে থাকার) কোনো উপায় এবং (সৎকাজ করার) কোনো শক্তি কারো নেই[1]।”,mismatch,0.4211,"[""Lā ḥawla wa lā quwwata 'illā billāh."", ""Repeat what the Mu'adh-dhin says, except for when he says:"", 'Al-Bukhari 1/152, Muslim 1/288.', 'يقول مثل ما يقول المؤذن إلا في (حي على الصلاة ، وحي على الفلاح) فيقول لا حول ولا قوة إلا بالله.']","['মুয়াযযিন যা বলে শ্রোতাও তা বলবে, তবে ‘হাইয়্যা ‘আলাস্\u200cসালাহ’ এবং ‘হাইয়্যা ‘আলাল ফালাহ’ এর সময় বলবে,', '«لاَ حَوْلَ وَلاَ قُوَّةَ إِلاَّ بِاللَّهِ»', '(লা-হাওলা ওয়ালা ক্বুওয়াতা ইল্লা বিল্লা-হ)', '“আল্লাহর সাহায্য ছাড়া (পাপ কাজ থেকে দূরে থাকার) কোনো উপায় এবং (সৎকাজ করার) কোনো শক্তি কারো নেই[1]।”']"
23,15,Chapter: Concerning the athan (the call to prayer),أذكار الأذان,15.0,আযানের যিক্‌রসমূহ,"Wa 'anā 'ash-hadu 'an lā 'ilāha 'illallāhu waḥdahu lā sharīka lahu wa 'anna Muḥammadan 'abduhu wa rasūluhu, raḍītu billāhi rabban, wa bi Muḥammadin rasūlan wa bi 'l-islāmi dīnan.","I bear witness that none has the right to be worshipped but Allah alone, Who has no partner, and that Muhammad is His slave and His Messenger. I am pleased with Allah as my Lord, with Muhammad as my Messenger and with Islam as my religion. 1 [To be recited in Arabic after the mu'adh-dhin's tashahhud or the words of affirmation of Faith] 2","ওয়া আনা আশ্‌হাদু আল্লা ইলা-হা ইল্লাল্লা-হু ওয়াহ্‌দাহু লা শারীকা লাহু ওয়া আন্না মুহাম্মাদান ‘আবদুহূ ওয়া রাসূলুহু, রাদীতু বিল্লা-হি রব্‌বান, ওয়া বিমুহাম্মাদিন রাসূলান, ওয়া বিলইসলা-মি দ্বীনান","বলবে,",وَأَنا أَشْـهَدُ أَنْ لا إِلـهَ إِلاّ اللهُ وَحْـدَهُ لا شَـريكَ لَـه ، وَأَنَّ محَمّـداً عَبْـدُهُ وَرَسـولُه، رَضيـتُ بِاللهِ رَبَّاً ، وَبِمُحَمَّـدٍ رَسـولاً وَبِالإِسْلامِ دينَـاً,«وَأَنَا أَشْهَدُ أَنْ لاَ إِلَهَ إِلاَّ اللَّهُ وَحْدَهُ لاَ شَرِيكَ لَهُ وَأَنَّ مُحَمَّداً عَبْدُهُ وَرَسُولُهُ، رَضِيتُ بِاللَّهِ رَبَّاً، وَبِمُحَمَّدٍ رَسُولاً، وَبِالْإِسْلاَمِ دِينَاً»,1. Muslim 1/290. 2. Ibn Khuzaymah 1/220.,,,"“আমি সাক্ষ্য দিচ্ছি যে, একমাত্র আল্লাহ ছাড়া কোনো হক্ব ইলাহ নেই, তাঁর কোনো শরীক নেই। আমি আরো সাক্ষ্য দিচ্ছি যে, মুহাম্মাদ সাল্লাল্লাহু আলাইহি ওয়াসাল্লাম তাঁর বান্দাহ ও রাসূল। আমি আল্লাহকে রব্ব, মুহাম্মাদ (সাল্লাল্লাহু আলাইহি ওয়াসাল্লাম) কে রাসূল এবং ইসলামকে দ্বীন হিসেবে গ্রহণ করে সন্তুষ্ট।”[2] মুয়াযযিন তাশাহহুদ (তথা আশহাদু আন্না মুহাম্মাদার...) উচ্চারণ করার পরই শ্রোতারা এ যিক্‌রটি বলবে।[3]",exact_match,1.0,"[""Wa 'anā 'ash-hadu 'an lā 'ilāha 'illallāhu waḥdahu lā sharīka lahu wa 'anna Muḥammadan 'abduhu wa rasūluhu, raḍītu billāhi rabban, wa bi Muḥammadin rasūlan wa bi 'l-islāmi dīnan."", ""I bear witness that none has the right to be worshipped but Allah alone, Who has no partner, and that Muhammad is His slave and His Messenger. I am pleased with Allah as my Lord, with Muhammad as my Messenger and with Islam as my religion. 1 [To be recited in Arabic after the mu'adh-dhin's tashahhud or the words of affirmation of Faith] 2"", '1. Muslim 1/290. 2. Ibn Khuzaymah 1/220.', 'وَأَنا أَشْـهَدُ أَنْ لا إِلـهَ إِلاّ اللهُ وَحْـدَهُ لا شَـريكَ لَـه ، وَأَنَّ محَمّـداً عَبْـدُهُ وَرَسـولُه، رَضيـتُ بِاللهِ رَبَّاً ، وَبِمُحَمَّـدٍ رَسـولاً وَبِالإِسْلامِ دينَـاً']","['বলবে,', '«وَأَنَا أَشْهَدُ أَنْ لاَ إِلَهَ إِلاَّ اللَّهُ وَحْدَهُ لاَ شَرِيكَ لَهُ وَأَنَّ مُحَمَّداً عَبْدُهُ وَرَسُولُهُ، رَضِيتُ بِاللَّهِ رَبَّاً، وَبِمُحَمَّدٍ رَسُولاً، وَبِالْإِسْلاَمِ دِينَاً»', '(ওয়া আনা আশ্\u200cহাদু আল্লা ইলা-হা ইল্লাল্লা-হু ওয়াহ্\u200cদাহু লা শারীকা লাহু ওয়া আন্না মুহাম্মাদান ‘আবদুহূ ওয়া রাসূলুহু, রাদীতু বিল্লা-হি রব্\u200cবান, ওয়া বিমুহাম্মাদিন রাসূলান, ওয়া বিলইসলা-মি দ্বীনান)।', '“আমি সাক্ষ্য দিচ্ছি যে, একমাত্র আল্লাহ ছাড়া কোনো হক্ব ইলাহ নেই, তাঁর কোনো শরীক নেই। আমি আরো সাক্ষ্য দিচ্ছি যে, মুহাম্মাদ সাল্লাল্লাহু আলাইহি ওয়াসাল্লাম তাঁর বান্দাহ ও রাসূল। আমি আল্লাহকে রব্ব, মুহাম্মাদ (সাল্লাল্লাহু আলাইহি ওয়াসাল্লাম) কে রাসূল এবং ইসলামকে দ্বীন হিসেবে গ্রহণ করে সন্তুষ্ট।”[2]', 'মুয়াযযিন তাশাহহুদ (তথা আশহাদু আন্না মুহাম্মাদার...) উচ্চারণ করার পরই শ্রোতারা এ যিক্\u200cরটি বলবে।[3]']"
24,15,Chapter: Concerning the athan (the call to prayer),أذكار الأذان,15.0,আযানের যিক্‌রসমূহ,,After replying to the call of Mu'adh-dhin. you should recite in Arabic Allah's blessings on the Prophet (ﷺ).,,মুয়াযযিনের কথার জবাব দেওয়া শেষ করার পর রাসূলুল্লাহ্‌ সাল্লাল্লাহু আলাইহি ওয়াসাল্লামের উপর দরূদ পড়বে।[4],يُصَلِّي عَلَى النَّبِيِّ صلى الله عليه وسلم بَعْدَ فَرَاغِهِ مِنْ إِجَابَةِ الْمُؤَذِّنِ,,Muslim 1/288,,,,one_missing,,"[""After replying to the call of Mu'adh-dhin. you should recite in Arabic Allah's blessings on the Prophet (ﷺ)."", 'Muslim 1/288', 'يُصَلِّي عَلَى النَّبِيِّ صلى الله عليه وسلم بَعْدَ فَرَاغِهِ مِنْ إِجَابَةِ الْمُؤَذِّنِ']",['মুয়াযযিনের কথার জবাব দেওয়া শেষ করার পর রাসূলুল্লাহ্\u200c সাল্লাল্লাহু আলাইহি ওয়াসাল্লামের উপর দরূদ পড়বে।[4]']
25,15,Chapter: Concerning the athan (the call to prayer),أذكار الأذان,15.0,আযানের যিক্‌রসমূহ,"Allāhumma rabba hādhihi 'd-da'wati 't-tāmmah waṣ-ṣalāti 'l-qā'imah, 'āti Muhammadani 'l-wasīlata walfaḍīlata, wab 'ath-hu maqāma 'm-mahmūdani 'l-ladhī wa`adtahu, ['innaka lā tukhliful-mī'ād]","O Allah , Lord of this perfect call and established prayer. Grant Muhammad the intercession and favor, and raise him to the honored station You have promised him, [verily You do not neglect promises].","আল্লা-হুম্মা রববা হা-যিহিদ্ দা‘ওয়াতিত্ তা-ম্মাতি ওয়াস সালা-তিল ক্বা-’ইমাতি আ-তি মুহাম্মাদানিল ওয়াসীলাতা ওয়াল ফাদীলাতা ওয়াব্‘আছহু মাক্বা-মাম মাহমূদানিল্লাযী ওয়া‘আদতাহ, ইন্নাকা লা তুখলিফুল মী‘আদ","তারপর বলবে,",,«اللَّهُمَّ رَبَّ هَذِهِ الدَّعْوَةِ التَّامَّةِ، وَالصَّلاَةِ الْقَائِمَةِ، آتِ مُحَمَّداً الْوَسِيلَةَ وَالْفَضِيلَةَ، وَابْعَثْهُ مَقَامَاً مَحمُوداً الَّذِي وَعَدْتَهُ، [إِنَّكَ لَا تُخْلِفُ الْمِيعَادَ]».,"Al-Bukhari 1/152, and the addition between brackets is from Al-Bayhaqi 1/410 with a good (Hasan) chain of narration. See 'Abdul-Azlz bin Baz's Tuhfatul-'Akhyar, pg. 38.",,,"“হে আল্লাহ! এই পরিপূর্ণ আহ্বান এবং প্রতিষ্ঠিত সালাতের রব্ব! মুহাম্মাদ (সাল্লাল্লাহু আলাইহি ওয়াসাল্লাম) কে ওসীলা তথা জান্নাতের একটি স্তর এবং ফযীলত তথা সকল সৃষ্টির উপর অতিরিক্ত মর্যাদা দান করুন। আর তাঁকে মাকামে মাহমূদে (প্রশংসিত স্থানে) পৌঁছে দিন, যার প্রতিশ্রুতি আপনি তাঁকে দিয়েছেন। নিশ্চয় আপনি প্রতিশ্রুতি ভঙ্গ করেন না।”[5]",one_missing,,"[""Allāhumma rabba hādhihi 'd-da'wati 't-tāmmah waṣ-ṣalāti 'l-qā'imah, 'āti Muhammadani 'l-wasīlata walfaḍīlata, wab 'ath-hu maqāma 'm-mahmūdani 'l-ladhī wa`adtahu, ['innaka lā tukhliful-mī'ād]"", 'O Allah , Lord of this perfect call and established prayer. Grant Muhammad the intercession and favor, and raise him to the honored station You have promised him, [verily You do not neglect promises].', ""Al-Bukhari 1/152, and the addition between brackets is from Al-Bayhaqi 1/410 with a good (Hasan) chain of narration. See 'Abdul-Azlz bin Baz's Tuhfatul-'Akhyar, pg. 38.""]","['তারপর বলবে,', '«اللَّهُمَّ رَبَّ هَذِهِ الدَّعْوَةِ التَّامَّةِ، وَالصَّلاَةِ الْقَائِمَةِ، آتِ مُحَمَّداً الْوَسِيلَةَ وَالْفَضِيلَةَ، وَابْعَثْهُ مَقَامَاً مَحمُوداً الَّذِي وَعَدْتَهُ، [إِنَّكَ لَا تُخْلِفُ الْمِيعَادَ]».', '(আল্লা-হুম্মা রববা হা-যিহিদ্ দা‘ওয়াতিত্ তা-ম্মাতি ওয়াস সালা-তিল ক্বা-’ইমাতি আ-তি মুহাম্মাদানিল ওয়াসীলাতা ওয়াল ফাদীলাতা ওয়াব্‘আছহু মাক্বা-মাম মাহমূদানিল্লাযী ওয়া‘আদতাহ, ইন্নাকা লা তুখলিফুল মী‘আদ)।', '“হে আল্লাহ! এই পরিপূর্ণ আহ্বান এবং প্রতিষ্ঠিত সালাতের রব্ব! মুহাম্মাদ (সাল্লাল্লাহু আলাইহি ওয়াসাল্লাম) কে ওসীলা তথা জান্নাতের একটি স্তর এবং ফযীলত তথা সকল সৃষ্টির উপর অতিরিক্ত মর্যাদা দান করুন। আর তাঁকে মাকামে মাহমূদে (প্রশংসিত স্থানে) পৌঁছে দিন, যার প্রতিশ্রুতি আপনি তাঁকে দিয়েছেন। নিশ্চয় আপনি প্রতিশ্রুতি ভঙ্গ করেন না।”[5]']"
26,15,Chapter: Concerning the athan (the call to prayer),أذكار الأذان,15.0,আযানের যিক্‌রসমূহ,,"Between the call to prayer and the 'Iqamah, you should supplicate Allah for yourself. Invocation during this time is not rejected.",,“আযান ও ইকামতের মধ্যবর্তী সময়ে নিজের জন্য দো‘আ করবে। কেননা ঐ সময়ের দো‘আ প্রত্যাখ্যান করা হয় না।”[6],يَدْعُو لِنَفسِهِ بَيْنَ الْأَذَانِ وَالْإِقَامَةِ فَإِنَّ الدُّعَاءَ حِينَئِذٍ لاَ يُرَدُّ,,"At-Tirmidhi, Abu Dawud, Ahmed. See Irwaa Al-Ghalil 1/262","[6] তিরমিযী, নং ৩৫৯৪; আবূ দাউদ, নং ৫২৫; আহমাদ, নং ১২২০০; আরও দেখুন, ইরওয়াউল গালীল, ১/২৬২।",,,one_missing,,"[""Between the call to prayer and the 'Iqamah, you should supplicate Allah for yourself. Invocation during this time is not rejected."", 'At-Tirmidhi, Abu Dawud, Ahmed. See Irwaa Al-Ghalil 1/262', 'يَدْعُو لِنَفسِهِ بَيْنَ الْأَذَانِ وَالْإِقَامَةِ فَإِنَّ الدُّعَاءَ حِينَئِذٍ لاَ يُرَدُّ']","['“আযান ও ইকামতের মধ্যবর্তী সময়ে নিজের জন্য দো‘আ করবে। কেননা ঐ সময়ের দো‘আ প্রত্যাখ্যান করা হয় না।”[6]', '[1] বুখারী, ১/১৫২, নং ৬১১, ৬১৩; মুসলিম, ১/২৮৮, নং ৩৮৩।', '[2] মুসলিম ১/২৯০, নং ৩৮৬।', '[3] ইবন খুযাইমা, ১/২২০।', '[4] মুসলিম ১/২৮৮, নং ৩৮৪।', '[5] বুখারী ১/২৫২, নং ৬১৪; আর দুই ব্রাকেটের মাঝখানের অংশ উদ্ধৃত করেছেন, বায়হাকী ১/৪১০। আর আল্লামা আবদুল আযীয ইবন বায রাহেমাহুল্লাহ তার ‘তুহফাতুল আখইয়ার’ গ্রন্থে এটার সনদকে হাসান বলেছেন, পৃ. ৩৮।', '[6] তিরমিযী, নং ৩৫৯৪; আবূ দাউদ, নং ৫২৫; আহমাদ, নং ১২২০০; আরও দেখুন, ইরওয়াউল গালীল, ১/২৬২।']"
27,16,Chapter: At the start of the prayer (after takbeer),دعاء الاستفتاح,16.0,সালাতের শুরুতে দো‘আ,"Allāhumma bā'id baynī wa bayna khatāyāya kamā bāa'adta bayn al-mashriqi wal-maghribi, Allāhumma naqqinī min khatāyāya kamā yunaqqa 'th-thawbu 'l-'abyaḍu min ad-danasi, Allāhumma 'ghsilnī min khatāyāya, bi 'th-thalji wal-mā'i wal-barad.","O Allah, separate me from my sins as You have separated the East from the West. O Allah, cleanse me of my transgressions as the white garment is cleansed of stains. O Allah, wash away my sins with ice and water and frost.",আল্লা-হুম্মা বা-‘ইদ বাইনী ওয়া বাইনা খাত্বা-ইয়া-ইয়া কামা বা-‘আদতা বাইনাল মাশরিক্বি ওয়াল মাগরিব। আল্লা-হুম্মা নাক্বক্বিনী মিন খাত্বা-ইয়া-ইয়া কামা ইয়ুনাক্কাস্ ছাওবুল আবইয়াদু মিনাদ দানাসি। আল্লা-হুম্মাগসিলনী মিন খাত্বা-ইয়া-ইয়া বিস্‌সালজি ওয়াল মা-’ই ওয়াল বারাদ,"“হে আল্লাহ! আপনি আমার এবং আমার গুনাহসমূহের মধ্যে এমন দূরত্ব সৃষ্টি করুন যেরূপ দূরত্ব সৃষ্টি করেছেন পূর্ব ও পশ্চিমের মধ্যে। হে আল্লাহ! আপনি আমাকে আমার গুনাহসমূহ থেকে এমন পরিষ্কার করে দিন, যেমন সাদা কাপড় ময়লা থেকে পরিষ্কার করা হয়। হে আল্লাহ! আপনি আমাকে আমার পাপসমূহ থেকে বরফ, পানি ও মেঘের শিলাখণ্ড দ্বারা ধৌত করে দিন।”[1]",اللّهُـمَّ باعِـدْ بَيـني وَبَيْنَ خَطـايايَ كَما باعَدْتَ بَيْنَ المَشْرِقِ وَالمَغْرِبْ ، اللّهُـمَّ نَقِّنـي مِنْ خَطايايَ كَمـا يُـنَقَّى الثَّـوْبُ الأَبْيَضُ مِنَ الدَّنَسْ ، اللّهُـمَّ اغْسِلْنـي مِنْ خَطايـايَ بِالثَّلـجِ وَالمـاءِ وَالْبَرَدْ.,«اللَّهُمَّ بَاعِدْ بَيْنِي وَبَيْنَ خَطَايَايَ كَمَا بَاعَدْتَ بَيْنَ الْمَشْرِقِ وَالْمَغْرِبِ، اللَّهُمَّ نَقِّنِي مِنْ خَطَايَايَ كَمَا يُنَقَّى الثَّوْبُ الْأَبْيَضُ مِنَ الدَّنَسِ، اللَّهُمَّ اغْسِلْني مِنْ خَطَايَايَ، بِالثَّلْجِ وَالْماءِ وَالْبَرَدِ».,"Al-Bukhari 1/181, Muslim 1/419.",,,,exact_match,1.0,"[""Allāhumma bā'id baynī wa bayna khatāyāya kamā bāa'adta bayn al-mashriqi wal-maghribi, Allāhumma naqqinī min khatāyāya kamā yunaqqa 'th-thawbu 'l-'abyaḍu min ad-danasi, Allāhumma 'ghsilnī min khatāyāya, bi 'th-thalji wal-mā'i wal-barad."", 'O Allah, separate me from my sins as You have separated the East from the West. O Allah, cleanse me of my transgressions as the white garment is cleansed of stains. O Allah, wash away my sins with ice and water and frost.', 'Al-Bukhari 1/181, Muslim 1/419.', 'اللّهُـمَّ باعِـدْ بَيـني وَبَيْنَ خَطـايايَ كَما باعَدْتَ بَيْنَ المَشْرِقِ وَالمَغْرِبْ ، اللّهُـمَّ نَقِّنـي مِنْ خَطايايَ كَمـا يُـنَقَّى الثَّـوْبُ الأَبْيَضُ مِنَ الدَّنَسْ ، اللّهُـمَّ اغْسِلْنـي مِنْ خَطايـايَ بِالثَّلـجِ وَالمـاءِ وَالْبَرَدْ.']","['«اللَّهُمَّ بَاعِدْ بَيْنِي وَبَيْنَ خَطَايَايَ كَمَا بَاعَدْتَ بَيْنَ الْمَشْرِقِ وَالْمَغْرِبِ، اللَّهُمَّ نَقِّنِي مِنْ خَطَايَايَ كَمَا يُنَقَّى الثَّوْبُ الْأَبْيَضُ مِنَ الدَّنَسِ، اللَّهُمَّ اغْسِلْني مِنْ خَطَايَايَ، بِالثَّلْجِ وَالْماءِ وَالْبَرَدِ».', '(আল্লা-হুম্মা বা-‘ইদ বাইনী ওয়া বাইনা খাত্বা-ইয়া-ইয়া কামা বা-‘আদতা বাইনাল মাশরিক্বি ওয়াল মাগরিব। আল্লা-হুম্মা নাক্বক্বিনী মিন খাত্বা-ইয়া-ইয়া কামা ইয়ুনাক্কাস্ ছাওবুল আবইয়াদু মিনাদ দানাসি। আল্লা-হুম্মাগসিলনী মিন খাত্বা-ইয়া-ইয়া বিস্\u200cসালজি ওয়াল মা-’ই ওয়াল বারাদ)।', '“হে আল্লাহ! আপনি আমার এবং আমার গুনাহসমূহের মধ্যে এমন দূরত্ব সৃষ্টি করুন যেরূপ দূরত্ব সৃষ্টি করেছেন পূর্ব ও পশ্চিমের মধ্যে। হে আল্লাহ! আপনি আমাকে আমার গুনাহসমূহ থেকে এমন পরিষ্কার করে দিন, যেমন সাদা কাপড় ময়লা থেকে পরিষ্কার করা হয়। হে আল্লাহ! আপনি আমাকে আমার পাপসমূহ থেকে বরফ, পানি ও মেঘের শিলাখণ্ড দ্বারা ধৌত করে দিন।”[1]']"
28,16,Chapter: At the start of the prayer (after takbeer),دعاء الاستفتاح,16.0,সালাতের শুরুতে দো‘আ,"Subhānaka Allāhumma wa biḥamdika, wa tabāraka 'smuka, wa ta'ālā jadduka, wa lā 'ilāha ghayruk.","Glory is to You O Allah, and praise. Blessed is Your Name and Exalted is Your Majesty. There is none worthy of worship but You",সুবহা-নাকাল্লা-হুম্মা ওয়া বিহামদিকা ওয়া তাবা-রাকাসমুকা ওয়া তা‘আ-লা জাদ্দুকা ওয়া লা- ইলা-হা গাইরুকা,"“হে আল্লাহ! আপনার প্রশংসাসহ আপনার পবিত্রতা ও মহিমা ঘোষণা করছি, আপনার নাম বড়ই বরকতময়, আপনার প্রতিপত্তি অতি উচ্চ। আর আপনি ব্যতীত অন্য কোনো হক্ব ইলাহ্‌ নেই।”[2]",سُبْـحانَكَ اللّهُـمَّ وَبِحَمْـدِكَ وَتَبارَكَ اسْمُـكَ وَتَعـالى جَـدُّكَ وَلا إِلهَ غَيْرُك,«سُبْحانَكَ اللَّهُمَّ وَبِحَمْدِكَ، وَتَبارَكَ اسْمُكَ، وَتَعَالَى جَدُّكَ، وَلاَ إِلَهَ غَيْرُكَ».,"Abu Dawud, Ibn Majah, An-Nasa'i, At-Tirmidhi. See Al-Albani, Sahih At-Tirmidhi 1/77 and Sahih Ibn Majah 1/135.",,,,exact_match,1.0,"[""Subhānaka Allāhumma wa biḥamdika, wa tabāraka 'smuka, wa ta'ālā jadduka, wa lā 'ilāha ghayruk."", 'Glory is to You O Allah, and praise. Blessed is Your Name and Exalted is Your Majesty. There is none worthy of worship but You', ""Abu Dawud, Ibn Majah, An-Nasa'i, At-Tirmidhi. See Al-Albani, Sahih At-Tirmidhi 1/77 and Sahih Ibn Majah 1/135."", 'سُبْـحانَكَ اللّهُـمَّ وَبِحَمْـدِكَ وَتَبارَكَ اسْمُـكَ وَتَعـالى جَـدُّكَ وَلا إِلهَ غَيْرُك']","['«سُبْحانَكَ اللَّهُمَّ وَبِحَمْدِكَ، وَتَبارَكَ اسْمُكَ، وَتَعَالَى جَدُّكَ، وَلاَ إِلَهَ غَيْرُكَ».', '(সুবহা-নাকাল্লা-হুম্মা ওয়া বিহামদিকা ওয়া তাবা-রাকাসমুকা ওয়া তা‘আ-লা জাদ্দুকা ওয়া লা- ইলা-হা গাইরুকা)।', '“হে আল্লাহ! আপনার প্রশংসাসহ আপনার পবিত্রতা ও মহিমা ঘোষণা করছি, আপনার নাম বড়ই বরকতময়, আপনার প্রতিপত্তি অতি উচ্চ। আর আপনি ব্যতীত অন্য কোনো হক্ব ইলাহ্\u200c নেই।”[2]']"
29,16,Chapter: At the start of the prayer (after takbeer),دعاء الاستفتاح,16.0,সালাতের শুরুতে দো‘আ,"Wajjahtu wajhiya li 'l-ladhî faṭara s-samāwāti wa 'l-arḍa, ḥanīfan wa mā ana min al-mushrikīna. Inna salāti wa nusukī, wa mahyāya wa mamātī lillāhi rabbi 'l-`ālamīna, lā sharīka lahu. Wa bi dhālika umirtu wa ana min al-muslimīna. Allāhumma anta 'l-maliku lā ilāha illā anta. Anta rabbī wa ana `abduka, ẓalamtu nafsī wa`taraftu bi dhanbī. Faghfir lī dhunūbī jamī`an, innahu lā yaghfiru 'dh-dhunūba illā anta. Wahdinī li-aḥsani 'l-akhlāqi, lā yahdī li aḥsanihā illā anta. Waṣrif `annī sayyi'ahā, lā yaṣrifu `annī sayyi'ahā illā anta. Labbayka wa sa`dayka, wa 'l-khayru kulluhu bi yadayka, wa 'sh-sharru laysa ilayka, ana bika wa ilayka, tabārakta wa ta`ālayta, astaghfiruka wa atūbu ilayka.","""I have turned my face sincerely towards He who has brought forth the heavens and the Earth and I am not of those who associate (others with Allah). Indeed my prayer, my sacrifice, my life and my death are for Allah, Lord of the worlds, no partner has He, with this I am commanded and I am of the Muslims. O Allah, You are the Sovereign, none has the right to be worshipped except You. You are my Lord and I am Your servant, I have wronged my own soul and have acknowledged my sin, so forgive me all my sins for no one forgives sins except You. Guide me to the best of characters for none can guide to it other than You, and deliver me from the worst of characters for none can deliver me from it other than You. Here I am, in answer to Your call, happy to serve you. All good is within Your hands and evil does not stem from You. I exist by your will and will return to you. Blessed and High are You, I seek Your forgiveness and repent unto You.""","ওয়াজ্জাহ্‌তু ওয়াজহিয়া লিল্লাযী ফাত্বারাস্ সামা-ওয়াতি ওয়াল আরদ্বা হানীফাও ওয়ামা আনা মিনাল মুশরিকীন। ইন্না সালা-তী, ওয়া নুসুকী ওয়া মাহইয়া-ইয়া ওয়া মামা-তী লিল্লা-হি রাব্বিল ‘আ-লামীন। লা শারীকা লাহু ওয়াবিযা-লিকা উমিরতু ওয়া আনা মিনাল মুসলিমীন।","আল্লা-হুম্মা আনতাল মালিকু লা ইলা-হা ইল্লা আনতা, আনতা রব্বী ওয়া আনা ‘আবদুকা। যালামতু নাফসী ওয়া‘তারাফতু বিযাম্বী। ফাগফির লী যুনূবী জামী‘আন ইন্নাহু লা- ইয়াগফিরুয্ যুনূবা ইল্লা আনতা। ওয়াহদিনী লিআহসানিল আখলা-ক্বি, লা ইয়াহ্‌দী লিআহ্‌সানিহা ইল্লা আনতা। ওয়াসরিফ ‘আন্নী সায়্যিআহা লা ইয়াসরিফু সায়্যিআহা ইল্লা আনতা। লাববাইকা ওয়া সা‘দাইকা ওয়াল-খাইরু কুল্লুহু বিয়াদাইকা, ওয়াশশাররু লাইসা ইলাইকা। আনা বিকা ওয়া ইলাইকা, তাবা-রাক্তা ওয়া তা‘আ-লাইতা। আসতাগফিরুকা ওয়া আতূবু ইলাইকা)।",وَجَّهـتُ وَجْهِـيَ لِلَّذي فَطَرَ السَّمـواتِ وَالأَرْضَ حَنـيفَاً وَمـا أَنا مِنَ المشْرِكين ، إِنَّ صَلاتـي ، وَنُسُكي ، وَمَحْـيايَ ، وَمَماتـي للهِ رَبِّ العالَمين ، لا شَريـكَ لَهُ وَبِذلكَ أُمِرْتُ وَأَنا مِنَ المسْلِـمين. اللّهُـمَّ أَنْتَ المَلِكُ لا إِلهَ إِلاّ أَنْت، أَنْتَ رَبِّـي وَأَنـا عَبْـدُك ، ظَلَمْـتُ نَفْسـي وَاعْـتَرَفْتُ بِذَنْبـي فَاغْفِرْ لي ذُنوبي جَميعاً إِنَّـه لا يَغْـفِرُ الذُّنـوبَ إلاّ أَنْت. وَاهْدِنـي لأَحْسَنِ الأَخْلاقِ لا يَهْـدي لأَحْسَـنِها إِلاّ أَنْـت ، وَاصْـرِف عَـنّْي سَيِّئَهـا، لا يَصْرِفُ عَـنّْي سَيِّئَهـا إِلاّ أَنْـت، لَبَّـيْكَ وَسَعْـدَيْك، وَالخَـيْرُ كُلُّـهُ بِيَـدَيْـك، وَالشَّرُّ لَيْـسَ إِلَـيْك ، أَنا بِكَ وَإِلَيْـك ، تَبـارَكْتَ وَتَعـالَيتَ أَسْتَغْـفِرُكَ وَأَتوبُ إِلَـيك,«وَجَّهْتُ وَجْهِيَ لِلَّذِي فَطَرَ السَّمَوَاتِ وَالأَرْضَ حَنِيفَاً وَمَا أَنَا مِنَ الْمُشْرِكِينَ، إِنَّ صَلاَتِي، وَنُسُكِي، وَمَحْيَايَ، وَمَمَاتِي لِلَّهِ رَبِّ الْعَالَمِينَ، لاَ شَرِيكَ لَهُ وَبِذَلِكَ أُمِرْتُ وَأَنَا مِنَ الْمُسْلِمِينَ. اللَّهُمَّ أَنْتَ المَلِكُ لاَ إِلَهَ إِلاَّ أَنْتَ، أَنْتَ رَبِّي وَأَنَا عَبْدُكَ، ظَلَمْتُ نَفْسِي وَاعْتَرَفْتُ بِذَنْبِي فَاغْفِرْ لِي ذُنُوبي جَمِيعَاً إِنَّهُ لاَ يَغْفِرُ الذُّنوبَ إِلاَّ أَنْتَ. وَاهْدِنِي لِأَحْسَنِ الأَخْلاقِ لاَ يَهْدِي لِأَحْسَنِها إِلاَّ أَنْتَ، وَاصْرِفْ عَنِّي سَيِّئَهَا، لاَ يَصْرِفُ عَنِّي سَيِّئَهَا إِلاَّ أَنْتَ، لَبَّيْكَ وَسَعْدَيْكَ، وَالخَيْرُ كُلُّهُ بِيَـــــــدَيْكَ، وَالشَّـــــرُّ لَيْسَ إِلَيْــــــكَ، أَنَا بِكَ وَإِلَيْكَ، تَبارَكْتَ وَتَعَالَيْتَ، أَسْتَغْفِرُكَ وَأَتوبُ إِلَيْكَ».,Muslim 1/534,,,"“যিনি আসমানসমূহ ও যমীন সৃষ্টি করেছেন আমি একনিষ্টভাবে আমার মুখমণ্ডল তাঁর দিকেই ফিরালাম, আর আমি মুশরিকদের অন্তর্ভুক্ত নই। নিশ্চয় আমার সালাত, আমার কুরবানী বা যাবতীয় ইবাদাত, আমার জীবন ও আমার মরণ সৃষ্টিকুলের রব্ব আল্লাহ্‌র জন্য। তাঁর কোনো শরীক নেই। আর আমি এরই আদেশ প্রাপ্ত হয়েছি এবং আমি মুসলিমদের অন্তর্ভুক্ত। “হে আল্লাহ! আপনিই অধিপতি, আপনি ব্যতীত আর কোনো হক্ব ইলাহ নেই। আপনি আমার রব্ব, আমি আপনার বান্দা। আমি আমার নিজের প্রতি অন্যায় করেছি এবং আমি আমার পাপসমূহ স্বীকার করছি। সুতরাং আপনি আমার সমুদয় গুনাহ মাফ করে দিন। নিশ্চয় আপনি ছাড়া আর কেউ গুনাহসমূহ মাফ করতে পারে না। আর আপনি আমাকে সর্বোত্তম চরিত্রের পথে পরিচালিত করুন, আপনি ছাড়া আর কেউ উত্তম চরিত্রের পথে পরিচালিত করতে পারে না। আর আপনি আমার থেকে আমার খারাপ চরিত্রগুলো দূরীভূত করুন, আপনি ব্যতীত আর কেউ সে খারাপ চরিত্রগুলো অপসারিত করতে পারে না। আমি আপনার হুকুম মানার জন্য সদা-সর্বদা হাজির, সকল কল্যাণই আপনার দু’ হাতে নিহিত। অকল্যাণ আপনার দিকে নয় (অর্থাৎ মন্দকে আপনার দিকে সম্পৃক্ত করা উচিৎ নয়, অথবা মন্দ দ্বারা আপনার নিকটবর্তী হওয়া যায় না, বা মন্দ আপনার দিকে উঠে না)। আমি আপনার দ্বারাই (প্রতিষ্ঠিত আছি, সহযোগিতা পেয়ে থাকি) এবং আপনার দিকেই (আমার সকল প্রবণতা, বা আমার প্রত্যাবর্তন)। আপনি বরকতময় এবং আপনি সুঊচ্চ। আমি আপনার নিকট ক্ষমা চাই এবং আপনার কাছে তাওবাহ্‌ করছি।”[3]",exact_match,1.0,"[""Wajjahtu wajhiya li 'l-ladhî faṭara s-samāwāti wa 'l-arḍa, ḥanīfan wa mā ana min al-mushrikīna. Inna salāti wa nusukī, wa mahyāya wa mamātī lillāhi rabbi 'l-`ālamīna, lā sharīka lahu. Wa bi dhālika umirtu wa ana min al-muslimīna. Allāhumma anta 'l-maliku lā ilāha illā anta. Anta rabbī wa ana `abduka, ẓalamtu nafsī wa`taraftu bi dhanbī. Faghfir lī dhunūbī jamī`an, innahu lā yaghfiru 'dh-dhunūba illā anta. Wahdinī li-aḥsani 'l-akhlāqi, lā yahdī li aḥsanihā illā anta. Waṣrif `annī sayyi'ahā, lā yaṣrifu `annī sayyi'ahā illā anta. Labbayka wa sa`dayka, wa 'l-khayru kulluhu bi yadayka, wa 'sh-sharru laysa ilayka, ana bika wa ilayka, tabārakta wa ta`ālayta, astaghfiruka wa atūbu ilayka."", '""I have turned my face sincerely towards He who has brought forth the heavens and the Earth and I am not of those who associate (others with Allah). Indeed my prayer, my sacrifice, my life and my death are for Allah, Lord of the worlds, no partner has He, with this I am commanded and I am of the Muslims. O Allah, You are the Sovereign, none has the right to be worshipped except You. You are my Lord and I am Your servant, I have wronged my own soul and have acknowledged my sin, so forgive me all my sins for no one forgives sins except You. Guide me to the best of characters for none can guide to it other than You, and deliver me from the worst of characters for none can deliver me from it other than You. Here I am, in answer to Your call, happy to serve you. All good is within Your hands and evil does not stem from You. I exist by your will and will return to you. Blessed and High are You, I seek Your forgiveness and repent unto You.""', 'Muslim 1/534', 'وَجَّهـتُ وَجْهِـيَ لِلَّذي فَطَرَ السَّمـواتِ وَالأَرْضَ حَنـيفَاً وَمـا أَنا مِنَ المشْرِكين ، إِنَّ صَلاتـي ، وَنُسُكي ، وَمَحْـيايَ ، وَمَماتـي للهِ رَبِّ العالَمين ، لا شَريـكَ لَهُ وَبِذلكَ أُمِرْتُ وَأَنا مِنَ المسْلِـمين. اللّهُـمَّ أَنْتَ المَلِكُ لا إِلهَ إِلاّ أَنْت، أَنْتَ رَبِّـي وَأَنـا عَبْـدُك ، ظَلَمْـتُ نَفْسـي وَاعْـتَرَفْتُ بِذَنْبـي فَاغْفِرْ لي ذُنوبي جَميعاً إِنَّـه لا يَغْـفِرُ الذُّنـوبَ إلاّ أَنْت. وَاهْدِنـي لأَحْسَنِ الأَخْلاقِ لا يَهْـدي لأَحْسَـنِها إِلاّ أَنْـت ، وَاصْـرِف عَـنّْي سَيِّئَهـا، لا يَصْرِفُ عَـنّْي سَيِّئَهـا إِلاّ أَنْـت، لَبَّـيْكَ وَسَعْـدَيْك، وَالخَـيْرُ كُلُّـهُ بِيَـدَيْـك، وَالشَّرُّ لَيْـسَ إِلَـيْك ، أَنا بِكَ وَإِلَيْـك ، تَبـارَكْتَ وَتَعـالَيتَ أَسْتَغْـفِرُكَ وَأَتوبُ إِلَـيك']","['«وَجَّهْتُ وَجْهِيَ لِلَّذِي فَطَرَ السَّمَوَاتِ وَالأَرْضَ حَنِيفَاً وَمَا أَنَا مِنَ الْمُشْرِكِينَ، إِنَّ صَلاَتِي، وَنُسُكِي، وَمَحْيَايَ، وَمَمَاتِي لِلَّهِ رَبِّ الْعَالَمِينَ، لاَ شَرِيكَ لَهُ وَبِذَلِكَ أُمِرْتُ وَأَنَا مِنَ الْمُسْلِمِينَ. اللَّهُمَّ أَنْتَ المَلِكُ لاَ إِلَهَ إِلاَّ أَنْتَ، أَنْتَ رَبِّي وَأَنَا عَبْدُكَ، ظَلَمْتُ نَفْسِي وَاعْتَرَفْتُ بِذَنْبِي فَاغْفِرْ لِي ذُنُوبي جَمِيعَاً إِنَّهُ لاَ يَغْفِرُ الذُّنوبَ إِلاَّ أَنْتَ. وَاهْدِنِي لِأَحْسَنِ الأَخْلاقِ لاَ يَهْدِي لِأَحْسَنِها إِلاَّ أَنْتَ، وَاصْرِفْ عَنِّي سَيِّئَهَا، لاَ يَصْرِفُ عَنِّي سَيِّئَهَا إِلاَّ أَنْتَ، لَبَّيْكَ وَسَعْدَيْكَ، وَالخَيْرُ كُلُّهُ بِيَـــــــدَيْكَ، وَالشَّـــــرُّ لَيْسَ إِلَيْــــــكَ،', 'أَنَا بِكَ وَإِلَيْكَ، تَبارَكْتَ وَتَعَالَيْتَ، أَسْتَغْفِرُكَ وَأَتوبُ إِلَيْكَ».', '(ওয়াজ্জাহ্\u200cতু ওয়াজহিয়া লিল্লাযী ফাত্বারাস্ সামা-ওয়াতি ওয়াল আরদ্বা হানীফাও ওয়ামা আনা মিনাল মুশরিকীন। ইন্না সালা-তী, ওয়া নুসুকী ওয়া মাহইয়া-ইয়া ওয়া মামা-তী লিল্লা-হি রাব্বিল ‘আ-লামীন। লা শারীকা লাহু ওয়াবিযা-লিকা উমিরতু ওয়া আনা মিনাল মুসলিমীন।)', 'আল্লা-হুম্মা আনতাল মালিকু লা ইলা-হা ইল্লা আনতা, আনতা রব্বী ওয়া আনা ‘আবদুকা। যালামতু নাফসী ওয়া‘তারাফতু বিযাম্বী। ফাগফির লী যুনূবী জামী‘আন ইন্নাহু লা- ইয়াগফিরুয্ যুনূবা ইল্লা আনতা। ওয়াহদিনী লিআহসানিল আখলা-ক্বি, লা ইয়াহ্\u200cদী লিআহ্\u200cসানিহা ইল্লা আনতা। ওয়াসরিফ ‘আন্নী সায়্যিআহা লা ইয়াসরিফু সায়্যিআহা ইল্লা আনতা। লাববাইকা ওয়া সা‘দাইকা ওয়াল-খাইরু কুল্লুহু বিয়াদাইকা, ওয়াশশাররু লাইসা ইলাইকা। আনা বিকা ওয়া ইলাইকা, তাবা-রাক্তা ওয়া তা‘আ-লাইতা। আসতাগফিরুকা ওয়া আতূবু ইলাইকা)।', '“যিনি আসমানসমূহ ও যমীন সৃষ্টি করেছেন আমি একনিষ্টভাবে আমার মুখমণ্ডল তাঁর দিকেই ফিরালাম, আর আমি মুশরিকদের অন্তর্ভুক্ত নই। নিশ্চয় আমার সালাত, আমার কুরবানী বা যাবতীয় ইবাদাত, আমার জীবন ও আমার মরণ সৃষ্টিকুলের রব্ব আল্লাহ্\u200cর জন্য। তাঁর কোনো শরীক নেই। আর আমি এরই আদেশ প্রাপ্ত হয়েছি এবং আমি মুসলিমদের অন্তর্ভুক্ত।', '“হে আল্লাহ! আপনিই অধিপতি, আপনি ব্যতীত আর কোনো হক্ব ইলাহ নেই। আপনি আমার রব্ব, আমি আপনার বান্দা। আমি আমার নিজের প্রতি অন্যায় করেছি এবং আমি আমার পাপসমূহ স্বীকার করছি। সুতরাং আপনি আমার সমুদয় গুনাহ মাফ করে দিন। নিশ্চয় আপনি ছাড়া আর কেউ গুনাহসমূহ মাফ করতে পারে না। আর আপনি আমাকে সর্বোত্তম চরিত্রের পথে পরিচালিত করুন, আপনি ছাড়া আর কেউ উত্তম চরিত্রের পথে পরিচালিত করতে পারে না। আর আপনি আমার থেকে আমার খারাপ চরিত্রগুলো দূরীভূত করুন, আপনি ব্যতীত আর কেউ সে খারাপ চরিত্রগুলো অপসারিত করতে পারে না। আমি আপনার হুকুম মানার জন্য সদা-সর্বদা হাজির, সকল কল্যাণই আপনার দু’ হাতে নিহিত। অকল্যাণ আপনার দিকে নয় (অর্থাৎ মন্দকে আপনার দিকে সম্পৃক্ত করা উচিৎ নয়, অথবা মন্দ দ্বারা আপনার নিকটবর্তী হওয়া যায় না, বা মন্দ আপনার দিকে উঠে না)। আমি আপনার দ্বারাই (প্রতিষ্ঠিত আছি, সহযোগিতা পেয়ে থাকি) এবং আপনার দিকেই (আমার সকল প্রবণতা, বা আমার প্রত্যাবর্তন)। আপনি বরকতময় এবং আপনি সুঊচ্চ। আমি আপনার নিকট ক্ষমা চাই এবং আপনার কাছে তাওবাহ্\u200c করছি।”[3]']"
30,16,Chapter: At the start of the prayer (after takbeer),دعاء الاستفتاح,16.0,সালাতের শুরুতে দো‘আ,"Allāhumma, rabba Jibrā'īla, wa Mīkā'īla, wa Isrāfīla Fāṭira 's-samāwāti wa 'l-arḍi, ` ālima 'l-ghaybi wa 'sh-shahādati, anta taḥkumu bayna `ibādika fīmā kānū fīhi yakhtalifūna. Ihdinī li makhtulifa fīhi min al-ḥaqqi bi idhnika. Innaka tahdī man tashā'u ilā ṣirāṭin mustaqīm.","O Allah, Lord of Jibraīl, Mīkaīl and Israfīl (great angels), Creator of the heavens and the Earth, Knower of the seen and the unseen. You are the arbitrator between Your servants in that which they have disputed. Guide me to the truth by Your leave, in that which they have differed, for verily You guide whom You will to a straight path.""",আল্লা-হুম্মা রববা জিব্রাঈলা ওয়া মীকাঈলা ওয়া ইস্রা-ফীলা ফা-তিরাস্ সামা-ওয়া-তি ওয়াল আরদি ‘আ-লিমাল গাইবি ওয়াশশাহা-দাতি। আনতা তাহকুমু বাইনা ইবা-দিকা ফীমা কা-নূ ফীহি ইয়াখতালিফূন। ইহদিনী লিমাখতুলিফা ফীহি মিনাল হাককি বিইযনিকা ইন্নাকা তাহ্‌দী তাশা-উ ইলা- সিরা-তিম মুস্তাকীম,"“হে আল্লাহ! জিবরাঈল, মীকাঈল ও ইসরাফীলের রব্ব, আসমান ও যমীনের স্রষ্টা, গায়েব ও প্রকাশ্য সব কিছুর জ্ঞানী, আপনার বান্দাগণ যেসব বিষয়ে মতভেদে লিপ্ত আপনিই তার মীমাংসা করে দিবেন। যেসব বিষয়ে মতভেদ হয়েছে তন্মধ্যে আপনি আপনার অনুমতিক্রমে আমাকে যা সত্য সেদিকে পরিচালিত করুন। নিশ্চয় আপনি যাকে ইচ্ছা সরল পথ প্রদর্শন করেন।”[4]",اللّهُـمَّ رَبَّ جِـبْرائيل ، وَميكـائيل ، وَإِسْـرافيل، فاطِـرَ السَّمواتِ وَالأَرْض ، عالـِمَ الغَيْـبِ وَالشَّهـادَةِ أَنْـتَ تَحْـكمُ بَيْـنَ عِبـادِكَ فيـما كانوا فيهِ يَخْتَلِفـون. اهدِنـي لِمـا اخْتُـلِفَ فيـهِ مِنَ الْحَـقِّ بِإِذْنِك ، إِنَّـكَ تَهْـدي مَنْ تَشـاءُ إِلى صِراطٍ مُسْتَقـيم,«اللَّهُمَّ رَبَّ جِبْرَائِيلَ، وَمِيْكَائِيلَ، وَإِسْرَافِيلَ، فَاطِرَ السَّمَوَاتِ وَالأَرْضِ، عَالِمَ الغَيْبِ وَالشَّهَادَةِ أَنْتَ تَحْكُمُ بَيْنَ عِبَادِكَ فِيمَا كَانُوا فِيهِ يَخْتَلِفُونَ. اهْدِنِي لِمَا اخْتُلِفَ فِيهِ مِنَ الْحَقِّ بِإِذْنِكَ إِنَّكَ تَهْدِي مَنْ تَشَاءُ إِلَى صِرَاطٍ مُسْتَقيمٍ».,Muslim 1/534,,,,exact_match,1.0,"[""Allāhumma, rabba Jibrā'īla, wa Mīkā'īla, wa Isrāfīla Fāṭira 's-samāwāti wa 'l-arḍi, ` ālima 'l-ghaybi wa 'sh-shahādati, anta taḥkumu bayna `ibādika fīmā kānū fīhi yakhtalifūna. Ihdinī li makhtulifa fīhi min al-ḥaqqi bi idhnika. Innaka tahdī man tashā'u ilā ṣirāṭin mustaqīm."", 'O Allah, Lord of Jibraīl, Mīkaīl and Israfīl (great angels), Creator of the heavens and the Earth, Knower of the seen and the unseen. You are the arbitrator between Your servants in that which they have disputed. Guide me to the truth by Your leave, in that which they have differed, for verily You guide whom You will to a straight path.""', 'Muslim 1/534', 'اللّهُـمَّ رَبَّ جِـبْرائيل ، وَميكـائيل ، وَإِسْـرافيل، فاطِـرَ السَّمواتِ وَالأَرْض ، عالـِمَ الغَيْـبِ وَالشَّهـادَةِ أَنْـتَ تَحْـكمُ بَيْـنَ عِبـادِكَ فيـما كانوا فيهِ يَخْتَلِفـون. اهدِنـي لِمـا اخْتُـلِفَ فيـهِ مِنَ الْحَـقِّ بِإِذْنِك ، إِنَّـكَ تَهْـدي مَنْ تَشـاءُ إِلى صِراطٍ مُسْتَقـيم']","['«اللَّهُمَّ رَبَّ جِبْرَائِيلَ، وَمِيْكَائِيلَ، وَإِسْرَافِيلَ، فَاطِرَ السَّمَوَاتِ وَالأَرْضِ، عَالِمَ الغَيْبِ وَالشَّهَادَةِ أَنْتَ تَحْكُمُ بَيْنَ عِبَادِكَ فِيمَا كَانُوا فِيهِ يَخْتَلِفُونَ. اهْدِنِي لِمَا اخْتُلِفَ فِيهِ مِنَ الْحَقِّ بِإِذْنِكَ إِنَّكَ تَهْدِي مَنْ تَشَاءُ إِلَى صِرَاطٍ مُسْتَقيمٍ».', '(আল্লা-হুম্মা রববা জিব্রাঈলা ওয়া মীকাঈলা ওয়া ইস্রা-ফীলা ফা-তিরাস্ সামা-ওয়া-তি ওয়াল আরদি ‘আ-লিমাল গাইবি ওয়াশশাহা-দাতি। আনতা তাহকুমু বাইনা ইবা-দিকা ফীমা কা-নূ ফীহি ইয়াখতালিফূন। ইহদিনী লিমাখতুলিফা ফীহি মিনাল হাককি বিইযনিকা ইন্নাকা তাহ্\u200cদী তাশা-উ ইলা- সিরা-তিম মুস্তাকীম)।', '“হে আল্লাহ! জিবরাঈল, মীকাঈল ও ইসরাফীলের রব্ব, আসমান ও যমীনের স্রষ্টা, গায়েব ও প্রকাশ্য সব কিছুর জ্ঞানী, আপনার বান্দাগণ যেসব বিষয়ে মতভেদে লিপ্ত আপনিই তার মীমাংসা করে দিবেন। যেসব বিষয়ে মতভেদ হয়েছে তন্মধ্যে আপনি আপনার অনুমতিক্রমে আমাকে যা সত্য সেদিকে পরিচালিত করুন। নিশ্চয় আপনি যাকে ইচ্ছা সরল পথ প্রদর্শন করেন।”[4]']"
31,16,Chapter: At the start of the prayer (after takbeer),دعاء الاستفتاح,16.0,সালাতের শুরুতে দো‘আ,"Allāhu 'Akbar Kabīra, Allāhu 'Akbar Kabīra, Allāhu 'Akbar Kabīra, walḥamdu lillāhi kathīra, walḥamdu lillāhi kathīra, walḥamdu lillāhi kathīra, wa Subḥānallāhi bukratan wa'aṣīla.","Allah is the Greatest, Most Great. Allah is the Greatest, Most Great. Allah is the Greatest, Most Great. Praise is to Allah, abundantly. Praise is to Allah, abundantly. Praise is to Allah, abundantly. Glory is to Allah, at the break of day and at its end. [Recite three times in Arabic.] I seek refuge in Allah from Satan. From his breath, and from his voice, and from his whisper.","আল্লা-হু আকবার কাবীরান, আল্লা-হু আকবার কাবীরান, আল্লা-হু আকবার কাবীরান, ওয়ালহামদু লিল্লা-হি কাসীরান, ওয়ালহামদু লিল্লা-হি কাসীরান। ওয়ালহামদু লিল্লা-হি কাসী-রান ওয়াসুবহা-নাল্লাহি বুকরাতাঁও ওয়া আসীলা [তিনবার]। আউযু বিল্লা-হি মিনাশ শায়তানি, মিন নাফখিহী ওয়ানাফসিহী ওয়াহামযিহী","“আল্লাহ সবচেয়ে বড় অতীব বড়, আল্লাহ সবচেয়ে বড় অতীব বড়, আল্লাহ সবচেয়ে বড় অতীব বড়। আর আল্লাহ্‌র জন্যই অনেক ও অজস্র প্রশংসা, আল্লাহ্‌র জন্যই অনেক ও অজস্র প্রশংসা, আল্লাহ্‌র জন্যই অনেক ও অজস্র প্রশংসা। সকালে ও বিকালে আল্লাহ্‌র পবিত্রতা ও মহিমা ঘোষণা করছি” (তিনবার) “আমি শয়তান থেকে আল্লাহ্‌র নিকট আশ্রয় চাই। আশ্রয় চাই তার ফুঁ তথা দম্ভ-অহংকার থেকে, তার থুতু তথা কবিতা থেকে ও তার চাপ তথা পাগলামি থেকে”[5]।",اللهُ أَكْبَـرُ كَبـيرا ، اللهُ أَكْبَـرُ كَبـيرا ، اللهُ أَكْبَـرُ كَبـيرا ، وَالْحَـمْدُ للهِ كَثـيرا ، وَالْحَـمْدُ للهِ كَثـيرا ، وَالْحَـمْدُ للهِ كَثـيرا ، وَسُبْـحانَ اللهِ بكْـرَةً وَأَصيـلا. ( ثَلاثاً ) أَعـوذُ بِاللهِ مِنَ الشَّـيْطانِ مِنْ نَفْخِـهِ وَنَفْـثِهِ وَهَمْـزِه,«اللَّهُ أَكْبَرُ كَبِيرَاً، اللَّهُ أَكْبَرُ كَبِيراً، اللَّهُ أَكْبَرُ كَبِيراً، وَالْحَمْدُ لِلَّهِ كَثيراً، وَالْحَمْدُ لِلَّهِ كَثيراً، وَالْحَمْدُ لِلَّهِ كَثيراً، وَسُبْحَانَ اللَّهِ بُكْرَةً وَأَصِيلاً» (তিনবার) «أَعُوذُ بِاللَّهِ مِنَ الشَّيْطَانِ: مِنْ نَفْخِهِ، وَنَفْثِهِ، وَهَمْزِهِ».,"Abu Dawud 1/203, Ibn Majah 1/265, ai Ahmad 4/85. Muslim recorded a similar Hadil 1/420.",,,,close_match,0.9677,"[""Allāhu 'Akbar Kabīra, Allāhu 'Akbar Kabīra, Allāhu 'Akbar Kabīra, walḥamdu lillāhi kathīra, walḥamdu lillāhi kathīra, walḥamdu lillāhi kathīra, wa Subḥānallāhi bukratan wa'aṣīla."", 'Allah is the Greatest, Most Great. Allah is the Greatest, Most Great. Allah is the Greatest, Most Great. Praise is to Allah, abundantly. Praise is to Allah, abundantly. Praise is to Allah, abundantly. Glory is to Allah, at the break of day and at its end. [Recite three times in Arabic.] I seek refuge in Allah from Satan. From his breath, and from his voice, and from his whisper.', 'Abu Dawud 1/203, Ibn Majah 1/265, ai Ahmad 4/85. Muslim recorded a similar Hadil 1/420.', 'اللهُ أَكْبَـرُ كَبـيرا ، اللهُ أَكْبَـرُ كَبـيرا ، اللهُ أَكْبَـرُ كَبـيرا ، وَالْحَـمْدُ للهِ كَثـيرا ، وَالْحَـمْدُ للهِ كَثـيرا ، وَالْحَـمْدُ للهِ كَثـيرا ، وَسُبْـحانَ اللهِ بكْـرَةً وَأَصيـلا. ( ثَلاثاً ) أَعـوذُ بِاللهِ مِنَ الشَّـيْطانِ مِنْ نَفْخِـهِ وَنَفْـثِهِ وَهَمْـزِه']","['«اللَّهُ أَكْبَرُ كَبِيرَاً، اللَّهُ أَكْبَرُ كَبِيراً، اللَّهُ أَكْبَرُ كَبِيراً، وَالْحَمْدُ لِلَّهِ كَثيراً، وَالْحَمْدُ لِلَّهِ كَثيراً، وَالْحَمْدُ لِلَّهِ كَثيراً، وَسُبْحَانَ اللَّهِ بُكْرَةً وَأَصِيلاً» (তিনবার) «أَعُوذُ بِاللَّهِ مِنَ الشَّيْطَانِ: مِنْ نَفْخِهِ، وَنَفْثِهِ، وَهَمْزِهِ».', '(আল্লা-হু আকবার কাবীরান, আল্লা-হু আকবার কাবীরান, আল্লা-হু আকবার কাবীরান, ওয়ালহামদু লিল্লা-হি কাসীরান, ওয়ালহামদু লিল্লা-হি কাসীরান। ওয়ালহামদু লিল্লা-হি কাসী-রান ওয়াসুবহা-নাল্লাহি বুকরাতাঁও ওয়া আসীলা [তিনবার]। আউযু বিল্লা-হি মিনাশ শায়তানি, মিন নাফখিহী ওয়ানাফসিহী ওয়াহামযিহী)', '“আল্লাহ সবচেয়ে বড় অতীব বড়, আল্লাহ সবচেয়ে বড় অতীব বড়, আল্লাহ সবচেয়ে বড় অতীব বড়। আর আল্লাহ্\u200cর জন্যই অনেক ও অজস্র প্রশংসা, আল্লাহ্\u200cর জন্যই অনেক ও অজস্র প্রশংসা, আল্লাহ্\u200cর জন্যই অনেক ও অজস্র প্রশংসা। সকালে ও বিকালে আল্লাহ্\u200cর পবিত্রতা ও মহিমা ঘোষণা করছি” (তিনবার) “আমি শয়তান থেকে আল্লাহ্\u200cর নিকট আশ্রয় চাই। আশ্রয় চাই তার ফুঁ তথা দম্ভ-অহংকার থেকে, তার থুতু তথা কবিতা থেকে ও তার চাপ তথা পাগলামি থেকে”[5]।']"
32,16,Chapter: At the start of the prayer (after takbeer),دعاء الاستفتاح,16.0,সালাতের শুরুতে দো‘আ,"Allāhumma lakal-ḥamdu 'Anta nūrussamāwāti wal'arḍhi wa man fīhinna, wa lakal-ḥamdu 'Anta qayyimus-samāwāti wal'arḍi wa man fīhinna, [wa lakal-ḥamdu 'Anta Rabbus-samāwāti wal'arḍi wa man fīhinna] [wa lakal-ḥamdu laka mulkus-samāwāti wal'arḍi wa man fīhinna] [wa lakal-ḥamdu 'Anta Malikus-samāwāti wal'arḍi] [wa lakal-ḥamdu] ['Antal-ḥaqq, wa wa`dukal-ḥaqq, wa qawlukal-ḥaqq, wa liqā'ukal-ḥaqq, waljannatu ḥaqq, wannāru ḥaqq, wannabiyyūna ḥaqq, wa Muḥammadun (sallallāhu 'alayhi wa sallam) ḥaqq, wassā`atu ḥaqq] [Allāhumma laka 'aslamtu, wa `alayka tawakkaltu, wa bika 'āmantu, wa 'ilayka 'anabtu, wa bika khāṣamtu, wa 'ilayka ḥākamtu. Faghfir lī maa qaddamtu, wa mā 'akhkhartu, wa mā 'asrartu, wa mā 'a`lantu ['Antal-Muqaddimu, wa 'Antal-Mu'akhkhiru laa 'ilāha 'illā 'Anta] ['Anta 'ilāhī lā 'ilāha 'illā 'Anta].","O Allah, praise is to You. You are the Light of the heavens and the earth and all that they contain. Praise is to You, You are the Sustainer of the heavens and the earth and all they contain. [Praise is to You, You are the Lord of the heavens and the earth and all they contain.] [Praise is to You, Yours is dominion of the heavens and the earth and all they contain.] [Praise is to You, You are the King of the heavens and the earth.] [And praise is to You.] [You are the Truth, Your Promise is true, Your Word is true, Your audience is true, Paradise is true, Hell is true, the Prophets are true, and Muhammad (peace and blessings be upon him) is true, and the Hour of Judgment is true.] [O Allah, to You I have submitted, and upon You I depend. I have believed in You and to You I turn in repentance . For Your sake I dispute and by Your standard I judge. Forgive me what I have sent before me and what I have left behind me, what I have concealed and what I have declared.] [You are the One Who sends forth and You are the One Who delays, there is none who has the right to be worshipped but You.] [You are my God, there is none who has the right to be worshipped but You.]","আল্লা-হুম্মা লাকাল হামদু আনতা নুরুস সামা-ওয়া-তি ওয়াল আরদি ওয়ামান ফীহিন্না ওয়া লাকাল হাম্‌দু। আনতা ক্বায়্যিমুস্ সামা-ওয়া-তি ওয়াল আরদি ওয়ামান ফীহিন্না, [ওয়া লাকাল হামদু আনতা রববুস সামা-ওয়া-তি ওয়াল আরদি ওয়ামান ফীহিন্না], [ওয়া লাকাল হাম্‌দু, লাকা মূলকুস সামা-ওয়া-তি ওয়াল আরদি ওয়ামান ফীহিন্না], [ওয়ালাকাল হাম্‌দু, আনতা মালিকুস সামা-ওয়া-তি ওয়াল আরদি], [ওয়া লাকাল হামদু] [আনতাল হাক্কু, ওয়া ওয়া‘দুকাল হাক্কু, ওয়া ক্বাওলুকাল হাক্কু, ওয়া লিক্বা-উকাল হাক্কু, ওয়াল জান্নাতু হাক্কুন, ওয়ান না-রু হাক্কুন, ওয়ান নাবিয়্যূনা হাক্কুন, ওয়া মুহাম্মাদুন হাক্কুন, ওয়াস্‌সা‘আতু হাক্কুন]। [আল্লা-হুম্মা লাকা আসলামতু, ওয়া আলাইকা তাওয়াক্কালতু ওয়াবিকা আ--মানতু, ওয়া ইলাইকা আনাবতু, ওয়া বিকা খা-সাম্‌তু, ওয়া ইলাইকা হা-কামতু, ফাগফির লী মা কাদ্দামতু, ওয়ামা আখখারতু, ওয়ামা আসরারতু, ওয়ামা আ‘লানতু], [আনতাল মুকাদ্দিমু ওয়া আন্তাল্ মুআখখিরু, লা ইলা-হা ইল্লা আনতা] [আনতা ইলা-হী, লা ইলা-হা ইল্লা আন্তা]","“হে আল্লাহ! আপনার জন্যই সকল হামদ-প্রশংসা[6]; আসমানসমূহ, যমীন ও এ-দুটির মাঝে যা কিছু আছে আপনিই এগুলোর নূর (আলো)। আর আপনার জন্যই সব প্রশংসা; আসমানসমূহ, যমীন ও এ-দুটির মাঝে যা আছে আপনিই এসবের রক্ষণাবেক্ষণকারী-পরিচালক। আর আপনার জন্যই সকল প্রশংসা; আসমানসমূহ, যমীন ও এ-দুটির মাঝে যা কিছু আছে আপনিই এসবের রব্ব। আর আপনার জন্যই সব প্রশংসা; আসমানসমূহ, যমীন ও এ দু’টির মাঝে যা আছে তার সার্বভৌমত্ব আপনারই। আর আপনার জন্যই সকল প্রশংসা; আসমানসমূহ ও যমীনের রাজা আপনিই। আর আপনার জন্যই সকল প্রশংসা; আপনিই হক্ব, আপনার ওয়াদা হক্ব (বাস্তব ও সঠিক), আপনার বাণী হক্ব, আপনার সাক্ষাৎ লাভ হক্ব, জান্নাত হক্ব, জাহান্নাম হক্ব, নবীগণ হক্ব, মুহাম্মাদ সাল্লাল্লাহু আলাইহি ওয়াসাল্লাম হক্ব এবং কিয়ামত হক্ব। হে আল্লাহ! আপনার কাছেই আত্মসমর্পণ করি, আপনার উপরই ভরসা করি, আপনার উপরই ঈমান আনি, আপনার দিকেই প্রত্যাবর্তন করি, আপনার সাহায্যেই বা আপনার জন্যই শত্রুর সাথে বিবাদে লিপ্ত হই, আর আপনার কাছেই বিচার পেশ করি; অতএব ক্ষমা করে দিন আমার গুনাহসমূহ— যা পূর্বে করেছি, যা পরে করেছি, যা আমি গোপন করেছি আর যা প্রকাশ্যে করেছি। আপনিই (কাউকে) করেন অগ্রগামী, আর আপনিই (কাউকে) করেন পশ্চাদগামী, আপনি ব্যতীত আর কোনো হক্ব ইলাহ নেই। আপনিই আমার ইলাহ। আপনি ব্যতীত আর কোনো হক্ব ইলাহ নেই।”[7]",,«اللَّهُمَّ لَكَ الْحَمْدُ، أَنْتَ نُورُ السَّمَوَاتِ وَالأَرْضِ وَمَنْ فِيهِنَّ، وَلَكَ الْحَمْدُ أَنْتَ قَيِّمُ السَّمَوَاتِ وَالأَرْضِ وَمَنْ فِيهِنَّ، [وَلَكَ الْحَمْدُ أَنْتَ رَبُّ السَّمَواتِ وَالأَرْضِ وَمَنْ فِيهِنَّ] [وَلَكَ الْحَمْدُ لَكَ مُلْكُ السَّمَوَاتِ وَالأَرْضِ وَمَنْ فِيهِنَّ] [وَلَكَ الْحَمْدُ أَنْتَ مَلِكُ السَّمَوَاتِ وَالأَرْضِ] [وَلَكَ الْحَمْدُ] [أَنْتَ الْحَقُّ، وَوَعْدُكَ الْحَقُّ، وَقَوْلُكَ الْحَقُّ، وَلِقاؤُكَ الْحَقُّ، وَالْجَنَّةُ حَقٌّ، وَالنَّارُ حَقٌّ، وَالنَّبِيُّونَ حَقٌّ، وَمحَمَّدٌ حَقٌّ، وَالسّاعَةُ حَقٌّ] [اللَّهُمَّ لَكَ أَسْلَمتُ، وَعَلَيْكَ تَوَكَّلْتُ، وَبِكَ آمَنْتُ، وَإِلَيْكَ أَنَبْتُ، وَبِكَ خاصَمْتُ، وَإِلَيْكَ حاكَمْتُ. فَاغْفِرْ لِي مَا قَدَّمْتُ، وَمَا أَخَّرْتُ، وَمَا أَسْرَرْتُ، وَمَا أَعْلَنْتُ] [أَنْتَ المُقَدِّمُ، وَأَنْتَ المُؤَخِّرُ لاَ إِلَهَ إِلاَّ أَنْتَ] [أَنْتَ إِلَهِي لاَ إِلَهَ إِلاَّ أَنْتَ]».,"Al-Bukhari, cf. Al-Asqalani, Fathul-Bari 3/3 , 11/ 116, 13/371, 423, 465. See also Muslim for a shorter account, 1/532.","[6] রাসূলুল্লাহ সাল্লাল্লাহু আলাইহি ওয়াসাল্লাম এ দো‘আটি রাতে উঠে তাহাজ্জুদের সালাত পড়ার সময় বলতেন। [7] বুখারী, (ফাতহুল বারীসহ) ৩/৩, ১১/১১৬, ১৩/৩৭১, ৪২৩, ৪৬৫, নং ১১২০, ৬৩১৭, ৭৩৮৫, ৭৪৪২, ৭৪৯৯; ও মুসলিম সংক্ষিপ্তাকারে ১/৫৩২, নং ৭৬৯।",,,one_missing,,"[""Allāhumma lakal-ḥamdu 'Anta nūrussamāwāti wal'arḍhi wa man fīhinna, wa lakal-ḥamdu 'Anta qayyimus-samāwāti wal'arḍi wa man fīhinna, [wa lakal-ḥamdu 'Anta Rabbus-samāwāti wal'arḍi wa man fīhinna] [wa lakal-ḥamdu laka mulkus-samāwāti wal'arḍi wa man fīhinna] [wa lakal-ḥamdu 'Anta Malikus-samāwāti wal'arḍi] [wa lakal-ḥamdu] ['Antal-ḥaqq, wa wa`dukal-ḥaqq, wa qawlukal-ḥaqq, wa liqā'ukal-ḥaqq, waljannatu ḥaqq, wannāru ḥaqq, wannabiyyūna ḥaqq, wa Muḥammadun (sallallāhu 'alayhi wa sallam) ḥaqq, wassā`atu ḥaqq] [Allāhumma laka 'aslamtu, wa `alayka tawakkaltu, wa bika 'āmantu, wa 'ilayka 'anabtu, wa bika khāṣamtu, wa 'ilayka ḥākamtu. Faghfir lī maa qaddamtu, wa mā 'akhkhartu, wa mā 'asrartu, wa mā 'a`lantu ['Antal-Muqaddimu, wa 'Antal-Mu'akhkhiru laa 'ilāha 'illā 'Anta] ['Anta 'ilāhī lā 'ilāha 'illā 'Anta]."", 'O Allah, praise is to You. You are the Light of the heavens and the earth and all that they contain. Praise is to You, You are the Sustainer of the heavens and the earth and all they contain. [Praise is to You, You are the Lord of the heavens and the earth and all they contain.] [Praise is to You, Yours is dominion of the heavens and the earth and all they contain.] [Praise is to You, You are the King of the heavens and the earth.] [And praise is to You.] [You are the Truth, Your Promise is true, Your Word is true, Your audience is true, Paradise is true, Hell is true, the Prophets are true, and Muhammad (peace and blessings be upon him) is true, and the Hour of Judgment is true.] [O Allah, to You I have submitted, and upon You I depend. I have believed in You and to You I turn in repentance . For Your sake I dispute and by Your standard I judge. Forgive me what I have sent before me and what I have left behind me, what I have concealed and what I have declared.] [You are the One Who sends forth and You are the One Who delays, there is none who has the right to be worshipped but You.] [You are my God, there is none who has the right to be worshipped but You.]', 'Al-Bukhari, cf. Al-Asqalani, Fathul-Bari 3/3 , 11/ 116, 13/371, 423, 465. See also Muslim for a shorter account, 1/532.']","['«اللَّهُمَّ لَكَ الْحَمْدُ، أَنْتَ نُورُ السَّمَوَاتِ وَالأَرْضِ وَمَنْ فِيهِنَّ، وَلَكَ الْحَمْدُ أَنْتَ قَيِّمُ السَّمَوَاتِ وَالأَرْضِ وَمَنْ فِيهِنَّ، [وَلَكَ الْحَمْدُ أَنْتَ رَبُّ السَّمَواتِ وَالأَرْضِ وَمَنْ فِيهِنَّ] [وَلَكَ الْحَمْدُ لَكَ مُلْكُ السَّمَوَاتِ وَالأَرْضِ وَمَنْ فِيهِنَّ] [وَلَكَ الْحَمْدُ أَنْتَ مَلِكُ السَّمَوَاتِ وَالأَرْضِ] [وَلَكَ الْحَمْدُ] [أَنْتَ الْحَقُّ، وَوَعْدُكَ الْحَقُّ، وَقَوْلُكَ الْحَقُّ، وَلِقاؤُكَ الْحَقُّ، وَالْجَنَّةُ حَقٌّ، وَالنَّارُ حَقٌّ، وَالنَّبِيُّونَ حَقٌّ، وَمحَمَّدٌ حَقٌّ، وَالسّاعَةُ حَقٌّ] [اللَّهُمَّ لَكَ أَسْلَمتُ، وَعَلَيْكَ تَوَكَّلْتُ، وَبِكَ آمَنْتُ، وَإِلَيْكَ أَنَبْتُ، وَبِكَ خاصَمْتُ، وَإِلَيْكَ حاكَمْتُ. فَاغْفِرْ لِي مَا قَدَّمْتُ، وَمَا أَخَّرْتُ، وَمَا أَسْرَرْتُ، وَمَا أَعْلَنْتُ] [أَنْتَ المُقَدِّمُ، وَأَنْتَ المُؤَخِّرُ لاَ إِلَهَ إِلاَّ أَنْتَ] [أَنْتَ إِلَهِي لاَ إِلَهَ إِلاَّ أَنْتَ]».', '(আল্লা-হুম্মা লাকাল হামদু আনতা নুরুস সামা-ওয়া-তি ওয়াল আরদি ওয়ামান ফীহিন্না ওয়া লাকাল হাম্\u200cদু। আনতা ক্বায়্যিমুস্ সামা-ওয়া-তি ওয়াল আরদি ওয়ামান ফীহিন্না, [ওয়া লাকাল হামদু আনতা রববুস সামা-ওয়া-তি ওয়াল আরদি ওয়ামান ফীহিন্না], [ওয়া লাকাল হাম্\u200cদু, লাকা মূলকুস সামা-ওয়া-তি ওয়াল আরদি ওয়ামান ফীহিন্না], [ওয়ালাকাল হাম্\u200cদু, আনতা মালিকুস সামা-ওয়া-তি ওয়াল আরদি], [ওয়া লাকাল হামদু] [আনতাল হাক্কু, ওয়া ওয়া‘দুকাল হাক্কু, ওয়া ক্বাওলুকাল হাক্কু, ওয়া লিক্বা-উকাল হাক্কু, ওয়াল জান্নাতু হাক্কুন, ওয়ান না-রু হাক্কুন, ওয়ান নাবিয়্যূনা হাক্কুন, ওয়া মুহাম্মাদুন হাক্কুন, ওয়াস্\u200cসা‘আতু হাক্কুন]। [আল্লা-হুম্মা লাকা আসলামতু, ওয়া আলাইকা তাওয়াক্কালতু ওয়াবিকা আ--মানতু, ওয়া ইলাইকা আনাবতু, ওয়া বিকা খা-সাম্\u200cতু, ওয়া ইলাইকা হা-কামতু, ফাগফির লী মা কাদ্দামতু, ওয়ামা আখখারতু, ওয়ামা আসরারতু, ওয়ামা আ‘লানতু], [আনতাল মুকাদ্দিমু ওয়া আন্তাল্ মুআখখিরু, লা ইলা-হা ইল্লা আনতা] [আনতা ইলা-হী, লা ইলা-হা ইল্লা আন্তা])।', '“হে আল্লাহ! আপনার জন্যই সকল হামদ-প্রশংসা[6]; আসমানসমূহ, যমীন ও এ-দুটির মাঝে যা কিছু আছে আপনিই এগুলোর নূর (আলো)। আর আপনার জন্যই সব প্রশংসা; আসমানসমূহ, যমীন ও এ-দুটির মাঝে যা আছে আপনিই এসবের রক্ষণাবেক্ষণকারী-পরিচালক। আর আপনার জন্যই সকল প্রশংসা; আসমানসমূহ, যমীন ও এ-দুটির মাঝে যা কিছু আছে আপনিই এসবের রব্ব। আর আপনার জন্যই সব প্রশংসা; আসমানসমূহ, যমীন ও এ দু’টির মাঝে যা আছে তার সার্বভৌমত্ব আপনারই। আর আপনার জন্যই সকল প্রশংসা; আসমানসমূহ ও যমীনের রাজা আপনিই। আর আপনার জন্যই সকল প্রশংসা; আপনিই হক্ব, আপনার ওয়াদা হক্ব (বাস্তব ও সঠিক), আপনার বাণী হক্ব, আপনার সাক্ষাৎ লাভ হক্ব, জান্নাত হক্ব, জাহান্নাম হক্ব, নবীগণ হক্ব, মুহাম্মাদ সাল্লাল্লাহু আলাইহি ওয়াসাল্লাম হক্ব এবং কিয়ামত হক্ব। হে আল্লাহ! আপনার কাছেই আত্মসমর্পণ করি, আপনার উপরই ভরসা করি, আপনার উপরই ঈমান আনি, আপনার দিকেই প্রত্যাবর্তন করি, আপনার সাহায্যেই বা আপনার জন্যই শত্রুর সাথে বিবাদে লিপ্ত হই, আর আপনার কাছেই বিচার পেশ করি; অতএব ক্ষমা করে দিন আমার গুনাহসমূহ— যা পূর্বে করেছি, যা পরে করেছি, যা আমি গোপন করেছি আর যা প্রকাশ্যে করেছি। আপনিই (কাউকে) করেন অগ্রগামী, আর আপনিই (কাউকে) করেন পশ্চাদগামী, আপনি ব্যতীত আর কোনো হক্ব ইলাহ নেই। আপনিই আমার ইলাহ। আপনি ব্যতীত আর কোনো হক্ব ইলাহ নেই।”[7]', '[1] বুখারী ১/১৮১, নং ৭৪৪; মুসলিম ১/৪১৯, নং ৫৯৮।', '[2] মুসলিম, নং ৩৯৯; আর সুনান গ্রন্থকার চারজন। আবু দাউদ, নং ৭৭৫; তিরমিযী, নং ২৪৩; ইবন মাজাহ্\u200c, নং ৮০৬; নাসাঈ, নং ৮৯৯। আরও দেখুন, সহীহুত তিরমিযী, ১/৭৭; সহীহ ইবন মাজাহ্ ১/১৩৫।', '[3] মুসলিম ১/৫৩৪, নং ৭৭১।', '[4] মুসলিম ১/৫৩৪, নং ৭৭০।', '[5] আবূ দাউদ ১/২০৩, নং ৭৬৪; ইবন মাজাহ্\u200c ১/২৬৫, ৮০৭; আহমাদ, আহমাদ ৪/৮৫, নং ১৬৭৩৯। শাইখ শু‘আইব আল-আরনাউত তার মুসনাদের তাহকীকে এ হাদীসের সনদকে হাসান লি-গাইরিহি বলেছেন। আর আব্দুল কাদের আরনাউত ইবন তাইমিয়্যার ‘আল-কালেমুত তাইয়্যেব’ গ্রন্থের নং ৭৮, এর তাহকীক বলেন, এটি তার শাওয়াহেদ বা সমার্থবোধক হাদীসের দ্বারা সহীহ লি-গাইরিহী প্রমাণিত হয়। আর আলবানী তার সহীহুল কালেমিত তাইয়্যেব এর ৬২ নং এ হাদিসটি উল্লেখ করেছেন। তাছাড়া ইমাম মুসলিম ইবন উমর থেকে অনুরূপ হাদীস উদ্ধৃত করেছেন, তবে সেখানে একটি ঘটনা বর্ণিত হয়েছে। ১/৪২০, নং ৬০১।', '[6] রাসূলুল্লাহ সাল্লাল্লাহু আলাইহি ওয়াসাল্লাম এ দো‘আটি রাতে উঠে তাহাজ্জুদের সালাত পড়ার সময় বলতেন।', '[7] বুখারী, (ফাতহুল বারীসহ) ৩/৩, ১১/১১৬, ১৩/৩৭১, ৪২৩, ৪৬৫, নং ১১২০, ৬৩১৭, ৭৩৮৫, ৭৪৪২, ৭৪৯৯; ও মুসলিম সংক্ষিপ্তাকারে ১/৫৩২, নং ৭৬৯।']"
33,17,Chapter: While bowing in prayer,دعاء الركوع,17.0,রুকূ‘র দো‘আ,Subḥāna Rabbiyal-`Aẓīm.,Glory to my Lord the Exalted (three times in Arabic),সুবহা-না রব্বিয়াল ‘আযীম,“আমার মহান রব্বের পবিত্রতা ও মহিমা ঘোষণা করছি” (তিনবার)[1],سُبْـحانَ رَبِّـيَ الْعَظـيم (ثلاث مرات),«سُبْحانَ رَبِّيَ الْعَظِيمِ». .,"Abu Dawud, Ibn Majah, An-Nasa'i, At-Tirmidhi, and Ahmad. See Al-Albani's Sahih At-Tirmidhi 1/83.",,,,mismatch,0.7619,"['Subḥāna Rabbiyal-`Aẓīm.', 'Glory to my Lord the Exalted (three times in Arabic)', ""Abu Dawud, Ibn Majah, An-Nasa'i, At-Tirmidhi, and Ahmad. See Al-Albani's Sahih At-Tirmidhi 1/83."", 'سُبْـحانَ رَبِّـيَ الْعَظـيم (ثلاث مرات)']","['«سُبْحانَ رَبِّيَ الْعَظِيمِ». .', '(সুবহা-না রব্বিয়াল ‘আযীম)।', '“আমার মহান রব্বের পবিত্রতা ও মহিমা ঘোষণা করছি” (তিনবার)[1]']"
34,17,Chapter: While bowing in prayer,دعاء الركوع,17.0,রুকূ‘র দো‘আ,Subḥānaka Allāhumma Rabbanā wa biḥamdika Allāhum-maghfir lī.,"Glory is to You , O Allah , our Lord , and praise is Yours . O Allah , forgive me.","সুবহা-নাকাল্লা-হুম্মা রব্বানা ওয়াবিহামদিকা, আল্লা-হুম্মাগফির লী",“হে আল্লাহ! আমাদের রব্ব! আপনার পবিত্রতা ও মহিমা ঘোষণা করছি আপনার প্রশংসাসহ। হে আল্লাহ! আপনি আমাকে মাফ করে দিন।”[2],سُبْـحانَكَ اللّهُـمَّ رَبَّـنا وَبِحَـمْدِك ، اللّهُـمَّ اغْفِـرْ لي,«سُبْحَانَكَ اللَّهُمَّ رَبَّنَا وَبِحَمْدِكَ، اللَّهُمَّ اغْفِرْ لِي».,"Al-Bukhari 1/99, Muslim 1/350.",,,,exact_match,1.0,"['Subḥānaka Allāhumma Rabbanā wa biḥamdika Allāhum-maghfir lī.', 'Glory is to You , O Allah , our Lord , and praise is Yours . O Allah , forgive me.', 'Al-Bukhari 1/99, Muslim 1/350.', 'سُبْـحانَكَ اللّهُـمَّ رَبَّـنا وَبِحَـمْدِك ، اللّهُـمَّ اغْفِـرْ لي']","['«سُبْحَانَكَ اللَّهُمَّ رَبَّنَا وَبِحَمْدِكَ، اللَّهُمَّ اغْفِرْ لِي».', '(সুবহা-নাকাল্লা-হুম্মা রব্বানা ওয়াবিহামদিকা, আল্লা-হুম্মাগফির লী)।', '“হে আল্লাহ! আমাদের রব্ব! আপনার পবিত্রতা ও মহিমা ঘোষণা করছি আপনার প্রশংসাসহ। হে আল্লাহ! আপনি আমাকে মাফ করে দিন।”[2]']"
35,17,Chapter: While bowing in prayer,دعاء الركوع,17.0,রুকূ‘র দো‘আ,"Subbūḥun, Quddūsun, Rabbul-malā'ikati warrūḥ.","Glory (to You) , Most Holy (are You) , Lord of the angels and the Spirit.",“সুব্বূহুন কুদ্দূসুন রব্বুল মালা-’ইকাতি ওয়াররূহ,"“(তিনি/আপনি) সম্পূর্ণরূপে দোষ-ত্রুটিমুক্ত, অত্যন্ত পবিত্র ও মহিমান্বিত; ফেরেশতাগণ ও রূহ এর রব্ব।”[3]",سُبـّوحٌ قُـدّْوس ، رَبُّ الملائِكَـةِ وَالـرُّوح,«سُبُّوُحٌ، قُدُّوسٌ، رَبُّ المَلاَئِكَةِ وَالرُّوحِ».,"Muslim 1/353, Abu Dawud 1/230.",,,,exact_match,1.0,"[""Subbūḥun, Quddūsun, Rabbul-malā'ikati warrūḥ."", 'Glory (to You) , Most Holy (are You) , Lord of the angels and the Spirit.', 'Muslim 1/353, Abu Dawud 1/230.', 'سُبـّوحٌ قُـدّْوس ، رَبُّ الملائِكَـةِ وَالـرُّوح']","['«سُبُّوُحٌ، قُدُّوسٌ، رَبُّ المَلاَئِكَةِ وَالرُّوحِ».', '(“সুব্বূহুন কুদ্দূসুন রব্বুল মালা-’ইকাতি ওয়াররূহ)।', '“(তিনি/আপনি) সম্পূর্ণরূপে দোষ-ত্রুটিমুক্ত, অত্যন্ত পবিত্র ও মহিমান্বিত; ফেরেশতাগণ ও রূহ এর রব্ব।”[3]']"
36,17,Chapter: While bowing in prayer,دعاء الركوع,17.0,রুকূ‘র দো‘আ,"Allāhumma laka raka`tu, wa bika 'āmantu, wa laka 'aslamtu khasha`a laka sam`ee wa baṣarī, wa mukhkhī, wa `aẓmī, wa `aṣabī, wa mastaqalla bihi qadamī.","O Allah , to You I bow (in prayer) and in You I believe and to You I have submitted. Before You my hearing is humbled, and my sight, and my mind, my bones, my nerves and what my feet have mounted upon (for travel).","আল্লা-হুম্মা লাকা রাকা‘তু, ওয়াবিকা আ-মানতু ওয়া লাকা আস্‌লামতু। খাশা‘আ লাকা সাম‘ঈ ওয়া বাসারী ওয়া মুখ্‌খী ওয়া ‘আযমী ওয়া ‘আসাবী [ওয়ামাস্তাক্বাল্লাত বিহি কাদামী]","“হে আল্লাহ! আমি আপনার জন্যেই রুকু করেছি, আপনার উপরই ঈমান এনেছি এবং আপনার কাছেই আত্মসমর্পণ করেছি। আমার কান, আমার চোখ, আমার মস্তিষ্ক, আমার হাড়, আমার পেশী, সবই আপনার জন্য বিনয়াবনত। [আর যা আমার পা বহন করে দাঁড়িয়ে আছে (আমার সমগ্র সত্তা) তাও (আপনার জন্য বিনয়াবনত)]”[4]।",اللّهُـمَّ لَكَ رَكَـعْتُ وَبِكَ آمَـنْت، ولَكَ أَسْلَـمْت ، خَشَـعَ لَكَ سَمْـعي، وَبَصَـري ، وَمُخِّـي، وَعَظْمـي، وَعَصَـبي ، وَما استَقَـلَّ بِهِ قَدَمي,«اللَّهُمَّ لَكَ رَكَعْتُ، وَبِكَ آمَنْتُ، وَلَكَ أَسْلَمْتُ، خَشَعَ لَكَ سَمْعِي، وَبَصَرِي، وَمُخِّي، وَعَــــظْمِي، وَعَصَبِي، [وَمَا استَقَلَّتْ بِهِ قَدَمِي]».,"Muslim 1/534, Abu Dawud, An-Nasa'i and At- Tirmidhi.",,,,near_exact,0.9942,"[""Allāhumma laka raka`tu, wa bika 'āmantu, wa laka 'aslamtu khasha`a laka sam`ee wa baṣarī, wa mukhkhī, wa `aẓmī, wa `aṣabī, wa mastaqalla bihi qadamī."", 'O Allah , to You I bow (in prayer) and in You I believe and to You I have submitted. Before You my hearing is humbled, and my sight, and my mind, my bones, my nerves and what my feet have mounted upon (for travel).', ""Muslim 1/534, Abu Dawud, An-Nasa'i and At- Tirmidhi."", 'اللّهُـمَّ لَكَ رَكَـعْتُ وَبِكَ آمَـنْت، ولَكَ أَسْلَـمْت ، خَشَـعَ لَكَ سَمْـعي، وَبَصَـري ، وَمُخِّـي، وَعَظْمـي، وَعَصَـبي ، وَما استَقَـلَّ بِهِ قَدَمي']","['«اللَّهُمَّ لَكَ رَكَعْتُ، وَبِكَ آمَنْتُ، وَلَكَ أَسْلَمْتُ، خَشَعَ لَكَ سَمْعِي، وَبَصَرِي، وَمُخِّي، وَعَــــظْمِي، وَعَصَبِي، [وَمَا استَقَلَّتْ بِهِ قَدَمِي]».', '(আল্লা-হুম্মা লাকা রাকা‘তু, ওয়াবিকা আ-মানতু ওয়া লাকা আস্\u200cলামতু। খাশা‘আ লাকা সাম‘ঈ ওয়া বাসারী ওয়া মুখ্\u200cখী ওয়া ‘আযমী ওয়া ‘আসাবী [ওয়ামাস্তাক্বাল্লাত বিহি কাদামী])।', '“হে আল্লাহ! আমি আপনার জন্যেই রুকু করেছি, আপনার উপরই ঈমান এনেছি এবং আপনার কাছেই আত্মসমর্পণ করেছি। আমার কান, আমার চোখ, আমার মস্তিষ্ক, আমার হাড়, আমার পেশী, সবই আপনার জন্য বিনয়াবনত। [আর যা আমার পা বহন করে দাঁড়িয়ে আছে (আমার সমগ্র সত্তা) তাও (আপনার জন্য বিনয়াবনত)]”[4]।']"
37,17,Chapter: While bowing in prayer,دعاء الركوع,17.0,রুকূ‘র দো‘আ,"Subḥāna dhil-jabarūti, walmalakūti, walkibriyā'i, wal`aẓamati.","Glory is to You, Master of power, of dominion, of majesty and greatness.",সুবহা-নাযিল জাবারূতি ওয়াল মালাকূতি ওয়াল কিবরিয়া’ই ওয়াল ‘আযামাতি,"“পবিত্রতা ও মহিমা ঘোষণা করছি সেই সত্তার, যিনি প্রবল প্রতাপ, বিশাল সাম্রাজ্য, বিরাট গৌরব-গরিমা এবং অতুলনীয় মহত্ত্বের অধিকারী”[5]।",سُبْـحانَ ذي الْجَبَـروت، والمَلَـكوت، وَالكِبْـرِياء، وَالْعَظَـمَةِ,«سُبْحَانَ ذِي الْجَبَرُوتِ، وَالْمَلَكُوتِ، وَالْكِبْرِيَاءِ، وَالْعَظَمَةِ».,"Abu Dawud 1/230, An-Nasa'i and Ahmad. Its chain of narration is good (Hasan).","[5] আবূ দাউদ ১/২৩০, নং ৮৭৩; নাসাঈ, নং ১১৩১; আহমাদ, নং ১৩৯৮০। আর তার সনদ হাসান।",,,exact_match,1.0,"[""Subḥāna dhil-jabarūti, walmalakūti, walkibriyā'i, wal`aẓamati."", 'Glory is to You, Master of power, of dominion, of majesty and greatness.', ""Abu Dawud 1/230, An-Nasa'i and Ahmad. Its chain of narration is good (Hasan)."", 'سُبْـحانَ ذي الْجَبَـروت، والمَلَـكوت، وَالكِبْـرِياء، وَالْعَظَـمَةِ']","['«سُبْحَانَ ذِي الْجَبَرُوتِ، وَالْمَلَكُوتِ، وَالْكِبْرِيَاءِ، وَالْعَظَمَةِ».', '(সুবহা-নাযিল জাবারূতি ওয়াল মালাকূতি ওয়াল কিবরিয়া’ই ওয়াল ‘আযামাতি)।', '“পবিত্রতা ও মহিমা ঘোষণা করছি সেই সত্তার, যিনি প্রবল প্রতাপ, বিশাল সাম্রাজ্য, বিরাট গৌরব-গরিমা এবং অতুলনীয় মহত্ত্বের অধিকারী”[5]।', '[1] সুনানের গ্রন্থাকারগণ ও আহমাদ হাদীসটি উদ্ধৃত করেছেন। আবূ দাউদ, নং ৮৭০; তিরমিযী, নং ২৬২; নাসাঈ, নং ১০০৭; ইবন মাজাহ্\u200c, নং ৮৯৭; আহমাদ, নং ৩৫১৪। আরও দেখুন, সহীহুত তিরমিযী, ১/৮৩।', '[2] বুখারী ১/৯৯, নং ৭৯৪; মুসলিম ১/৩৫০, নং ৪৮৪।', '[3] মুসলিম ১/৩৫৩, নং ৪৭৪; আবূ দাউদ ১/২৩০, নং ৮৭২।', '[4] মুসলিম ১/৫৩৪, নং ৭৭১; তাছাড়া চার সুনান গ্রন্থকারগণের মধ্যে ইবন মাজাহ ব্যতীত সবাই তা উদ্ধৃত করেছেন। আবূ দাউদ, নং ৭৬০, ৭৬১; তিরমিযী, নং ৩৪২১; নাসাঈ, নং ১০৪৯; তবে দুই ব্রাকেটের অংশ ইবন খুযাইমার শব্দ, নং ৬০৭; ইবন হিব্বান, নং ১৯০১।', '[5] আবূ দাউদ ১/২৩০, নং ৮৭৩; নাসাঈ, নং ১১৩১; আহমাদ, নং ১৩৯৮০। আর তার সনদ হাসান।']"
38,18,Chapter: Upon rising from the bowing position,دعاء الرفع من الركوع,18.0,রুকু থেকে উঠার দো‘আ,Sami`allāhu liman ḥamidah.,Allah hears whoever praises Him.,সামি‘আল্লা-হু লিমান হামিদাহ,"“যে আল্লাহর হামদ-প্রশংসা করে, আল্লাহ তার প্রশংসা শুনুন (কবুল করুন)।”[1]",سَمِـعَ اللهُ لِمَـنْ حَمِـدَه,«سَمِعَ اللَّهُ لِمَنْ حَمِدَهُ».,"Al-Bukhari, cf. Al-Asqalani, Fathul-Bari 2/282.",,,,exact_match,1.0,"['Sami`allāhu liman ḥamidah.', 'Allah hears whoever praises Him.', 'Al-Bukhari, cf. Al-Asqalani, Fathul-Bari 2/282.', 'سَمِـعَ اللهُ لِمَـنْ حَمِـدَه']","['«سَمِعَ اللَّهُ لِمَنْ حَمِدَهُ».', '(সামি‘আল্লা-হু লিমান হামিদাহ)।', '“যে আল্লাহর হামদ-প্রশংসা করে, আল্লাহ তার প্রশংসা শুনুন (কবুল করুন)।”[1]']"
39,18,Chapter: Upon rising from the bowing position,دعاء الرفع من الركوع,18.0,রুকু থেকে উঠার দো‘আ,"Rabbanā wa lakal-ḥamd, ḥamdan kathīran ṭayyiban mubārakan fīh.","Our Lord, praise is Yours, abundant, good and blessed praise.","রব্বানা ওয়া লাকাল হামদু, হামদান কাছীরান ত্বায়্যিবান মুবা-রাকান ফীহি","“হে আমাদের রব্ব! আর আপনার জন্যই সমস্ত প্রশংসা; অঢেল, পবিত্র ও বরকত-রয়েছে-এমন প্রশংসা।”[2]",رَبَّنـا وَلَكَ الحَمْـدُ حَمْـداً كَثـيراً طَيِّـباً مُـبارَكاً فيه,«رَبَّنَا وَلَكَ الْحَمْدُ، حَمْداً كَثيراً طَيِّباً مُبارَكاً فِيهِ».,"Al-Bukhari, cf. Al-Asqalani, Fathul-Bari 2/284.",,,,exact_match,1.0,"['Rabbanā wa lakal-ḥamd, ḥamdan kathīran ṭayyiban mubārakan fīh.', 'Our Lord, praise is Yours, abundant, good and blessed praise.', 'Al-Bukhari, cf. Al-Asqalani, Fathul-Bari 2/284.', 'رَبَّنـا وَلَكَ الحَمْـدُ حَمْـداً كَثـيراً طَيِّـباً مُـبارَكاً فيه']","['«رَبَّنَا وَلَكَ الْحَمْدُ، حَمْداً كَثيراً طَيِّباً مُبارَكاً فِيهِ».', '(রব্বানা ওয়া লাকাল হামদু, হামদান কাছীরান ত্বায়্যিবান মুবা-রাকান ফীহি)', '“হে আমাদের রব্ব! আর আপনার জন্যই সমস্ত প্রশংসা; অঢেল, পবিত্র ও বরকত-রয়েছে-এমন প্রশংসা।”[2]']"
40,18,Chapter: Upon rising from the bowing position,دعاء الرفع من الركوع,18.0,রুকু থেকে উঠার দো‘আ,"Mil'a 's-samāwāti wa mil'a 'l-'arḍi wa mā baynahumā, wa mil'a mā shi'ta min shay'in ba`d. 'Ahla 'th-thanā'i wa 'l-majdi, 'aḥaqqu mā qāla 'l-`abdu, wa kullunā laka `abdun. Allāhumma lā māni`a limā 'a`ṭayta, wa lā mu`ṭiya limā mana`ta, wa lā yanfa`u dhal-jaddi minka 'l-jadd. .","(A praise that) fills the heavens and the earth and what lies between them, and whatever else You please. (You Allah) are most worthy of praise and majesty, and what the slave has said - we are all Your slaves. O Allah, there is none who can withhold what You give, and none may give what You have withheld. And the might of the mighty person cannot benefit him against You.","মিল’আস সামা-ওয়া-তি ওয়া মিল’আল আরদি ওয়ামা বাইনাহুমা, ও মিল’আ মা শি’তা মিন শাইয়িন বা‘দু, আহলাস সানা-য়ি ওয়াল মাজদি, আহাক্কু মা ক্বালাল ‘আবদু, ওয়া কুল্লুনা লাকা ‘আবদুন, আল্লা-হুম্মা লা মানি‘আ লিমা আ‘ত্বাইতা, ওয়ালা মু‘তিয়া লিমা মানা‘তা, ওয়ালা ইয়ানফা‘য়ু যাল-জাদ্দি মিনকাল জাদ্দু","“(আপনার প্রশংসা করছি) আসমানসমূহ পূর্ণ করে, যমীন পূর্ণ করে ও যা এ দু’টির মাঝে রয়েছে (তাও পূর্ণ করে), আর এর পরে যা পূর্ণ করা আপনার ইচ্ছা তা পূর্ণ করে। হে প্রশংসা ও সম্মান-মর্যাদার যোগ্য সত্ত্বা! বান্দা সবচেয়ে যে সঠিক কথাটি বলেছে তা হচ্ছে—আর আমরা সবাই আপনার বান্দা— হে আল্লাহ, আপনি যা প্রদান করেছেন তা বন্ধ করার কেউ নেই, আর আপনি যা রুদ্ধ করেছেন তা প্রদান করার কেউ নেই। আর কোনো ক্ষমতা-প্রতিপত্তির অধিকারীর ক্ষমতা ও প্রতিপত্তি আপনার কাছে কোনো কাজে লাগবে না।”[3]",مِلْءَ السَّمـواتِ وَمِلْءَ الأَرْض، وَما بَيْـنَهُمـا ، وَمِلْءَ ما شِئْـتَ مِنْ شَيءٍ بَعْـد . أَهـلَ الثَّـناءِ وَالمَجـد ، أََحَـقُّ ما قالَ العَبْـد ، وَكُلُّـنا لَكَ عَـبد . اللّهُـمَّ لا مانِعَ لِما أَعْطَـيْت ، وَلا مُعْطِـيَ لِما مَنَـعْت ، وَلا يَنْفَـعُ ذا الجَـدِّ مِنْـكَ الجَـد,«مِلْءَ السَّمَوَاتِ وَمِلْءَ الأَرْضِ، وَمَا بَيْنَهُمَا، وَمِلْءَ مَا شِئْتَ مِنْ شَيءٍ بَعْدُ. أَهلَ الثَّناءِ وَالْمَجْدِ، أَحَقُّ مَا قَالَ الْعَبْدُ، وَكُلُّنَا لَكَ عَبْدٌ. اللَّهُمَّ لاَ مَانِعَ لِمَا أَعْطَيْتَ، وَلاَ مُعْطِيَ لِمَا مَنَعْتَ، وَلاَ يَنْفَعُ ذَا الجَدِّ مِنْكَ الجَدُّ».,Muslim 1/346.,"[3] মুসলিম, ১/৩৪৬; নং ৪৭৭।",,,exact_match,1.0,"[""Mil'a 's-samāwāti wa mil'a 'l-'arḍi wa mā baynahumā, wa mil'a mā shi'ta min shay'in ba`d. 'Ahla 'th-thanā'i wa 'l-majdi, 'aḥaqqu mā qāla 'l-`abdu, wa kullunā laka `abdun. Allāhumma lā māni`a limā 'a`ṭayta, wa lā mu`ṭiya limā mana`ta, wa lā yanfa`u dhal-jaddi minka 'l-jadd. ."", '(A praise that) fills the heavens and the earth and what lies between them, and whatever else You please. (You Allah) are most worthy of praise and majesty, and what the slave has said - we are all Your slaves. O Allah, there is none who can withhold what You give, and none may give what You have withheld. And the might of the mighty person cannot benefit him against You.', 'Muslim 1/346.', 'مِلْءَ السَّمـواتِ وَمِلْءَ الأَرْض، وَما بَيْـنَهُمـا ، وَمِلْءَ ما شِئْـتَ مِنْ شَيءٍ بَعْـد . أَهـلَ الثَّـناءِ وَالمَجـد ، أََحَـقُّ ما قالَ العَبْـد ، وَكُلُّـنا لَكَ عَـبد . اللّهُـمَّ لا مانِعَ لِما أَعْطَـيْت ، وَلا مُعْطِـيَ لِما مَنَـعْت ، وَلا يَنْفَـعُ ذا الجَـدِّ مِنْـكَ الجَـد']","['«مِلْءَ السَّمَوَاتِ وَمِلْءَ الأَرْضِ، وَمَا بَيْنَهُمَا، وَمِلْءَ مَا شِئْتَ مِنْ شَيءٍ بَعْدُ. أَهلَ الثَّناءِ وَالْمَجْدِ، أَحَقُّ مَا قَالَ الْعَبْدُ، وَكُلُّنَا لَكَ عَبْدٌ. اللَّهُمَّ لاَ مَانِعَ لِمَا أَعْطَيْتَ، وَلاَ مُعْطِيَ لِمَا مَنَعْتَ، وَلاَ يَنْفَعُ ذَا الجَدِّ مِنْكَ الجَدُّ».', '(মিল’আস সামা-ওয়া-তি ওয়া মিল’আল আরদি ওয়ামা বাইনাহুমা, ও মিল’আ মা শি’তা মিন শাইয়িন বা‘দু, আহলাস সানা-য়ি ওয়াল মাজদি, আহাক্কু মা ক্বালাল ‘আবদু, ওয়া কুল্লুনা লাকা ‘আবদুন, আল্লা-হুম্মা লা মানি‘আ লিমা আ‘ত্বাইতা, ওয়ালা মু‘তিয়া লিমা মানা‘তা, ওয়ালা ইয়ানফা‘য়ু যাল-জাদ্দি মিনকাল জাদ্দু)।', '“(আপনার প্রশংসা করছি) আসমানসমূহ পূর্ণ করে, যমীন পূর্ণ করে ও যা এ দু’টির মাঝে রয়েছে (তাও পূর্ণ করে), আর এর পরে যা পূর্ণ করা আপনার ইচ্ছা তা পূর্ণ করে। হে প্রশংসা ও সম্মান-মর্যাদার যোগ্য সত্ত্বা! বান্দা সবচেয়ে যে সঠিক কথাটি বলেছে তা হচ্ছে—আর আমরা সবাই আপনার বান্দা— হে আল্লাহ, আপনি যা প্রদান করেছেন তা বন্ধ করার কেউ নেই, আর আপনি যা রুদ্ধ করেছেন তা প্রদান করার কেউ নেই। আর কোনো ক্ষমতা-প্রতিপত্তির অধিকারীর ক্ষমতা ও প্রতিপত্তি আপনার কাছে কোনো কাজে লাগবে না।”[3]', '[1] বুখারী, (ফাতহুল বারীসহ) ২/২৮২, নং ৭৯৬।', '[2] বুখারী, (ফাতহুল বারীসহ) ২/২৮৪, নং ৭৯৬।', '[3] মুসলিম, ১/৩৪৬; নং ৪৭৭।']"
41,19,Chapter: While prostrating,دعاء السجود,19.0,সিজদার দো‘আ,Subḥāna Rabbiya ‘l-a`lā.,"Glory is to my Lord, the Most High. (This is said three times in Arabic.)",সুবহা-না রব্বিয়াল আ‘লা,"“আমার রব্বের পবিত্রতা ও মহিমা বর্ণনা করছি, যিনি সবার উপরে।” (তিনবার)[1]",سُبْـحانَ رَبِّـيَ الأَعْلـى. (ثلاث مرات),«سُبْحَانَ رَبِّيَ الأَعْلَى».,"Abu Dawud, Ibn Majah, An-Nasa'i, At-Tirmidhi, and Ahmad. See also Al-Albani, Sahih At-Tirmidhi 1/83.",,,,mismatch,0.7619,"['Subḥāna Rabbiya ‘l-a`lā.', 'Glory is to my Lord, the Most High. (This is said three times in Arabic.)', ""Abu Dawud, Ibn Majah, An-Nasa'i, At-Tirmidhi, and Ahmad. See also Al-Albani, Sahih At-Tirmidhi 1/83."", 'سُبْـحانَ رَبِّـيَ الأَعْلـى. (ثلاث مرات)']","['«سُبْحَانَ رَبِّيَ الأَعْلَى».', '(সুবহা-না রব্বিয়াল আ‘লা)', '“আমার রব্বের পবিত্রতা ও মহিমা বর্ণনা করছি, যিনি সবার উপরে।” (তিনবার)[1]']"
42,19,Chapter: While prostrating,دعاء السجود,19.0,সিজদার দো‘আ,Subḥānaka Allāhumma Rabbanā wa biḥamdika Allāhumma ‘ghfir lī.,"Glory is to You, O Allah, our Lord, and praise is Yours. O Allah, forgive me.",সুবহা-নাকাল্লা-হুম্মা রব্বানা ওয়া বিহামদিকা আল্লা-হুম্মাগফির লী,“হে আল্লাহ! আমাদের রব্ব! আপনার প্রশংসাসহ আপনার পবিত্রতা ও মহিমা ঘোষণা করছি। হে আল্লাহ! আপনি আমাকে মাফ করে দিন।”[2],سُبْـحانَكَ اللّهُـمَّ رَبَّـنا وَبِحَـمْدِكَ ، اللّهُـمَّ اغْفِرْ لي,«سُبْحَانَكَ اللَّهُمَّ رَبَّنَا وَبِحَمْدِكَ، اللَّهُمَّ اغْفِرْ لِي».,"Al-Bukhari and Muslim, see invocation no. 34 above.",,,,exact_match,1.0,"['Subḥānaka Allāhumma Rabbanā wa biḥamdika Allāhumma ‘ghfir lī.', 'Glory is to You, O Allah, our Lord, and praise is Yours. O Allah, forgive me.', 'Al-Bukhari and Muslim, see invocation no. 34 above.', 'سُبْـحانَكَ اللّهُـمَّ رَبَّـنا وَبِحَـمْدِكَ ، اللّهُـمَّ اغْفِرْ لي']","['«سُبْحَانَكَ اللَّهُمَّ رَبَّنَا وَبِحَمْدِكَ، اللَّهُمَّ اغْفِرْ لِي».', '(সুবহা-নাকাল্লা-হুম্মা রব্বানা ওয়া বিহামদিকা আল্লা-হুম্মাগফির লী)।', '“হে আল্লাহ! আমাদের রব্ব! আপনার প্রশংসাসহ আপনার পবিত্রতা ও মহিমা ঘোষণা করছি। হে আল্লাহ! আপনি আমাকে মাফ করে দিন।”[2]']"
43,19,Chapter: While prostrating,دعاء السجود,19.0,সিজদার দো‘আ,"Subbūḥun, Quddūsun, Rabbu ‘l-malā'ikati warrūḥ.","Glory (to You), Most Holy (are You), Lord of the angels and the Spirit.",সুব্বূহুন কুদ্দূসুন রব্বুল মালা-ইকাতি ওয়াররূহ,"“(তিনি/আপনি) সম্পূর্ণরূপে দোষ-ত্রুটিমুক্ত, অত্যন্ত পবিত্র ও মহিমান্বিত; ফেরেশতাগণ ও রূহ এর রব্ব।”[3]",سُبـّوحٌ قُـدّوس، رَبُّ الملائِكَـةِ وَالـرُّوح,«سُبوحٌ، قُدُّوسٌ، رَبُّ الْمَلَائِكَةِ وَالرُّوحِ».,"Muslim 1/533, see invocation no. 35 above.",,,,exact_match,1.0,"[""Subbūḥun, Quddūsun, Rabbu ‘l-malā'ikati warrūḥ."", 'Glory (to You), Most Holy (are You), Lord of the angels and the Spirit.', 'Muslim 1/533, see invocation no. 35 above.', 'سُبـّوحٌ قُـدّوس، رَبُّ الملائِكَـةِ وَالـرُّوح']","['«سُبوحٌ، قُدُّوسٌ، رَبُّ الْمَلَائِكَةِ وَالرُّوحِ».', '(সুব্বূহুন কুদ্দূসুন রব্বুল মালা-ইকাতি ওয়াররূহ)।', '“(তিনি/আপনি) সম্পূর্ণরূপে দোষ-ত্রুটিমুক্ত, অত্যন্ত পবিত্র ও মহিমান্বিত; ফেরেশতাগণ ও রূহ এর রব্ব।”[3]']"
44,19,Chapter: While prostrating,دعاء السجود,19.0,সিজদার দো‘আ,"Allāhumma laka sajadtu wa bika āmantu, wa laka aslamtu, sajada waj’hiya lilladhī khalaqahu, wa ṣawwarahu, wa shaqqa sam`ahu wa baṣarahu, tabārakallāhu 'aḥsanul-khāliqīn.","O Allah, to You I prostrate myself and in You I believe. To You I have submitted. My face is prostrated to the One Who created it, fashioned it, and gave it hearing and sight. Blessed is Allah, the Best of creators","আল্লা-হুম্মা লাকা সাজাদতু ওয়াবিকা আ-মানতু ওয়া লাকা আসলামতু। সাজাদা ওয়াজহিয়া লিল্লাযী খালাক্বাহু ওয়া সাওয়্যারাহু ওয়া শাক্কা সাম‘আহু ওয়া বাসারাহু, তাবারাকাল্লাহু আহ্‌সানুল খালিক্বীন","“হে আল্লাহ! আমি আপনার জন্যই সিজদা করেছি, আপনার উপরই ঈমান এনেছি, আপনার কাছেই নিজেকে সঁপে দিয়েছি। আমার মুখমণ্ডল সিজদায় অবনত সেই মহান সত্তার জন্য; যিনি একে সৃষ্টি করেছেন এবং আকৃতি দিয়েছেন, আর তার কান ও চোখ বিদীর্ণ করেছেন। সর্বোত্তম স্রষ্টা আল্লাহ্‌ অত্যন্ত বরকতময়।”[4]",اللّهُـمَّ لَكَ سَـجَدْتُ وَبِـكَ آمَنْـت ، وَلَكَ أَسْلَـمْت ، سَجَـدَ وَجْهـي للَّـذي خَلَقَـهُ وَصَـوَّرَهُ وَشَقَّ سَمْـعَـهُ وَبَصَـرَه ، تَبـارَكَ اللهُ أَحْسـنُ الخـالِقيـن,«اللَّهُمَّ لَكَ سَجَدْتُ وَبِكَ آمَنْتُ، وَلَكَ أَسْلَمْتُ، سَجَدَ وَجْهِيَ لِلَّذِي خَلَقَهُ، وَصَوَّرَهُ، وَشَقَّ سَمْعَهُ وَبَصَرَهُ، تَبَارَكَ اللَّهُ أَحْسنُ الْخَالِقينَ».,Muslim 1/534 and others.,,,,exact_match,1.0,"[""Allāhumma laka sajadtu wa bika āmantu, wa laka aslamtu, sajada waj’hiya lilladhī khalaqahu, wa ṣawwarahu, wa shaqqa sam`ahu wa baṣarahu, tabārakallāhu 'aḥsanul-khāliqīn."", 'O Allah, to You I prostrate myself and in You I believe. To You I have submitted. My face is prostrated to the One Who created it, fashioned it, and gave it hearing and sight. Blessed is Allah, the Best of creators', 'Muslim 1/534 and others.', 'اللّهُـمَّ لَكَ سَـجَدْتُ وَبِـكَ آمَنْـت ، وَلَكَ أَسْلَـمْت ، سَجَـدَ وَجْهـي للَّـذي خَلَقَـهُ وَصَـوَّرَهُ وَشَقَّ سَمْـعَـهُ وَبَصَـرَه ، تَبـارَكَ اللهُ أَحْسـنُ الخـالِقيـن']","['«اللَّهُمَّ لَكَ سَجَدْتُ وَبِكَ آمَنْتُ، وَلَكَ أَسْلَمْتُ، سَجَدَ وَجْهِيَ لِلَّذِي خَلَقَهُ، وَصَوَّرَهُ، وَشَقَّ سَمْعَهُ وَبَصَرَهُ، تَبَارَكَ اللَّهُ أَحْسنُ الْخَالِقينَ».', '(আল্লা-হুম্মা লাকা সাজাদতু ওয়াবিকা আ-মানতু ওয়া লাকা আসলামতু। সাজাদা ওয়াজহিয়া লিল্লাযী খালাক্বাহু ওয়া সাওয়্যারাহু ওয়া শাক্কা সাম‘আহু ওয়া বাসারাহু, তাবারাকাল্লাহু আহ্\u200cসানুল খালিক্বীন)।', '“হে আল্লাহ! আমি আপনার জন্যই সিজদা করেছি, আপনার উপরই ঈমান এনেছি, আপনার কাছেই নিজেকে সঁপে দিয়েছি। আমার মুখমণ্ডল সিজদায় অবনত সেই মহান সত্তার জন্য; যিনি একে সৃষ্টি করেছেন এবং আকৃতি দিয়েছেন, আর তার কান ও চোখ বিদীর্ণ করেছেন। সর্বোত্তম স্রষ্টা আল্লাহ্\u200c অত্যন্ত বরকতময়।”[4]']"
45,19,Chapter: While prostrating,دعاء السجود,19.0,সিজদার দো‘আ,"Subḥāna dhi ’l-jabarūti, wa ’l-malakūti, wa ‘l-kibriyā'i, wa ‘l-aẓamati.","Glory is to the master of power, sovereignty, of majesty and greatness.","সুবহা-নাযিল জাবারূতি, ওয়াল মালাকুতি, ওয়াল কিবরিয়া-ই ওয়াল ‘আযামাতি","“পবিত্রতা ও মহিমা ঘোষণা করছি সেই সত্তার, যিনি প্রবল প্রতাপ, বিশাল সাম্রাজ্য, বিরাট গৌরব-গরিমা এবং অতুলনীয় মহত্ত্বের অধিকারী।”[5]",سُبْـحانَ ذي الْجَبَـروت، والمَلَكـوت، والكِبْـرِياء، وَالعَظَمَـةِ.,«سُبْحَانَ ذِي الْجَبَرُوتِ، وَالْمَلَكُوتِ، وَالْكِبْرِيَاءِ، وَالْعَظَمَةِ».,"Abu Dawud 1/230, An-Nasa'i, Ahmad. See also Al-Albani, Sahih Abu Dawud 1/166, see invocation no. 37 above.",,,,exact_match,1.0,"[""Subḥāna dhi ’l-jabarūti, wa ’l-malakūti, wa ‘l-kibriyā'i, wa ‘l-aẓamati."", 'Glory is to the master of power, sovereignty, of majesty and greatness.', ""Abu Dawud 1/230, An-Nasa'i, Ahmad. See also Al-Albani, Sahih Abu Dawud 1/166, see invocation no. 37 above."", 'سُبْـحانَ ذي الْجَبَـروت، والمَلَكـوت، والكِبْـرِياء، وَالعَظَمَـةِ.']","['«سُبْحَانَ ذِي الْجَبَرُوتِ، وَالْمَلَكُوتِ، وَالْكِبْرِيَاءِ، وَالْعَظَمَةِ».', '(সুবহা-নাযিল জাবারূতি, ওয়াল মালাকুতি, ওয়াল কিবরিয়া-ই ওয়াল ‘আযামাতি)।', '“পবিত্রতা ও মহিমা ঘোষণা করছি সেই সত্তার, যিনি প্রবল প্রতাপ, বিশাল সাম্রাজ্য, বিরাট গৌরব-গরিমা এবং অতুলনীয় মহত্ত্বের অধিকারী।”[5]']"
46,19,Chapter: While prostrating,دعاء السجود,19.0,সিজদার দো‘আ,"Allāhumma’ghfir lī dhanbī kullahu, diqqahu wa jillahu, wa awwalahu wa ākhirahu wa `alāniyyatahu wa sirrahu.","O Allah, forgive me all my sins, great and small, the first and the last, those that are apparent and those that are hidden.","আল্লা-হুম্মাগফির লী যাম্বী কুল্লাহু; দিক্কাহু ওয়া জিল্লাহু, ওয়া আউয়ালাহু ওয়া ‘আখিরাহু, ওয়া ‘আলানিয়্যাতাহু ওয়া সিররাহু","“হে আল্লাহ! আমার সমস্ত গুনাহ মাফ করে দিন— তার ক্ষুদ্র অংশ, তার বড় অংশ, আগের গুনাহ, পরের গুনাহ, প্রকাশ্য ও গোপন গুনাহ।”[6]",اللّهُـمَّ اغْفِـرْ لي ذَنْـبي كُلَّـه ، دِقَّـهُ وَجِلَّـه ، وَأَوَّلَـهُ وَآخِـرَه ، وَعَلانِيَّتَـهُ وَسِـرَّه,«اللَّهُمَّ اغْفِرْ لِي ذَنْبِي كُلَّهُ: دِقَّهُ وَجِلَّهُ، وَأَوَّلَهُ وَآخِرَهُ، وَعَلاَنِيَّتَهُ وَسِرَّهُ».,Muslim 1/350.,,,,exact_match,1.0,"['Allāhumma’ghfir lī dhanbī kullahu, diqqahu wa jillahu, wa awwalahu wa ākhirahu wa `alāniyyatahu wa sirrahu.', 'O Allah, forgive me all my sins, great and small, the first and the last, those that are apparent and those that are hidden.', 'Muslim 1/350.', 'اللّهُـمَّ اغْفِـرْ لي ذَنْـبي كُلَّـه ، دِقَّـهُ وَجِلَّـه ، وَأَوَّلَـهُ وَآخِـرَه ، وَعَلانِيَّتَـهُ وَسِـرَّه']","['«اللَّهُمَّ اغْفِرْ لِي ذَنْبِي كُلَّهُ: دِقَّهُ وَجِلَّهُ، وَأَوَّلَهُ وَآخِرَهُ، وَعَلاَنِيَّتَهُ وَسِرَّهُ».', '(আল্লা-হুম্মাগফির লী যাম্বী কুল্লাহু; দিক্কাহু ওয়া জিল্লাহু, ওয়া আউয়ালাহু ওয়া ‘আখিরাহু, ওয়া ‘আলানিয়্যাতাহু ওয়া সিররাহু)।', '“হে আল্লাহ! আমার সমস্ত গুনাহ মাফ করে দিন— তার ক্ষুদ্র অংশ, তার বড় অংশ, আগের গুনাহ, পরের গুনাহ, প্রকাশ্য ও গোপন গুনাহ।”[6]']"
47,19,Chapter: While prostrating,دعاء السجود,19.0,সিজদার দো‘আ,"Allāhumma innī a`ūdhu biriḍāka min sakhaṭika, wa bimu`āfātika min `uqūbatika wa a`ūdhu bika minka lā uḥṣī thanā'an `alayka anta kamā athnayta `alā nafsika.","O Allah, I seek protection in Your pleasure from Your anger, and I seek protection in Your forgiveness from Your punishment. I seek protection in You from You. I cannot count Your praises. You are as You have praised Yourself.","আল্লা-হুম্মা ইন্নী আঊযুবিরিদ্বা-কা মিন সাখাত্বিকা, ওয়া বিমু‘আ-ফা-তিকা মিন ‘উক্বুবাতিকা, ওয়া আঊযু বিকা মিনকা, লা উহ্‌সী সানা-আন আলাইকা, আনতা কামা আসনাইতা ‘আলা নাফসিকা","“হে আল্লাহ! আমি আপনার সন্তুষ্টির মাধ্যমে অসন্তুষ্টি থেকে, আর আপনার নিরাপত্তার মাধ্যমে আপনার শাস্তি থেকে আশ্রয় চাই। আর আমি আপনার নিকটে আপনার (পাকড়াও) থেকে আশ্রয় চাই। আমি আপনার প্রশংসা গুনতে সক্ষম নই; আপনি সেরূপই, যেরূপ প্রশংসা আপনি নিজের জন্য করেছেন”।[7]",اللّهُـمَّ إِنِّـي أَعـوذُ بِرِضـاكَ مِنْ سَخَطِـك ، وَبِمعـافاتِـكَ مِنْ عُقوبَـتِك ، وَأَعـوذُ بِكَ مِنْـك ، لا أُحْصـي ثَنـاءً عَلَـيْك ، أَنْـتَ كَمـا أَثْنَـيْتَ عَلـى نَفْسـِك,«اللَّهُمَّ إِنِّي أَعُوذُ بِرِضَاكَ مِنْ سَخَطِكَ، وَبِمُعَافَاتِكَ مِنْ عُقوبَتِكَ، وَأَعُوذُ بِكَ مِنْكَ، لاَ أُحْصِي ثَنَاءً عَلَيْكَ، أَنْتَ كَمَا أَثْنَيْتَ عَلَى نَفْسِكَ».,Muslim 1/352.,"[7] মুসলিম ১/৩৫২, নং ৪৮৬।",,,exact_match,1.0,"[""Allāhumma innī a`ūdhu biriḍāka min sakhaṭika, wa bimu`āfātika min `uqūbatika wa a`ūdhu bika minka lā uḥṣī thanā'an `alayka anta kamā athnayta `alā nafsika."", 'O Allah, I seek protection in Your pleasure from Your anger, and I seek protection in Your forgiveness from Your punishment. I seek protection in You from You. I cannot count Your praises. You are as You have praised Yourself.', 'Muslim 1/352.', 'اللّهُـمَّ إِنِّـي أَعـوذُ بِرِضـاكَ مِنْ سَخَطِـك ، وَبِمعـافاتِـكَ مِنْ عُقوبَـتِك ، وَأَعـوذُ بِكَ مِنْـك ، لا أُحْصـي ثَنـاءً عَلَـيْك ، أَنْـتَ كَمـا أَثْنَـيْتَ عَلـى نَفْسـِك']","['«اللَّهُمَّ إِنِّي أَعُوذُ بِرِضَاكَ مِنْ سَخَطِكَ، وَبِمُعَافَاتِكَ مِنْ عُقوبَتِكَ، وَأَعُوذُ بِكَ مِنْكَ، لاَ أُحْصِي ثَنَاءً عَلَيْكَ، أَنْتَ كَمَا أَثْنَيْتَ عَلَى نَفْسِكَ».', '(আল্লা-হুম্মা ইন্নী আঊযুবিরিদ্বা-কা মিন সাখাত্বিকা, ওয়া বিমু‘আ-ফা-তিকা মিন ‘উক্বুবাতিকা, ওয়া আঊযু বিকা মিনকা, লা উহ্\u200cসী সানা-আন আলাইকা, আনতা কামা আসনাইতা ‘আলা নাফসিকা)।', '“হে আল্লাহ! আমি আপনার সন্তুষ্টির মাধ্যমে অসন্তুষ্টি থেকে, আর আপনার নিরাপত্তার মাধ্যমে আপনার শাস্তি থেকে আশ্রয় চাই। আর আমি আপনার নিকটে আপনার (পাকড়াও) থেকে আশ্রয় চাই। আমি আপনার প্রশংসা গুনতে সক্ষম নই; আপনি সেরূপই, যেরূপ প্রশংসা আপনি নিজের জন্য করেছেন”।[7]', '[1] হাদীসটি সুনানগ্রন্থকারগণ ও ইমাম আহমাদ সংকলন করেছেন। আবূ দাউদ, হাদীস নং ৮৭০; তিরমিযী, হাদীস নং ২৬২; নাসাঈ, হাদীস নং ১০০৭; ইবন মাজাহ, হাদীস নং ৮৯৭; আহমাদ, হাদীস নং ৩৫১৪। আরও দেখুন, সহীহুত তিরমিযী, ১/৮৩।', '[2] বুখারী, নং ৭৯৪; মুসলিম, নং ৪৮৪; পূর্বে ৩৪ নং তা গত হয়েছে।', '[3] মুসলিম ১/৩৫৩, নং ৪৮৭; আবূ দাউদ, নং ৮৭২। পূর্বে ৩৫ নং এ গত হয়েছে।', '[4] মুসলিম ১/৫৩৪, নং ৭৭১ ও অন্যান্যগণ।', '[5] আবু দাঊদ ১/২৩০, নং ৮৭৩; নাসাঈ, নং ১১৩১; আহমাদ, নং ২৩৯৮০। আর শাইখ আলবানী একে সহীহ আবু দাউদে ১/১৬৬ সহীহ বলেছেন। যার তাখরীজ ৩৭ নং এ চলে গেছে।', '[6] মুসলিম ১/২৩০, নং ৪৮৩।', '[7] মুসলিম ১/৩৫২, নং ৪৮৬।']"
48,20,Chapter: Between the two prostrations,دعاء الجلسة بين السجدتين,20.0,দুই সিজদার মধ্যবর্তী বৈঠকের দো‘আ,"Rabbi’ghfir lī, Rabbi’ghfir lī.","Lord, forgive me. My Lord, forgive me.","রব্বিগফির লী, রব্বিগফির লী",হে আমার রব্ব! আপনি আমাকে ক্ষমা করুন। হে আমার রব্ব! আপনি আমাকে ক্ষমা করুন।[1],رَبِّ اغْفِـرْ لي ، رَبِّ اغْفِـرْ لي,«رَبِّ اغْفِرْ لِي، رَبِّ اغْفِرْ لِي».,"Abu Dawud 1/231. See also Al-Albani, Sahihibn Mdjah 1/148.",,,,exact_match,1.0,"['Rabbi’ghfir lī, Rabbi’ghfir lī.', 'Lord, forgive me. My Lord, forgive me.', 'Abu Dawud 1/231. See also Al-Albani, Sahihibn Mdjah 1/148.', 'رَبِّ اغْفِـرْ لي ، رَبِّ اغْفِـرْ لي']","['«رَبِّ اغْفِرْ لِي، رَبِّ اغْفِرْ لِي».', '(রব্বিগফির লী, রব্বিগফির লী)', 'হে আমার রব্ব! আপনি আমাকে ক্ষমা করুন। হে আমার রব্ব! আপনি আমাকে ক্ষমা করুন।[1]']"
49,20,Chapter: Between the two prostrations,دعاء الجلسة بين السجدتين,20.0,দুই সিজদার মধ্যবর্তী বৈঠকের দো‘আ,"Allāhumma’ghfir lī, war’ḥamnī, wahdinī, wajburnī, wa `āfinī, warzuqnī, warfa`nī.","O Allah forgive me, have mercy on me, guide me, support me, protect me, provide for me, and elevate me.","আল্লা-হুম্মাগফির লী, ওয়ারহামনী, ওয়াহদিনী, ওয়াজবুরনী, ওয়া‘আফিনি, ওয়ারযুক্বনী, ওয়ারফা‘নী","“হে আল্লাহ! আপনি আমাকে ক্ষমা করুন, আমার প্রতি দয়া করুন, আমাকে সঠিক পথে পরিচালিত করুন, আমার সমস্ত ক্ষয়ক্ষতি পূরণ করে দিন, আমাকে নিরাপত্তা দান করুন, আমাকে রিযিক দান করুন এবং আমার মর্যাদা বৃদ্ধি করুন”[2]।",اللّهُـمَّ اغْفِـرْ لي ، وَارْحَمْـني ، وَاهْدِنـي ، وَاجْبُرْنـي ، وَعافِنـي وَارْزُقْنـي وَارْفَعْـني,«اللَّهُمَّ اغْفِرْ لِي، وَارْحَمْنِي، وَاهْدِنِي، وَاجْبُرْنِي، وَعَافِنِي، وَارْزُقْنِي، وَارْفَعْنِي».,"Abu Dawud, Ibn Majah, At-Tirmidhi. See also Al-Albani, Sahih At-Tirmidhi 1/90 and Sahih Ibn Majah 1/148.","[2] হাদীসটি নাসাঈ ব্যতীত সুনান গ্রন্থগারগণ সবাই সংকলন করেছেন। আবূ দাউদ, ১/২৩১, নং ৮৫০; তিরমিযী, নং ২৮৪, ২৮৫; ইবন মাজাহ, নং ৮৯৮। আরও দেখুন, সহীহুত তিরমিযী, ১/৯০; সহীহ ইবন মাজাহ ১/১৪৮।",,,exact_match,1.0,"['Allāhumma’ghfir lī, war’ḥamnī, wahdinī, wajburnī, wa `āfinī, warzuqnī, warfa`nī.', 'O Allah forgive me, have mercy on me, guide me, support me, protect me, provide for me, and elevate me.', 'Abu Dawud, Ibn Majah, At-Tirmidhi. See also Al-Albani, Sahih At-Tirmidhi 1/90 and Sahih Ibn Majah 1/148.', 'اللّهُـمَّ اغْفِـرْ لي ، وَارْحَمْـني ، وَاهْدِنـي ، وَاجْبُرْنـي ، وَعافِنـي وَارْزُقْنـي وَارْفَعْـني']","['«اللَّهُمَّ اغْفِرْ لِي، وَارْحَمْنِي، وَاهْدِنِي، وَاجْبُرْنِي، وَعَافِنِي، وَارْزُقْنِي، وَارْفَعْنِي».', '(আল্লা-হুম্মাগফির লী, ওয়ারহামনী, ওয়াহদিনী, ওয়াজবুরনী, ওয়া‘আফিনি, ওয়ারযুক্বনী, ওয়ারফা‘নী)', '“হে আল্লাহ! আপনি আমাকে ক্ষমা করুন, আমার প্রতি দয়া করুন, আমাকে সঠিক পথে পরিচালিত করুন, আমার সমস্ত ক্ষয়ক্ষতি পূরণ করে দিন, আমাকে নিরাপত্তা দান করুন, আমাকে রিযিক দান করুন এবং আমার মর্যাদা বৃদ্ধি করুন”[2]।', '[1] আবূ দাউদ ১/২৩১, নং ৮৭৪; ইবন মাজাহ্\u200c নং ৮৯৭। আরও দেখুন, সহীহ ইবন মাজাহ, ১/১৪৮।', '[2] হাদীসটি নাসাঈ ব্যতীত সুনান গ্রন্থগারগণ সবাই সংকলন করেছেন। আবূ দাউদ, ১/২৩১, নং ৮৫০; তিরমিযী, নং ২৮৪, ২৮৫; ইবন মাজাহ, নং ৮৯৮। আরও দেখুন, সহীহুত তিরমিযী, ১/৯০; সহীহ ইবন মাজাহ ১/১৪৮।']"
50,21,Chapter: When prostrating due to recitation of the Quran,دعاء سجود التلاوة,21.0,সিজদার আয়াত তেলাওয়াতের পর সিজদায় দো‘আ,"Sajada wajhiya lilladhī khalaqahu, wa shaqqa sam`ahu wa baṣarahu biḥawlihi wa quwwatihi. Fatabārakallāhu 'aḥsanul-khāliqīn.","I have prostrated my face to the One Who created it, and gave it hearing and sight by His might and His power. Glory is to Allah, the Best of creators.","সাজাদা ওয়াজহিয়া লিল্লাযী খালাক্বাহু, ওয়া শাক্কা সাম্‘আহু ওয়া বাসারাহু, বিহাওলিহি ওয়া কুওয়াতিহি, ফাতবারাকাল্লা-হু আহ্‌সানুল খা-লিক্বীন","“আমার মুখমণ্ডল সিজদা করেছে সে সত্তার জন্য, যিনি একে সৃষ্টি করেছেন, আর নিজ শক্তি ও ক্ষমতাবলে এর কান ও চোখ বিদীর্ণ করেছেন। সুতরাং সর্বোত্তম স্রষ্টা আল্লাহ্‌ অত্যন্ত বরকতময়।”[1]",سَجَـدَ وَجْهـي للَّـذي خَلَقَـهُ وَشَقَّ سَمْـعَـهُ وَبَصَـرَهُ بِحَـوْلِـهِ وَقُـوَّتِهِ ﴿فتَبـارَكَ اللهُ أَحْسَـنُ الخـالِقيـن﴾.,«سَجَدَ وَجْهِيَ لِلَّذِي خَلَقَهُ، وَشَقَّ سَمْعَهُ وَبَصَرَهُ بِحَوْلِهِ وَقُوَّتِهِ، ﴿فَتَبارَكَ اللَّهُ أَحْسَنُ الْخَالِقِينَ﴾».,"At-Tirmidhi 2/474, Ahmad 6/30, and Al-Hakim",,,,exact_match,1.0,"[""Sajada wajhiya lilladhī khalaqahu, wa shaqqa sam`ahu wa baṣarahu biḥawlihi wa quwwatihi. Fatabārakallāhu 'aḥsanul-khāliqīn."", 'I have prostrated my face to the One Who created it, and gave it hearing and sight by His might and His power. Glory is to Allah, the Best of creators.', 'At-Tirmidhi 2/474, Ahmad 6/30, and Al-Hakim', 'سَجَـدَ وَجْهـي للَّـذي خَلَقَـهُ وَشَقَّ سَمْـعَـهُ وَبَصَـرَهُ بِحَـوْلِـهِ وَقُـوَّتِهِ ﴿فتَبـارَكَ اللهُ أَحْسَـنُ الخـالِقيـن﴾.']","['«سَجَدَ وَجْهِيَ لِلَّذِي خَلَقَهُ، وَشَقَّ سَمْعَهُ وَبَصَرَهُ بِحَوْلِهِ وَقُوَّتِهِ، ﴿فَتَبارَكَ اللَّهُ أَحْسَنُ الْخَالِقِينَ﴾».', '(সাজাদা ওয়াজহিয়া লিল্লাযী খালাক্বাহু, ওয়া শাক্কা সাম্‘আহু ওয়া বাসারাহু, বিহাওলিহি ওয়া কুওয়াতিহি, ফাতবারাকাল্লা-হু আহ্\u200cসানুল খা-লিক্বীন)।', '“আমার মুখমণ্ডল সিজদা করেছে সে সত্তার জন্য, যিনি একে সৃষ্টি করেছেন, আর নিজ শক্তি ও ক্ষমতাবলে এর কান ও চোখ বিদীর্ণ করেছেন। সুতরাং সর্বোত্তম স্রষ্টা আল্লাহ্\u200c অত্যন্ত বরকতময়।”[1]']"
51,21,Chapter: When prostrating due to recitation of the Quran,دعاء سجود التلاوة,21.0,সিজদার আয়াত তেলাওয়াতের পর সিজদায় দো‘আ,"Allāhummak’tub lī bihā `indaka ajra, waḍa` `annī bihā wizra, waj`alhā lī `indaka dhukhra, wa taqabbal’hā minnī kamā taqabbal’tahā min `abdika Dāwūd.","O Allah, write it as a reward for me, and release me from a burden for it, and make it a treasure for me with You. Accept it from me as You accepted it from your servant Dawud.","আল্লা-হুম্মাক্তুব লী বিহা ‘ইনদাকা আজরান, ওয়াদা‘ ‘আন্নী বিহা উইযরান, ওয়াজ ‘আলহা লী ‘ইনদাকা যুখরান, ওয়া তাক্বাব্বালহা মিন্নী কামা তাক্বাব্বালতাহা মিন আবদিকা দাঊদ","“হে আল্লাহ! এই সিজদার বদৌলতে আপনার নিকট আমার জন্য প্রতিদান লিখে রাখুন, এর দ্বারা আমার পাপসমূহ ফেলে দিন, এটাকে আপনার কাছে আমার জন্য সঞ্চয় হিসেবে জমা রাখুন, আর একে আমার থেকে কবুল করুন যেমন কবুল করেছেন আপনার বান্দা দাউদ (আলাইহিস সালাম) এর থেকে”।[2]",اللّهُـمَّ اكْتُـبْ لي بِهـا عِنْـدَكَ أَجْـراً ، وَضَـعْ عَنِّـي بِهـا وِزْراً ، وَاجْعَـلها لي عِنْـدَكَ ذُخْـراً ، وَتَقَبَّـلها مِنِّي كَمَا تَقَبَّلْتَهَا مِنْ عَبْدِكَ دَاوُدَ.,«اللَّهُمَّ اكْتُبْ لِي بِهَا عِنْدَكَ أَجْراً، وَضَعْ عَنِّي بِهَا وِزْراً، وَاجْعَلْهَا لِي عِنْدَكَ ذُخْراً، وَتَقَبَّلْهَا مِنِّي كَمَا تَقَبَّلْتَهَا مِنْ عَبْدِكَ دَاوُدَ».,"At-Tirmidhi 2/473, and Al-Hakim who graded it authentic and Ath-Thahabi agreed 1/219.","[2] তিরমিযী ২/৪৭৩, নং ৫৭৯; হাকেম ও সহীহ বলেছেন, আর ইমাম যাহাবী সমর্থন করেছেন, ১/২১৯।",,,exact_match,1.0,"['Allāhummak’tub lī bihā `indaka ajra, waḍa` `annī bihā wizra, waj`alhā lī `indaka dhukhra, wa taqabbal’hā minnī kamā taqabbal’tahā min `abdika Dāwūd.', 'O Allah, write it as a reward for me, and release me from a burden for it, and make it a treasure for me with You. Accept it from me as You accepted it from your servant Dawud.', 'At-Tirmidhi 2/473, and Al-Hakim who graded it authentic and Ath-Thahabi agreed 1/219.', 'اللّهُـمَّ اكْتُـبْ لي بِهـا عِنْـدَكَ أَجْـراً ، وَضَـعْ عَنِّـي بِهـا وِزْراً ، وَاجْعَـلها لي عِنْـدَكَ ذُخْـراً ، وَتَقَبَّـلها مِنِّي كَمَا تَقَبَّلْتَهَا مِنْ عَبْدِكَ دَاوُدَ.']","['«اللَّهُمَّ اكْتُبْ لِي بِهَا عِنْدَكَ أَجْراً، وَضَعْ عَنِّي بِهَا وِزْراً، وَاجْعَلْهَا لِي عِنْدَكَ ذُخْراً، وَتَقَبَّلْهَا مِنِّي كَمَا تَقَبَّلْتَهَا مِنْ عَبْدِكَ دَاوُدَ».', '(আল্লা-হুম্মাক্তুব লী বিহা ‘ইনদাকা আজরান, ওয়াদা‘ ‘আন্নী বিহা উইযরান, ওয়াজ ‘আলহা লী ‘ইনদাকা যুখরান, ওয়া তাক্বাব্বালহা মিন্নী কামা তাক্বাব্বালতাহা মিন আবদিকা দাঊদ)।', '“হে আল্লাহ! এই সিজদার বদৌলতে আপনার নিকট আমার জন্য প্রতিদান লিখে রাখুন, এর দ্বারা আমার পাপসমূহ ফেলে দিন, এটাকে আপনার কাছে আমার জন্য সঞ্চয় হিসেবে জমা রাখুন, আর একে আমার থেকে কবুল করুন যেমন কবুল করেছেন আপনার বান্দা দাউদ (আলাইহিস সালাম) এর থেকে”।[2]', '[1] তিরমিযী, ২/৪৭৪, নং ৩৪২৫; আহমাদ ৬/৩০; নং ২৪০২২; হাকিম ও সহীহ বলেছেন এবং যাহাবী সেটা সমর্থন করেছেন, ১/২২০; আর বাড়তি অংশটুকু তাঁরই। আয়াতটুকু সূরা আল-মুমিনূন এর ১৪ নং আয়াত।', '[2] তিরমিযী ২/৪৭৩, নং ৫৭৯; হাকেম ও সহীহ বলেছেন, আর ইমাম যাহাবী সমর্থন করেছেন, ১/২১৯।']"
52,22,Chapter: The Tashahhud,التشهد,22.0,তাশাহ্‌হুদ,"Attaḥiyyātu lillāhi waṣṣalawātu, waṭṭayyibāt, assalāmu `alayka 'ayyuhan-Nabiyyu wa raḥmatullāhi wa barakātuh, assalāmu `alaynā wa `alā ‘ibādillāhiṣ-ṣāliḥīn. 'Ash-hadu 'an lā 'ilāha 'illallāh wa 'ash-hadu 'anna Muḥammadan `abduhu wa rasūluh.","All greetings of humility are for Allah, and all prayers and goodness. Peace be upon you, O Prophet, and the mercy of Allah and His blessings. Peace be upon us and upon the righteous slaves of Allah. I bear witness that there is none worthy of worship but Allah, and I bear witness that Muhammad is His slave and His Messenger.",আত্তাহিয়্যা-তু লিল্লা-হি ওয়াস্‌সালাওয়া-তু ওয়াত্তায়্যিবা-তু আস্‌সালা-মু ‘আলাইকা আইয়্যূহান নাবিয়্যূ ওয়া রাহমাতুল্লা-হি ওয়া বারাকা-তুহু। আস্‌সালা-মু ‘আলাইনা ওয়া ‘আলা ‘ইবাদিল্লা-হিস সা-লেহীন। আশহাদু আল্লা-ইলা-হা ইল্লাল্লা-হু ওয়া আশহাদু আন্না মুহাম্মাদান ‘আব্দুহু ওয়া রাসূলুহু,"“যাবতীয় অভিবাদন আল্লাহ্‌র জন্য, অনুরূপভাবে সকল সালাত ও পবিত্র কাজও। হে নবী! আপনার উপর বর্ষিত হোক সালাম, আল্লাহর রহমত ও বরকতসমূহ। আমাদের উপর এবং আল্লাহ্‌র সৎ বান্দাদের উপরও বর্ষিত হোক সালাম। আমি সাক্ষ্য দিচ্ছি যে, আল্লাহ ছাড়া কোনো হক্ব ইলাহ নেই এবং আমি আরও সাক্ষ্য দিচ্ছি যে, মুহাম্মদ (সাল্লাল্লাহু আলাইহি ওয়াসাল্লাম) আল্লাহ্‌র বান্দা ও রাসূল”।[1]",التَّحِيّـاتُ للهِ وَالصَّلَـواتُ والطَّيِّـبات ، السَّلامُ عَلَيـكَ أَيُّهـا النَّبِـيُّ وَرَحْمَـةُ اللهِ وَبَرَكـاتُه ، السَّلامُ عَلَيْـناوَعَلـى عِبـادِ للهِ الصَّـالِحـين . أَشْـهَدُ أَنْ لا إِلـهَ إِلاّ الله ، وَأَشْـهَدُ أَنَّ مُحَمّـداً عَبْـدُهُ وَرَسـولُه,«التَّحِيَّاتُ لِلَّهِ، وَالصَّلَواتُ، وَالطَّيِّباتُ، السَّلاَمُ عَلَيْكَ أَيُّهَا النَّبِيُّ وَرَحْمَةُ اللَّهِ وَبَرَكَاتُهُ، السَّلاَمُ عَلَيْنَا وَعَلَى عِبَادِ اللَّهِ الصَّالِحِينَ. أَشْهَدُ أَنْ لاَ إِلَهَ إِلاَّ اللَّهُ وَأَشْهَدُ أَنَّ مُحَمَّداً عَبْدُهُ وَرَسولُهُ».,"Al-Bukhari, Muslim 1/301. See also Al-Asqalani, Fathul-Bal 1/13","[1] বুখারী, (ফাতহুল বারীসহ) ১১/১৩, নং ৮৩১; মুসলিম ১/৩০১, নং ৪০২।",,,near_exact,0.9937,"[""Attaḥiyyātu lillāhi waṣṣalawātu, waṭṭayyibāt, assalāmu `alayka 'ayyuhan-Nabiyyu wa raḥmatullāhi wa barakātuh, assalāmu `alaynā wa `alā ‘ibādillāhiṣ-ṣāliḥīn. 'Ash-hadu 'an lā 'ilāha 'illallāh wa 'ash-hadu 'anna Muḥammadan `abduhu wa rasūluh."", 'All greetings of humility are for Allah, and all prayers and goodness. Peace be upon you, O Prophet, and the mercy of Allah and His blessings. Peace be upon us and upon the righteous slaves of Allah. I bear witness that there is none worthy of worship but Allah, and I bear witness that Muhammad is His slave and His Messenger.', 'Al-Bukhari, Muslim 1/301. See also Al-Asqalani, Fathul-Bal 1/13', 'التَّحِيّـاتُ للهِ وَالصَّلَـواتُ والطَّيِّـبات ، السَّلامُ عَلَيـكَ أَيُّهـا النَّبِـيُّ وَرَحْمَـةُ اللهِ وَبَرَكـاتُه ، السَّلامُ عَلَيْـناوَعَلـى عِبـادِ للهِ الصَّـالِحـين . أَشْـهَدُ أَنْ لا إِلـهَ إِلاّ الله ، وَأَشْـهَدُ أَنَّ مُحَمّـداً عَبْـدُهُ وَرَسـولُه']","['«التَّحِيَّاتُ لِلَّهِ، وَالصَّلَواتُ، وَالطَّيِّباتُ، السَّلاَمُ عَلَيْكَ أَيُّهَا النَّبِيُّ وَرَحْمَةُ اللَّهِ وَبَرَكَاتُهُ، السَّلاَمُ عَلَيْنَا وَعَلَى عِبَادِ اللَّهِ الصَّالِحِينَ. أَشْهَدُ أَنْ لاَ إِلَهَ إِلاَّ اللَّهُ وَأَشْهَدُ أَنَّ مُحَمَّداً عَبْدُهُ وَرَسولُهُ».', '(আত্তাহিয়্যা-তু লিল্লা-হি ওয়াস্\u200cসালাওয়া-তু ওয়াত্তায়্যিবা-তু আস্\u200cসালা-মু ‘আলাইকা আইয়্যূহান নাবিয়্যূ ওয়া রাহমাতুল্লা-হি ওয়া বারাকা-তুহু। আস্\u200cসালা-মু ‘আলাইনা ওয়া ‘আলা ‘ইবাদিল্লা-হিস সা-লেহীন। আশহাদু আল্লা-ইলা-হা ইল্লাল্লা-হু ওয়া আশহাদু আন্না মুহাম্মাদান ‘আব্দুহু ওয়া রাসূলুহু)।', '“যাবতীয় অভিবাদন আল্লাহ্\u200cর জন্য, অনুরূপভাবে সকল সালাত ও পবিত্র কাজও। হে নবী! আপনার উপর বর্ষিত হোক সালাম, আল্লাহর রহমত ও বরকতসমূহ। আমাদের উপর এবং আল্লাহ্\u200cর সৎ বান্দাদের উপরও বর্ষিত হোক সালাম। আমি সাক্ষ্য দিচ্ছি যে, আল্লাহ ছাড়া কোনো হক্ব ইলাহ নেই এবং আমি আরও সাক্ষ্য দিচ্ছি যে, মুহাম্মদ (সাল্লাল্লাহু আলাইহি ওয়াসাল্লাম) আল্লাহ্\u200cর বান্দা ও রাসূল”।[1]', '[1] বুখারী, (ফাতহুল বারীসহ) ১১/১৩, নং ৮৩১; মুসলিম ১/৩০১, নং ৪০২।']"
53,23,Chapter: Prayers upon the Prophet ﷺ after the tashahhud,الصلاة على النبي ﷺ بعد التشهد,23.0,তাশাহ্‌হুদের পর নবী সাল্লাল্লাহু আলাইহি ওয়াসাল্লামের উপর সালাত (দরুদ) পাঠ,"Allāhumma ṣalli `alā Muḥammadinwa `alā ’āli Muḥammadin, kamā ṣallayta `alā 'Ibrāhīma wa `alā ’āli 'Ibrāhīma, 'innaka ḥamīdum-majīd. Allāhumma bārik `alā Muḥammadin wa `alā ’āli Muḥammadin, kamā bārakta `alā 'Ibrāhīma wa `alā 'āli 'Ibrāhīma, 'innaka ḥamīdum-majīd.","O Allah, bestow Your favor on Muhammad and on the family of Muhammad as You have bestowed Your favor on Ibrahim and on the family of Ibrahim, You are Praiseworthy, Most Glorious. O Allah, bless Muhammad and the family of Muhammad as You have blessed Ibrahim and the family of Ibrahim, You are Praiseworthy, Most Glorious.","আল্লা-হুম্মা সাল্লি ‘আলা মুহাম্মাদিউওয়া ‘আলা আ-লি মুহাম্মাদিন কামা সাল্লাইতা ‘আলা ইবরাহীমা ওয়া ‘আলা আ-লি ইব্রাহীমা ইন্নাকা হামীদুম মাজীদ। আল্লা-হুম্মা বারিক ‘আলা মুহাম্মাদিউওয়া ‘আলা আলি মুহাম্মাদিন, কামা বা-রাকতা ‘আলা ইব্রাহীমা ওয়া ‘আলা আ-লি ইব্রাহীমা ইন্নাকা হামীদুম্ মাজীদ","“হে আল্লাহ! আপনি (আপনার নিকটস্থ উচ্চসভায়) মুহাম্মাদকে সম্মানের সাথে স্মরণ করুন এবং তাঁর পরিবার-পরিজনকে, যেমন আপনি সম্মানের সাথে স্মরণ করেছেন ইবরাহীমকে ও তাঁর পরিবার-পরিজনদেরকে। নিশ্চয় আপনি অত্যন্ত প্রশংসিত ও মহামহিমান্বিত। হে আল্লাহ! আপনি মুহাম্মাদ ও তাঁর পরিবার পরিজনের উপর বরকত নাযিল করুন যেমন আপনি বরকত নাযিল করেছিলেন ইবরাহীম ও তাঁর পরিবার-পরিজনের উপর। নিশ্চয় আপনি অত্যন্ত প্রশংসিত ও মহামহিমান্বিত”।[1]",اللّهُـمَّ صَلِّ عَلـى مُحمَّـد، وَعَلـى آلِ مُحمَّد، كَمـا صَلَّيـتَ عَلـى إبْراهـيمَ وَعَلـى آلِ إبْراهـيم، إِنَّكَ حَمـيدٌ مَجـيد ، اللّهُـمَّ بارِكْ عَلـى مُحمَّـد، وَعَلـى آلِ مُحمَّـد، كَمـا بارِكْتَ عَلـى إبْراهـيمَ وَعَلـى آلِ إبْراهيم، إِنَّكَ حَمـيدٌ مَجـيد,«اللَّهُمَّ صَلِّ عَلَى مُحَمَّدٍ، وَعَلَى آلِ مُحَمَّدٍ، كَمَا صَلَّيتَ عَلَى إِبْرَاهِيمَ، وَعَلَى آلِ إِبْرَاهِيمَ، إِنَّكَ حَمِيدٌ مَجِيدٌ، اللَّهُمَّ بَارِكْ عَلَى مُحَمَّدٍ وَعَلَى آلِ مُحَمَّدٍ، كَمَا بَارَكْتَ عَلَى إِبْرَاهِيمَ وَعَلَى آلِ إِبْرَاهِيمَ، إِنَّكَ حَمِيدٌ مَجِيدٌ».,"Al-Bukhari, cf. Al-Asqalani, Fathul-Bari 6/408.",,,,exact_match,1.0,"[""Allāhumma ṣalli `alā Muḥammadinwa `alā ’āli Muḥammadin, kamā ṣallayta `alā 'Ibrāhīma wa `alā ’āli 'Ibrāhīma, 'innaka ḥamīdum-majīd. Allāhumma bārik `alā Muḥammadin wa `alā ’āli Muḥammadin, kamā bārakta `alā 'Ibrāhīma wa `alā 'āli 'Ibrāhīma, 'innaka ḥamīdum-majīd."", 'O Allah, bestow Your favor on Muhammad and on the family of Muhammad as You have bestowed Your favor on Ibrahim and on the family of Ibrahim, You are Praiseworthy, Most Glorious. O Allah, bless Muhammad and the family of Muhammad as You have blessed Ibrahim and the family of Ibrahim, You are Praiseworthy, Most Glorious.', 'Al-Bukhari, cf. Al-Asqalani, Fathul-Bari 6/408.', 'اللّهُـمَّ صَلِّ عَلـى مُحمَّـد، وَعَلـى آلِ مُحمَّد، كَمـا صَلَّيـتَ عَلـى إبْراهـيمَ وَعَلـى آلِ إبْراهـيم، إِنَّكَ حَمـيدٌ مَجـيد ، اللّهُـمَّ بارِكْ عَلـى مُحمَّـد، وَعَلـى آلِ مُحمَّـد، كَمـا بارِكْتَ عَلـى إبْراهـيمَ وَعَلـى آلِ إبْراهيم، إِنَّكَ حَمـيدٌ مَجـيد']","['«اللَّهُمَّ صَلِّ عَلَى مُحَمَّدٍ، وَعَلَى آلِ مُحَمَّدٍ، كَمَا صَلَّيتَ عَلَى إِبْرَاهِيمَ، وَعَلَى آلِ إِبْرَاهِيمَ، إِنَّكَ حَمِيدٌ مَجِيدٌ، اللَّهُمَّ بَارِكْ عَلَى مُحَمَّدٍ وَعَلَى آلِ مُحَمَّدٍ، كَمَا بَارَكْتَ عَلَى إِبْرَاهِيمَ وَعَلَى آلِ إِبْرَاهِيمَ، إِنَّكَ حَمِيدٌ مَجِيدٌ».', '(আল্লা-হুম্মা সাল্লি ‘আলা মুহাম্মাদিউওয়া ‘আলা আ-লি মুহাম্মাদিন কামা সাল্লাইতা ‘আলা ইবরাহীমা ওয়া ‘আলা আ-লি ইব্রাহীমা ইন্নাকা হামীদুম মাজীদ। আল্লা-হুম্মা বারিক ‘আলা মুহাম্মাদিউওয়া ‘আলা আলি মুহাম্মাদিন, কামা বা-রাকতা ‘আলা ইব্রাহীমা ওয়া ‘আলা আ-লি ইব্রাহীমা ইন্নাকা হামীদুম্ মাজীদ)।', '“হে আল্লাহ! আপনি (আপনার নিকটস্থ উচ্চসভায়) মুহাম্মাদকে সম্মানের সাথে স্মরণ করুন এবং তাঁর পরিবার-পরিজনকে, যেমন আপনি সম্মানের সাথে স্মরণ করেছেন ইবরাহীমকে ও তাঁর পরিবার-পরিজনদেরকে। নিশ্চয় আপনি অত্যন্ত প্রশংসিত ও মহামহিমান্বিত। হে আল্লাহ! আপনি মুহাম্মাদ ও তাঁর পরিবার পরিজনের উপর বরকত নাযিল করুন যেমন আপনি বরকত নাযিল করেছিলেন ইবরাহীম ও তাঁর পরিবার-পরিজনের উপর। নিশ্চয় আপনি অত্যন্ত প্রশংসিত ও মহামহিমান্বিত”।[1]']"
54,23,Chapter: Prayers upon the Prophet ﷺ after the tashahhud,الصلاة على النبي ﷺ بعد التشهد,23.0,তাশাহ্‌হুদের পর নবী সাল্লাল্লাহু আলাইহি ওয়াসাল্লামের উপর সালাত (দরুদ) পাঠ,"Allāhumma ṣalli `alā Muḥammadin wa `alā 'azwājihi wa dhurriyyatihi, kamā ṣallayta `alā 'āli 'Ibrāhīma. Wa bārik `alā Muḥammadin wa `alā 'azwājihi wa dhurriyyatihi, kamā bārakta `alā 'āli 'Ibrāhīma. 'Innaka ḥamīdum-majīd.","O Allah, bestow Your favor on Muhammad and upon his wives and progeny as You have bestowed Your favor upon the family of Ibrahim. And bless Muhammad and his wives and progeny as You have blessed the family of Ibrahim, You are full of praise, Most Glorious.","আল্লা-হুম্মা সাল্লি ‘আলা মুহাম্মাদিউওয়া ‘আলা আযওয়াজিহি ওয়া যুররিয়্যাতিহি কামা সাল্লাইতা ‘আলা আলি ইবরাহীমা, ওয়া বারিক ‘আলা মুহাম্মাদিউওয়া ‘আলা আযওয়াজিহি ওয়া যুররিয়্যাতিহি কামা বা-রাক্তা ‘আলা আ-লি ইব্রাহীমা ইন্নাকা হামীদুম মাজীদ","“হে আল্লাহ! আপনি (আপনার নিকটস্থ উচ্চসভায়) মুহাম্মাদকে সম্মানের সাথে স্মরণ করুন এবং তাঁর স্ত্রীগণ ও তাঁর বংশধরকেও, যেমন আপনি সম্মানের সাথে স্মরণ করেছেন ইবরাহীমের পরিবার-পরিজনকে। আর আপনি মুহাম্মাদ এবং তাঁর স্ত্রীগণ ও তাঁর বংশধরের উপর বরকত নাযিল করুন যেমন আপনি বরকত নাযিল করেছিলেন ইবরাহীমের পরিবার- পরিজনের উপর। নিশ্চয় আপনি অত্যন্ত প্রশংসিত ও মহামহিমান্বিত”।[2]",اللّهُـمَّ صَلِّ عَلـى مُحمَّـدٍ وَعَلـى أَزْواجِـهِ وَذُرِّيَّـتِه، كَمـا صَلَّيْـتَ عَلـى آلِ إبْراهـيم . وَبارِكْ عَلـى مُحمَّـدٍ وَعَلـى أَزْواجِـهِ وَذُرِّيَّـتِه، كَمـا بارِكْتَ عَلـى آلِ إبْراهـيم . إِنَّكَ حَمـيدٌ مَجـيد,«اللَّهُمَّ صَلِّ عَلَى مُحَمَّدٍ وَعَلَى أَزْوَاجِهِ وَذُرِّيَّتِهِ، كَمَا صَلَّيْتَ عَلَى آلِ إِبْرَاهِيمَ. وَبَارِكْ عَلَى مُحَمَّدٍ وَعَلَى أَزْواجِهِ وَذُرِّيَّتِهِ، كَمَا بَارَكْتَ عَلَى آلِ إِبْرَاهِيمَ. إِنَّكَ حَمِيدٌ مَجِيدٌ».,"Al-Bukhari, from Al-Asqalani, Fathul-Bari 6/ 407, Muslim 1/306.","[2] বুখারী, (ফাতহুল বারীসহ) ৬/৪০৭, নং ৩৩৬৯; মুসলিম ১/৩০৬, নং ৪০৭। আর শব্দটি মুসলিমের।",,,exact_match,1.0,"[""Allāhumma ṣalli `alā Muḥammadin wa `alā 'azwājihi wa dhurriyyatihi, kamā ṣallayta `alā 'āli 'Ibrāhīma. Wa bārik `alā Muḥammadin wa `alā 'azwājihi wa dhurriyyatihi, kamā bārakta `alā 'āli 'Ibrāhīma. 'Innaka ḥamīdum-majīd."", 'O Allah, bestow Your favor on Muhammad and upon his wives and progeny as You have bestowed Your favor upon the family of Ibrahim. And bless Muhammad and his wives and progeny as You have blessed the family of Ibrahim, You are full of praise, Most Glorious.', 'Al-Bukhari, from Al-Asqalani, Fathul-Bari 6/ 407, Muslim 1/306.', 'اللّهُـمَّ صَلِّ عَلـى مُحمَّـدٍ وَعَلـى أَزْواجِـهِ وَذُرِّيَّـتِه، كَمـا صَلَّيْـتَ عَلـى آلِ إبْراهـيم . وَبارِكْ عَلـى مُحمَّـدٍ وَعَلـى أَزْواجِـهِ وَذُرِّيَّـتِه، كَمـا بارِكْتَ عَلـى آلِ إبْراهـيم . إِنَّكَ حَمـيدٌ مَجـيد']","['«اللَّهُمَّ صَلِّ عَلَى مُحَمَّدٍ وَعَلَى أَزْوَاجِهِ وَذُرِّيَّتِهِ، كَمَا صَلَّيْتَ عَلَى آلِ إِبْرَاهِيمَ. وَبَارِكْ عَلَى مُحَمَّدٍ وَعَلَى أَزْواجِهِ وَذُرِّيَّتِهِ، كَمَا بَارَكْتَ عَلَى آلِ إِبْرَاهِيمَ. إِنَّكَ حَمِيدٌ مَجِيدٌ».', '(আল্লা-হুম্মা সাল্লি ‘আলা মুহাম্মাদিউওয়া ‘আলা আযওয়াজিহি ওয়া যুররিয়্যাতিহি কামা সাল্লাইতা ‘আলা আলি ইবরাহীমা, ওয়া বারিক ‘আলা মুহাম্মাদিউওয়া ‘আলা আযওয়াজিহি ওয়া যুররিয়্যাতিহি কামা বা-রাক্তা ‘আলা আ-লি ইব্রাহীমা ইন্নাকা হামীদুম মাজীদ)।', '“হে আল্লাহ! আপনি (আপনার নিকটস্থ উচ্চসভায়) মুহাম্মাদকে সম্মানের সাথে স্মরণ করুন এবং তাঁর স্ত্রীগণ ও তাঁর বংশধরকেও, যেমন আপনি সম্মানের সাথে স্মরণ করেছেন ইবরাহীমের পরিবার-পরিজনকে। আর আপনি মুহাম্মাদ এবং তাঁর স্ত্রীগণ ও তাঁর বংশধরের উপর বরকত নাযিল করুন যেমন আপনি বরকত নাযিল করেছিলেন ইবরাহীমের পরিবার- পরিজনের উপর। নিশ্চয় আপনি অত্যন্ত প্রশংসিত ও মহামহিমান্বিত”।[2]', '[1] বুখারী, (ফাতহুল বারীসহ) ৬/৪০৮, নং ৩৩৭০; মুসলিম, নং ৪০৬।', '[2] বুখারী, (ফাতহুল বারীসহ) ৬/৪০৭, নং ৩৩৬৯; মুসলিম ১/৩০৬, নং ৪০৭। আর শব্দটি মুসলিমের।']"
55,24,Chapter: After the last tashahhud and before salam,الدعاء بعد التشهد الأخير وقبل السلام,24.0,সালামের আগে শেষ তাশাহহুদের পরের দো‘আ,"Allāhumma ‘innī ‘a`ūdhu bika min `adhābi ‘l-qabri, wa min `adhābi jahannam, wa min fitnati ‘l-maḥyā wa ‘l-mamāti, wa min sharri fitnati ‘l-masīḥid-dajjāl.","O Allah, I seek refuge in You from the punishment of the grave, and from the punishment of Hell-fire, and from the trials of life and death, and from the evil of the trial of the False Messiah.","আল্লা-হুম্মা ইন্নী আ‘ঊযু বিকা মিন ‘আযা-বিল ক্বাবরি ওয়া মিন ‘আযা-বি জাহান্নামা, ওয়া মিন ফিতনাতিল মাহ্ইয়া ওয়াল মামা-তি, ওয়া মিন শাররি ফিতনাতিল মাসীহিদ দাজ্জা-ল","“হে আল্লাহ! আমি আপনার কাছে আশ্রয় চাচ্ছি কবরের আযাব থেকে, জাহান্নামের আযাব থেকে, জীবন-মৃত্যুর ফিতনা থেকে এবং মাসীহ দাজ্জালের ফিতনার অনিষ্টতা থেকে”।[1]",اللّهُـمَّ إِنِّـي أَعـوذُ بِكَ مِـنْ عَذابِ القَـبْر، وَمِـنْ عَذابِ جَهَـنَّم، وَمِـنْ فِتْـنَةِ المَحْـيا وَالمَمـات، وَمِـنْ شَـرِّ فِتْـنَةِ المَسيحِ الدَّجّال,«اللَّهُــمَّ إِنِّي أَعُوذُ بِكَ مِنْ عَذَابِ الْقَبْرِ، وَمِنْ عَذَابِ جَهَنَّمَ، وَمِنْ فِتْنَةِ الْمَحْيَا وَالْمَمَاتِ، وَمِنْ شَرِّ فِتْنَةِ الْمَسِيحِ الدَّجَّالِ».,"Al-Bukhari 2/102, Muslim 1/412, and this is Muslim's wording.",,,,exact_match,1.0,"['Allāhumma ‘innī ‘a`ūdhu bika min `adhābi ‘l-qabri, wa min `adhābi jahannam, wa min fitnati ‘l-maḥyā wa ‘l-mamāti, wa min sharri fitnati ‘l-masīḥid-dajjāl.', 'O Allah, I seek refuge in You from the punishment of the grave, and from the punishment of Hell-fire, and from the trials of life and death, and from the evil of the trial of the False Messiah.', ""Al-Bukhari 2/102, Muslim 1/412, and this is Muslim's wording."", 'اللّهُـمَّ إِنِّـي أَعـوذُ بِكَ مِـنْ عَذابِ القَـبْر، وَمِـنْ عَذابِ جَهَـنَّم، وَمِـنْ فِتْـنَةِ المَحْـيا وَالمَمـات، وَمِـنْ شَـرِّ فِتْـنَةِ المَسيحِ الدَّجّال']","['«اللَّهُــمَّ إِنِّي أَعُوذُ بِكَ مِنْ عَذَابِ الْقَبْرِ، وَمِنْ عَذَابِ جَهَنَّمَ، وَمِنْ فِتْنَةِ الْمَحْيَا وَالْمَمَاتِ، وَمِنْ شَرِّ فِتْنَةِ الْمَسِيحِ الدَّجَّالِ».', '(আল্লা-হুম্মা ইন্নী আ‘ঊযু বিকা মিন ‘আযা-বিল ক্বাবরি ওয়া মিন ‘আযা-বি জাহান্নামা, ওয়া মিন ফিতনাতিল মাহ্ইয়া ওয়াল মামা-তি, ওয়া মিন শাররি ফিতনাতিল মাসীহিদ দাজ্জা-ল)।', '“হে আল্লাহ! আমি আপনার কাছে আশ্রয় চাচ্ছি কবরের আযাব থেকে, জাহান্নামের আযাব থেকে, জীবন-মৃত্যুর ফিতনা থেকে এবং মাসীহ দাজ্জালের ফিতনার অনিষ্টতা থেকে”।[1]']"
56,24,Chapter: After the last tashahhud and before salam,الدعاء بعد التشهد الأخير وقبل السلام,24.0,সালামের আগে শেষ তাশাহহুদের পরের দো‘আ,"Allāhumma 'innī ‘a`ūdhu bika min `adhābi ‘l-qabr, wa ‘a`ūdhu bika min fitnati ‘l-masīḥid-dajjāl, wa ‘a`ūdhu bika min fitnati ‘l-maḥyā wa ‘l-mamāt. Allāhumma ‘innī ‘a`ūdhu bika mina ‘l-m’athami wa ‘l-maghram.","O Allah, I seek refuge in You from the punishment of the grave, and I seek refuge in You from the trial of the False Messiah, and I seek refuge in You from the trials of life and death. O Allah, I seek refuge in You from sin and from debt.","আল্লা-হুম্মা ইন্নী আ‘উযু বিকা মিন আযা-বিল ক্বাবরি, ওয়া আ‘উযু বিকা মিন ফিতনাতিল মাসীহিদ্ দাজ্জা-লি, ওয়া আ‘উযু বিকা মিন ফিতনাতিল মাহইয়া ওয়াল মামা-ত। আল্লা-হুম্মা ইন্নী আ‘উযু বিকা মিনাল মা’ছামি ওয়াল মাগরামি","“হে আল্লাহ! আমি আপনার কাছে আশ্রয় চাই কবরের আযাব থেকে, আশ্রয় চাই মাসীহ দাজ্জালের ফিতনা থেকে এবং আশ্রয় চাই জীবন-মৃত্যুর ফিতনা থেকে। হে আল্লাহ! আমি আপনার কাছে আশ্রয় চাই পাপাচার ও ঋণের বোঝা থেকে”।[2]",اللّهُـمَّ إِنِّـي أَعـوذُ بِكَ مِـنْ عَذابِ القَـبْر ، وَأَعـوذُ بِكَ مِـنْ فِتْـنَةِ المَسيحِ الدَّجّـال ، أَعـوذُ بِكَ مِـنْ فِتْـنَةِ المَحْـيا وَالمَمـات . اللّهُـمَّ إِنِّـي أَعـوذُ بِكَ مِنَ المَأْثَـمِ وَالمَغْـرَم,«اللَّهُمَّ إِنِّي أَعوذُ بِكَ مِنْ عَذَابِ الْقَبْرِ، وَأَعوذُ بِكَ مِنْ فِتْنَةِ الْمَسِيحِ الدَّجَّالِ، وَأَعوذُ بِكَ مِنْ فِتْنَةِ الْمَحْيَا وَالْمَمَاتِ. اللَّهُمَّ إِنِّي أَعوذُ بِكَ مِنَ الْمَأْثَمِ وَالْمَغْرَمِ».,"Al-Bukhari 1/202, Muslim 1/412.",,,,near_exact,0.9961,"[""Allāhumma 'innī ‘a`ūdhu bika min `adhābi ‘l-qabr, wa ‘a`ūdhu bika min fitnati ‘l-masīḥid-dajjāl, wa ‘a`ūdhu bika min fitnati ‘l-maḥyā wa ‘l-mamāt. Allāhumma ‘innī ‘a`ūdhu bika mina ‘l-m’athami wa ‘l-maghram."", 'O Allah, I seek refuge in You from the punishment of the grave, and I seek refuge in You from the trial of the False Messiah, and I seek refuge in You from the trials of life and death. O Allah, I seek refuge in You from sin and from debt.', 'Al-Bukhari 1/202, Muslim 1/412.', 'اللّهُـمَّ إِنِّـي أَعـوذُ بِكَ مِـنْ عَذابِ القَـبْر ، وَأَعـوذُ بِكَ مِـنْ فِتْـنَةِ المَسيحِ الدَّجّـال ، أَعـوذُ بِكَ مِـنْ فِتْـنَةِ المَحْـيا وَالمَمـات . اللّهُـمَّ إِنِّـي أَعـوذُ بِكَ مِنَ المَأْثَـمِ وَالمَغْـرَم']","['«اللَّهُمَّ إِنِّي أَعوذُ بِكَ مِنْ عَذَابِ الْقَبْرِ، وَأَعوذُ بِكَ مِنْ فِتْنَةِ الْمَسِيحِ الدَّجَّالِ، وَأَعوذُ بِكَ مِنْ فِتْنَةِ الْمَحْيَا وَالْمَمَاتِ. اللَّهُمَّ إِنِّي أَعوذُ بِكَ مِنَ الْمَأْثَمِ وَالْمَغْرَمِ».', '(আল্লা-হুম্মা ইন্নী আ‘উযু বিকা মিন আযা-বিল ক্বাবরি, ওয়া আ‘উযু বিকা মিন ফিতনাতিল মাসীহিদ্ দাজ্জা-লি, ওয়া আ‘উযু বিকা মিন ফিতনাতিল মাহইয়া ওয়াল মামা-ত। আল্লা-হুম্মা ইন্নী আ‘উযু বিকা মিনাল মা’ছামি ওয়াল মাগরামি)।', '“হে আল্লাহ! আমি আপনার কাছে আশ্রয় চাই কবরের আযাব থেকে, আশ্রয় চাই মাসীহ দাজ্জালের ফিতনা থেকে এবং আশ্রয় চাই জীবন-মৃত্যুর ফিতনা থেকে। হে আল্লাহ! আমি আপনার কাছে আশ্রয় চাই পাপাচার ও ঋণের বোঝা থেকে”।[2]']"
57,24,Chapter: After the last tashahhud and before salam,الدعاء بعد التشهد الأخير وقبل السلام,24.0,সালামের আগে শেষ তাশাহহুদের পরের দো‘আ,"Allāhumma ‘innī ẓalamtu nafsī ẓulman kathīran, wa lā yaghfiru-dhdhunūba illā 'anta, faghfir lī maghfiratam’min `indika warḥamnī innaka 'anta ‘l-Ghafūr ur-Rahīm.","O Allah, I have greatly wronged myself, and no one forgives sins but You. So, grant me forgiveness and have mercy on me. Surely, you are Forgiving, Merciful.",আল্লা-হুম্মা ইন্নী যলামতু নাফসী যুলমান কাসীরা। ওয়ালা ইয়াগফিরুয্ যুনূবা ইল্লা আনতা। ফাগফির লী মাগফিরাতাম মিন ‘ইনদিকা ওয়ারহামনী ইন্নাকা আনতাল গাফূরুর রাহীম,"“হে আল্লাহ! আমি আমার নিজের উপর অনেক যুলুম করেছি। আর আপনি ছাড়া গুনাহসমূহ কেউই ক্ষমা করতে পারে না। অতএব আমাকে আপনার পক্ষ থেকে বিশেষ ক্ষমা দ্বারা মাফ করে দিন, আর আমার প্রতি দয়া করুন; আপনিই তো ক্ষমাকারী, পরম দয়ালু”।[3]",اللّهُـمَّ إِنِّـي ظَلَـمْتُ نَفْسـي ظُلْمـاً كَثـيراً وَلا يَغْـفِرُ الذُّنـوبَ إِلاّ أَنْت، فَاغْـفِر لي مَغْـفِرَةً مِنْ عِنْـدِك وَارْحَمْـني، إِنَّكَ أَنْتَ الغَـفورُ الرَّحـيم,«اللَّهُمَّ إِنِّي ظَلَمْتُ نَفْسِي ظُلْماً كَثِيراً، وَلاَ يَغْفِرُ الذُّنوبَ إِلاَّ أَنْتَ، فَاغْفِرْ لِي مَغْفِرَةً مِنْ عِنْدِكَ وَارْحَمْنِي، إِنَّكَ أَنْتَ الغَفورُ الرَّحيمُ».,"Al-Bukhari 8/168, Muslim 4/2078.",,,,exact_match,1.0,"[""Allāhumma ‘innī ẓalamtu nafsī ẓulman kathīran, wa lā yaghfiru-dhdhunūba illā 'anta, faghfir lī maghfiratam’min `indika warḥamnī innaka 'anta ‘l-Ghafūr ur-Rahīm."", 'O Allah, I have greatly wronged myself, and no one forgives sins but You. So, grant me forgiveness and have mercy on me. Surely, you are Forgiving, Merciful.', 'Al-Bukhari 8/168, Muslim 4/2078.', 'اللّهُـمَّ إِنِّـي ظَلَـمْتُ نَفْسـي ظُلْمـاً كَثـيراً وَلا يَغْـفِرُ الذُّنـوبَ إِلاّ أَنْت، فَاغْـفِر لي مَغْـفِرَةً مِنْ عِنْـدِك وَارْحَمْـني، إِنَّكَ أَنْتَ الغَـفورُ الرَّحـيم']","['«اللَّهُمَّ إِنِّي ظَلَمْتُ نَفْسِي ظُلْماً كَثِيراً، وَلاَ يَغْفِرُ الذُّنوبَ إِلاَّ أَنْتَ، فَاغْفِرْ لِي مَغْفِرَةً مِنْ عِنْدِكَ وَارْحَمْنِي، إِنَّكَ أَنْتَ الغَفورُ الرَّحيمُ».', '(আল্লা-হুম্মা ইন্নী যলামতু নাফসী যুলমান কাসীরা। ওয়ালা ইয়াগফিরুয্ যুনূবা ইল্লা আনতা। ফাগফির লী মাগফিরাতাম মিন ‘ইনদিকা ওয়ারহামনী ইন্নাকা আনতাল গাফূরুর রাহীম)।', '“হে আল্লাহ! আমি আমার নিজের উপর অনেক যুলুম করেছি। আর আপনি ছাড়া গুনাহসমূহ কেউই ক্ষমা করতে পারে না। অতএব আমাকে আপনার পক্ষ থেকে বিশেষ ক্ষমা দ্বারা মাফ করে দিন, আর আমার প্রতি দয়া করুন; আপনিই তো ক্ষমাকারী, পরম দয়ালু”।[3]']"
58,24,Chapter: After the last tashahhud and before salam,الدعاء بعد التشهد الأخير وقبل السلام,24.0,সালামের আগে শেষ তাশাহহুদের পরের দো‘আ,"Allāhummagh’fir lī mā qaddamtu, wa mā ‘akhkhartu, wa mā ‘asrartu, wa mā ‘a`lantu, wa mā ‘asraftu, wa mā 'anta ‘a`lamu bihi minnī. ‘anta ‘l-Muqaddimu, wa 'anta ‘l-Mu‘akhkhiru lā 'ilāha 'illā 'anta.","O Allah, forgive me what I have sent before me and what I have left behind me, what I have concealed and what I have done openly, what I have done in excess, and what You are better aware of than I. You are the One Who sends forth and You are the One Who delays. There is none worthy of worship but You.",আল্লা-হুম্মাগফিরলী মা ক্বাদ্দামতু ওয়া মা আখ্‌খারতু ওয়া মা আসরারতু ওয়া মা আ’লান্তু ওয়া মা আসরাফ্‌তু ওয়া মা আনতা আল’লামু বিহী মিন্নী। আনতাল মুকাদ্দিমু ওয়া আনতাল মুআখখিরু লা ইলাহা ইল্লা আনতা,"“হে আল্লাহ! ক্ষমা করে দিন আমার গুনাহসমূহ— যা পূর্বে করেছি, যা পরে করেছি, যা আমি গোপন করেছি, যা প্রকাশ্যে করেছি, যা সীমালঙ্ঘন করে করেছি, আর যা আপনি আমার চেয়ে বেশি জানেন। আপনিই (কাউকে) করেন অগ্রগামী, আর আপনিই (কাউকে) করেন পশ্চাদগামী, আপনি ব্যতীত আর কোনো হক্ব ইলাহ নেই।”[4]",اللّهُـمَّ اغْـفِرْ لي ما قَدَّمْـتُ وَما أَخَّرْت ، وَما أَسْـرَرْتُ وَما أَعْلَـنْت ، وَما أَسْـرَفْت ، وَما أَنْتَ أَعْـلَمُ بِهِ مِنِّي . أَنْتَ المُقَـدِّمُ، وَأَنْتَ المُـؤَخِّـرُ لا إِلهَ إِلاّ أَنْـت,«اللَّهُمَّ اغْفِرْ لِي مَا قَدَّمْتُ، وَمَا أَخَّرْتُ، وَمَا أَسْرَرْتُ، وَمَا أَعْلَنْتُ، وَمَا أَسْرَفْتُ، وَمَا أَنْتَ أَعْلَمُ بِهِ مِنِّي. أَنْتَ الْمُقَدِّمُ، وَأَنْتَ الْمُؤَخِّرُ لاَ إِلَهَ إِلاَّ أَنْتَ».,Muslim 1/534.,,,,exact_match,1.0,"[""Allāhummagh’fir lī mā qaddamtu, wa mā ‘akhkhartu, wa mā ‘asrartu, wa mā ‘a`lantu, wa mā ‘asraftu, wa mā 'anta ‘a`lamu bihi minnī. ‘anta ‘l-Muqaddimu, wa 'anta ‘l-Mu‘akhkhiru lā 'ilāha 'illā 'anta."", 'O Allah, forgive me what I have sent before me and what I have left behind me, what I have concealed and what I have done openly, what I have done in excess, and what You are better aware of than I. You are the One Who sends forth and You are the One Who delays. There is none worthy of worship but You.', 'Muslim 1/534.', 'اللّهُـمَّ اغْـفِرْ لي ما قَدَّمْـتُ وَما أَخَّرْت ، وَما أَسْـرَرْتُ وَما أَعْلَـنْت ، وَما أَسْـرَفْت ، وَما أَنْتَ أَعْـلَمُ بِهِ مِنِّي . أَنْتَ المُقَـدِّمُ، وَأَنْتَ المُـؤَخِّـرُ لا إِلهَ إِلاّ أَنْـت']","['«اللَّهُمَّ اغْفِرْ لِي مَا قَدَّمْتُ، وَمَا أَخَّرْتُ، وَمَا أَسْرَرْتُ، وَمَا أَعْلَنْتُ، وَمَا أَسْرَفْتُ، وَمَا أَنْتَ أَعْلَمُ بِهِ مِنِّي. أَنْتَ الْمُقَدِّمُ، وَأَنْتَ الْمُؤَخِّرُ لاَ إِلَهَ إِلاَّ أَنْتَ».', '(আল্লা-হুম্মাগফিরলী মা ক্বাদ্দামতু ওয়া মা আখ্\u200cখারতু ওয়া মা আসরারতু ওয়া মা আ’লান্তু ওয়া মা আসরাফ্\u200cতু ওয়া মা আনতা আল’লামু বিহী মিন্নী। আনতাল মুকাদ্দিমু ওয়া আনতাল মুআখখিরু লা ইলাহা ইল্লা আনতা)।', '“হে আল্লাহ! ক্ষমা করে দিন আমার গুনাহসমূহ— যা পূর্বে করেছি, যা পরে করেছি, যা আমি গোপন করেছি, যা প্রকাশ্যে করেছি, যা সীমালঙ্ঘন করে করেছি, আর যা আপনি আমার চেয়ে বেশি জানেন। আপনিই (কাউকে) করেন অগ্রগামী, আর আপনিই (কাউকে) করেন পশ্চাদগামী, আপনি ব্যতীত আর কোনো হক্ব ইলাহ নেই।”[4]']"
59,24,Chapter: After the last tashahhud and before salam,الدعاء بعد التشهد الأخير وقبل السلام,24.0,সালামের আগে শেষ তাশাহহুদের পরের দো‘আ,"Allāhumma ‘a`innī `alā dhikrika, wa shukrika, wa ḥusni `ibādatik.","O Allah, help me to remember You, to give You thanks, and to perform Your worship in the best manner.",আল্লা-হুম্মা আ‘ইন্নী ‘আলা যিকরিকা ও শুকরিকা ওয়াহুসনি ইবা-দাতিকা,"“হে আল্লাহ! আপনার যিক্‌র করতে, আপনার শুকরিয়া জ্ঞাপন করতে এবং সুন্দরভাবে আপনার ইবাদত করতে আমাকে সাহায্য করুন”।[5]",اللّهُـمَّ أَعِـنِّي عَلـى ذِكْـرِكَ وَشُكْـرِك ، وَحُسْـنِ عِبـادَتِـك,«اللَّهُمَّ أَعِنِّي عَلَى ذِكْرِكَ، وَشُكْرِكَ، وَحُسْنِ عِبادَتِكَ».,"Abu Dawud 2/86, An-Nasa'i 3/53. See also Al-Albani Sahih Abu Dawud 1 /284.",,,,exact_match,1.0,"['Allāhumma ‘a`innī `alā dhikrika, wa shukrika, wa ḥusni `ibādatik.', 'O Allah, help me to remember You, to give You thanks, and to perform Your worship in the best manner.', ""Abu Dawud 2/86, An-Nasa'i 3/53. See also Al-Albani Sahih Abu Dawud 1 /284."", 'اللّهُـمَّ أَعِـنِّي عَلـى ذِكْـرِكَ وَشُكْـرِك ، وَحُسْـنِ عِبـادَتِـك']","['«اللَّهُمَّ أَعِنِّي عَلَى ذِكْرِكَ، وَشُكْرِكَ، وَحُسْنِ عِبادَتِكَ».', '(আল্লা-হুম্মা আ‘ইন্নী ‘আলা যিকরিকা ও শুকরিকা ওয়াহুসনি ইবা-দাতিকা)।', '“হে আল্লাহ! আপনার যিক্\u200cর করতে, আপনার শুকরিয়া জ্ঞাপন করতে এবং সুন্দরভাবে আপনার ইবাদত করতে আমাকে সাহায্য করুন”।[5]']"
60,24,Chapter: After the last tashahhud and before salam,الدعاء بعد التشهد الأخير وقبل السلام,24.0,সালামের আগে শেষ তাশাহহুদের পরের দো‘আ,"Allāhumma 'innī ‘a`udhu bika mina ‘l-bukhl, wa ‘a`udhu bika mina ‘l-jubn, wa ‘a`udhu bika min ‘an ‘uradda ilā ‘ardhali ‘l-`umur, wa ‘a`udhu bika min fitnatid-dunyā wa `adhābi ‘l-qabr.","O Allah, I seek Your protection from miserliness, I seek Your protection from cowardice, and I seek Your protection from being returned to feeble old age. I seek Your protection from the trials of this world and from the torment of the grave.","আল্লা-হুম্মা ইন্নী আ‘উযু বিকা মিনাল বুখলি, ওয়া ‘আউযু বিকা মিনাল জুবনি, ওয়া আ‘উযু বিকা মিন আন উরাদ্দা ইলা আরযালিল্ ‘উমুরি, ওয়া আ‘ঊযু বিকা মিন্ ফিতনাতিদ দুনইয়া ও আযা-বিল ক্বাবরি","“হে আল্লাহ ! আমি আপনার আশ্রয় চাই কৃপণতা থেকে, আপনার আশ্রয় চাই কাপুরুষতা থেকে, আপনার আশ্রয় চাই চরম বার্ধক্যে উপনীত হওয়া থেকে, আর আপনার আশ্রয় চাই দুনিয়ার ফিতনা ও কবরের আযাব থেকে।”[6]",اللّهُـمَّ إِنِّـي أَعوذُ بِكَ مِنَ البُخْـل، وَأَعوذُ بِكَ مِنَ الجُـبْن، وَأَعوذُ بِكَ مِنْ أَنْ أُرَدَّ إِلى أَرْذَلِ الـعُمُر، وَأََعوذُ بِكَ مِنْ فِتْنَـةِ الدُّنْـيا وَعَـذابِ القَـبْر,«اللَّهُمَّ إِنِّي أَعُوذُ بِكَ مِنَ الْبُخْلِ، وَأَعوذُ بِكَ مِنَ الْجُبْنِ، وَأَعُوذُ بِكَ مِنْ أَنْ أُرَدَّ إِلَى أَرْذَلِ الْعُمُرِ، وَأَعُوذُ بِكَ مِنْ فِتْنَةِ الدُّنْيَا وَعَذَابِ الْقَبْرِ».,"Al-Bukhari, cf. Al-Asqalani, Fathul-Bari 6/35",,,,exact_match,1.0,"[""Allāhumma 'innī ‘a`udhu bika mina ‘l-bukhl, wa ‘a`udhu bika mina ‘l-jubn, wa ‘a`udhu bika min ‘an ‘uradda ilā ‘ardhali ‘l-`umur, wa ‘a`udhu bika min fitnatid-dunyā wa `adhābi ‘l-qabr."", 'O Allah, I seek Your protection from miserliness, I seek Your protection from cowardice, and I seek Your protection from being returned to feeble old age. I seek Your protection from the trials of this world and from the torment of the grave.', 'Al-Bukhari, cf. Al-Asqalani, Fathul-Bari 6/35', 'اللّهُـمَّ إِنِّـي أَعوذُ بِكَ مِنَ البُخْـل، وَأَعوذُ بِكَ مِنَ الجُـبْن، وَأَعوذُ بِكَ مِنْ أَنْ أُرَدَّ إِلى أَرْذَلِ الـعُمُر، وَأََعوذُ بِكَ مِنْ فِتْنَـةِ الدُّنْـيا وَعَـذابِ القَـبْر']","['«اللَّهُمَّ إِنِّي أَعُوذُ بِكَ مِنَ الْبُخْلِ، وَأَعوذُ بِكَ مِنَ الْجُبْنِ، وَأَعُوذُ بِكَ مِنْ أَنْ أُرَدَّ إِلَى أَرْذَلِ الْعُمُرِ، وَأَعُوذُ بِكَ مِنْ فِتْنَةِ الدُّنْيَا وَعَذَابِ الْقَبْرِ».', '(আল্লা-হুম্মা ইন্নী আ‘উযু বিকা মিনাল বুখলি, ওয়া ‘আউযু বিকা মিনাল জুবনি, ওয়া আ‘উযু বিকা মিন আন উরাদ্দা ইলা আরযালিল্ ‘উমুরি, ওয়া আ‘ঊযু বিকা মিন্ ফিতনাতিদ দুনইয়া ও আযা-বিল ক্বাবরি)।', '“হে আল্লাহ ! আমি আপনার আশ্রয় চাই কৃপণতা থেকে, আপনার আশ্রয় চাই কাপুরুষতা থেকে, আপনার আশ্রয় চাই চরম বার্ধক্যে উপনীত হওয়া থেকে, আর আপনার আশ্রয় চাই দুনিয়ার ফিতনা ও কবরের আযাব থেকে।”[6]']"
61,24,Chapter: After the last tashahhud and before salam,الدعاء بعد التشهد الأخير وقبل السلام,24.0,সালামের আগে শেষ তাশাহহুদের পরের দো‘আ,Allāhumma innī as'aluka ‘l-jannah wa a`ūdhu bika minan-nār.,"O Allah, I ask You for Paradise, and I seek Your protection from the Fire.",আল্লা-হুম্মা ইন্নী আসআলুকাল জান্নাতা ওয়া আ‘উযু বিকা মিনান্নার,“হে আল্লাহ! আমি আপনার কাছে জান্নাত চাই এবং জাহান্নাম থেকে আপনার কাছে আশ্রয় চাই”।[7],اللّهُـمَّ إِنِّـي أَسْأَلُـكَ الجَـنَّةَ وأََعوذُ بِـكَ مِـنَ الـنّار,«اللَّهُمَّ إِنِّي أَسْأَلُكَ الْجَنَّةَ وَأَعُوذُ بِكَ مِنَ النَّارِ».,"Abu Dawud. See also Al-Albani, Sahih Ibn Majah 2/328.",,,,exact_match,1.0,"[""Allāhumma innī as'aluka ‘l-jannah wa a`ūdhu bika minan-nār."", 'O Allah, I ask You for Paradise, and I seek Your protection from the Fire.', 'Abu Dawud. See also Al-Albani, Sahih Ibn Majah 2/328.', 'اللّهُـمَّ إِنِّـي أَسْأَلُـكَ الجَـنَّةَ وأََعوذُ بِـكَ مِـنَ الـنّار']","['«اللَّهُمَّ إِنِّي أَسْأَلُكَ الْجَنَّةَ وَأَعُوذُ بِكَ مِنَ النَّارِ».', '(আল্লা-হুম্মা ইন্নী আসআলুকাল জান্নাতা ওয়া আ‘উযু বিকা মিনান্নার)।', '“হে আল্লাহ! আমি আপনার কাছে জান্নাত চাই এবং জাহান্নাম থেকে আপনার কাছে আশ্রয় চাই”।[7]']"
62,24,Chapter: After the last tashahhud and before salam,الدعاء بعد التشهد الأخير وقبل السلام,24.0,সালামের আগে শেষ তাশাহহুদের পরের দো‘আ,"Allāhumma bi `ilmika ‘l-ghayb, wa qudratika `ala ‘l-khalq, aḥyinī mā `alimta ‘l-ḥayāta khayran lī, wa tawaffanī idhā `alimta ‘l-wafāta khayran lī, Allāhumma innī as'aluka khash’yataka fil-ghaybi wash-shahādah, wa as'aluka kalimata ‘l-ḥaqqi fir-riḍā wa ‘l-ghaḍab, wa as'aluka ‘l-qaṣda fil-ghinā wa ‘l-faqr, wa as'aluka na`īman lā yanfad, wa as'aluka qurrata `aynin lā tanqati`, wa as'alukar-riḍā ba`dal-qaḍā', wa as'aluka barda ‘l-`ayshi ba`da ‘l-mawt, wa as'aluka ladh-dhatan-naẓari ilā wajhik, wash-shawqa ilā liqā'ik, fī ghayri ḍarrā'a muḍirrah, wa lā fitnatin muḍillah, Allāhumma zayyinnā bi zīnati ‘l-'īmān, waj`alnā hudātan muhtadīn.","O Allah, by Your Knowledge of the unseen and by Your Power over creation, let me live if You know that life is good for me, and let me die if You know that death is good for me. O Allah, I ask You to grant me fear of You in private and in public. I ask you for the word of truth in times of contentment and anger. I ask You for moderation in wealth and in poverty. I ask you for blessings never ceasing and the coolness of my eye (i.e. pleasure) that never ends. I ask You for pleasure after Your Judgment and I ask You for a life of coolness after death. I ask You for the delight of gazing upon Your Face, and the joy of meeting You, without any harm and misleading trials befalling me. O Allah, dress us with the beauty of Faith and make us guides who are upon (correct) guidance.","আল্লা-হুম্মা বি‘ইলমিকাল গাইবি ওয়া কুদরাতিকা ‘আলাল খালক্বি আহয়িনী মা আলিম্‌তাল হায়া-তা খাইরাল্ লী ওয়া তাওয়াফ্‌ফানী ইযা আলিম্‌তাল ওয়াফা-তা খাইরাল লী। আল্লা-হুম্মা ইন্নী আসআলুকা খাশইয়াতাকা ফিল গাইবি ওয়াশ-শাহাদাতি ওয়া আসআলুকা কালিমাতাল হাক্বক্বি ফির-রিদা ওয়াল-গাদাবি। ওয়া আসআলুকাল কাসদা ফিল গিনা ওয়াল ফাক্বরি, ওয়া আসআলুকা না‘ঈমান লা ইয়ানফাদু, ওয়া আসআলুকা ক্বুররতা আইনিন লা তানকাতি‘উ, ওয়া আস্আলুকার-রিদা বা‘দাল কাদায়ে, ওয়া আসআলুকা বারদাল ‘আইশি বা‘দাল মাওতি, ওয়া আসআলুকা লাযযাতান-নাযারি ইলা ওয়াজহিকা, ওয়াশ-শাওক্বা ইলা লিক্বাইকা, ফী গাইরি দাররাআ মুদিররাতিন ওয়ালা ফিতনাতিম মুদিল্লাহ। আল্লা-হুম্মা যাইইন্না বিযীনাতিল ঈমানি ওয়াজ‘আলনা হুদাতাম মুহতাদ্বীন","“হে আল্লাহ! আপনার গায়েবী জ্ঞান এবং সকল সৃষ্টির উপর আপনার সার্বভৌম ক্ষমতার অসিলায় (চাই), আমাকে আপনি জীবিত রাখুন সে-সময় পর্যন্ত, যে সময় পর্যন্ত জীবিত থাকা আপনার জ্ঞানে আমার জন্য কল্যাণকর; আর আমাকে মৃত্যু দিন যখন আপনি জানেন যে, মৃত্যু আমার জন্য কল্যাণকর। হে আল্লাহ! আমি আপনার নিকট চাই গোপনে ও প্রকাশ্যে আপনাকে ভয় করা; আপনার নিকট চাই সন্তুষ্টি ও ক্রোধ উভয় অবস্থায় সত্য কথা বলা; আপনার নিকট চাই দারিদ্র্যে ও প্রাচুর্যে ভারসাম্যপূর্ণ (মধ্যম) পন্থা। আপনার নিকট চাই এমন নে‘আমত, যা কখনো শেষ হবে না; আপনার নিকট চাই এমন নয়নাভিরাম বস্তু, যা কখনো বিচ্ছিন্ন হবে না। আর আমি আপনার নিকট চাই (তাকদীরের) ফয়সালার পর সন্তোষ; আমি আপনার নিকট চাই মৃত্যুর পর প্রশান্ত জীবন। আমি আপনার নিকট চাই আপনার চেহারার প্রতি দৃষ্টিপাতের স্বাদ, আপনার নিকট চাই আপনার সাথে সাক্ষাৎ লাভের ব্যাকুলতা; এমন যে, তাতে থাকবে না কোনো ক্ষতিকর কষ্ট কিংবা ভ্রষ্টকারী ফেতনা। হে আল্লাহ! আপনি আমাদেরকে ঈমানের সৌন্দর্যে সৌন্দর্যমণ্ডিত করুন এবং আমাদেরকে হেদায়াত-প্রাপ্ত পথপ্রদর্শক বানান”।[8]",اللّهُـمَّ بِعِلْـمِكَ الغَـيْبِ وَقُـدْرَتِـكَ عَلـى الْخَلقِ أَحْـيِني ما عَلِـمْتَ الحـياةَ خَـيْراً لـي، وَتَوَفَّـني إِذا عَلِـمْتَ الوَفـاةَ خَـيْراً لـي، اللّهُـمَّ إِنِّـي أَسْـأَلُـكَ خَشْيَتَـكَ في الغَـيْبِ وَالشَّهـادَةِ، وَأَسْـأَلُـكَ كَلِمَـةَ الحَـقِّ في الرِّضـا وَالغَضَـب، وَأَسْـأَلُـكَ القَصْدَ في الغِنـى وَالفَقْـر، أَسْـأَلُـكَ نَعـيماً لا يَنْفَـد، وَأَسْـأَلُـكَ قُـرَّةَ عَيْـنٍ لا تَنْـقَطِعْ وَأَسْـأَلُـكَ الرِّضـا بَعْـدَ القَضـاء، وَأَسْـأَلُـكَ بًـرْدَ الْعَـيْشِ بَعْـدَ الْمَـوْت، وَأَسْـأَلُـكَ لَـذَّةَ النَّظَـرِ إِلـى وَجْـهِكَ وَالشَّـوْقَ إِلـى لِقـائِـك، في غَـيرِ ضَـرّاءَ مُضِـرَّة، وَلا فِتْـنَةٍ مُضـلَّة، اللّهُـمَّ زَيِّـنّا بِزينَـةِ الإيـمان، وَاجْـعَلنا هُـداةً مُهْـتَدين,«اللَّهُمَّ بِعِلْمِكَ الغَيْبَ وَقُدْرَتِكَ عَلَى الْخَلقِ أَحْيِنِي مَا عَلِمْتَ الْحَيَاةَ خَيْراً لِي، وَتَوَفَّنِي إِذَا عَلِمْتَ الْوَفَاةَ خَيْراً لِي، اللَّهُمَّ إِنِّي أَسْأَلُكَ خَشْيَتَكَ فِي الْغَيْبِ وَالشَّهَادَةِ، وَأَسْأَلُكَ كَلِمَةَ الْحَقِّ فِي الرِّضَا وَالْغَضَبِ، وَأَسْأَلُكَ الْقَصْدَ فِي الْغِنَى وَالْفَقْرِ، وَأَسْأَلُكَ نَعِيماً لاَ يَنْفَدُ، وَأَسْأَلُكَ قُرَّةَ عَيْنٍ لاَ تَنْقَطِعُ، وَأَسْأَلُكَ الرِّضَا بَعْدَ الْقَضَاءِ، وَأَسْــــأَلُكَ بَرْدَ الْعَيْشِ بَعْدَ الْمَوْتِ، وَأَسْأَلُكَ لَذَّةَ النَّظَرِ إِلَى وَجْهِكَ، وَالشَّوْقَ إِلَى لِقائِكَ فِي غَيرِ ضَرَّاءَ مُضِرَّةٍ، وَلاَ فِتْنَةٍ مُضِلَّةٍ، اللَّهُمَّ زَيِّنَا بِزِينَةِ الإِيمَانِ، وَاجْعَلْنَا هُدَاةً مُهْتَدِينَ».,"An-Nasa'i 3/54, 55, Ahmad 4/364. See also Al-Albani, Sahih An-Nasa'i 1/281.",,,,near_exact,0.9988,"[""Allāhumma bi `ilmika ‘l-ghayb, wa qudratika `ala ‘l-khalq, aḥyinī mā `alimta ‘l-ḥayāta khayran lī, wa tawaffanī idhā `alimta ‘l-wafāta khayran lī, Allāhumma innī as'aluka khash’yataka fil-ghaybi wash-shahādah, wa as'aluka kalimata ‘l-ḥaqqi fir-riḍā wa ‘l-ghaḍab, wa as'aluka ‘l-qaṣda fil-ghinā wa ‘l-faqr, wa as'aluka na`īman lā yanfad, wa as'aluka qurrata `aynin lā tanqati`, wa as'alukar-riḍā ba`dal-qaḍā', wa as'aluka barda ‘l-`ayshi ba`da ‘l-mawt, wa as'aluka ladh-dhatan-naẓari ilā wajhik, wash-shawqa ilā liqā'ik, fī ghayri ḍarrā'a muḍirrah, wa lā fitnatin muḍillah, Allāhumma zayyinnā bi zīnati ‘l-'īmān, waj`alnā hudātan muhtadīn."", 'O Allah, by Your Knowledge of the unseen and by Your Power over creation, let me live if You know that life is good for me, and let me die if You know that death is good for me. O Allah, I ask You to grant me fear of You in private and in public. I ask you for the word of truth in times of contentment and anger. I ask You for moderation in wealth and in poverty. I ask you for blessings never ceasing and the coolness of my eye (i.e. pleasure) that never ends. I ask You for pleasure after Your Judgment and I ask You for a life of coolness after death. I ask You for the delight of gazing upon Your Face, and the joy of meeting You, without any harm and misleading trials befalling me. O Allah, dress us with the beauty of Faith and make us guides who are upon (correct) guidance.', ""An-Nasa'i 3/54, 55, Ahmad 4/364. See also Al-Albani, Sahih An-Nasa'i 1/281."", 'اللّهُـمَّ بِعِلْـمِكَ الغَـيْبِ وَقُـدْرَتِـكَ عَلـى الْخَلقِ أَحْـيِني ما عَلِـمْتَ الحـياةَ خَـيْراً لـي، وَتَوَفَّـني إِذا عَلِـمْتَ الوَفـاةَ خَـيْراً لـي، اللّهُـمَّ إِنِّـي أَسْـأَلُـكَ خَشْيَتَـكَ في الغَـيْبِ وَالشَّهـادَةِ، وَأَسْـأَلُـكَ كَلِمَـةَ الحَـقِّ في الرِّضـا وَالغَضَـب، وَأَسْـأَلُـكَ القَصْدَ في الغِنـى وَالفَقْـر، أَسْـأَلُـكَ نَعـيماً لا يَنْفَـد، وَأَسْـأَلُـكَ قُـرَّةَ عَيْـنٍ لا تَنْـقَطِعْ وَأَسْـأَلُـكَ الرِّضـا بَعْـدَ القَضـاء، وَأَسْـأَلُـكَ بًـرْدَ الْعَـيْشِ بَعْـدَ الْمَـوْت، وَأَسْـأَلُـكَ لَـذَّةَ النَّظَـرِ إِلـى وَجْـهِكَ وَالشَّـوْقَ إِلـى لِقـائِـك، في غَـيرِ ضَـرّاءَ مُضِـرَّة، وَلا فِتْـنَةٍ مُضـلَّة، اللّهُـمَّ زَيِّـنّا بِزينَـةِ الإيـمان، وَاجْـعَلنا هُـداةً مُهْـتَدين']","['«اللَّهُمَّ بِعِلْمِكَ الغَيْبَ وَقُدْرَتِكَ عَلَى الْخَلقِ أَحْيِنِي مَا عَلِمْتَ الْحَيَاةَ خَيْراً لِي، وَتَوَفَّنِي إِذَا عَلِمْتَ الْوَفَاةَ خَيْراً لِي، اللَّهُمَّ إِنِّي أَسْأَلُكَ خَشْيَتَكَ فِي الْغَيْبِ وَالشَّهَادَةِ، وَأَسْأَلُكَ كَلِمَةَ الْحَقِّ فِي الرِّضَا وَالْغَضَبِ، وَأَسْأَلُكَ الْقَصْدَ فِي الْغِنَى وَالْفَقْرِ، وَأَسْأَلُكَ نَعِيماً لاَ يَنْفَدُ، وَأَسْأَلُكَ قُرَّةَ عَيْنٍ لاَ تَنْقَطِعُ، وَأَسْأَلُكَ الرِّضَا بَعْدَ الْقَضَاءِ، وَأَسْــــأَلُكَ بَرْدَ الْعَيْشِ بَعْدَ الْمَوْتِ، وَأَسْأَلُكَ لَذَّةَ النَّظَرِ إِلَى وَجْهِكَ، وَالشَّوْقَ إِلَى لِقائِكَ فِي غَيرِ ضَرَّاءَ مُضِرَّةٍ، وَلاَ فِتْنَةٍ مُضِلَّةٍ، اللَّهُمَّ زَيِّنَا بِزِينَةِ الإِيمَانِ، وَاجْعَلْنَا هُدَاةً مُهْتَدِينَ».', '(আল্লা-হুম্মা বি‘ইলমিকাল গাইবি ওয়া কুদরাতিকা ‘আলাল খালক্বি আহয়িনী মা আলিম্\u200cতাল হায়া-তা খাইরাল্ লী ওয়া তাওয়াফ্\u200cফানী ইযা আলিম্\u200cতাল ওয়াফা-তা খাইরাল লী। আল্লা-হুম্মা ইন্নী আসআলুকা খাশইয়াতাকা ফিল গাইবি ওয়াশ-শাহাদাতি ওয়া আসআলুকা কালিমাতাল হাক্বক্বি ফির-রিদা ওয়াল-গাদাবি। ওয়া আসআলুকাল কাসদা ফিল গিনা ওয়াল ফাক্বরি, ওয়া আসআলুকা না‘ঈমান লা ইয়ানফাদু, ওয়া আসআলুকা ক্বুররতা আইনিন লা তানকাতি‘উ, ওয়া আস্আলুকার-রিদা বা‘দাল কাদায়ে, ওয়া আসআলুকা বারদাল ‘আইশি বা‘দাল মাওতি, ওয়া আসআলুকা লাযযাতান-নাযারি ইলা ওয়াজহিকা, ওয়াশ-শাওক্বা ইলা লিক্বাইকা, ফী গাইরি দাররাআ মুদিররাতিন ওয়ালা ফিতনাতিম মুদিল্লাহ। আল্লা-হুম্মা যাইইন্না বিযীনাতিল ঈমানি ওয়াজ‘আলনা হুদাতাম মুহতাদ্বীন)।', '“হে আল্লাহ! আপনার গায়েবী জ্ঞান এবং সকল সৃষ্টির উপর আপনার সার্বভৌম ক্ষমতার অসিলায় (চাই), আমাকে আপনি জীবিত রাখুন সে-সময় পর্যন্ত, যে সময় পর্যন্ত জীবিত থাকা আপনার জ্ঞানে আমার জন্য কল্যাণকর; আর আমাকে মৃত্যু দিন যখন আপনি জানেন যে, মৃত্যু আমার জন্য কল্যাণকর। হে আল্লাহ! আমি আপনার নিকট চাই গোপনে ও প্রকাশ্যে আপনাকে ভয় করা; আপনার নিকট চাই সন্তুষ্টি ও ক্রোধ উভয় অবস্থায় সত্য কথা বলা; আপনার নিকট চাই দারিদ্র্যে ও প্রাচুর্যে ভারসাম্যপূর্ণ (মধ্যম) পন্থা। আপনার নিকট চাই এমন নে‘আমত, যা কখনো শেষ হবে না; আপনার নিকট চাই এমন নয়নাভিরাম বস্তু, যা কখনো বিচ্ছিন্ন হবে না। আর আমি আপনার নিকট চাই (তাকদীরের) ফয়সালার পর সন্তোষ; আমি আপনার নিকট চাই মৃত্যুর পর প্রশান্ত জীবন। আমি আপনার নিকট চাই আপনার চেহারার প্রতি দৃষ্টিপাতের স্বাদ, আপনার নিকট চাই আপনার সাথে সাক্ষাৎ লাভের ব্যাকুলতা; এমন যে, তাতে থাকবে না কোনো ক্ষতিকর কষ্ট কিংবা ভ্রষ্টকারী ফেতনা। হে আল্লাহ! আপনি আমাদেরকে ঈমানের সৌন্দর্যে সৌন্দর্যমণ্ডিত করুন এবং আমাদেরকে হেদায়াত-প্রাপ্ত পথপ্রদর্শক বানান”।[8]']"
63,24,Chapter: After the last tashahhud and before salam,الدعاء بعد التشهد الأخير وقبل السلام,24.0,সালামের আগে শেষ তাশাহহুদের পরের দো‘আ,"Allāhumma innī as'aluka yā Allāh bi'annaka ‘l-Wāḥidu ‘l-Aḥaduṣ-ṣamad, alladhī lam yalid wa lam yūlad, wa lam yakun lahu kufuwan aḥad, an taghfir lī dhunūbī, innaka anta ‘l-Ghafūrur-Raḥīm.","O Allah, I ask You. O Allah, You are the One, the Only, Self-Sufficient Master, Who was not begotten and begets not, and none is equal to Him. Forgive me my sins, surely you are Forgiving, Merciful.","আল্লা-হুম্মা ইন্নী আসআলুকা ইয়া আল্লা-হু বিআন্নাকাল ওয়া-হিদুল আহাদুস্ সমাদুল্লাযী লাম ইয়ালিদ ওয়ালাম ইয়ূলাদ ওয়ালাম ইয়াকুল্লাহু কুফূওয়ান আহাদ, আন্ তাগফিরালী যুনূবী, ইন্নাকা আনতাল গাফূরুর রহীম","“হে আল্লাহ! আপনিই একক, অদ্বিতীয়, অমুখাপেক্ষী; যিনি জন্ম দেন নি, জন্ম নেনও নি; আর যার সমকক্ষ কেউ নেই। তাই হে আল্লাহ! আমি আপনার কাছে চাই, যেন আপনি আমার সকল গুনাহ্‌ ক্ষমা করে দেন; নিশ্চয় আপনি অতীব ক্ষমাশীল, পরম দয়ালু”।[9]",اللّهُـمَّ إِنِّـي أَسْأَلُـكَ يا اللهُ بِأَنَّـكَ الواحِـدُ الأَحَـد الصَّـمَدُ الَّـذي لَـمْ يَلِـدْ وَلَمْ يولَدْ، وَلَمْ يَكـنْ لَهُ كُـفُواً أَحَـد ، أَنْ تَغْـفِرْ لي ذُنـوبي إِنَّـكَ أَنْـتَ الغَفـورُ الرَّحِّـيم,«اللَّهُمَّ إِنِّي أَسْأَلُكَ يَا أَللَّهُ بِأَنَّكَ الْوَاحِدُ الْأَحَدُ الصَّمَدُ الَّذِي لَمْ يَلِدْ وَلَمْ يولَدْ، وَلَمْ يَكنْ لَهُ كُفُواً أَحَدٌ، أَنْ تَغْفِرَ لِي ذُنُوبِي إِنَّكَ أَنْتَ الْغَفُورُ الرَّحِّيمُ».,"An-Nasa'i 3/52, Ahmad 4/338. See also Al-Albani, Sahih An-Nasa'i 1/280 and Sifat Salatun-Nabi, pg. 204.",,,,exact_match,1.0,"[""Allāhumma innī as'aluka yā Allāh bi'annaka ‘l-Wāḥidu ‘l-Aḥaduṣ-ṣamad, alladhī lam yalid wa lam yūlad, wa lam yakun lahu kufuwan aḥad, an taghfir lī dhunūbī, innaka anta ‘l-Ghafūrur-Raḥīm."", 'O Allah, I ask You. O Allah, You are the One, the Only, Self-Sufficient Master, Who was not begotten and begets not, and none is equal to Him. Forgive me my sins, surely you are Forgiving, Merciful.', ""An-Nasa'i 3/52, Ahmad 4/338. See also Al-Albani, Sahih An-Nasa'i 1/280 and Sifat Salatun-Nabi, pg. 204."", 'اللّهُـمَّ إِنِّـي أَسْأَلُـكَ يا اللهُ بِأَنَّـكَ الواحِـدُ الأَحَـد الصَّـمَدُ الَّـذي لَـمْ يَلِـدْ وَلَمْ يولَدْ، وَلَمْ يَكـنْ لَهُ كُـفُواً أَحَـد ، أَنْ تَغْـفِرْ لي ذُنـوبي إِنَّـكَ أَنْـتَ الغَفـورُ الرَّحِّـيم']","['«اللَّهُمَّ إِنِّي أَسْأَلُكَ يَا أَللَّهُ بِأَنَّكَ الْوَاحِدُ الْأَحَدُ الصَّمَدُ الَّذِي لَمْ يَلِدْ وَلَمْ يولَدْ، وَلَمْ يَكنْ لَهُ كُفُواً أَحَدٌ، أَنْ تَغْفِرَ لِي ذُنُوبِي إِنَّكَ أَنْتَ الْغَفُورُ الرَّحِّيمُ».', '(আল্লা-হুম্মা ইন্নী আসআলুকা ইয়া আল্লা-হু বিআন্নাকাল ওয়া-হিদুল আহাদুস্ সমাদুল্লাযী লাম ইয়ালিদ ওয়ালাম ইয়ূলাদ ওয়ালাম ইয়াকুল্লাহু কুফূওয়ান আহাদ, আন্ তাগফিরালী যুনূবী, ইন্নাকা আনতাল গাফূরুর রহীম)।', '“হে আল্লাহ! আপনিই একক, অদ্বিতীয়, অমুখাপেক্ষী; যিনি জন্ম দেন নি, জন্ম নেনও নি; আর যার সমকক্ষ কেউ নেই। তাই হে আল্লাহ! আমি আপনার কাছে চাই, যেন আপনি আমার সকল গুনাহ্\u200c ক্ষমা করে দেন; নিশ্চয় আপনি অতীব ক্ষমাশীল, পরম দয়ালু”।[9]']"
64,24,Chapter: After the last tashahhud and before salam,الدعاء بعد التشهد الأخير وقبل السلام,24.0,সালামের আগে শেষ তাশাহহুদের পরের দো‘আ,"Allāhumma innī as'aluka bi'anna laka ‘l-ḥamd, lā ilāha illā ant, waḥdaka lā sharīka lak, al-Mannān, yā Badī`as-samāwāti wa ‘l-arḍ yā dha ‘l-Jalāli wa ‘l-'Ikrām, yā ḥayyu yā Qayyūm, innī as'aluka ‘l-jannah, wa a`ūdhu bika minan-nār.","O Allah, I ask You, as You are the Owner of praise, there is none worthy of worship but You alone, You have no partner. You are the Giver of all good. O Creator of the heavens and the earth, Owner of majesty and honor. O Living and Everlasting One, I ask you for Paradise, and I seek refuge in You from the fire.","আল্লা-হুম্মা ইন্নী আসআলুকা বিআন্না লাকাল হামদু লা ইলা-হা ইল্লা আনতা ওয়াহদাকা লা শারীকা লাকাল মান্না-নু, ইয়া বাদী‘আস্ সামা-ওয়া-তি ওয়াল-আরদী, ইয়া যালজালা-লি ওয়াল-ইকরা-ম। ইয়া হাইয়্যু ইয়া কাইয়্যূমু, ইন্নী আসআলুকাল্ জান্নাতা ওয়া আ‘ঊযু বিকা মিনান্না-র","“হে আল্লাহ! আমি আপনার কাছে চাই; কারণ, সকল প্রশংসা আপনার, কেবলমাত্র আপনি ছাড়া আর কোনো হক্ব ইলাহ নেই, আপনার কোনো শরীক নেই, সীমাহীন অনুগ্রহকারী; হে আসমানসমূহ ও যমীনের অভিনব স্রষ্টা! হে মহিমাময় ও মহানুভব! হে চিরঞ্জীব, হে চিরস্থায়ী-সর্বসত্তার ধারক! আমি আপনার কাছে জান্নাত চাই এবং জাহান্নাম থেকে আশ্রয় চাই।”[10]",اللّهُـمَّ إِنِّـي أَسْأَلُـكَ بِأَنَّ لَكَ الْحَـمْدُ لا إِلـهَ إِلاّ أَنْـتَ وَحْـدَكَ لا شَـريكَ لَـكَ المَنّـانُ يا بَديـعَ السَّمواتِ وَالأَرْضِ يا ذا الجَلالِ وَالإِكْـرام يا حَـيُّ يا قَـيّومُ إِنِّـي أَسْأَلُـكَ الجَـنَّةَ وَأَعـوذُ بِـكَ مِنَ الـنّار,«اللَّهُمَّ إِنِّي أَسْأَلُكَ بِأَنَّ لَكَ الْحَمْدَ لَا إِلَهَ إِلاَّ أَنْتَ وَحْدَكَ لاَ شَرِيكَ لَكَ، الْمَنَّانُ، يَا بَدِيعَ السَّمَوَاتِ وَالْأَرْضِ يَا ذَا الْجَلاَلِ وَالْإِكرَامِ، يَا حَيُّ يَا قَيُّومُ إِنِّي أَسْأَلُكَ الْجَنَّةَ وَأَعُوذُ بِكَ مِنَ النَّارِ».,"Abu Dawud, An-Nasa'i, Ibn Majah, At-Tirmidhi. See also Al-Albani, Sahih Ibn Majah 2/329.",,,,exact_match,1.0,"[""Allāhumma innī as'aluka bi'anna laka ‘l-ḥamd, lā ilāha illā ant, waḥdaka lā sharīka lak, al-Mannān, yā Badī`as-samāwāti wa ‘l-arḍ yā dha ‘l-Jalāli wa ‘l-'Ikrām, yā ḥayyu yā Qayyūm, innī as'aluka ‘l-jannah, wa a`ūdhu bika minan-nār."", 'O Allah, I ask You, as You are the Owner of praise, there is none worthy of worship but You alone, You have no partner. You are the Giver of all good. O Creator of the heavens and the earth, Owner of majesty and honor. O Living and Everlasting One, I ask you for Paradise, and I seek refuge in You from the fire.', ""Abu Dawud, An-Nasa'i, Ibn Majah, At-Tirmidhi. See also Al-Albani, Sahih Ibn Majah 2/329."", 'اللّهُـمَّ إِنِّـي أَسْأَلُـكَ بِأَنَّ لَكَ الْحَـمْدُ لا إِلـهَ إِلاّ أَنْـتَ وَحْـدَكَ لا شَـريكَ لَـكَ المَنّـانُ يا بَديـعَ السَّمواتِ وَالأَرْضِ يا ذا الجَلالِ وَالإِكْـرام يا حَـيُّ يا قَـيّومُ إِنِّـي أَسْأَلُـكَ الجَـنَّةَ وَأَعـوذُ بِـكَ مِنَ الـنّار']","['«اللَّهُمَّ إِنِّي أَسْأَلُكَ بِأَنَّ لَكَ الْحَمْدَ لَا إِلَهَ إِلاَّ أَنْتَ وَحْدَكَ لاَ شَرِيكَ لَكَ، الْمَنَّانُ، يَا بَدِيعَ السَّمَوَاتِ وَالْأَرْضِ يَا ذَا الْجَلاَلِ وَالْإِكرَامِ، يَا حَيُّ يَا قَيُّومُ إِنِّي أَسْأَلُكَ الْجَنَّةَ وَأَعُوذُ بِكَ مِنَ النَّارِ».', '(আল্লা-হুম্মা ইন্নী আসআলুকা বিআন্না লাকাল হামদু লা ইলা-হা ইল্লা আনতা ওয়াহদাকা লা শারীকা লাকাল মান্না-নু, ইয়া বাদী‘আস্ সামা-ওয়া-তি ওয়াল-আরদী, ইয়া যালজালা-লি ওয়াল-ইকরা-ম। ইয়া হাইয়্যু ইয়া কাইয়্যূমু, ইন্নী আসআলুকাল্ জান্নাতা ওয়া আ‘ঊযু বিকা মিনান্না-র)।', '“হে আল্লাহ! আমি আপনার কাছে চাই; কারণ, সকল প্রশংসা আপনার, কেবলমাত্র আপনি ছাড়া আর কোনো হক্ব ইলাহ নেই, আপনার কোনো শরীক নেই, সীমাহীন অনুগ্রহকারী; হে আসমানসমূহ ও যমীনের অভিনব স্রষ্টা! হে মহিমাময় ও মহানুভব! হে চিরঞ্জীব, হে চিরস্থায়ী-সর্বসত্তার ধারক! আমি আপনার কাছে জান্নাত চাই এবং জাহান্নাম থেকে আশ্রয় চাই।”[10]']"
65,24,Chapter: After the last tashahhud and before salam,الدعاء بعد التشهد الأخير وقبل السلام,24.0,সালামের আগে শেষ তাশাহহুদের পরের দো‘আ,"Allāhumma innī as'aluka bi'annī ash-hadu annaka ant-Allāh lā 'ilāha 'illā ant, Al-Aḥaduṣ-ṣamad alladhī lam yalid wa lam yūlad wa lam yakun lahu kufuwan aḥad.","O Allah, I ask You, by the fact that I bear witness that You are Allah. There is none worthy of worship but You, the Only God, Independent of creation, Who was not begotten and begets not, and none is equal to Him.",আল্লা-হুম্মা ইন্নী আসআলুকা বিআন্নী আশ্‌হাদু আন্নাকা আনতাল্লা-হু লা ইলা-হা ইল্লা আনতাল আহাদুস সামাদুল্লাযী লাম ইয়ালিদ ওয়া লাম ইয়ূলাদ ওয়া লাম ইয়াকুল্লাহু কুফুওয়ান আহাদ,"“হে আল্লাহ! আমি আপনার কাছে চাই। কেননা, আমি সাক্ষ্য দেই যে, নিশ্চয় আপনিই আল্লাহ, আপনি ছাড়া আর কোনো হক্ব ইলাহ নেই; আপনি একক সত্তা, অমুখাপেক্ষী—সকল কিছু আপনার মুখাপেক্ষী, যিনি কাউকে জন্ম দেন নি এবং জন্ম নেনও নি। আর যাঁর সমকক্ষ কেউ নেই”।[11]",اللّهُـمَّ إِنِّـي أَسْأَلُـكَ بِأَنَّـي أَشْـهَدُ أَنَّـكَ أنْـتَ اللهُ لا إِلـهَ إِلاّ أَنْـت الأَحَـدُ الصَّـمَدُ الَّـذي لَـمْ يَلِـدْ وَلَمْ يولَـدْ وَلَمْ يَكـنْ لَهُ كُـفُواً أَحَـد,«اللَّهُمَّ إِنِّي أَسْأَلُكَ بِأَنَّي أَشْهَدُ أَنَّكَ أَنْتَ اللَّهُ لاَ إِلَهَ إِلاَّ أَنْتَ الْأَحَدُ الصَّمَدُ الَّذِي لَمْ يَلِدْ وَلَمْ يُولَدْ وَلَمْ يَكُنْ لَهُ كُفُواً أَحَدٌ».,"Abu Dawud 2/62, Ibn Majah 2/1267, At-Tirmidhi 5/515, Ahmad 5/360. See also Al-Albani, Sahih Ibn Majah 2/329 and Sahih At-Tirmidhi 3/163.","[11] আবূ দাউদ ২/৬২, নং ১৪৯৩; তিরমিযী ৫/৫১৫, নং ৩৪৭৫; ইবন মাজাহ, ২/১২৬৭, নং ৩৮৫৭; নাসাঈ, নং ১৩০০, আর শব্দ তাঁরই; আহমাদ নং ১৮৯৭৪। আর শাইখ আলবানী সহীহ নাসাঈ ১/২৮০ তে একে সহীহ বলেছেন। তাছাড়া আরও দেখুন, সহীহ ইবন মাজাহ ২/৩২৯; সহীহ আত-তিরমিযী, ৩/১৬৩।",,,exact_match,1.0,"[""Allāhumma innī as'aluka bi'annī ash-hadu annaka ant-Allāh lā 'ilāha 'illā ant, Al-Aḥaduṣ-ṣamad alladhī lam yalid wa lam yūlad wa lam yakun lahu kufuwan aḥad."", 'O Allah, I ask You, by the fact that I bear witness that You are Allah. There is none worthy of worship but You, the Only God, Independent of creation, Who was not begotten and begets not, and none is equal to Him.', 'Abu Dawud 2/62, Ibn Majah 2/1267, At-Tirmidhi 5/515, Ahmad 5/360. See also Al-Albani, Sahih Ibn Majah 2/329 and Sahih At-Tirmidhi 3/163.', 'اللّهُـمَّ إِنِّـي أَسْأَلُـكَ بِأَنَّـي أَشْـهَدُ أَنَّـكَ أنْـتَ اللهُ لا إِلـهَ إِلاّ أَنْـت الأَحَـدُ الصَّـمَدُ الَّـذي لَـمْ يَلِـدْ وَلَمْ يولَـدْ وَلَمْ يَكـنْ لَهُ كُـفُواً أَحَـد']","['«اللَّهُمَّ إِنِّي أَسْأَلُكَ بِأَنَّي أَشْهَدُ أَنَّكَ أَنْتَ اللَّهُ لاَ إِلَهَ إِلاَّ أَنْتَ الْأَحَدُ الصَّمَدُ الَّذِي لَمْ يَلِدْ وَلَمْ يُولَدْ وَلَمْ يَكُنْ لَهُ كُفُواً أَحَدٌ».', '(আল্লা-হুম্মা ইন্নী আসআলুকা বিআন্নী আশ্\u200cহাদু আন্নাকা আনতাল্লা-হু লা ইলা-হা ইল্লা আনতাল আহাদুস সামাদুল্লাযী লাম ইয়ালিদ ওয়া লাম ইয়ূলাদ ওয়া লাম ইয়াকুল্লাহু কুফুওয়ান আহাদ)।', '“হে আল্লাহ! আমি আপনার কাছে চাই। কেননা, আমি সাক্ষ্য দেই যে, নিশ্চয় আপনিই আল্লাহ, আপনি ছাড়া আর কোনো হক্ব ইলাহ নেই; আপনি একক সত্তা, অমুখাপেক্ষী—সকল কিছু আপনার মুখাপেক্ষী, যিনি কাউকে জন্ম দেন নি এবং জন্ম নেনও নি। আর যাঁর সমকক্ষ কেউ নেই”।[11]', '[1] বুখারী ২/১০২, নং ১৩৭৭; মুসলিম ১/৪১২, নং ৫৮৮। আর শব্দ মুসলিমের।', '[2] বুখারী ১/২০২, নং ৮৩২; মুসলিম ১/৪১২, নং ৫৮৭।', '[3] বুখারী ৮/১৬৮, নং ৮৩৪; মুসলিম ৪/২০৭৮, নং ২৭০৫।', '[4] মুসলিম ১/৫৩৪, নং ৭৭১।', '[5] আবূ দাউদ ২/৮৬, নং ১৫২২; নাসাঈ ৩/৫৩, নং ২৩০২। আর শাইখ আলবানী সহীহ আবি দাঊদ ১/২৮৪ এটাকে সহীহ বলেছেন।', '[6] বুখারি, (ফাতহুল বারীসহ) ৬/৩৫, নং ২৮২২ ও নং ৬৩৯০।', '[7] আবূ দাউদ, নং ৭৯২; ইবন মাজাহ্\u200c নং ৯১০। আরও দেখুন, সহীহ ইবন মাজাহ, ২/৩২৮।', '[8] নাসাঈ ৩/৫৪, ৫৫, নং ১৩০৪; আহমাদ ৪/৩৬৪, নং ২১৬৬৬। আর শাইখ আলবানী সহীহুন নাসাঈ ১/২৮১ তে একে সহীহ বলেছেন।', '[9] নাসাঈ ৩/৫২, নং ১৩০০; শব্দ তাঁরই, আহমাদ ৪/৩৩৮, নং ১৮৯৭। আর আলবানী সহীহুন নাসাঈ ১/২৮০ তে একে সহীহ বলেছেন।', '[10] হাদীসটি সুনানগ্রন্থকারগণ সকলে সংকলন করেছেন। আবূ দাউদ, নং ১৪৯৫; তিরমিযী, নং ৩৫৪৪; ইবন মাজাহ, নং ৩৮৫৮; নাসাঈ, নং ১২৯৯। আরও দেখুন, সহীহ ইবন মাজাহ, ২/৩২৯।', '[11] আবূ দাউদ ২/৬২, নং ১৪৯৩; তিরমিযী ৫/৫১৫, নং ৩৪৭৫; ইবন মাজাহ, ২/১২৬৭, নং ৩৮৫৭; নাসাঈ, নং ১৩০০, আর শব্দ তাঁরই; আহমাদ নং ১৮৯৭৪। আর শাইখ আলবানী সহীহ নাসাঈ ১/২৮০ তে একে সহীহ বলেছেন। তাছাড়া আরও দেখুন, সহীহ ইবন মাজাহ ২/৩২৯; সহীহ আত-তিরমিযী, ৩/১৬৩।']"
66,25,Chapter: After salam,الأذكار بعد السلام من الصلاة,25.0,সালাম ফিরানোর পর যিকরসমূহ,Astaghfirullāh,"I seek the forgiveness of Allah (three times). O Allah, You are Peace and from You comes peace. Blessed are You, O Owner of majesty and honor.",আস্তাগফিরুল্লা-হ) (আল্লা-হুম্মা আনতাস্ সালা-মু ওয়া মিনকাস্ সালা-মু তাবা-রক্তা ইয়া যালজালা-লি ওয়াল-ইকরা-ম,“আমি আল্লাহ্‌র নিকট ক্ষমা প্রার্থনা করছি।”,أَسْـتَغْفِرُ الله (ثَلاثاً) اللّهُـمَّ أَنْـتَ السَّلامُ وَمِـنْكَ السَّلام تَبارَكْتَ يا ذا الجَـلالِ وَالإِكْـرام,«أَسْتَغْفِرُ اللَّهَ» (তিনবার) «اللَّهُمَّ أَنْتَ السَّلاَمُ، وَمِنْكَ السَّلاَمُ، تَبَارَكْتَ يَا ذَا الْجَلاَلِ وَالْإِكْرَامِ».,Muslim 1/414.,,,"“হে আল্লাহ! আপনি শান্তিময়। আপনার নিকট থেকেই শান্তি বর্ষিত হয়। আপনি বরকতময়, হে মহিমাময় ও সম্মানের অধিকারী!”[1]",close_match,0.9272,"['Astaghfirullāh', 'I seek the forgiveness of Allah (three times). O Allah, You are Peace and from You comes peace. Blessed are You, O Owner of majesty and honor.', 'Muslim 1/414.', 'أَسْـتَغْفِرُ الله (ثَلاثاً) اللّهُـمَّ أَنْـتَ السَّلامُ وَمِـنْكَ السَّلام تَبارَكْتَ يا ذا الجَـلالِ وَالإِكْـرام']","['«أَسْتَغْفِرُ اللَّهَ» (তিনবার)', '(আস্তাগফিরুল্লা-হ) (তিনবার)', '“আমি আল্লাহ্\u200cর নিকট ক্ষমা প্রার্থনা করছি।”', '«اللَّهُمَّ أَنْتَ السَّلاَمُ، وَمِنْكَ السَّلاَمُ، تَبَارَكْتَ يَا ذَا الْجَلاَلِ وَالْإِكْرَامِ».', '(আল্লা-হুম্মা আনতাস্ সালা-মু ওয়া মিনকাস্ সালা-মু তাবা-রক্তা ইয়া যালজালা-লি ওয়াল-ইকরা-ম)।', '“হে আল্লাহ! আপনি শান্তিময়। আপনার নিকট থেকেই শান্তি বর্ষিত হয়। আপনি বরকতময়, হে মহিমাময় ও সম্মানের অধিকারী!”[1]']"
67,25,Chapter: After salam,الأذكار بعد السلام من الصلاة,25.0,সালাম ফিরানোর পর যিকরসমূহ,"Lā 'ilāha 'illallāh, waḥdahu lā sharīka lah, lahu ‘l-mulku wa lahu ‘l-ḥamd, wa huwa `alā kulli shay'in qadīr, Allāhumma lā māni`a limā 'a`tayt, wa lā mu`tiya limā mana`t, wa lā yanfa`u dhal-jaddi minkal-jadd.","None has the right to be worshipped but Allah alone, He has no partner, His is the dominion and His is the praise, and He is Able to do all things. O Allah, there is none who can withhold what You give, and none may give what You have withheld, and the might of the mighty person cannot benefit him against You.",,"(লা ইলা-হা ইল্লাল্লা-হু ওয়াহদাহু লা শারীকা লাহু, লাহুল মূলকু ওয়া লাহুল হামদু, ওয়া হুয়া আলা কুল্লি শাই’ইন ক্বাদীর। [তিন বার]",لا إلهَ إلاّ اللّهُ وحدَهُ لا شريكَ لهُ لهُ المُـلْكُ ولهُ الحَمْد وهوَ على كلّ شَيءٍ قَدير اللّهُـمَّ لا مانِعَ لِما أَعْطَـيْت وَلا مُعْطِـيَ لِما مَنَـعْت وَلا يَنْفَـعُ ذا الجَـدِّ مِنْـكَ الجَـد,«لاَ إِلَهَ إِلاَّ اللَّهُ وَحْدَهُ لاَ شَرِيكَ لَهُ، لَهُ الْمُلْكُ وَلَهُ الْحَمْدُ وَهُوَ عَلَى كُلِّ شَيْءٍ قَدِيرٌ [তিনবার]، اللَّهُمَّ لاَ مَانِعَ لِمَا أَعْطَيْتَ، وَلاَ مُعْطِيَ لِمَا مَنَعْتَ، وَلاَ يَنْفَعُ ذَا الْجَدِّ مِنْكَ الجَدُّ».,"Al-Bukhari 1/255, Muslim 1/414.",,,"আল্লা-হুম্মা লা মানি‘আ লিমা আ‘তাইতা, ওয়ালা মু‘তিয়া লিমা মানা‘তা, ওয়ালা ইয়ানফা‘উ যালজাদ্দি মিনকাল জাদ্দু)। “একমাত্র আল্লাহ ছাড়া কোনো হক্ব ইলাহ নেই, তাঁর কোনো শরীক নেই, রাজত্ব তাঁরই, সমস্ত প্রশংসাও তাঁর, আর তিনি সকল কিছুর উপর ক্ষমতাবান।” (তিনবার) হে আল্লাহ, আপনি যা প্রদান করেছেন তা বন্ধ করার কেউ নেই, আর আপনি যা রুদ্ধ করেছেন তা প্রদান করার কেউ নেই। আর কোনো ক্ষমতা-প্রতিপত্তির অধিকারীর ক্ষমতা ও প্রতিপত্তি আপনার কাছে কোনো উপকারে আসবে না।”[2]",close_match,0.9753,"[""Lā 'ilāha 'illallāh, waḥdahu lā sharīka lah, lahu ‘l-mulku wa lahu ‘l-ḥamd, wa huwa `alā kulli shay'in qadīr, Allāhumma lā māni`a limā 'a`tayt, wa lā mu`tiya limā mana`t, wa lā yanfa`u dhal-jaddi minkal-jadd."", 'None has the right to be worshipped but Allah alone, He has no partner, His is the dominion and His is the praise, and He is Able to do all things. O Allah, there is none who can withhold what You give, and none may give what You have withheld, and the might of the mighty person cannot benefit him against You.', 'Al-Bukhari 1/255, Muslim 1/414.', 'لا إلهَ إلاّ اللّهُ وحدَهُ لا شريكَ لهُ لهُ المُـلْكُ ولهُ الحَمْد وهوَ على كلّ شَيءٍ قَدير اللّهُـمَّ لا مانِعَ لِما أَعْطَـيْت وَلا مُعْطِـيَ لِما مَنَـعْت وَلا يَنْفَـعُ ذا الجَـدِّ مِنْـكَ الجَـد']","['«لاَ إِلَهَ إِلاَّ اللَّهُ وَحْدَهُ لاَ شَرِيكَ لَهُ، لَهُ الْمُلْكُ وَلَهُ الْحَمْدُ وَهُوَ عَلَى كُلِّ شَيْءٍ قَدِيرٌ [তিনবার]،', 'اللَّهُمَّ لاَ مَانِعَ لِمَا أَعْطَيْتَ، وَلاَ مُعْطِيَ لِمَا مَنَعْتَ، وَلاَ يَنْفَعُ ذَا الْجَدِّ مِنْكَ الجَدُّ».', '(লা ইলা-হা ইল্লাল্লা-হু ওয়াহদাহু লা শারীকা লাহু, লাহুল মূলকু ওয়া লাহুল হামদু, ওয়া হুয়া আলা কুল্লি শাই’ইন ক্বাদীর। [তিন বার]', 'আল্লা-হুম্মা লা মানি‘আ লিমা আ‘তাইতা, ওয়ালা মু‘তিয়া লিমা মানা‘তা, ওয়ালা ইয়ানফা‘উ যালজাদ্দি মিনকাল জাদ্দু)।', '“একমাত্র আল্লাহ ছাড়া কোনো হক্ব ইলাহ নেই, তাঁর কোনো শরীক নেই, রাজত্ব তাঁরই, সমস্ত প্রশংসাও তাঁর, আর তিনি সকল কিছুর উপর ক্ষমতাবান।” (তিনবার)', 'হে আল্লাহ, আপনি যা প্রদান করেছেন তা বন্ধ করার কেউ নেই, আর আপনি যা রুদ্ধ করেছেন তা প্রদান করার কেউ নেই। আর কোনো ক্ষমতা-প্রতিপত্তির অধিকারীর ক্ষমতা ও প্রতিপত্তি আপনার কাছে কোনো উপকারে আসবে না।”[2]']"
68,25,Chapter: After salam,الأذكار بعد السلام من الصلاة,25.0,সালাম ফিরানোর পর যিকরসমূহ,"Lā 'ilāha 'illallāh, waḥdahu lā sharīka lah, lahul-mulku, wa lahul-ḥamd, wa huwa `alā kulli shay'in qadīr. Lā ḥawla wa lā quwwata 'illā billāh, lā 'ilāha 'illallāh, wa lā na`budu 'illā 'iyyāh, lahun-ni`matu wa lahul-faḍl, wa lahuth-thanā'ul-ḥasan, lā 'ilāha 'illallāh, mukhliṣīna lahud-dīn, wa law karihal-kāfirūn.","None has the right to be worshipped but Allah alone, He has no partner, His is the dominion and His is the praise and He is Able to do all things. There is no power and no might except by Allah. None has the right to be worshipped but Allah, and we do not worship any other besides Him. His is grace, and His is bounty, and to Him belongs the most excellent praise. None has the right to be worshipped but Allah. (We are) sincere in making our religious devotion to Him, even though the disbelievers may dislike it.","লা ইলা-হা ইল্লাল্লা-হু ওয়াহ্দাহু লা শারীকা লাহু, লাহুল মুলকু ওয়া লাহুল হামদু, ওয়া হুয়া ‘আলা কুল্লি শাই’ইন ক্বাদীর। লা হাওলা ওয়ালা কুওয়াতা ইল্লা বিল্লাহি। লা ইলাহা ইল্লাল্লাহু, ওয়ালা না‘বুদু ইল্লা ইয়্যাহু। লাহুন নি‘মাতু ওয়া লাহুল ফাদলু, ওয়া লাহুসসানাউল হাসান। লা ইলাহা ইল্লাল্লাহু মুখলিসীনা লাহুদ-দ্বীন ওয়া লাও কারিহাল কাফিরূন","“একমাত্র আল্লাহ ছাড়া কোনো হক্ব ইলাহ নেই, তাঁর কোনো শরীক নেই, রাজত্ব তাঁরই, সমস্ত প্রশংসাও তাঁর, আর তিনি সকল কিছুর উপর ক্ষমতাবান। আল্লাহর সাহায্য ছাড়া (পাপ কাজ থেকে দূরে থাকার) কোনো উপায় এবং (সৎকাজ করার) কোনো শক্তি নেই। আল্লাহ ছাড়া কোনো হক্ব ইলাহ নেই, আমরা কেবল তাঁরই ইবাদত করি, নেয়ামতসমূহ তাঁরই, যাবতীয় অনুগ্রহও তাঁর এবং উত্তম প্রশংসা তাঁরই। আল্লাহ ছাড়া কোনো হক্ব ইলাহ নেই, আমরা তাঁর দেয়া দ্বীনকে একনিষ্ঠভাবে মান্য করি, যদিও কাফেররা তা অপছন্দ করে”।[3]",لا إلهَ إلاّ اللّه وحدَهُ لا شريكَ لهُ لهُ الملكُ ولهُ الحَمد وهوَ على كلّ شيءٍ قدير لا حَـوْلَ وَلا قـوَّةَ إِلاّ بِاللهِ لا إلهَ إلاّ اللّـه وَلا نَعْـبُـدُ إِلاّ إيّـاه لَهُ النِّعْـمَةُ وَلَهُ الفَضْل وَلَهُ الثَّـناءُ الحَـسَن لا إلهَ إلاّ اللّهُ مخْلِصـينَ لَـهُ الدِّينَ وَلَوْ كَـرِهَ الكـافِرون,"«لَا إِلَهَ إِلاَّ اللَّهُ وَحْدَهُ لاَ شَرِيكَ لَهُ، لَهُ الْمُلْكُ، وَلَهُ الْحَمدُ، وَهُوَ عَلَى كُلِّ شَيْءٍ قَدِيرٌ. لاَ حَوْلَ وَلاَ قُوَّةَ إِلاَّ بِاللَّهِ، لاَ إِلَهَ إِلاَّ اللَّهُ، وَلاَ نَعْبُدُ إِلاَّ إِيَّاهُ, لَهُ النِّعْمَةُ وَلَهُ الْفَضْلُ وَلَهُ الثَّنَاءُ الْحَسَنُ، لَا إِلَهَ إِلاَّ اللَّهُ مُخْلِصِينَ لَهُ الدِّينَ وَلَوْ كَرِهَ الكَافِرُونَ».",Muslim 1/415.,,,,exact_match,1.0,"[""Lā 'ilāha 'illallāh, waḥdahu lā sharīka lah, lahul-mulku, wa lahul-ḥamd, wa huwa `alā kulli shay'in qadīr. Lā ḥawla wa lā quwwata 'illā billāh, lā 'ilāha 'illallāh, wa lā na`budu 'illā 'iyyāh, lahun-ni`matu wa lahul-faḍl, wa lahuth-thanā'ul-ḥasan, lā 'ilāha 'illallāh, mukhliṣīna lahud-dīn, wa law karihal-kāfirūn."", 'None has the right to be worshipped but Allah alone, He has no partner, His is the dominion and His is the praise and He is Able to do all things. There is no power and no might except by Allah. None has the right to be worshipped but Allah, and we do not worship any other besides Him. His is grace, and His is bounty, and to Him belongs the most excellent praise. None has the right to be worshipped but Allah. (We are) sincere in making our religious devotion to Him, even though the disbelievers may dislike it.', 'Muslim 1/415.', 'لا إلهَ إلاّ اللّه وحدَهُ لا شريكَ لهُ لهُ الملكُ ولهُ الحَمد وهوَ على كلّ شيءٍ قدير لا حَـوْلَ وَلا قـوَّةَ إِلاّ بِاللهِ لا إلهَ إلاّ اللّـه وَلا نَعْـبُـدُ إِلاّ إيّـاه لَهُ النِّعْـمَةُ وَلَهُ الفَضْل وَلَهُ الثَّـناءُ الحَـسَن لا إلهَ إلاّ اللّهُ مخْلِصـينَ لَـهُ الدِّينَ وَلَوْ كَـرِهَ الكـافِرون']","['«لَا إِلَهَ إِلاَّ اللَّهُ وَحْدَهُ لاَ شَرِيكَ لَهُ، لَهُ الْمُلْكُ، وَلَهُ الْحَمدُ، وَهُوَ عَلَى كُلِّ شَيْءٍ قَدِيرٌ. لاَ حَوْلَ وَلاَ قُوَّةَ إِلاَّ بِاللَّهِ، لاَ إِلَهَ إِلاَّ اللَّهُ، وَلاَ نَعْبُدُ إِلاَّ إِيَّاهُ, لَهُ النِّعْمَةُ وَلَهُ الْفَضْلُ وَلَهُ الثَّنَاءُ الْحَسَنُ، لَا إِلَهَ إِلاَّ اللَّهُ مُخْلِصِينَ لَهُ الدِّينَ وَلَوْ كَرِهَ الكَافِرُونَ».', '(লা ইলা-হা ইল্লাল্লা-হু ওয়াহ্দাহু লা শারীকা লাহু, লাহুল মুলকু ওয়া লাহুল হামদু, ওয়া হুয়া ‘আলা কুল্লি শাই’ইন ক্বাদীর। লা হাওলা ওয়ালা কুওয়াতা ইল্লা বিল্লাহি। লা ইলাহা ইল্লাল্লাহু, ওয়ালা না‘বুদু ইল্লা ইয়্যাহু। লাহুন নি‘মাতু ওয়া লাহুল ফাদলু, ওয়া লাহুসসানাউল হাসান। লা ইলাহা ইল্লাল্লাহু মুখলিসীনা লাহুদ-দ্বীন ওয়া লাও কারিহাল কাফিরূন)।', '“একমাত্র আল্লাহ ছাড়া কোনো হক্ব ইলাহ নেই, তাঁর কোনো শরীক নেই, রাজত্ব তাঁরই, সমস্ত প্রশংসাও তাঁর, আর তিনি সকল কিছুর উপর ক্ষমতাবান। আল্লাহর সাহায্য ছাড়া (পাপ কাজ থেকে দূরে থাকার) কোনো উপায় এবং (সৎকাজ করার) কোনো শক্তি নেই। আল্লাহ ছাড়া কোনো হক্ব ইলাহ নেই, আমরা কেবল তাঁরই ইবাদত করি, নেয়ামতসমূহ তাঁরই, যাবতীয় অনুগ্রহও তাঁর এবং উত্তম প্রশংসা তাঁরই। আল্লাহ ছাড়া কোনো হক্ব ইলাহ নেই, আমরা তাঁর দেয়া দ্বীনকে একনিষ্ঠভাবে মান্য করি, যদিও কাফেররা তা অপছন্দ করে”।[3]']"
69,25,Chapter: After salam,الأذكار بعد السلام من الصلاة,25.0,সালাম ফিরানোর পর যিকরসমূহ,"Subḥānallāh, walḥamdu lillāh, wallāhu 'akbar,","Glory is to Allah, and praise is to Allah, and Allah is the Most Great. (each said thirty-three times) None has the right to be worshiped but Allah alone, He has no partner, His is the dominion and His is the praise and He is Able to do all things.","সুবহা-নাল্লাহ, আলহামদুলিল্লাহ, আল্লা-হু আকবার) (লা ইলা-হা ইল্লাল্লাহু ওয়াহদাহু লা শারীকা লাহু, লাহুল মুলকু ওয়ালাহুল হামদু ওয়াহুয়া ‘আলা কুল্লি শাই’ইন কাদীর",“আল্লাহ কতই না পবিত্র-মহান। সকল প্রশংসা আল্লাহ্‌র জন্য। আল্লাহ সবচেয়ে বড়।” (৩৩ বার),سُـبْحانَ اللهِ والحَمْـدُ لله واللهُ أكْـبَر (ثلاثاً وثلاثين) لا إلهَ إلاّ اللّهُ وَحْـدَهُ لا شريكَ لهُ لهُ الملكُ ولهُ الحَمْد وهُوَ على كُلّ شَيءٍ قَـدير,«سُبْحَانَ اللَّهِ، وَالْحَمْدُ لِلَّهِ، وَاللَّهُ أَكْبَرُ» (৩৩ বার) « لاَ إِلَهَ إِلاَّ اللَّهُ وَحْدَهُ لاَ شَرِيكَ لَهُ، لَهُ الْمُلْكُ وَلَهُ الْحَمْدُ وَهُوَ عَلَى كُلِّ شَيْءٍ قَدِيرٌ».,"Muslim 1/418, Whoever says this after every prayer will be forgiven his sins even though they be as the foam of the sea.",,,"“একমাত্র আল্লাহ ছাড়া কোনো হক্ব ইলাহ নেই, তাঁর কোনো শরীক নেই, রাজত্ব তাঁরই, সকল প্রশংসা তাঁরই এবং তিনি সবকিছুর উপর ক্ষমতাবান।”[4]",close_match,0.9251,"[""Subḥānallāh, walḥamdu lillāh, wallāhu 'akbar,"", 'Glory is to Allah, and praise is to Allah, and Allah is the Most Great. (each said thirty-three times) None has the right to be worshiped but Allah alone, He has no partner, His is the dominion and His is the praise and He is Able to do all things.', 'Muslim 1/418, Whoever says this after every prayer will be forgiven his sins even though they be as the foam of the sea.', 'سُـبْحانَ اللهِ والحَمْـدُ لله واللهُ أكْـبَر (ثلاثاً وثلاثين) لا إلهَ إلاّ اللّهُ وَحْـدَهُ لا شريكَ لهُ لهُ الملكُ ولهُ الحَمْد وهُوَ على كُلّ شَيءٍ قَـدير']","['«سُبْحَانَ اللَّهِ، وَالْحَمْدُ لِلَّهِ، وَاللَّهُ أَكْبَرُ» (৩৩ বার)', '« لاَ إِلَهَ إِلاَّ اللَّهُ وَحْدَهُ لاَ شَرِيكَ لَهُ، لَهُ الْمُلْكُ وَلَهُ الْحَمْدُ وَهُوَ عَلَى كُلِّ شَيْءٍ قَدِيرٌ».', '(সুবহা-নাল্লাহ, আলহামদুলিল্লাহ, আল্লা-হু আকবার) (৩৩বার)', '(লা ইলা-হা ইল্লাল্লাহু ওয়াহদাহু লা শারীকা লাহু, লাহুল মুলকু ওয়ালাহুল হামদু ওয়াহুয়া ‘আলা কুল্লি শাই’ইন কাদীর)।', '“আল্লাহ কতই না পবিত্র-মহান। সকল প্রশংসা আল্লাহ্\u200cর জন্য। আল্লাহ সবচেয়ে বড়।” (৩৩ বার)', '“একমাত্র আল্লাহ ছাড়া কোনো হক্ব ইলাহ নেই, তাঁর কোনো শরীক নেই, রাজত্ব তাঁরই, সকল প্রশংসা তাঁরই এবং তিনি সবকিছুর উপর ক্ষমতাবান।”[4]']"
70,25,Chapter: After salam,الأذكار بعد السلام من الصلاة,25.0,সালাম ফিরানোর পর যিকরসমূহ,Bismillāhir-Raḥmānir-Raḥīm. Qul huwallāhu aḥad. Allāhuṣ-ṣamad. Lam yalid wa lam yūlad. Wa lam yakun lahu kufuwan aḥad. Bismillāhir-Raḥmānir-Raḥīm. Qul a`ūdhu birabbil-falaq. Min sharri mā khalaq. Wa min sharri ghāsiqin idhā waqab. Wa min sharrin-naffāthāti fil-`uqad. Wa min sharri ḥāsidin idhā ḥasad. Bismillāhir-Raḥmānir-Raḥīm. Qul a`ūdhu birabbin-nās. Malikin-nās. 'Ilāhin-nās. Min sharri ‘l-waswāsil-khannās. Alladhī yuwaswisu fī ṣudūrin-nās. Minal-jinnati wannās.,"With the Name of Allah, the Most Gracious, the Most Merciful. Say:",,"প্রত্যেক সালাতের পর একবার, সূরা ইখলাস, সূরা আল-ফালাক ও সূরা আন-নাস:",بِسْمِ اللَّهِ الرَّحْمَنِ الرَّحِيمِ {قُلْ هُوَ اللَّهُ أَحَدٌ* اللَّهُ الصَّمَدُ* لَمْ يَلِدْ وَلَمْ يُولَدْ* وَلَمْ يَكُن لَّهُ كُفُواً أَحَدٌ} بِسْمِ اللَّهِ الرَّحْمَنِ الرَّحِيمِ {قُلْ أَعُوذُ بِرَبِّ الْفَلَقِ* مِن شَرِّ مَا خَلَقَ* وَمِن شَرِّ غَاسِقٍ إِذَا وَقَبَ* وَمِن شَرِّ النَّفَّاثَاتِ فِي الْعُقَدِ* وَمِن شَرِّ حَاسِدٍ إِذَا حَسَدَ} بِسْمِ اللَّهِ الرَّحْمَنِ الرَّحِيمِ {قُلْ أَعُوذُ بِرَبِّ النَّاسِ* مَلِكِ النَّاسِ* إِلَهِ النَّاسِ* مِن شَرِّ الْوَسْوَاسِ الْخَنَّاسِ* الَّذِي يُوَسْوِسُ فِي صُدُورِ النَّاسِ* مِنَ الْجِنَّةِ وَالنَّاسِ} بَعْدَ كُلِّ صَلاَةٍ.,بِسْمِ اللّٰهِ الرَّحْمٰنِ الرَّحِيْمِ ۝ ﴿قُلْ هُوَ اللّٰهُ اَحَدٌ ۝ۚ اَللّٰهُ الصَّمَدُ لَمْ يَلِدْ ڏ وَلَمْ يُوْلَدْ ۝ وَلَمْ يَكُنْ لَّهٗ كُفُوًا اَحَدٌ ۝ۧ﴾، بِسْمِ اللّٰهِ الرَّحْمٰنِ الرَّحِيْمِ ۝ ﴿قُلْ اَعُوْذُ بِرَبِّ الْفَلَقِ ۝ مِنْ شَرِّ مَا خَلَقَ ۝ وَمِنْ شَرِّ غَاسِقٍ اِذَا وَقَبَ ۝ وَمِنْ شَرِّ النَّفّٰثٰتِ فِي الْعُقَدِ ۝ وَمِنْ شَرِّ حَاسِدٍ اِذَا حَسَدَ ۝﴾، بِسْمِ اللّٰهِ الرَّحْمٰنِ الرَّحِيْمِ ۝ ﴿قُلْ اَعُوْذُ بِرَبِّ النَّاسِ ۝ مَلِكِ النَّاسِ ۝ اِلٰهِ النَّاسِ ۝ مِنْ شَرِّ الْوَسْوَاسِ ڏ الْخَنَّاسِ ۝ الَّذِيْ يُوَسْوِسُ فِيْ صُدُوْرِ النَّاسِ ۝ مِنَ الْجِنَّةِ وَالنَّاسِ ۝ۧ﴾,"Abu Dawud 2/86, An-Nasa'i 3/68. See also Al-Albani, Sahih At-Tirmidhi 2/8.",,,"বিসমিল্লাহির রাহমানির রাহীম (ক্বুল হুওয়াল্লা-হু আহাদ। আল্লাহুস্ সামাদ। লাম ইয়ালিদ ওয়া লাম ইউলাদ। ওয়া লাম ইয়াকুল্লাহু কুফুওয়ান আহাদ)। রহমান, রহীম আল্লাহর নামে। “বলুন, তিনি আল্লাহ্, এক-অদ্বিতীয়। আল্লাহ্ হচ্ছেন ‘সামাদ’ (তিনি কারো মুখাপেক্ষী নন, সকলেই তাঁর মুখাপেক্ষী)। তিনি কাউকেও জন্ম দেন নি এবং তাঁকেও জন্ম দেয়া হয় নি। আর তাঁর সমতুল্য কেউই নেই।” বিসমিল্লাহির রাহমানির রাহীম (ক্বুল আ‘উযু বিরব্বিল ফালাক্ব। মিন শাররি মা খালাক্ব। ওয়া মিন শাররি গা-সিক্বিন ইযা ওয়াক্বাব। ওয়া মিন শাররিন নাফফা-সা-তি ফিল ‘উক্বাদ। ওয়া মিন শাররি হা-সিদিন ইযা হাসাদ)। রহমান, রহীম আল্লাহর নামে। “বলুন, আমি আশ্রয় প্রার্থনা করছি ঊষার রবের। তিনি যা সৃষ্টি করেছেন তার অনিষ্ট হতে। ‘আর অনিষ্ট হতে রাতের অন্ধকারের, যখন তা গভীর হয়। আর অনিষ্ট হতে সমস্ত নারীদের, যারা গিরায় ফুঁক দেয়। আর অনিষ্ট হতে হিংসুকের, যখন সে হিংসা করে।” বিসমিল্লাহির রাহমানির রাহীম (ক্বুল ‘আউযু বিরাব্বিন্না-স। মালিকিন্না-সি, ইলা-হিন্নাসি, মিন শাররিল ওয়াসওয়া-সিল খান্না-স, আল্লাযি ইউওয়াসউইসু ফী সুদূরিন না-সি, মিনাল জিন্নাতি ওয়ান্না-স।)। রহমান, রহীম আল্লাহর নামে। “বলুন, আমি আশ্রয় প্রার্থনা করছি মানুষের রবের, মানুষের অধিপতির, মানুষের ইলাহের কাছে, আত্মগোপনকারী কুমন্ত্রণাদাতার অনিষ্ট হতে; যে কুমন্ত্রণা দেয় মানুষের অন্তরে, জিনের মধ্য থেকে এবং মানুষের মধ্য থেকে।”[5]",mismatch,0.5483,"[""Bismillāhir-Raḥmānir-Raḥīm. Qul huwallāhu aḥad. Allāhuṣ-ṣamad. Lam yalid wa lam yūlad. Wa lam yakun lahu kufuwan aḥad. Bismillāhir-Raḥmānir-Raḥīm. Qul a`ūdhu birabbil-falaq. Min sharri mā khalaq. Wa min sharri ghāsiqin idhā waqab. Wa min sharrin-naffāthāti fil-`uqad. Wa min sharri ḥāsidin idhā ḥasad. Bismillāhir-Raḥmānir-Raḥīm. Qul a`ūdhu birabbin-nās. Malikin-nās. 'Ilāhin-nās. Min sharri ‘l-waswāsil-khannās. Alladhī yuwaswisu fī ṣudūrin-nās. Minal-jinnati wannās."", 'With the Name of Allah, the Most Gracious, the Most Merciful. Say:', ""Abu Dawud 2/86, An-Nasa'i 3/68. See also Al-Albani, Sahih At-Tirmidhi 2/8."", 'بِسْمِ اللَّهِ الرَّحْمَنِ الرَّحِيمِ {قُلْ هُوَ اللَّهُ أَحَدٌ* اللَّهُ الصَّمَدُ* لَمْ يَلِدْ وَلَمْ يُولَدْ* وَلَمْ يَكُن لَّهُ كُفُواً أَحَدٌ} بِسْمِ اللَّهِ الرَّحْمَنِ الرَّحِيمِ {قُلْ أَعُوذُ بِرَبِّ الْفَلَقِ* مِن شَرِّ مَا خَلَقَ* وَمِن شَرِّ غَاسِقٍ إِذَا وَقَبَ* وَمِن شَرِّ النَّفَّاثَاتِ فِي الْعُقَدِ* وَمِن شَرِّ حَاسِدٍ إِذَا حَسَدَ} بِسْمِ اللَّهِ الرَّحْمَنِ الرَّحِيمِ {قُلْ أَعُوذُ بِرَبِّ النَّاسِ* مَلِكِ النَّاسِ* إِلَهِ النَّاسِ* مِن شَرِّ الْوَسْوَاسِ الْخَنَّاسِ* الَّذِي يُوَسْوِسُ فِي صُدُورِ النَّاسِ* مِنَ الْجِنَّةِ وَالنَّاسِ} بَعْدَ كُلِّ صَلاَةٍ.']","['প্রত্যেক সালাতের পর একবার, সূরা ইখলাস, সূরা আল-ফালাক ও সূরা আন-নাস:', 'بِسْمِ اللّٰهِ الرَّحْمٰنِ الرَّحِيْمِ \u06dd ﴿قُلْ هُوَ اللّٰهُ اَحَدٌ \u06ddۚ اَللّٰهُ الصَّمَدُ لَمْ يَلِدْ ڏ وَلَمْ يُوْلَدْ \u06dd وَلَمْ يَكُنْ لَّهٗ كُفُوًا اَحَدٌ \u06ddۧ﴾،', 'বিসমিল্লাহির রাহমানির রাহীম (ক্বুল হুওয়াল্লা-হু আহাদ। আল্লাহুস্ সামাদ। লাম ইয়ালিদ ওয়া লাম ইউলাদ। ওয়া লাম ইয়াকুল্লাহু কুফুওয়ান আহাদ)।', 'রহমান, রহীম আল্লাহর নামে। “বলুন, তিনি আল্লাহ্, এক-অদ্বিতীয়। আল্লাহ্ হচ্ছেন ‘সামাদ’ (তিনি কারো মুখাপেক্ষী নন, সকলেই তাঁর মুখাপেক্ষী)। তিনি কাউকেও জন্ম দেন নি এবং তাঁকেও জন্ম দেয়া হয় নি। আর তাঁর সমতুল্য কেউই নেই।”', 'بِسْمِ اللّٰهِ الرَّحْمٰنِ الرَّحِيْمِ \u06dd ﴿قُلْ اَعُوْذُ بِرَبِّ الْفَلَقِ \u06dd مِنْ شَرِّ مَا خَلَقَ \u06dd وَمِنْ شَرِّ غَاسِقٍ اِذَا وَقَبَ \u06dd وَمِنْ شَرِّ النَّفّٰثٰتِ فِي الْعُقَدِ \u06dd وَمِنْ شَرِّ حَاسِدٍ اِذَا حَسَدَ \u06dd﴾،', 'বিসমিল্লাহির রাহমানির রাহীম (ক্বুল আ‘উযু বিরব্বিল ফালাক্ব। মিন শাররি মা খালাক্ব। ওয়া মিন শাররি গা-সিক্বিন ইযা ওয়াক্বাব। ওয়া মিন শাররিন নাফফা-সা-তি ফিল ‘উক্বাদ। ওয়া মিন শাররি হা-সিদিন ইযা হাসাদ)।', 'রহমান, রহীম আল্লাহর নামে। “বলুন, আমি আশ্রয় প্রার্থনা করছি ঊষার রবের। তিনি যা সৃষ্টি করেছেন তার অনিষ্ট হতে। ‘আর অনিষ্ট হতে রাতের অন্ধকারের, যখন তা গভীর হয়। আর অনিষ্ট হতে সমস্ত নারীদের, যারা গিরায় ফুঁক দেয়। আর অনিষ্ট হতে হিংসুকের, যখন সে হিংসা করে।”', 'بِسْمِ اللّٰهِ الرَّحْمٰنِ الرَّحِيْمِ \u06dd ﴿قُلْ اَعُوْذُ بِرَبِّ النَّاسِ \u06dd مَلِكِ النَّاسِ \u06dd اِلٰهِ النَّاسِ \u06dd مِنْ شَرِّ الْوَسْوَاسِ ڏ الْخَنَّاسِ \u06dd الَّذِيْ يُوَسْوِسُ فِيْ صُدُوْرِ النَّاسِ \u06dd مِنَ الْجِنَّةِ وَالنَّاسِ \u06ddۧ﴾', 'বিসমিল্লাহির রাহমানির রাহীম (ক্বুল ‘আউযু বিরাব্বিন্না-স। মালিকিন্না-সি, ইলা-হিন্নাসি, মিন শাররিল ওয়াসওয়া-সিল খান্না-স, আল্লাযি ইউওয়াসউইসু ফী সুদূরিন না-সি, মিনাল জিন্নাতি ওয়ান্না-স।)।', 'রহমান, রহীম আল্লাহর নামে। “বলুন, আমি আশ্রয় প্রার্থনা করছি মানুষের রবের, মানুষের অধিপতির, মানুষের ইলাহের কাছে, আত্মগোপনকারী কুমন্ত্রণাদাতার অনিষ্ট হতে; যে কুমন্ত্রণা দেয় মানুষের অন্তরে, জিনের মধ্য থেকে এবং মানুষের মধ্য থেকে।”[5]']"
71,25,Chapter: After salam,الأذكار بعد السلام من الصلاة,25.0,সালাম ফিরানোর পর যিকরসমূহ,"Allāhu lā ilāha illā huwa ‘l-Ḥayyul-Qayyūm, lā ta'khudhuhu sinatun wa lā nawm, lahu mā fis-samāwāti wa mā fil-ardh, man dhal-ladhī yashfa`u `indahu illā bi'idhnih, ya`lamu mā bayna 'aydīhim wa mā khalfahum, wa lā yuḥītūna bishay'im-min `ilmihi illā bimā shā'a, wasi `a kursiyyuhus-samāwāti wal-ardh, wa lā ya'ūduhu hifẓuhumā, wa huwal-`Aliyyu ‘l-`Aẓīm.","Allah! There is none worthy of worship but He, the Ever-Living, the One Who sustains and protects all that exists. Neither slumber nor sleep overtakes Him. To Him belongs whatever is in the heavens and whatever is on the earth. Who is he that can intercede with Him except with His Permission? He knows what happens to them in this world, and what will happen to them in the Hereafter. And they will never compass anything of His Knowledge except that which He wills. His Throne extends over the heavens and the earth, and He feels no fatigue in guarding and preserving them. And He is the Most High, the Most Great. (Recite in Arabic after each prayer.)",আল্লা-হু লা ইলা-হা ইল্লা হুওয়াল হাইয়্যূল কাইয়্যূমু লা তা’খুযুহু সিনাতুঁও ওয়ালা নাউম। লাহূ মা-ফিসসামা-ওয়া-তি ওয়ামা ফিল আরদ্বি। মান যাল্লাযী ইয়াশফা‘উ ‘ইনদাহূ ইল্লা বিইযনিহী। ইয়া‘লামু মা বাইনা আইদীহিম ওয়ামা খালফাহুম। ওয়ালা ইয়ুহীতূনা বিশাইইম মিন্ ইলমিহী ইল্লা বিমা শাআ। ওয়াসি‘আ কুরসিয়্যুহুস সামা-ওয়া-তি ওয়াল আরদ্ব। ওয়ালা ইয়াউদুহূ হিফযুহুমা ওয়া হুয়াল ‘আলিয়্যূল ‘আযীম,"আয়াতুল কুরসী। প্রত্যেক সালাতের পর একবার। আর তা হচ্ছে,",﴿اللّهُ لاَ إِلَـهَ إِلاَّ هُوَ الْحَيُّ الْقَيُّومُ لاَ تَأْخُذُهُ سِنَةٌ وَلاَ نَوْمٌ لَّهُ مَا فِي السَّمَاوَاتِ وَمَا فِي الأَرْضِ مَن ذَا الَّذِي يَشْفَعُ عِنْدَهُ إِلاَّ بِإِذْنِهِ يَعْلَمُ مَا بَيْنَ أَيْدِيهِمْ وَمَا خَلْفَهُمْ وَلاَ يُحِيطُونَ بِشَيْءٍ مِّنْ عِلْمِهِ إِلاَّ بِمَا شَاء وَسِعَ كُرْسِيُّهُ السَّمَاوَاتِ وَالأَرْضَ وَلاَ يَؤُودُهُ حِفْظُهُمَا وَهُوَ الْعَلِيُّ الْعَظِيمُ﴾ عقب كل صلاة,﴿ اَللّٰهُ لَآ اِلٰهَ اِلَّا ھُوَ ۚ اَلْـحَيُّ الْقَيُّوْمُ ڬ لَا تَاْخُذُهٗ سِـنَةٌ وَّلَا نَوْمٌ ۭ لَهٗ مَا فِي السَّمٰوٰتِ وَمَا فِي الْاَرْضِ ۭ مَنْ ذَا الَّذِيْ يَشْفَعُ عِنْدَهٗٓ اِلَّا بِاِذْنِهٖ ۭ يَعْلَمُ مَا بَيْنَ اَيْدِيْهِمْ وَمَا خَلْفَھُمْ ۚ وَلَا يُحِيْطُوْنَ بِشَيْءٍ مِّنْ عِلْمِهٖٓ اِلَّا بِمَا شَاۗءَ ۚ وَسِعَ كُرْسِـيُّهُ السَّمٰوٰتِ وَالْاَرْضَ ۚ وَلَا يَـــــُٔـــوْدُهٗ حِفْظُهُمَا ۚ وَھُوَ الْعَلِيُّ الْعَظِيْمُ ٢٥٥؁ ﴾.,"An-Nasa'i, 'Amalul-Yawm wal-Laylah (Hadith no. 100), also Ibn As-Sunni (no. 121). See also Al-Albani, Sahihul-Jami' As-Saghir 5/339 and Silsilatul-Ahadith As-Sahihah 2/697 (no. 972).",,,"“আল্লাহ্, তিনি ছাড়া কোনো সত্য ইলাহ্ নেই। তিনি চিরঞ্জীব, সর্বসত্তার ধারক। তাঁকে তন্দ্রাও স্পর্শ করতে পারে না, নিদ্রাও নয়। আসমানসমূহে যা রয়েছে ও যমীনে যা রয়েছে সবই তাঁর। কে সে, যে তাঁর অনুমতি ব্যতীত তাঁর কাছে সুপারিশ করবে? তাদের সামনে ও পিছনে যা কিছু আছে তা তিনি জানেন। আর যা তিনি ইচ্ছে করেন তা ছাড়া তাঁর জ্ঞানের কোনো কিছুকেই তারা পরিবেষ্টন করতে পারে না। তাঁর ‘কুরসী’ আসমানসমূহ ও যমীনকে পরিব্যাপ্ত করে আছে; আর এ দুটোর রক্ষণাবেক্ষণ তাঁর জন্য বোঝা হয় না। আর তিনি সুউচ্চ সুমহান।”[6]",mismatch,0.8629,"[""Allāhu lā ilāha illā huwa ‘l-Ḥayyul-Qayyūm, lā ta'khudhuhu sinatun wa lā nawm, lahu mā fis-samāwāti wa mā fil-ardh, man dhal-ladhī yashfa`u `indahu illā bi'idhnih, ya`lamu mā bayna 'aydīhim wa mā khalfahum, wa lā yuḥītūna bishay'im-min `ilmihi illā bimā shā'a, wasi `a kursiyyuhus-samāwāti wal-ardh, wa lā ya'ūduhu hifẓuhumā, wa huwal-`Aliyyu ‘l-`Aẓīm."", 'Allah! There is none worthy of worship but He, the Ever-Living, the One Who sustains and protects all that exists. Neither slumber nor sleep overtakes Him. To Him belongs whatever is in the heavens and whatever is on the earth. Who is he that can intercede with Him except with His Permission? He knows what happens to them in this world, and what will happen to them in the Hereafter. And they will never compass anything of His Knowledge except that which He wills. His Throne extends over the heavens and the earth, and He feels no fatigue in guarding and preserving them. And He is the Most High, the Most Great. (Recite in Arabic after each prayer.)', ""An-Nasa'i, 'Amalul-Yawm wal-Laylah (Hadith no. 100), also Ibn As-Sunni (no. 121). See also Al-Albani, Sahihul-Jami' As-Saghir 5/339 and Silsilatul-Ahadith As-Sahihah 2/697 (no. 972)."", '﴿اللّهُ لاَ إِلَـهَ إِلاَّ هُوَ الْحَيُّ الْقَيُّومُ لاَ تَأْخُذُهُ سِنَةٌ وَلاَ نَوْمٌ لَّهُ مَا فِي السَّمَاوَاتِ وَمَا فِي الأَرْضِ مَن ذَا الَّذِي يَشْفَعُ عِنْدَهُ إِلاَّ بِإِذْنِهِ يَعْلَمُ مَا بَيْنَ أَيْدِيهِمْ وَمَا خَلْفَهُمْ وَلاَ يُحِيطُونَ بِشَيْءٍ مِّنْ عِلْمِهِ إِلاَّ بِمَا شَاء وَسِعَ كُرْسِيُّهُ السَّمَاوَاتِ وَالأَرْضَ وَلاَ يَؤُودُهُ حِفْظُهُمَا وَهُوَ الْعَلِيُّ الْعَظِيمُ﴾ عقب كل صلاة']","['আয়াতুল কুরসী। প্রত্যেক সালাতের পর একবার। আর তা হচ্ছে,', '﴿ اَللّٰهُ لَآ اِلٰهَ اِلَّا ھُوَ ۚ اَلْـحَيُّ الْقَيُّوْمُ ڬ لَا تَاْخُذُهٗ سِـنَةٌ وَّلَا نَوْمٌ ۭ لَهٗ مَا فِي السَّمٰوٰتِ وَمَا فِي الْاَرْضِ ۭ مَنْ ذَا الَّذِيْ يَشْفَعُ عِنْدَهٗٓ اِلَّا بِاِذْنِهٖ ۭ يَعْلَمُ مَا بَيْنَ اَيْدِيْهِمْ وَمَا خَلْفَھُمْ ۚ وَلَا يُحِيْطُوْنَ بِشَيْءٍ مِّنْ عِلْمِهٖٓ اِلَّا بِمَا شَاۗءَ ۚ وَسِعَ كُرْسِـيُّهُ السَّمٰوٰتِ وَالْاَرْضَ ۚ وَلَا يَـــــُٔـــوْدُهٗ حِفْظُهُمَا ۚ وَھُوَ الْعَلِيُّ الْعَظِيْمُ ٢٥٥\u0601 ﴾.', '(আল্লা-হু লা ইলা-হা ইল্লা হুওয়াল হাইয়্যূল কাইয়্যূমু লা তা’খুযুহু সিনাতুঁও ওয়ালা নাউম। লাহূ মা-ফিসসামা-ওয়া-তি ওয়ামা ফিল আরদ্বি। মান যাল্লাযী ইয়াশফা‘উ ‘ইনদাহূ ইল্লা বিইযনিহী। ইয়া‘লামু মা বাইনা আইদীহিম ওয়ামা খালফাহুম। ওয়ালা ইয়ুহীতূনা বিশাইইম মিন্ ইলমিহী ইল্লা বিমা শাআ। ওয়াসি‘আ কুরসিয়্যুহুস সামা-ওয়া-তি ওয়াল আরদ্ব। ওয়ালা ইয়াউদুহূ হিফযুহুমা ওয়া হুয়াল ‘আলিয়্যূল ‘আযীম)।', '“আল্লাহ্, তিনি ছাড়া কোনো সত্য ইলাহ্ নেই। তিনি চিরঞ্জীব, সর্বসত্তার ধারক। তাঁকে তন্দ্রাও স্পর্শ করতে পারে না, নিদ্রাও নয়। আসমানসমূহে যা রয়েছে ও যমীনে যা রয়েছে সবই তাঁর। কে সে, যে তাঁর অনুমতি ব্যতীত তাঁর কাছে সুপারিশ করবে? তাদের সামনে ও পিছনে যা কিছু আছে তা তিনি জানেন। আর যা তিনি ইচ্ছে করেন তা ছাড়া তাঁর জ্ঞানের কোনো কিছুকেই তারা পরিবেষ্টন করতে পারে না। তাঁর ‘কুরসী’ আসমানসমূহ ও যমীনকে পরিব্যাপ্ত করে আছে; আর এ দুটোর রক্ষণাবেক্ষণ তাঁর জন্য বোঝা হয় না। আর তিনি সুউচ্চ সুমহান।”[6]']"
72,25,Chapter: After salam,الأذكار بعد السلام من الصلاة,25.0,সালাম ফিরানোর পর যিকরসমূহ,"Lā ilāha illallāh waḥdahu lā sharīka lah, lahu‘l-mulku wa lahu‘l-ḥamd yuḥyī wa yumīt wa huwa `alā kulli shay'in qadīr.","None has the right to be worshipped but Allah alone, Who has no partner. His is the dominion and His is the praise. He brings life and He causes death, and He is Able to do all things.","লা ইলা-হা ইল্লাল্লা-হু ওয়াহ্‌দাহু লা শারীকা লাহু, লাহুল মূলকু ওয়ালাহুল হাম্‌দু ইয়ুহ্‌য়ী ওয়াইয়ূমীতু ওয়াহুয়া ‘আলা কুল্লি শাই’ইন ক্বাদীর","“একমাত্র আল্লাহ ছাড়া কোনো হক্ব ইলাহ নেই, তাঁর কোনো শরীক নেই, রাজত্ব তারই এবং সকল প্রশংসা তাঁর। তিনিই জীবিত করেন এবং মৃত্যু দান করেন। আর তিনি সকল কিছুর উপর ক্ষমতাবান”।",لاَ إِلَهَ إِلاَّ اللَّهُ وَحْدَهُ لاَ شَرِيكَ لَهُ لَهُ الْمُلْكُ وَلَهُ الْحَمْدُ يُحْيِي وَيُمِيتُ وَهُوَ عَلَى كُلِّ شَيْءٍ قَدِيرٌ (عَشْرَ مَرّاتٍ بَعْدَ صَلاةِ الْمَغْرِبِ وَالصُّبْحِ),«لاَ إِلَهَ إِلاَّ اللَّهُ وَحْدَهُ لاَ شَرِيكَ لَهُ، لَهُ الْمُلْكُ وَلَهُ الْحَمْدُ يُحْيِي وَيُمِيتُ وَهُوَ عَلَى كُلِّ شَيْءٍ قَدِيرٌ»,"At-Tirmidhi 5/515, Ahmad 4/227. See its checking in Ibn Al-Qayyim Al-Jawziyyah's Zddul-Ma'ad 1/300.",,,মাগরিব ও ফজরের নামাযের পর উপরোক্ত যিকর ১০ বার করে করবে।[7],mismatch,0.8351,"[""Lā ilāha illallāh waḥdahu lā sharīka lah, lahu‘l-mulku wa lahu‘l-ḥamd yuḥyī wa yumīt wa huwa `alā kulli shay'in qadīr."", 'None has the right to be worshipped but Allah alone, Who has no partner. His is the dominion and His is the praise. He brings life and He causes death, and He is Able to do all things.', ""At-Tirmidhi 5/515, Ahmad 4/227. See its checking in Ibn Al-Qayyim Al-Jawziyyah's Zddul-Ma'ad 1/300."", 'لاَ إِلَهَ إِلاَّ اللَّهُ وَحْدَهُ لاَ شَرِيكَ لَهُ لَهُ الْمُلْكُ وَلَهُ الْحَمْدُ يُحْيِي وَيُمِيتُ وَهُوَ عَلَى كُلِّ شَيْءٍ قَدِيرٌ (عَشْرَ مَرّاتٍ بَعْدَ صَلاةِ الْمَغْرِبِ وَالصُّبْحِ)']","['«لاَ إِلَهَ إِلاَّ اللَّهُ وَحْدَهُ لاَ شَرِيكَ لَهُ، لَهُ الْمُلْكُ وَلَهُ الْحَمْدُ يُحْيِي وَيُمِيتُ وَهُوَ عَلَى كُلِّ شَيْءٍ قَدِيرٌ»', '(লা ইলা-হা ইল্লাল্লা-হু ওয়াহ্\u200cদাহু লা শারীকা লাহু, লাহুল মূলকু ওয়ালাহুল হাম্\u200cদু ইয়ুহ্\u200cয়ী ওয়াইয়ূমীতু ওয়াহুয়া ‘আলা কুল্লি শাই’ইন ক্বাদীর)।', '“একমাত্র আল্লাহ ছাড়া কোনো হক্ব ইলাহ নেই, তাঁর কোনো শরীক নেই, রাজত্ব তারই এবং সকল প্রশংসা তাঁর। তিনিই জীবিত করেন এবং মৃত্যু দান করেন। আর তিনি সকল কিছুর উপর ক্ষমতাবান”।', 'মাগরিব ও ফজরের নামাযের পর উপরোক্ত যিকর ১০ বার করে করবে।[7]']"
73,25,Chapter: After salam,الأذكار بعد السلام من الصلاة,25.0,সালাম ফিরানোর পর যিকরসমূহ,"Allāhumma innī as'aluka `ilman nāfi`an, wa rizqan ṭayyiban, wa `amalam-mutaqabbala.","""O Allah, I ask You for knowledge which is beneficial, and sustenance which is good, and deeds which are acceptable.""",আল্লা-হুম্মা ইন্নী আস্আলুকা ‘ইলমান না-ফি‘আন্ ওয়া রিয্‌কান ত্বায়্যিবান ওয়া ‘আমালান মুতাক্বাব্বালান,"“হে আল্লাহ! আমি আপনার নিকট উপকারী জ্ঞান, পবিত্র রিযিক এবং কবুলযোগ্য আমল প্রার্থনা করি।”",اللَّهُمَّ إِنِّي أَسْأَلُكَ عِلْماً نافِعاً وَرِزْقاً طَيِّباً وَعَمَلاً مُتَقَبَّلاً (بَعْدَ السّلامِ مِنْ صَلاَةِ الفَجْرِ),«اللَّهُمَّ إِنِّي أَسْأَلُكَ عِلْماً نافِعاً، وَرِزْقاً طَيِّباً، وَعَمَلاً مُتَقَبَّلاً».,Ibn Majah and others. See Sahih Ibn Majah 1/152 and Majma' Az-Zawa'id 10/111,"[8] ইবন মাজাহ্‌, নং ৯২৫; নাসাঈ, তাঁর আমালুল ইয়াওমি ওয়াল্লাইলাহ গ্রন্থে, হাদীস নং ১০২। আরও দেখুন, সহীহ ইবন মাজাহ, ১/১৫২; মাজমাউয যাওয়াইদ, ১০/১১১। তাছাড়া অচিরেই ৯৫ নং হাদীসেও আসবে।",,এটি ফজর নামাযের সালাম ফিরানোর পর পড়বে।[8],mismatch,0.8,"[""Allāhumma innī as'aluka `ilman nāfi`an, wa rizqan ṭayyiban, wa `amalam-mutaqabbala."", '""O Allah, I ask You for knowledge which is beneficial, and sustenance which is good, and deeds which are acceptable.""', ""Ibn Majah and others. See Sahih Ibn Majah 1/152 and Majma' Az-Zawa'id 10/111"", 'اللَّهُمَّ إِنِّي أَسْأَلُكَ عِلْماً نافِعاً وَرِزْقاً طَيِّباً وَعَمَلاً مُتَقَبَّلاً (بَعْدَ السّلامِ مِنْ صَلاَةِ الفَجْرِ)']","['«اللَّهُمَّ إِنِّي أَسْأَلُكَ عِلْماً نافِعاً، وَرِزْقاً طَيِّباً، وَعَمَلاً مُتَقَبَّلاً».', '(আল্লা-হুম্মা ইন্নী আস্আলুকা ‘ইলমান না-ফি‘আন্ ওয়া রিয্\u200cকান ত্বায়্যিবান ওয়া ‘আমালান মুতাক্বাব্বালান)।', '“হে আল্লাহ! আমি আপনার নিকট উপকারী জ্ঞান, পবিত্র রিযিক এবং কবুলযোগ্য আমল প্রার্থনা করি।”', 'এটি ফজর নামাযের সালাম ফিরানোর পর পড়বে।[8]', '[1] মুসলিম ১/৪১৪, নং ৫৯১।', '[2] বুখারী ১/২২৫, নং ৮৪৪; মুসলিম ১/৪১৪, নং ৫৯৩। আর দু ব্রাকেটের মাঝের অংশ বুখারীতে বর্ধিত এসেছে, নং ৬৪৭৩।', '[3] মুসলিম ১/৪১৫, নং ৫৯৪।', '[4] মুসলিম, ১/৪১৮, নং ৫৯৭; আর তাতে রয়েছে, যে ব্যক্তি প্রতি নামাযের পরে সেটা বলবে, তার পাপরাশি ক্ষমা করে দেওয়া হয়, যদিও তা সমুদ্রের ফেনারাশির মত হয়।', '[5] আবু দাঊদ ২/৮৬, নং ১৫২৩; তিরমিযী, নং ২৯০৩; নাসাঈ ৩/৬৮, নং ১৩৩৫। আরও দেখুন, সহীহুত তিরমিযী, ২/৮। আর উপর্যুক্ত তিনটি সূরাকে ‘আল-মু‘আওয়াযাত’ বলা হয়। দেখুন, ফাতহুল বারী, ৯/৬২।', '[6] হাদীসে এসেছে, “যে ব্যক্তি প্রত্যেক সালাতের পরে এটি পড়বে, তাকে মৃত্যু ব্যতীত জান্নাতে প্রবেশে আর অন্য কিছু বাধা হয়ে দাঁড়াবে না।” নাসাঈ, আমালুল ইয়াওমি ওয়াল্লাইলাহ, নং ১০০; ইবনুস সুন্নী, নং ১২১। আর শাইখ আলবানী হাদীসটিকে সহীহুল জামে‘ ৫/৩৩৯ তে এবং সিলসিলাতুল আহাদীসিস সহীহা ২/৬৯৭, নং ৯৭২ তে সহীহ বলেছেন। আর আয়াতটি দেখুন, সূরা আল-বাকারাহ্\u200c-২৫৫।', '[7] তিরমিযী ৫/৫১৫, নং ৩৪৭৪; আহমাদ ৪/২২৭, নং ১৭৯৯০। হাদীসটির তাখরীজের জন্য আরও দেখুন, যাদুল মা‘আদ ১/৩০০।', '[8] ইবন মাজাহ্\u200c, নং ৯২৫; নাসাঈ, তাঁর আমালুল ইয়াওমি ওয়াল্লাইলাহ গ্রন্থে, হাদীস নং ১০২। আরও দেখুন, সহীহ ইবন মাজাহ, ১/১৫২; মাজমাউয যাওয়াইদ, ১০/১১১। তাছাড়া অচিরেই ৯৫ নং হাদীসেও আসবে।']"
74,26,Chapter: For seeking guidance in forming a decision or choosing the proper course,دعاء صلاة الاستخارة,26.0,ইসতিখারার সালাতের দো‘আ,"Allāhumma innī astakhīruka bi `ilmik, wa astaqdiruka biqudratik, wa as'aluka min faḍlika ‘l-`Aẓīm, fa'innaka taqdiru wa lā aqdir, wa ta`lamu wa lā a`lam, wa anta `allāmu ‘l-ghuyūb, Allāhumma in kunta ta`lamu anna hādha ‘l-amra - [then mention the thing to be decided] Khayrun lī fī dīnī wa ma`āshī wa `āqibati amrī - [or say] `ājilihi wa ājilih - faqdurhu lī wa yassirhu lī thumma bārik lī fīh, wa in kunta ta`lamu anna hādha ‘l-amra sharrun lī fī dīnī wa ma`āshī wa `āqibati 'amrī - [or say] `ājilihi wa 'ājilihi - faṣrifhu `annī waṣrifnī `anh, waqdur liya ‘l-khayra ḥaythu kān, thumma arḍinī bih.","""O Allah, I seek the counsel of Your Knowledge, and I seek the help of Your Omnipotence, and I beseech You for Your Magnificent Grace. Surely, You are Capable and I am not. You know and I know not, and You are the Knower of the unseen. O Allah, if You know that this matter [then mention the thing to be decided] is good for me in my religion and in my life and for my welfare in the life to come, - [or say: in this life and the afterlife] - then ordain it for me and make it easy for me, then bless me in it. And if You know that this matter is bad for me in my religion and in my life and for my welfare in the life to come, - [or say: in this life and the afterlife] - then distance it from me, and distance me from it, and ordain for me what is good wherever it may be, and help me to be content with it.""","আল্লা-হুম্মা ইন্নী আসতাখীরুকা বি‘ইলমিকা ওয়া আস্তাক্বদিরুকা বিক্বুদরাতিকা ওয়া আস্আলুকা মিন ফাদলিকাল আযীম। ফাইন্নাকা তাক্বদিরু ওয়ালা আক্বদিরু, ওয়া তা‘লামু ওয়ালা আ‘লামু, ওয়া আনতা ‘আল্লামূল গুয়ূব। আল্লা-হুম্মা ইন কুনতা তা‘লামু আন্না হা-যাল আম্‌রা (মনে মনে প্রয়োজন উল্লেখ করুন","“হে আল্লাহ! আমি আপনার জ্ঞানের সাহায্যে আপনার নিকট কল্যাণ কামনা করছি। আপনার কুদরতের সাহায্যে আপনার নিকট শক্তি কামনা করছি এবং আপনার মহান অনুগ্রহের প্রার্থনা করছি। কেননা আপনিই শক্তিধর, আমি শক্তিহীন। আপনি জ্ঞানবান, আমি জ্ঞানহীন এবং আপনি গায়েবী বিষয় সম্পর্কে মহাজ্ঞানী। হে আল্লাহ! এই কাজটি (এখানে উদ্দিষ্ট কাজ বা বিষয়টি মনে মনে উল্লেখ করবে) আপনার জ্ঞান অনুযায়ী যদি আমার দ্বীন, আমার জীবিকা এবং আমার কাজের পরিণতির দিক দিয়ে, (অথবা বলেছেন) ইহকাল ও পরকালের জন্য কল্যাণকর হয়, তবে তা আমার জন্য নির্ধারিত করুন এবং তাকে আমার জন্য সহজলভ্য করে দিন, তারপর তাতে আমার জন্য বরকত দান করুন। আর এই কাজটি আপনার জ্ঞান অনুযায়ী যদি আমার দ্বীন, আমার জীবিকা এবং আমার কাজের পরিণতির দিক দিয়ে, (অথবা বলেছেন) ইহকাল ও পরকালের জন্য ক্ষতিকর হয়, তবে আপনি আমাকে তা থেকে দূরে সরিয়ে রাখুন এবং যেখানেই কল্যাণ থাকুক আমার জন্য সেই কল্যাণ নির্ধারিত করে দিন। অতঃপর তাতেই আমাকে সন্তুষ্ট রাখুন।”[1]","قال جابر بن عبد الله رضي الله عنهما : كان رسول الله صلى الله عليه وسلم ، يُعلمنا الاستخارة في الأمور كلها كما يعلمُنا السورة من القرآن ، يقول : إذا هم أحدكم بالأمر فليركع ركعتين من غير الفريضة ، ثم ليقل: ""اللهم إني أستخيرك بعلمك ، وأستقدرك بقدرتك ، وأسألك من فضلك العظيم فإنك تقدِرُ ولا أقدِرُ ، وتعلم ولا أعلم ، وأنت علام الغيوب ، اللهم إن كنت تعلم أن هذا الأمر - يسمي حاجته - خير لي في ديني ومعاشي وعاقبة أمري - أو قال : عاجله وآجله - فاقدره لي ويسره لي ، ثم بارك لي فيه ، وإن كنت تعلم أن هذا الأمر شر لي في ديني ومعاشي وعاقبة أمري - أو قال : عاجله وآجله - فاصرفه عني واصرفني عنه ، واقدر لي الخير حيث كان ، ثم ارضني به "" وما ندم من استخار الخالق، وشاور المخلوقين المؤمنين وتثبَّت في أمره، فقد قال سبحانه ﴿وَشـاوِرْهُـم في الأمْـرِ فَـإِذا عَـزَمْـتَ فَتَوَكّـلْ عَلـى الله﴾",« اللَّهُمَّ إِنِّي أَسْتَخِيرُكَ بِعِلْمِكَ، وَأَسْتَقْدِرُكَ بِقُدْرَتِكَ، وَأَسْأَلُكَ مِنْ فَضْلِكَ العَظِيمِ؛ فَإِنَّكَ تَقْدِرُ وَلاَ أَقْدِرُ، وَتَعْلَمُ وَلاَ أَعْلَمُ، وَأَنْتَ عَلاَّمُ الغُيُوبِ، اللَّهُمَّ إِنْ كُنْتَ تَعْلَمُ أَنَّ هَذَا الأمْرَ - وَيُسَمِّي حَاجَتَهُ - خَيْرٌ لِي فِي دِينِي وَمَعَاشِي وَعَاقِبَةِ أَمْرِي – أَوْ قَالَ: عَاجِلِهِ وَآجِلِهِ - فَاقْدُرْهُ لِي وَيَسِّرْهُ لِي ثمَّ بَارِكْ لِي فِيهِ، وَإِنْ كُنْتَ تَعْلَمُ أَنَّ هَذَا الْأَمْرَ شَرٌّ لِي فِي دِينِي وَمَعَاشِي وَعَاقِبَةِ أَمْرِي – أَوْ قَالَ: عَاجِلِهِ وَآجِلِهِ – فَاصْرِفْهُ عَنِّي وَاصْرِفْنِي عَنْهُ وَاقْدُرْ لِيَ الْخَيْرَ حَيْثُ كَانَ، ثُمَّ أَرْضِنِي بِهِ». ﴿ وَشَاوِرْھُمْ فِي الْاَمْرِ ۚ فَاِذَا عَزَمْتَ فَتَوَكَّلْ عَلَي اللَّهِ﴾.,Al-Bukhari 7/162. and Aal-'Imran 3:159.,"[1] বুখারী, ৭/১৬২, নং ১১৬২। [2] সূরা আলে-ইমরান: ১৫৯।",,"আর যে ব্যক্তি স্রষ্টার কাছে কল্যাণ চাইবে, মুমিনদের সাথে পরামর্শ করবে এবং যে কোনো কাজ করার আগে খোঁজ-খবর নিয়ে করবে, সে কখনো অনুতপ্ত হবে না। কেননা, আল্লাহ সুবহানাহু ওয়া তা‘আলা বলেন, “আর আপনি কাজে কর্মে তাদের সাথে পরামর্শ করুন, তারপর আপনি কোনো দৃঢ় সংকল্প হলে আল্লাহ্‌র উপর নির্ভর করুন।”[2]",mismatch,0.0482,"[""Allāhumma innī astakhīruka bi `ilmik, wa astaqdiruka biqudratik, wa as'aluka min faḍlika ‘l-`Aẓīm, fa'innaka taqdiru wa lā aqdir, wa ta`lamu wa lā a`lam, wa anta `allāmu ‘l-ghuyūb, Allāhumma in kunta ta`lamu anna hādha ‘l-amra - [then mention the thing to be decided] Khayrun lī fī dīnī wa ma`āshī wa `āqibati amrī - [or say] `ājilihi wa ājilih - faqdurhu lī wa yassirhu lī thumma bārik lī fīh, wa in kunta ta`lamu anna hādha ‘l-amra sharrun lī fī dīnī wa ma`āshī wa `āqibati 'amrī - [or say] `ājilihi wa 'ājilihi - faṣrifhu `annī waṣrifnī `anh, waqdur liya ‘l-khayra ḥaythu kān, thumma arḍinī bih."", '""O Allah, I seek the counsel of Your Knowledge, and I seek the help of Your Omnipotence, and I beseech You for Your Magnificent Grace. Surely, You are Capable and I am not. You know and I know not, and You are the Knower of the unseen. O Allah, if You know that this matter [then mention the thing to be decided] is good for me in my religion and in my life and for my welfare in the life to come, - [or say: in this life and the afterlife] - then ordain it for me and make it easy for me, then bless me in it. And if You know that this matter is bad for me in my religion and in my life and for my welfare in the life to come, - [or say: in this life and the afterlife] - then distance it from me, and distance me from it, and ordain for me what is good wherever it may be, and help me to be content with it.""', ""Al-Bukhari 7/162. and Aal-'Imran 3:159."", 'قال جابر بن عبد الله رضي الله عنهما : كان رسول الله صلى الله عليه وسلم ، يُعلمنا الاستخارة في الأمور كلها كما يعلمُنا السورة من القرآن ، يقول : إذا هم أحدكم بالأمر فليركع ركعتين من غير الفريضة ، ثم ليقل: ""اللهم إني أستخيرك بعلمك ، وأستقدرك بقدرتك ، وأسألك من فضلك العظيم فإنك تقدِرُ ولا أقدِرُ ، وتعلم ولا أعلم ، وأنت علام الغيوب ، اللهم إن كنت تعلم أن هذا الأمر - يسمي حاجته - خير لي في ديني ومعاشي وعاقبة أمري - أو قال : عاجله وآجله - فاقدره لي ويسره لي ، ثم بارك لي فيه ، وإن كنت تعلم أن هذا الأمر شر لي في ديني ومعاشي وعاقبة أمري - أو قال : عاجله وآجله - فاصرفه عني واصرفني عنه ، واقدر لي الخير حيث كان ، ثم ارضني به "" وما ندم من استخار الخالق، وشاور المخلوقين المؤمنين وتثبَّت في أمره، فقد قال سبحانه ﴿وَشـاوِرْهُـم في الأمْـرِ فَـإِذا عَـزَمْـتَ فَتَوَكّـلْ عَلـى الله﴾']","['« اللَّهُمَّ إِنِّي أَسْتَخِيرُكَ بِعِلْمِكَ، وَأَسْتَقْدِرُكَ بِقُدْرَتِكَ، وَأَسْأَلُكَ مِنْ فَضْلِكَ العَظِيمِ؛ فَإِنَّكَ تَقْدِرُ وَلاَ أَقْدِرُ، وَتَعْلَمُ وَلاَ أَعْلَمُ، وَأَنْتَ عَلاَّمُ الغُيُوبِ، اللَّهُمَّ إِنْ كُنْتَ تَعْلَمُ أَنَّ هَذَا الأمْرَ - وَيُسَمِّي حَاجَتَهُ - خَيْرٌ لِي فِي دِينِي وَمَعَاشِي وَعَاقِبَةِ أَمْرِي – أَوْ قَالَ: عَاجِلِهِ وَآجِلِهِ - فَاقْدُرْهُ لِي وَيَسِّرْهُ لِي ثمَّ بَارِكْ لِي فِيهِ، وَإِنْ كُنْتَ تَعْلَمُ أَنَّ هَذَا الْأَمْرَ شَرٌّ لِي فِي دِينِي وَمَعَاشِي وَعَاقِبَةِ أَمْرِي – أَوْ قَالَ: عَاجِلِهِ وَآجِلِهِ – فَاصْرِفْهُ عَنِّي وَاصْرِفْنِي عَنْهُ وَاقْدُرْ لِيَ الْخَيْرَ حَيْثُ كَانَ، ثُمَّ أَرْضِنِي بِهِ».', '(আল্লা-হুম্মা ইন্নী আসতাখীরুকা বি‘ইলমিকা ওয়া আস্তাক্বদিরুকা বিক্বুদরাতিকা ওয়া আস্আলুকা মিন ফাদলিকাল আযীম। ফাইন্নাকা তাক্বদিরু ওয়ালা আক্বদিরু, ওয়া তা‘লামু ওয়ালা আ‘লামু, ওয়া আনতা ‘আল্লামূল গুয়ূব। আল্লা-হুম্মা ইন কুনতা তা‘লামু আন্না হা-যাল আম্\u200cরা (মনে মনে প্রয়োজন উল্লেখ করুন) খাইরুন লী ফী দ্বীনি ওয়া মা‘আ-শী ওয়া ‘আ-ক্বিবাতি আমরী, (অথবা বলেছেন) ‘আজিলিহী ও আজিলিহী, ফাকদুরহু লী, ওয়া ইয়াসসিরহু লী, ছুম্মা বা-রিক লী ফীহি। ওয়াইন কুনতা তা‘লামু আন্না হা-যাল আমরা (মনে মনে প্রয়োজন উল্লেখ করুন) শাররুন লী ফী দ্বীনী ওয়া মা‘আ-শী ওয়া ‘আ-ক্বিবাতি আমরী, (অথবা বলেছেন) ‘আজিলিহী ও আজিলিহী, ফাসরিফহু ‘আন্নী ওয়াসরিফনী ‘আনহু, ওয়াকদুর লিয়াল-খাইরা হাইসু কা-না, সুম্মা আরদ্বিনী বিহ্)।', '“হে আল্লাহ! আমি আপনার জ্ঞানের সাহায্যে আপনার নিকট কল্যাণ কামনা করছি। আপনার কুদরতের সাহায্যে আপনার নিকট শক্তি কামনা করছি এবং আপনার মহান অনুগ্রহের প্রার্থনা করছি। কেননা আপনিই শক্তিধর, আমি শক্তিহীন। আপনি জ্ঞানবান, আমি জ্ঞানহীন এবং আপনি গায়েবী বিষয় সম্পর্কে মহাজ্ঞানী। হে আল্লাহ! এই কাজটি (এখানে উদ্দিষ্ট কাজ বা বিষয়টি মনে মনে উল্লেখ করবে) আপনার জ্ঞান অনুযায়ী যদি আমার দ্বীন, আমার জীবিকা এবং আমার কাজের পরিণতির দিক দিয়ে, (অথবা বলেছেন) ইহকাল ও পরকালের জন্য কল্যাণকর হয়, তবে তা আমার জন্য নির্ধারিত করুন এবং তাকে আমার জন্য সহজলভ্য করে দিন, তারপর তাতে আমার জন্য বরকত দান করুন। আর এই কাজটি আপনার জ্ঞান অনুযায়ী যদি আমার দ্বীন, আমার জীবিকা এবং আমার কাজের পরিণতির দিক দিয়ে, (অথবা বলেছেন) ইহকাল ও পরকালের জন্য ক্ষতিকর হয়, তবে আপনি আমাকে তা থেকে দূরে সরিয়ে রাখুন এবং যেখানেই কল্যাণ থাকুক আমার জন্য সেই কল্যাণ নির্ধারিত করে দিন। অতঃপর তাতেই আমাকে সন্তুষ্ট রাখুন।”[1]', 'আর যে ব্যক্তি স্রষ্টার কাছে কল্যাণ চাইবে, মুমিনদের সাথে পরামর্শ করবে এবং যে কোনো কাজ করার আগে খোঁজ-খবর নিয়ে করবে, সে কখনো অনুতপ্ত হবে না। কেননা, আল্লাহ সুবহানাহু ওয়া তা‘আলা বলেন,', '﴿ وَشَاوِرْھُمْ فِي الْاَمْرِ ۚ فَاِذَا عَزَمْتَ فَتَوَكَّلْ عَلَي اللَّهِ﴾.', '“আর আপনি কাজে কর্মে তাদের সাথে পরামর্শ করুন, তারপর আপনি কোনো দৃঢ় সংকল্প হলে আল্লাহ্\u200cর উপর নির্ভর করুন।”[2]', '[1] বুখারী, ৭/১৬২, নং ১১৬২।', '[2] সূরা আলে-ইমরান: ১৫৯।']"
75,27,Chapter: In the morning and evening,أذكار الصباح والمساء,27.0,সকাল ও বিকালের যিক্‌রসমূহ,"(A`ūdhu billāhi min ash-shaytāni 'r-rajīm) Allāhu lā ilāha illā huwa ‘l-Ḥayyul-Qayyūm, lā ta'khudhuhu sinatun wa lā nawm, lahu mā fis-samāwāti wa māfil-arḍ, man dhal-ladhī yashfa`u `indahu illā bi'idhnih, ya`lamu mā bayna aydīhim wa mā khalfahum, wa lā yuḥīṭūna bishay'im-min `ilmihi illā bimā shā', wasi`a kursiyyuhus-samāwāti wal-arḍ, wa lā ya'ūduhu hifẓuhumā, wa huwal-`Aliyyu‘l-`Aẓīm.","Allah! There is none worthy of worship but He, the Ever-Living, the One Who sustains and protects all that exists. Neither slumber nor sleep overtakes Him. To Him belongs whatever is in the heavens and whatever is on the earth. Who is he that can intercede with Him except with His Permission? He knows what happens to them in this world, and what will happen to them in the Hereafter. And they will never encompass anything of His Knowledge except that which He wills. His Throne extends over the heavens and the earth, and He feels no fatigue in guarding and preserving them. And He is the Most High, the Most Great.",আল্লা-হু লা ইলা-হা ইল্লা হুওয়াল হাইয়্যূল কাইয়্যূমু লা তা’খুযুহু সিনাতুঁও ওয়ালা নাউম। লাহূ মা-ফিসসামা-ওয়া-তি ওয়ামা ফিল আরদ্বি। মান যাল্লাযী ইয়াশফা‘উ ‘ইনদাহূ ইল্লা বিইযনিহী। ইয়া‘লামু মা বাইনা আইদীহিম ওয়ামা খালফাহুম। ওয়ালা ইয়ুহীতূনা বিশাইইম মিন্ ইলমিহী ইল্লা বিমা শাআ। ওয়াসি‘আ কুরসিয়্যুহুস সামা-ওয়া-তি ওয়াল আরদ্ব। ওয়ালা ইয়াউদুহূ হিফযুহুমা ওয়া হুয়াল ‘আলিয়্যূল ‘আযীম,আয়াতুল কুরসী:,(أعوذ بالله من الشيطان الرجيم) ﴿اللّهُ لاَ إِلَـهَ إِلاَّ هُوَ الْحَيُّ الْقَيُّومُ لاَ تَأْخُذُهُ سِنَةٌ وَلاَ نَوْمٌ لَّهُ مَا فِي السَّمَاوَاتِ وَمَا فِي الأَرْضِ مَن ذَا الَّذِي يَشْفَعُ عِنْدَهُ إِلاَّ بِإِذْنِهِ يَعْلَمُ مَا بَيْنَ أَيْدِيهِمْ وَمَا خَلْفَهُمْ وَلاَ يُحِيطُونَ بِشَيْءٍ مِّنْ عِلْمِهِ إِلاَّ بِمَا شَاء وَسِعَ كُرْسِيُّهُ السَّمَاوَاتِ وَالأَرْضَ وَلاَ يَؤُودُهُ حِفْظُهُمَا وَهُوَ الْعَلِيُّ الْعَظِيمُ﴾,أَعُوذُ بِاللَّهِ مِنَ الشَّيطَانِ الرَّجِيمِ ﴿ اَللّٰهُ لَآ اِلٰهَ اِلَّا ھُوَ ۚ اَلْـحَيُّ الْقَيُّوْمُ ڬ لَا تَاْخُذُهٗ سِـنَةٌ وَّلَا نَوْمٌ ۭ لَهٗ مَا فِي السَّمٰوٰتِ وَمَا فِي الْاَرْضِ ۭ مَنْ ذَا الَّذِيْ يَشْفَعُ عِنْدَهٗٓ اِلَّا بِاِذْنِهٖ ۭ يَعْلَمُ مَا بَيْنَ اَيْدِيْهِمْ وَمَا خَلْفَھُمْ ۚ وَلَا يُحِيْطُوْنَ بِشَيْءٍ مِّنْ عِلْمِهٖٓ اِلَّا بِمَا شَاۗءَ ۚ وَسِعَ كُرْسِـيُّهُ السَّمٰوٰتِ وَالْاَرْضَ ۚ وَلَا يَـــــُٔـــوْدُهٗ حِفْظُهُمَا ۚ وَھُوَ الْعَلِيُّ الْعَظِيْمُ ٢٥٥؁ ﴾.,(Ayat al-Kursi; Al-Qur'an 2:255),,,"“আল্লাহ্, তিনি ছাড়া কোনো সত্য ইলাহ্ নেই। তিনি চিরঞ্জীব, সর্বসত্তার ধারক। তাঁকে তন্দ্রাও স্পর্শ করতে পারে না, নিদ্রাও নয়। আসমানসমূহে যা রয়েছে ও যমীনে যা রয়েছে সবই তাঁর। কে সে, যে তাঁর অনুমতি ব্যতীত তাঁর কাছে সুপারিশ করবে? তাদের সামনে ও পিছনে যা কিছু আছে তা তিনি জানেন। আর যা তিনি ইচ্ছে করেন তা ছাড়া তাঁর জ্ঞানের কোনো কিছুকেই তারা পরিবেষ্টন করতে পারে না। তাঁর ‘কুরসী’ আসমানসমূহ ও যমীনকে পরিব্যাপ্ত করে আছে; আর এ দুটোর রক্ষণাবেক্ষণ তাঁর জন্য বোঝা হয় না। আর তিনি সুউচ্চ সুমহান।”[2]",mismatch,0.8967,"[""(A`ūdhu billāhi min ash-shaytāni 'r-rajīm) Allāhu lā ilāha illā huwa ‘l-Ḥayyul-Qayyūm, lā ta'khudhuhu sinatun wa lā nawm, lahu mā fis-samāwāti wa māfil-arḍ, man dhal-ladhī yashfa`u `indahu illā bi'idhnih, ya`lamu mā bayna aydīhim wa mā khalfahum, wa lā yuḥīṭūna bishay'im-min `ilmihi illā bimā shā', wasi`a kursiyyuhus-samāwāti wal-arḍ, wa lā ya'ūduhu hifẓuhumā, wa huwal-`Aliyyu‘l-`Aẓīm."", 'Allah! There is none worthy of worship but He, the Ever-Living, the One Who sustains and protects all that exists. Neither slumber nor sleep overtakes Him. To Him belongs whatever is in the heavens and whatever is on the earth. Who is he that can intercede with Him except with His Permission? He knows what happens to them in this world, and what will happen to them in the Hereafter. And they will never encompass anything of His Knowledge except that which He wills. His Throne extends over the heavens and the earth, and He feels no fatigue in guarding and preserving them. And He is the Most High, the Most Great.', ""(Ayat al-Kursi; Al-Qur'an 2:255)"", '(أعوذ بالله من الشيطان الرجيم) ﴿اللّهُ لاَ إِلَـهَ إِلاَّ هُوَ الْحَيُّ الْقَيُّومُ لاَ تَأْخُذُهُ سِنَةٌ وَلاَ نَوْمٌ لَّهُ مَا فِي السَّمَاوَاتِ وَمَا فِي الأَرْضِ مَن ذَا الَّذِي يَشْفَعُ عِنْدَهُ إِلاَّ بِإِذْنِهِ يَعْلَمُ مَا بَيْنَ أَيْدِيهِمْ وَمَا خَلْفَهُمْ وَلاَ يُحِيطُونَ بِشَيْءٍ مِّنْ عِلْمِهِ إِلاَّ بِمَا شَاء وَسِعَ كُرْسِيُّهُ السَّمَاوَاتِ وَالأَرْضَ وَلاَ يَؤُودُهُ حِفْظُهُمَا وَهُوَ الْعَلِيُّ الْعَظِيمُ﴾']","['আয়াতুল কুরসী:', 'أَعُوذُ بِاللَّهِ مِنَ الشَّيطَانِ الرَّجِيمِ ﴿ اَللّٰهُ لَآ اِلٰهَ اِلَّا ھُوَ ۚ اَلْـحَيُّ الْقَيُّوْمُ ڬ لَا تَاْخُذُهٗ سِـنَةٌ وَّلَا نَوْمٌ ۭ لَهٗ مَا فِي السَّمٰوٰتِ وَمَا فِي الْاَرْضِ ۭ مَنْ ذَا الَّذِيْ يَشْفَعُ عِنْدَهٗٓ اِلَّا بِاِذْنِهٖ ۭ يَعْلَمُ مَا بَيْنَ اَيْدِيْهِمْ وَمَا خَلْفَھُمْ ۚ وَلَا يُحِيْطُوْنَ بِشَيْءٍ مِّنْ عِلْمِهٖٓ اِلَّا بِمَا شَاۗءَ ۚ وَسِعَ كُرْسِـيُّهُ السَّمٰوٰتِ وَالْاَرْضَ ۚ وَلَا يَـــــُٔـــوْدُهٗ حِفْظُهُمَا ۚ وَھُوَ الْعَلِيُّ الْعَظِيْمُ ٢٥٥\u0601 ﴾.', '(আল্লা-হু লা ইলা-হা ইল্লা হুওয়াল হাইয়্যূল কাইয়্যূমু লা তা’খুযুহু সিনাতুঁও ওয়ালা নাউম। লাহূ মা-ফিসসামা-ওয়া-তি ওয়ামা ফিল আরদ্বি। মান যাল্লাযী ইয়াশফা‘উ ‘ইনদাহূ ইল্লা বিইযনিহী। ইয়া‘লামু মা বাইনা আইদীহিম ওয়ামা খালফাহুম। ওয়ালা ইয়ুহীতূনা বিশাইইম মিন্ ইলমিহী ইল্লা বিমা শাআ। ওয়াসি‘আ কুরসিয়্যুহুস সামা-ওয়া-তি ওয়াল আরদ্ব। ওয়ালা ইয়াউদুহূ হিফযুহুমা ওয়া হুয়াল ‘আলিয়্যূল ‘আযীম)।', '“আল্লাহ্, তিনি ছাড়া কোনো সত্য ইলাহ্ নেই। তিনি চিরঞ্জীব, সর্বসত্তার ধারক। তাঁকে তন্দ্রাও স্পর্শ করতে পারে না, নিদ্রাও নয়। আসমানসমূহে যা রয়েছে ও যমীনে যা রয়েছে সবই তাঁর। কে সে, যে তাঁর অনুমতি ব্যতীত তাঁর কাছে সুপারিশ করবে? তাদের সামনে ও পিছনে যা কিছু আছে তা তিনি জানেন। আর যা তিনি ইচ্ছে করেন তা ছাড়া তাঁর জ্ঞানের কোনো কিছুকেই তারা পরিবেষ্টন করতে পারে না। তাঁর ‘কুরসী’ আসমানসমূহ ও যমীনকে পরিব্যাপ্ত করে আছে; আর এ দুটোর রক্ষণাবেক্ষণ তাঁর জন্য বোঝা হয় না। আর তিনি সুউচ্চ সুমহান।”[2]']"
76,27,Chapter: In the morning and evening,أذكار الصباح والمساء,27.0,সকাল ও বিকালের যিক্‌রসমূহ,Bismillāhir-Raḥmānir-Raḥīm. Qul huwallāhu aḥad. Allāhuṣ-ṣamad. Lam yalid wa lam yūlad. Wa lam yakun lahu kufuwan aḥad. Bismillāhir-Raḥmānir-Raḥīm. Qul a`ūdhu birabbil-falaq. Min sharri mā khalaq. Wa min sharri ghāsiqin idhā waqab. Wa min sharrin-naffāthāti fil-`uqad. Wa min sharri ḥāsidin idhā ḥasad. Bismillāhir-Raḥmānir-Raḥīm. Qul a`ūdhu birabbin-nās. Malikin-nās. 'Ilāhin-nās. Min sharri ‘l-waswāsil-khannās. Alladhī yuwaswisu fī ṣudūrin-nās. Minal-jinnati wannās.,"With the Name of Allah, the Most Gracious, the Most Merciful. Say:",,"সূরা ইখলাস, সূরা আল-ফালাক ও সূরা আন-নাস (তিনবার করে পাঠ করবে):[3]",بسم الله الرحمن الرحيم { قُلْ هُوَ اللَّهُ أَحَدٌ * اللَّهُ الصَّمَدُ * لَمْ يَلِدْ وَلَمْ يُولَدْ * لَمْ يَكُن لَّهُ كُفُواً أَحَدٌ } بسم الله الرحمن الرحيم { قُلْ أَعُوذُ بِرَبِّ الْفَلَقِ * مِن شَرِّ مَا خَلَقَ * وَمِن شَرِّ غَاسِقٍ إِذَا وَقَبَ * وَمِن شَرِّ النَّفَّاثَاتِ فِي الْعُقَدِ * وَمِن شَرِّ حَاسِدٍ إِذَا حَسَدَ } بسم الله الرحمن الرحيم { قُلْ أَعُوذُ بِرَبِّ النَّاسِ * مَلِكِ النَّاسِ * إِلَهِ النَّاسِ * مِن شَرِّ الْوَسْوَاسِ الْخَنَّاسِ * الَّذِي يُوَسْوِسُ فِي صُدُورِ النَّاسِ * مِنَ الْجِنَّةِ وَالنَّاسِ } (ثلاث مرات),بِسْمِ اللّٰهِ الرَّحْمٰنِ الرَّحِيْمِ ۝ ﴿قُلْ هُوَ اللّٰهُ اَحَدٌ ۝ۚ اَللّٰهُ الصَّمَدُ ۝ۚ لَمْ يَلِدْ ڏ وَلَمْ يُوْلَدْ ۝ وَلَمْ يَكُنْ لَّهٗ كُفُوًا اَحَدٌ ۝ۧ﴾ بِسْمِ اللّٰهِ الرَّحْمٰنِ الرَّحِيْمِ ۝ ﴿قُلْ اَعُوْذُ بِرَبِّ الْفَلَقِ ۝ مِنْ شَرِّ مَا خَلَقَ ۝ وَمِنْ شَرِّ غَاسِقٍ اِذَا وَقَبَ ۝ وَمِنْ شَرِّ النَّفّٰثٰتِ فِي الْعُقَدِ ۝ وَمِنْ شَرِّ حَاسِدٍ اِذَا حَسَدَ ۝﴾ بِسْمِ اللّٰهِ الرَّحْمٰنِ الرَّحِيْمِ ۝ ﴿قُلْ اَعُوْذُ بِرَبِّ النَّاسِ ۝ مَلِكِ النَّاسِ ۝ اِلٰهِ النَّاسِ ۝ مِنْ شَرِّ الْوَسْوَاسِ ڏ الْخَنَّاسِ ۝ الَّذِيْ يُوَسْوِسُ فِيْ صُدُوْرِ النَّاسِ ۝ مِنَ الْجِنَّةِ وَالنَّاسِ ۝ۧ﴾,"Al-Ikhlas 112:1-4, Al-Falaq 113:1-5, An-Nas 114:1-6. Whoever recites these three times in the morning and in the evening, they will suffice him (as a protection) against everything. The Hadith was reported by Abu Dawud 4/322, and At-Tirmidhi 5/567. See Al-Albani's Sahih At-Tirmidhi 3/182.",,,"বিসমিল্লাহির রাহমানির রাহীম (ক্বুল হুওয়াল্লা-হু আহাদ। আল্লাহুস্ সামাদ। লাম ইয়ালিদ ওয়া লাম ইউলাদ। ওয়া লাম ইয়াকুল্লাহু কুফুওয়ান আহাদ)। রহমান, রহীম আল্লাহর নামে। “বলুন, তিনি আল্লাহ্, এক-অদ্বিতীয়। আল্লাহ্ হচ্ছেন ‘সামাদ’ (তিনি কারো মুখাপেক্ষী নন, সকলেই তাঁর মুখাপেক্ষী)। তিনি কাউকেও জন্ম দেন নি এবং তাঁকেও জন্ম দেয়া হয় নি। আর তাঁর সমতুল্য কেউই নেই।” বিসমিল্লাহির রাহমানির রাহীম (ক্বুল আ‘উযু বিরব্বিল ফালাক্ব। মিন শাররি মা খালাক্ব। ওয়া মিন শাররি গা-সিক্বিন ইযা ওয়াক্বাব। ওয়া মিন শাররিন নাফফা-সা-তি ফিল ‘উক্বাদ। ওয়া মিন শাররি হা-সিদিন ইযা হাসাদ)। রহমান, রহীম আল্লাহর নামে। “বলুন, আমি আশ্রয় প্রার্থনা করছি ঊষার রবের। তিনি যা সৃষ্টি করেছেন তার অনিষ্ট হতে। ‘আর অনিষ্ট হতে রাতের অন্ধকারের, যখন তা গভীর হয়। আর অনিষ্ট হতে সমস্ত নারীদের, যারা গিরায় ফুঁক দেয়। আর অনিষ্ট হতে হিংসুকের, যখন সে হিংসা করে।” বিসমিল্লাহির রাহমানির রাহীম (ক্বুল ‘আউযু বিরাব্বিন্না-স। মালিকিন্না-সি, ইলা-হিন্নাসি, মিন শাররিল ওয়াসওয়া-সিল খান্না-স, আল্লাযি ইউওয়াসউইসু ফী সুদূরিন না-সি, মিনাল জিন্নাতি ওয়ান্না-স।)। রহমান, রহীম আল্লাহর নামে। “বলুন, আমি আশ্রয় প্রার্থনা করছি মানুষের রবের, মানুষের অধিপতির, মানুষের ইলাহের কাছে, আত্মগোপনকারী কুমন্ত্রণাদাতার অনিষ্ট হতে; যে কুমন্ত্রণা দেয় মানুষের অন্তরে, জিনের মধ্য থেকে এবং মানুষের মধ্য থেকে।”",mismatch,0.548,"[""Bismillāhir-Raḥmānir-Raḥīm. Qul huwallāhu aḥad. Allāhuṣ-ṣamad. Lam yalid wa lam yūlad. Wa lam yakun lahu kufuwan aḥad. Bismillāhir-Raḥmānir-Raḥīm. Qul a`ūdhu birabbil-falaq. Min sharri mā khalaq. Wa min sharri ghāsiqin idhā waqab. Wa min sharrin-naffāthāti fil-`uqad. Wa min sharri ḥāsidin idhā ḥasad. Bismillāhir-Raḥmānir-Raḥīm. Qul a`ūdhu birabbin-nās. Malikin-nās. 'Ilāhin-nās. Min sharri ‘l-waswāsil-khannās. Alladhī yuwaswisu fī ṣudūrin-nās. Minal-jinnati wannās."", 'With the Name of Allah, the Most Gracious, the Most Merciful. Say:', ""Al-Ikhlas 112:1-4, Al-Falaq 113:1-5, An-Nas 114:1-6. Whoever recites these three times in the morning and in the evening, they will suffice him (as a protection) against everything. The Hadith was reported by Abu Dawud 4/322, and At-Tirmidhi 5/567. See Al-Albani's Sahih At-Tirmidhi 3/182."", 'بسم الله الرحمن الرحيم { قُلْ هُوَ اللَّهُ أَحَدٌ * اللَّهُ الصَّمَدُ * لَمْ يَلِدْ وَلَمْ يُولَدْ * لَمْ يَكُن لَّهُ كُفُواً أَحَدٌ } بسم الله الرحمن الرحيم { قُلْ أَعُوذُ بِرَبِّ الْفَلَقِ * مِن شَرِّ مَا خَلَقَ * وَمِن شَرِّ غَاسِقٍ إِذَا وَقَبَ * وَمِن شَرِّ النَّفَّاثَاتِ فِي الْعُقَدِ * وَمِن شَرِّ حَاسِدٍ إِذَا حَسَدَ } بسم الله الرحمن الرحيم { قُلْ أَعُوذُ بِرَبِّ النَّاسِ * مَلِكِ النَّاسِ * إِلَهِ النَّاسِ * مِن شَرِّ الْوَسْوَاسِ الْخَنَّاسِ * الَّذِي يُوَسْوِسُ فِي صُدُورِ النَّاسِ * مِنَ الْجِنَّةِ وَالنَّاسِ } (ثلاث مرات)']","['সূরা ইখলাস, সূরা আল-ফালাক ও সূরা আন-নাস (তিনবার করে পাঠ করবে):[3]', 'بِسْمِ اللّٰهِ الرَّحْمٰنِ الرَّحِيْمِ \u06dd ﴿قُلْ هُوَ اللّٰهُ اَحَدٌ \u06ddۚ اَللّٰهُ الصَّمَدُ \u06ddۚ لَمْ يَلِدْ ڏ وَلَمْ يُوْلَدْ \u06dd وَلَمْ يَكُنْ لَّهٗ كُفُوًا اَحَدٌ \u06ddۧ﴾', 'বিসমিল্লাহির রাহমানির রাহীম (ক্বুল হুওয়াল্লা-হু আহাদ। আল্লাহুস্ সামাদ। লাম ইয়ালিদ ওয়া লাম ইউলাদ। ওয়া লাম ইয়াকুল্লাহু কুফুওয়ান আহাদ)।', 'রহমান, রহীম আল্লাহর নামে। “বলুন, তিনি আল্লাহ্, এক-অদ্বিতীয়। আল্লাহ্ হচ্ছেন ‘সামাদ’ (তিনি কারো মুখাপেক্ষী নন, সকলেই তাঁর মুখাপেক্ষী)। তিনি কাউকেও জন্ম দেন নি এবং তাঁকেও জন্ম দেয়া হয় নি। আর তাঁর সমতুল্য কেউই নেই।”', 'بِسْمِ اللّٰهِ الرَّحْمٰنِ الرَّحِيْمِ \u06dd ﴿قُلْ اَعُوْذُ بِرَبِّ الْفَلَقِ \u06dd مِنْ شَرِّ مَا خَلَقَ \u06dd وَمِنْ شَرِّ غَاسِقٍ اِذَا وَقَبَ \u06dd وَمِنْ شَرِّ النَّفّٰثٰتِ فِي الْعُقَدِ \u06dd وَمِنْ شَرِّ حَاسِدٍ اِذَا حَسَدَ \u06dd﴾', 'বিসমিল্লাহির রাহমানির রাহীম (ক্বুল আ‘উযু বিরব্বিল ফালাক্ব। মিন শাররি মা খালাক্ব। ওয়া মিন শাররি গা-সিক্বিন ইযা ওয়াক্বাব। ওয়া মিন শাররিন নাফফা-সা-তি ফিল ‘উক্বাদ। ওয়া মিন শাররি হা-সিদিন ইযা হাসাদ)।', 'রহমান, রহীম আল্লাহর নামে। “বলুন, আমি আশ্রয় প্রার্থনা করছি ঊষার রবের। তিনি যা সৃষ্টি করেছেন তার অনিষ্ট হতে। ‘আর অনিষ্ট হতে রাতের অন্ধকারের, যখন তা গভীর হয়। আর অনিষ্ট হতে সমস্ত নারীদের, যারা গিরায় ফুঁক দেয়। আর অনিষ্ট হতে হিংসুকের, যখন সে হিংসা করে।”', 'بِسْمِ اللّٰهِ الرَّحْمٰنِ الرَّحِيْمِ \u06dd ﴿قُلْ اَعُوْذُ بِرَبِّ النَّاسِ \u06dd مَلِكِ النَّاسِ \u06dd اِلٰهِ النَّاسِ \u06dd مِنْ شَرِّ الْوَسْوَاسِ ڏ الْخَنَّاسِ \u06dd الَّذِيْ يُوَسْوِسُ فِيْ صُدُوْرِ النَّاسِ \u06dd مِنَ الْجِنَّةِ وَالنَّاسِ \u06ddۧ﴾', 'বিসমিল্লাহির রাহমানির রাহীম (ক্বুল ‘আউযু বিরাব্বিন্না-স। মালিকিন্না-সি, ইলা-হিন্নাসি, মিন শাররিল ওয়াসওয়া-সিল খান্না-স, আল্লাযি ইউওয়াসউইসু ফী সুদূরিন না-সি, মিনাল জিন্নাতি ওয়ান্না-স।)।', 'রহমান, রহীম আল্লাহর নামে। “বলুন, আমি আশ্রয় প্রার্থনা করছি মানুষের রবের, মানুষের অধিপতির, মানুষের ইলাহের কাছে, আত্মগোপনকারী কুমন্ত্রণাদাতার অনিষ্ট হতে; যে কুমন্ত্রণা দেয় মানুষের অন্তরে, জিনের মধ্য থেকে এবং মানুষের মধ্য থেকে।”']"
77,27,Chapter: In the morning and evening,أذكار الصباح والمساء,27.0,সকাল ও বিকালের যিক্‌রসমূহ,"Aṣbaḥnā wa aṣbaḥal-mulku lillāh, walḥamdu lillāh, lā ilāha illallāhu waḥdahu lā sharīka lah, lahul-mulku wa lahul-ḥamd, wa huwa `alā kulli shay'in Qadīr. Rabbi as'aluka khayra mā fī hādha ‘l-yawmi wa khayra mā ba`dahu wa a`ūdhu bika min sharri mā fī hātha ‘l-yawmi wa sharri mā ba`dahu, Rabbi a`ūdhu bika minal-kasali, wa sū'il-kibar, Rabbi a`ūdhu bika min `adhābin fin-nāri wa `adhābin fil-qabr.","We have entered a new day 1 and with it all dominion is Allah's. Praise is to Allah. None has the right to be worshipped but Allah alone, Who has no partner. To Allah belongs the dominion, and to Him is the praise and He is Able to do all things. My Lord, I ask You for the goodness of this day and of the days that come after it, and I seek refuge in You from the evil of this day and of the days that come after it.2 My Lord, I seek refuge in You from laziness and helpless old age. My Lord, I seek refuge in You from the punishment of Hell-fire, and from the punishment of the grave.3","আসবাহ্‌না ওয়া আসবাহাল মুলকু লিল্লাহি[4] ওয়ালহাম্‌দু লিল্লাহি, লা ইলা-হা ইল্লাল্লা-হু ওয়াহ্‌দাহু লা শারীকা লাহু, লাহুল মুলকু ওয়া লাহুল হামদু, ওয়াহুয়া আলা কুল্লি শাই’ইন ক্বাদীর। রব্বি আস্আলুকা খাইরা মা ফী হা-যাল ইয়াউমি ওয়া খাইরা মা বা‘দাহু, ওয়া আ‘ঊযু বিকা মিন শাররি মা ফী হা-যাল ইয়াউমি ওয়া শাররি মা বা‘দাহু।[5] রব্বি আঊযু বিকা মিনাল কাসালি ওয়া সূইল-কিবারি। রবিব আ‘ঊযু বিকা মিন ‘আযাবিন ফিন্না-রি ওয়া আযাবিন্ ফিল ক্বাবরি","“আমরা সকালে উপনীত হয়েছি, অনুরূপ যাবতীয় রাজত্বও সকালে উপনীত হয়েছে, আল্লাহ্‌র জন্য। সমুদয় প্রশংসা আল্লাহ্‌র জন্য। একমাত্র আল্লাহ ছাড়া কোনো হক্ব ইলাহ নেই, তাঁর কোনো শরীক নেই। রাজত্ব তাঁরই এবং প্রশংসাও তাঁর, আর তিনি সকল কিছুর উপর ক্ষমতাবান।",أَصْبَحْنَا وَأَصْبَحَ الْمُلْكُ لِلَّهِ وَالْحَمْدُ لِلَّهِ، لاَ إِلَهَ إلاَّ اللَّهُ وَحْدَهُ لاَ شَرِيكَ لَهُ، لَهُ الْمُلْكُ وَلَهُ الْحَمْدُ وَهُوَ عَلَى كُلِّ شَيْءٍ قَدِيرٌ، رَبِّ أَسْأَلُكَ خَيْرَ مَا فِي هَذَا الْيَوْمِ وَخَيرَ مَا بَعْدَهُ، وَأَعُوذُ بِكَ مِنْ شَرِّ مَا فِي هَذَا الْيَوْمِ وَشَرِّ مَا بَعْدَهُ، رَبِّ أَعُوذُ بِكَ مِنَ الْكَسَلِ وَسُوءِ الْكِبَرِ، رَبِّ أَعُوذُ بِكَ مِنْ عَذَابٍ فِي النَّارِ وَعَذَابٍ فِي القَـبْر.,«أَصْبَحْنَا وَأَصْبَحَ الْمُلْكُ لِلَّهِ، وَالْحَمْدُ لِلَّهِ، لاَ إِلَهَ إلاَّ اللَّهُ وَحْدَهُ لاَ شَرِيكَ لَهُ، لَهُ الْمُلْكُ وَلَهُ الْحَمْدُ وَهُوَ عَلَى كُلِّ شَيْءٍ قَدِيرٌ، رَبِّ أَسْأَلُكَ خَيْرَ مَا فِي هَذَا الْيَوْمِ وَخَيرَ مَا بَعْدَهُ، وَأَعُوذُ بِكَ مِنْ شَرِّ مَا فِي هَذَا الْيَوْمِ وَشَرِّ مَا بَعْدَهُ، رَبِّ أَعُوذُ بِكَ مِنَ الْكَسَلِ وَسُوءِ الْكِبَرِ، رَبِّ أَعُوذُ بِكَ مِنْ عَذَابٍ فِي النَّارِ وَعَذَابٍ فِي الْقَبْرِ».,"1 When you say this in the evening you should say Amsaynā wa amsal-mulku lillāh: ""We have ended another day and with it, all dominion is Allah's. 2 When you say this in the evening you should say: Rabbi as'aluka khayra mā fī hāthihil-laylati, wa khayra mā ba`dahā, wa a`ūthu bika min sharri mā fī hāthihil-laylati wa sharri mā ba`dahā: ""I ask You for the good things of this night and of the nights that come after it and I seek refuge in You from the evil of this night and of the nights that come after it."" 3 Muslim 4/2088.",,,"হে রব্ব! এই দিনের মাঝে এবং এর পরে যা কিছু কল্যাণ আছে আমি আপনার নিকট তা প্রার্থনা করি। আর এই দিনের মাঝে এবং এর পরে যা কিছু অকল্যাণ আছে, তা থেকে আমি আপনার আশ্রয় চাই। হে রব্ব! আমি আপনার কাছে আশ্রয় চাই অলসতা ও খারাপ বার্ধক্য থেকে। হে রব্ব! আমি আপনার কাছে আশ্রয় চাই জাহান্নামে আযাব হওয়া থেকে এবং কবরে আযাব হওয়া থেকে।”[6]",exact_match,1.0,"[""Aṣbaḥnā wa aṣbaḥal-mulku lillāh, walḥamdu lillāh, lā ilāha illallāhu waḥdahu lā sharīka lah, lahul-mulku wa lahul-ḥamd, wa huwa `alā kulli shay'in Qadīr. Rabbi as'aluka khayra mā fī hādha ‘l-yawmi wa khayra mā ba`dahu wa a`ūdhu bika min sharri mā fī hātha ‘l-yawmi wa sharri mā ba`dahu, Rabbi a`ūdhu bika minal-kasali, wa sū'il-kibar, Rabbi a`ūdhu bika min `adhābin fin-nāri wa `adhābin fil-qabr."", ""We have entered a new day 1 and with it all dominion is Allah's. Praise is to Allah. None has the right to be worshipped but Allah alone, Who has no partner. To Allah belongs the dominion, and to Him is the praise and He is Able to do all things. My Lord, I ask You for the goodness of this day and of the days that come after it, and I seek refuge in You from the evil of this day and of the days that come after it.2 My Lord, I seek refuge in You from laziness and helpless old age. My Lord, I seek refuge in You from the punishment of Hell-fire, and from the punishment of the grave.3"", '1 When you say this in the evening you should say Amsaynā wa amsal-mulku lillāh: ""We have ended another day and with it, all dominion is Allah\'s. 2 When you say this in the evening you should say: Rabbi as\'aluka khayra mā fī hāthihil-laylati, wa khayra mā ba`dahā, wa a`ūthu bika min sharri mā fī hāthihil-laylati wa sharri mā ba`dahā: ""I ask You for the good things of this night and of the nights that come after it and I seek refuge in You from the evil of this night and of the nights that come after it."" 3 Muslim 4/2088.', 'أَصْبَحْنَا وَأَصْبَحَ الْمُلْكُ لِلَّهِ وَالْحَمْدُ لِلَّهِ، لاَ إِلَهَ إلاَّ اللَّهُ وَحْدَهُ لاَ شَرِيكَ لَهُ، لَهُ الْمُلْكُ وَلَهُ الْحَمْدُ وَهُوَ عَلَى كُلِّ شَيْءٍ قَدِيرٌ، رَبِّ أَسْأَلُكَ خَيْرَ مَا فِي هَذَا الْيَوْمِ وَخَيرَ مَا بَعْدَهُ، وَأَعُوذُ بِكَ مِنْ شَرِّ مَا فِي هَذَا الْيَوْمِ وَشَرِّ مَا بَعْدَهُ، رَبِّ أَعُوذُ بِكَ مِنَ الْكَسَلِ وَسُوءِ الْكِبَرِ، رَبِّ أَعُوذُ بِكَ مِنْ عَذَابٍ فِي النَّارِ وَعَذَابٍ فِي القَـبْر.']","['«أَصْبَحْنَا وَأَصْبَحَ الْمُلْكُ لِلَّهِ، وَالْحَمْدُ لِلَّهِ، لاَ إِلَهَ إلاَّ اللَّهُ وَحْدَهُ لاَ شَرِيكَ لَهُ، لَهُ الْمُلْكُ وَلَهُ الْحَمْدُ وَهُوَ عَلَى كُلِّ شَيْءٍ قَدِيرٌ، رَبِّ أَسْأَلُكَ خَيْرَ مَا فِي هَذَا الْيَوْمِ وَخَيرَ مَا بَعْدَهُ، وَأَعُوذُ بِكَ مِنْ شَرِّ مَا فِي هَذَا الْيَوْمِ وَشَرِّ مَا بَعْدَهُ، رَبِّ أَعُوذُ بِكَ مِنَ الْكَسَلِ وَسُوءِ الْكِبَرِ، رَبِّ أَعُوذُ بِكَ مِنْ عَذَابٍ فِي النَّارِ وَعَذَابٍ فِي الْقَبْرِ».', '(আসবাহ্\u200cনা ওয়া আসবাহাল মুলকু লিল্লাহি[4] ওয়ালহাম্\u200cদু লিল্লাহি, লা ইলা-হা ইল্লাল্লা-হু ওয়াহ্\u200cদাহু লা শারীকা লাহু, লাহুল মুলকু ওয়া লাহুল হামদু, ওয়াহুয়া আলা কুল্লি শাই’ইন ক্বাদীর। রব্বি আস্আলুকা খাইরা মা ফী হা-যাল ইয়াউমি ওয়া খাইরা মা বা‘দাহু, ওয়া আ‘ঊযু বিকা মিন শাররি মা ফী হা-যাল ইয়াউমি ওয়া শাররি মা বা‘দাহু।[5] রব্বি আঊযু বিকা মিনাল কাসালি ওয়া সূইল-কিবারি। রবিব আ‘ঊযু বিকা মিন ‘আযাবিন ফিন্না-রি ওয়া আযাবিন্ ফিল ক্বাবরি)।', '“আমরা সকালে উপনীত হয়েছি, অনুরূপ যাবতীয় রাজত্বও সকালে উপনীত হয়েছে, আল্লাহ্\u200cর জন্য। সমুদয় প্রশংসা আল্লাহ্\u200cর জন্য। একমাত্র আল্লাহ ছাড়া কোনো হক্ব ইলাহ নেই, তাঁর কোনো শরীক নেই। রাজত্ব তাঁরই এবং প্রশংসাও তাঁর, আর তিনি সকল কিছুর উপর ক্ষমতাবান।', 'হে রব্ব! এই দিনের মাঝে এবং এর পরে যা কিছু কল্যাণ আছে আমি আপনার নিকট তা প্রার্থনা করি। আর এই দিনের মাঝে এবং এর পরে যা কিছু অকল্যাণ আছে, তা থেকে আমি আপনার আশ্রয় চাই।', 'হে রব্ব! আমি আপনার কাছে আশ্রয় চাই অলসতা ও খারাপ বার্ধক্য থেকে। হে রব্ব! আমি আপনার কাছে আশ্রয় চাই জাহান্নামে আযাব হওয়া থেকে এবং কবরে আযাব হওয়া থেকে।”[6]']"
78,27,Chapter: In the morning and evening,أذكار الصباح والمساء,27.0,সকাল ও বিকালের যিক্‌রসমূহ,"Allāhumma bika aṣbaḥnā, wa bika amsaynā, wa bika naḥyā, wa bika namūt, wa ilaykan-nushūr. When you say this in the evening you should say:","O Allah, by You we enter the morning and by You we enter the evening, by You we live and by You we die, and to You is the Final Return. O Allah, You bring us the end of the day as You bring us its beginning, You bring us life and you bring us death, and to You is our fate.","আল্লা-হুম্মা বিকা আসবাহ্‌না ওয়াবিকা আমসাইনা ওয়াবিকা নাহ্‌ইয়া, ওয়াবিকা নামূতু ওয়া ইলাইকান নুশূর","“হে আল্লাহ! আমরা আপনার জন্য সকালে উপনীত হয়েছি এবং আপনারই জন্য আমরা বিকালে উপনীত হয়েছি। আর আপনার দ্বারা আমরা জীবিত থাকি, আপনার দ্বারাই আমরা মারা যাব; আর আপনার দিকেই উত্থিত হব।”[8]",اللّهُـمَّ بِكَ أَصْـبَحْنا وَبِكَ أَمْسَـينا وَبِكَ نَحْـيا وَبِكَ نَمـوتُ وَإِلَـيْكَ النِّـشور وإذا أمسي فليقل : اللهم بك أمسينا وبك أصبحنا وبك نحيا وبك نموت وإليك المصير,«اللَّهُمَّ بِكَ أَصْبَحْنَا، وَبِكَ أَمْسَيْنَا، وَبِكَ نَحْيَا، وَبِكَ نَمُوتُ وَإِلَيْكَ النُّشُورُ».,Sahih At-Tirmidhi 3/142.',,,,mismatch,0.6064,"['Allāhumma bika aṣbaḥnā, wa bika amsaynā, wa bika naḥyā, wa bika namūt, wa ilaykan-nushūr. When you say this in the evening you should say:', 'O Allah, by You we enter the morning and by You we enter the evening, by You we live and by You we die, and to You is the Final Return. O Allah, You bring us the end of the day as You bring us its beginning, You bring us life and you bring us death, and to You is our fate.', ""Sahih At-Tirmidhi 3/142.'"", 'اللّهُـمَّ بِكَ أَصْـبَحْنا وَبِكَ أَمْسَـينا وَبِكَ نَحْـيا وَبِكَ نَمـوتُ وَإِلَـيْكَ النِّـشور وإذا أمسي فليقل : اللهم بك أمسينا وبك أصبحنا وبك نحيا وبك نموت وإليك المصير']","['«اللَّهُمَّ بِكَ أَصْبَحْنَا، وَبِكَ أَمْسَيْنَا، وَبِكَ نَحْيَا، وَبِكَ نَمُوتُ وَإِلَيْكَ النُّشُورُ».', '(আল্লা-হুম্মা বিকা আসবাহ্\u200cনা ওয়াবিকা আমসাইনা ওয়াবিকা নাহ্\u200cইয়া, ওয়াবিকা নামূতু ওয়া ইলাইকান নুশূর) [7]।', '“হে আল্লাহ! আমরা আপনার জন্য সকালে উপনীত হয়েছি এবং আপনারই জন্য আমরা বিকালে উপনীত হয়েছি। আর আপনার দ্বারা আমরা জীবিত থাকি, আপনার দ্বারাই আমরা মারা যাব; আর আপনার দিকেই উত্থিত হব।”[8]']"
79,27,Chapter: In the morning and evening,أذكار الصباح والمساء,27.0,সকাল ও বিকালের যিক্‌রসমূহ,"Allāhumma anta Rabbī lā ilāha illā ant, khalaqtanī wa anā `abduk, wa anā `alā `ahdika wa wa`dika mastaṭa`t, a`ūdhu bika min sharri mā ṣana`t, abū'u laka bi ni`matika `alay, wa abū'u bidhanbī faghfir lī fa'innahu lā yaghfirudh-dhunūba illā ant.","O Allah, You are my Lord, there is none worthy of worship but You. You created me and I am your slave. I keep Your covenant, and my pledge to You so far as I am able. I seek refuge in You from the evil of what I have done. I admit to Your blessings upon me, and I admit to my misdeeds. Forgive me, for there is none who may forgive sins but You.","আল্লা-হুম্মা আনতা রব্বী লা ইলা-হা ইল্লা আনতা খলাক্বতানী ওয়া আনা ‘আব্দুকা, ওয়া আনা ‘আলা ‘আহদিকা ওয়া ওয়া‘দিকা মাস্তাত্বা‘তু। আ‘উযু বিকা মিন শাররি মা সানা‘তু, আবূউ[9] লাকা বিনি‘মাতিকা ‘আলাইয়্যা, ওয়া আবূউ বিযাম্বী। ফাগফির লী, ফাইন্নাহূ লা ইয়াগফিরুয যুনূবা ইল্লা আনতা","“হে আল্লাহ্‌! আপনি আমার রব্ব, আপনি ছাড়া আর কোনো হক্ব ইলাহ নেই। আপনি আমাকে সৃষ্টি করেছেন এবং আমি আপনার বান্দা। আর আমি আমার সাধ্য মতো আপনার (তাওহীদের) অঙ্গীকার ও (জান্নাতের) প্রতিশ্রুতির উপর রয়েছি। আমি আমার কৃতকর্মের অনিষ্ট থেকে আপনার আশ্রয় চাই। আপনি আমাকে আপনার যে নিয়ামত দিয়েছেন তা আমি স্বীকার করছি, আর আমি স্বীকার করছি আমার অপরাধ। অতএব আপনি আমাকে মাফ করুন। নিশ্চয় আপনি ছাড়া আর কেউ গুনাহসমূহ মাফ করে না।”[10]",اللّهـمَّ أَنْتَ رَبِّـي لا إلهَ إلاّ أَنْتَ خَلَقْتَنـي وَأَنا عَبْـدُك وَأَنا عَلـى عَهْـدِكَ وَوَعْـدِكَ ما اسْتَـطَعْـت أَعـوذُ بِكَ مِنْ شَـرِّ ما صَنَـعْت أَبـوءُ لَـكَ بِنِعْـمَتِـكَ عَلَـيَّ وَأَبـوءُ بِذَنْـبي فَاغْفـِرْ لي فَإِنَّـهُ لا يَغْـفِرُ الذُّنـوبَ إِلاّ أَنْتَ,«اللَّهُمَّ أَنْتَ رَبِّي لَا إِلَهَ إِلاَّ أَنْتَ، خَلَقْتَنِي وَأَنَا عَبْدُكَ، وَأَنَا عَلَى عَهْدِكَ وَوَعْدِكَ مَا اسْتَطَعْتُ، أَعُوذُ بِكَ مِنْ شَرِّ مَا صَنَعْتُ، أَبُوءُ لَكَ بِنِعْمَتِكَ عَلَيَّ، وَأَبُوءُ بِذَنْبِي فَاغْفِرْ لِي فَإِنَّهُ لاَ يَغْفِرُ الذُّنوبَ إِلاَّ أَنْتَ».,"Whoever recites this with conviction in the evening and dies during that night shall enter Paradise, and whoever recites it with conviction in the morning and dies during that day shall enter Paradise, Al-Bukhari 7/150. Other reports are in An-Nasa'i and At-Tirmidhi.",,,[সাইয়েদুল ইস্তেগফার:],exact_match,1.0,"[""Allāhumma anta Rabbī lā ilāha illā ant, khalaqtanī wa anā `abduk, wa anā `alā `ahdika wa wa`dika mastaṭa`t, a`ūdhu bika min sharri mā ṣana`t, abū'u laka bi ni`matika `alay, wa abū'u bidhanbī faghfir lī fa'innahu lā yaghfirudh-dhunūba illā ant."", 'O Allah, You are my Lord, there is none worthy of worship but You. You created me and I am your slave. I keep Your covenant, and my pledge to You so far as I am able. I seek refuge in You from the evil of what I have done. I admit to Your blessings upon me, and I admit to my misdeeds. Forgive me, for there is none who may forgive sins but You.', ""Whoever recites this with conviction in the evening and dies during that night shall enter Paradise, and whoever recites it with conviction in the morning and dies during that day shall enter Paradise, Al-Bukhari 7/150. Other reports are in An-Nasa'i and At-Tirmidhi."", 'اللّهـمَّ أَنْتَ رَبِّـي لا إلهَ إلاّ أَنْتَ خَلَقْتَنـي وَأَنا عَبْـدُك وَأَنا عَلـى عَهْـدِكَ وَوَعْـدِكَ ما اسْتَـطَعْـت أَعـوذُ بِكَ مِنْ شَـرِّ ما صَنَـعْت أَبـوءُ لَـكَ بِنِعْـمَتِـكَ عَلَـيَّ وَأَبـوءُ بِذَنْـبي فَاغْفـِرْ لي فَإِنَّـهُ لا يَغْـفِرُ الذُّنـوبَ إِلاّ أَنْتَ']","['[সাইয়েদুল ইস্তেগফার:]', '«اللَّهُمَّ أَنْتَ رَبِّي لَا إِلَهَ إِلاَّ أَنْتَ، خَلَقْتَنِي وَأَنَا عَبْدُكَ، وَأَنَا عَلَى عَهْدِكَ وَوَعْدِكَ مَا اسْتَطَعْتُ، أَعُوذُ بِكَ مِنْ شَرِّ مَا صَنَعْتُ، أَبُوءُ لَكَ بِنِعْمَتِكَ عَلَيَّ، وَأَبُوءُ بِذَنْبِي فَاغْفِرْ لِي فَإِنَّهُ لاَ يَغْفِرُ الذُّنوبَ إِلاَّ أَنْتَ».', '(আল্লা-হুম্মা আনতা রব্বী লা ইলা-হা ইল্লা আনতা খলাক্বতানী ওয়া আনা ‘আব্দুকা, ওয়া আনা ‘আলা ‘আহদিকা ওয়া ওয়া‘দিকা মাস্তাত্বা‘তু। আ‘উযু বিকা মিন শাররি মা সানা‘তু, আবূউ[9] লাকা বিনি‘মাতিকা ‘আলাইয়্যা, ওয়া আবূউ বিযাম্বী। ফাগফির লী, ফাইন্নাহূ লা ইয়াগফিরুয যুনূবা ইল্লা আনতা)।', '“হে আল্লাহ্\u200c! আপনি আমার রব্ব, আপনি ছাড়া আর কোনো হক্ব ইলাহ নেই। আপনি আমাকে সৃষ্টি করেছেন এবং আমি আপনার বান্দা। আর আমি আমার সাধ্য মতো আপনার (তাওহীদের) অঙ্গীকার ও (জান্নাতের) প্রতিশ্রুতির উপর রয়েছি। আমি আমার কৃতকর্মের অনিষ্ট থেকে আপনার আশ্রয় চাই। আপনি আমাকে আপনার যে নিয়ামত দিয়েছেন তা আমি স্বীকার করছি, আর আমি স্বীকার করছি আমার অপরাধ। অতএব আপনি আমাকে মাফ করুন। নিশ্চয় আপনি ছাড়া আর কেউ গুনাহসমূহ মাফ করে না।”[10]']"
80,27,Chapter: In the morning and evening,أذكار الصباح والمساء,27.0,সকাল ও বিকালের যিক্‌রসমূহ,"Allāhumma innī aṣbaḥtu ush-hiduka wa ush-hidu ḥamalata `arshik, wa malā'ikataka wajamī`a khalqik, annaka antallāhu lā ilāha illā ant, waḥdaka lā sharīka lak, wa anna Muḥammadan `abduka wa rasūluk.","O Allah, I have entered a new morning 1 and call upon You and upon the bearers of Your Throne, upon Your angels and all creation to bear witness that surely You are Allah, there is none worthy of worship but You alone, You have no partners, and that Muhammad is Your slave and Your Messenger. (Recite four times in Arabic.) 2","আল্লা-হুম্মা ইন্নী আসবাহ্‌তু[11] উশহিদুকা ওয়া উশহিদু হামালাতা ‘আরশিকা ওয়া মালা-ইকাতিকা ওয়া জামী‘আ খালক্বিকা, আন্নাকা আনতাল্লা-হু লা ইলা-হা ইল্লা আনতা ওয়াহ্‌দাকা লা শারীকা লাকা, ওয়া আন্না মুহাম্মাদান আব্দুকা ওয়া রাসূলুকা","“হে আল্লাহ! আমি সকালে উপনীত হয়েছি। আপনাকে আমি সাক্ষী রাখছি, আরও সাক্ষী রাখছি আপনার ‘আরশ বহনকারীদেরকে, আপনার ফেরেশতাগণকে ও আপনার সকল সৃষ্টিকে, (এর উপর) যে— নিশ্চয় আপনিই আল্লাহ, একমাত্র আপনি ছাড়া আর কোনো হক্ব ইলাহ নেই, আপনার কোনো শরীক নেই; আর মুহাম্মাদ সাল্লাল্লাহু আলাইহি ওয়াসাল্লাম আপনার বান্দা ও রাসূল।” (৪ বার)[12]",اللّهُـمَّ إِنِّـي أَصْبَـحْتُ أَُشْـهِدُك ، وَأُشْـهِدُ حَمَلَـةَ عَـرْشِـك ، وَمَلائِكَتِك ، وَجَمـيعَ خَلْـقِك ، أَنَّـكَ أَنْـتَ اللهُ لا إلهَ إلاّ أَنْـتَ وَحْـدَكَ لا شَريكَ لَـك ، وَأَنَّ ُ مُحَمّـداً عَبْـدُكَ وَرَسـولُـك . (أربع مرات حينَ يصْبِح أوْ يمسي),«اللَّهُمَّ إِنِّي أَصْبَحْتُ أُشْهِدُكَ، وَأُشْهِدُ حَمَلَةَ عَرْشِكَ، وَمَلاَئِكَتِكَ، وَجَمِيعَ خَلْقِكَ، أَنَّكَ أَنْتَ اللَّهُ لَا إِلَهَ إِلاَّ أَنْتَ وَحْدَكَ لاَ شَرِيكَ لَكَ، وَأَنَّ مُحَمَّداً عَبْدُكَ وَرَسُولُكَ» (৪ বার).,"1 When you say this in the evening you should say, Allāhumma innī amsaytu. . . .: ""O Allah, I have ended another day..."" 2 ""Allah will spare whoever says this four times in the morning or evening from the fire of Hell."" Abu Dawud 4/317. It was also reported by Al-Bukhari in Al-'Adab Al-Mufrad, An-Nasa'i in 'Amalul-Yawm wal-Laylah and Ibn As-Sunni. Nasa'i's and Abu Dawud's chains of transmission are good (Hasan), Ibn Baz, p. 23.",,,,mismatch,0.8961,"[""Allāhumma innī aṣbaḥtu ush-hiduka wa ush-hidu ḥamalata `arshik, wa malā'ikataka wajamī`a khalqik, annaka antallāhu lā ilāha illā ant, waḥdaka lā sharīka lak, wa anna Muḥammadan `abduka wa rasūluk."", 'O Allah, I have entered a new morning 1 and call upon You and upon the bearers of Your Throne, upon Your angels and all creation to bear witness that surely You are Allah, there is none worthy of worship but You alone, You have no partners, and that Muhammad is Your slave and Your Messenger. (Recite four times in Arabic.) 2', '1 When you say this in the evening you should say, Allāhumma innī amsaytu. . . .: ""O Allah, I have ended another day..."" 2 ""Allah will spare whoever says this four times in the morning or evening from the fire of Hell."" Abu Dawud 4/317. It was also reported by Al-Bukhari in Al-\'Adab Al-Mufrad, An-Nasa\'i in \'Amalul-Yawm wal-Laylah and Ibn As-Sunni. Nasa\'i\'s and Abu Dawud\'s chains of transmission are good (Hasan), Ibn Baz, p. 23.', 'اللّهُـمَّ إِنِّـي أَصْبَـحْتُ أَُشْـهِدُك ، وَأُشْـهِدُ حَمَلَـةَ عَـرْشِـك ، وَمَلائِكَتِك ، وَجَمـيعَ خَلْـقِك ، أَنَّـكَ أَنْـتَ اللهُ لا إلهَ إلاّ أَنْـتَ وَحْـدَكَ لا شَريكَ لَـك ، وَأَنَّ ُ مُحَمّـداً عَبْـدُكَ وَرَسـولُـك . (أربع مرات حينَ يصْبِح أوْ يمسي)']","['«اللَّهُمَّ إِنِّي أَصْبَحْتُ أُشْهِدُكَ، وَأُشْهِدُ حَمَلَةَ عَرْشِكَ، وَمَلاَئِكَتِكَ، وَجَمِيعَ خَلْقِكَ، أَنَّكَ أَنْتَ اللَّهُ لَا إِلَهَ إِلاَّ أَنْتَ وَحْدَكَ لاَ شَرِيكَ لَكَ، وَأَنَّ مُحَمَّداً عَبْدُكَ وَرَسُولُكَ» (৪ বার).', '(আল্লা-হুম্মা ইন্নী আসবাহ্\u200cতু[11] উশহিদুকা ওয়া উশহিদু হামালাতা ‘আরশিকা ওয়া মালা-ইকাতিকা ওয়া জামী‘আ খালক্বিকা, আন্নাকা আনতাল্লা-হু লা ইলা-হা ইল্লা আনতা ওয়াহ্\u200cদাকা লা শারীকা লাকা, ওয়া আন্না মুহাম্মাদান আব্দুকা ওয়া রাসূলুকা) [৪ বার]', '“হে আল্লাহ! আমি সকালে উপনীত হয়েছি। আপনাকে আমি সাক্ষী রাখছি, আরও সাক্ষী রাখছি আপনার ‘আরশ বহনকারীদেরকে, আপনার ফেরেশতাগণকে ও আপনার সকল সৃষ্টিকে, (এর উপর) যে— নিশ্চয় আপনিই আল্লাহ, একমাত্র আপনি ছাড়া আর কোনো হক্ব ইলাহ নেই, আপনার কোনো শরীক নেই; আর মুহাম্মাদ সাল্লাল্লাহু আলাইহি ওয়াসাল্লাম আপনার বান্দা ও রাসূল।” (৪ বার)[12]']"
81,27,Chapter: In the morning and evening,أذكار الصباح والمساء,27.0,সকাল ও বিকালের যিক্‌রসমূহ,"Allāhumma mā aṣbaha bī min ni`matin aw bi aḥadin min khalqik, fa minka waḥdaka lā sharīka lak, falaka ‘l-ḥamdu wa lakash-shukr.","O Allah, whatever blessing has been received by me or anyone of Your creation 1 is from You alone, You have no partner. All praise is for you and thanks is to You. 2","আল্লা-হুম্মা মা আসবাহা বী[13] মিন নি‘মাতিন আউ বিআহাদিন মিন খালক্বিকা ফামিনকা ওয়াহ্‌দাকা লা শারীকা লাকা, ফালাকাল হাম্‌দু ওয়ালাকাশ্ শুক্‌রু","“হে আল্লাহ! যে নেয়ামত আমার সাথে সকালে উপনীত হয়েছে, অথবা আপনার সৃষ্টির অন্য কারও সাথে; এসব নেয়ামত কেবলমাত্র আপনার নিকট থেকেই; আপনার কোনো শরীক নেই। সুতরাং সকল প্রশংসা আপনারই। আর সকল কৃতজ্ঞতা আপনারই প্রাপ্য।”[14]",اللّهُـمَّ ما أَصْبَـَحَ بي مِـنْ نِعْـمَةٍ أَو بِأَحَـدٍ مِـنْ خَلْـقِك ، فَمِـنْكَ وَحْـدَكَ لا شريكَ لَـك ، فَلَـكَ الْحَمْـدُ وَلَـكَ الشُّكْـر,«اللَّهُمَّ مَا أَصْبَحَ بِي مِنْ نِعْمَةٍ أَوْ بِأَحَدٍ مِنْ خَلْقِكَ فَمِنْكَ وَحْدَكَ لاَ شَرِيكَ لَكَ، فَلَكَ الْحَمْدُ وَلَكَ الشُّكْرُ».,"1 When you say this in the evening, you should say: Allāhumma mā 'amsā bī...: ""O Allah, as I... enter this evening..."" 2 Whoever recites this in the morning, has completed his obligation to thank Allah for that day; and whoever says it in the evening, has completed his obligation for that night. Abu Dawud 4/318, An-Nasa'i 'Amalul-Yawm wal-Laylah (no. 7), Ibn As-Sunni (no. 41), Ibn Hibban (no. 2361). Its chain of transmission is good (Hasan), Ibn Baz, p. 24.",,,,exact_match,1.0,"['Allāhumma mā aṣbaha bī min ni`matin aw bi aḥadin min khalqik, fa minka waḥdaka lā sharīka lak, falaka ‘l-ḥamdu wa lakash-shukr.', 'O Allah, whatever blessing has been received by me or anyone of Your creation 1 is from You alone, You have no partner. All praise is for you and thanks is to You. 2', '1 When you say this in the evening, you should say: Allāhumma mā \'amsā bī...: ""O Allah, as I... enter this evening..."" 2 Whoever recites this in the morning, has completed his obligation to thank Allah for that day; and whoever says it in the evening, has completed his obligation for that night. Abu Dawud 4/318, An-Nasa\'i \'Amalul-Yawm wal-Laylah (no. 7), Ibn As-Sunni (no. 41), Ibn Hibban (no. 2361). Its chain of transmission is good (Hasan), Ibn Baz, p. 24.', 'اللّهُـمَّ ما أَصْبَـَحَ بي مِـنْ نِعْـمَةٍ أَو بِأَحَـدٍ مِـنْ خَلْـقِك ، فَمِـنْكَ وَحْـدَكَ لا شريكَ لَـك ، فَلَـكَ الْحَمْـدُ وَلَـكَ الشُّكْـر']","['«اللَّهُمَّ مَا أَصْبَحَ بِي مِنْ نِعْمَةٍ أَوْ بِأَحَدٍ مِنْ خَلْقِكَ فَمِنْكَ وَحْدَكَ لاَ شَرِيكَ لَكَ، فَلَكَ الْحَمْدُ وَلَكَ الشُّكْرُ».', '(আল্লা-হুম্মা মা আসবাহা বী[13] মিন নি‘মাতিন আউ বিআহাদিন মিন খালক্বিকা ফামিনকা ওয়াহ্\u200cদাকা লা শারীকা লাকা, ফালাকাল হাম্\u200cদু ওয়ালাকাশ্ শুক্\u200cরু)।', '“হে আল্লাহ! যে নেয়ামত আমার সাথে সকালে উপনীত হয়েছে, অথবা আপনার সৃষ্টির অন্য কারও সাথে; এসব নেয়ামত কেবলমাত্র আপনার নিকট থেকেই; আপনার কোনো শরীক নেই। সুতরাং সকল প্রশংসা আপনারই। আর সকল কৃতজ্ঞতা আপনারই প্রাপ্য।”[14]']"
82,27,Chapter: In the morning and evening,أذكار الصباح والمساء,27.0,সকাল ও বিকালের যিক্‌রসমূহ,"Allāhumma `āfinī fī badanī, Allāhumma `āfinī fī sam`ī, Allāhumma `āfinī fī baṣarī, lā ilāha illā ant. Allāhumma innī a`ūdhu bika mina ‘l-kufri, wa ‘l-faqr, wa a`ūdhu bika min `adhābi ‘l-qabr, lā ilāha illā ant.","O Allah, make me healthy in my body. O Allah, preserve for me my hearing. O Allah, preserve for me my sight. There is none worthy of worship but You. O Allah, I seek refuge in You from disbelief and poverty, and I seek refuge in You from the punishment of the grave. There is none worthy of worship but You (Recite three times in Arabic.)","আল্লা-হুম্মা ‘আ-ফিনী ফী বাদানী, আল্লা-হুম্মা ‘আ-ফিনী ফী সাম্‘ঈ আল্লা-হুম্মা ‘আ-ফিনী ফী বাসারী। লা ইলা-হা ইল্লা আনতা। আল্লা-হুম্মা ইন্নী আ‘উযু বিকা মিনাল কুফরি ওয়াল-ফাক্বরি ওয়া আ‘উযু বিকা মিন ‘আযা-বিল ক্বাবরি, লা ইলাহা ইল্লা আন্‌তা",“হে আল্লাহ! আমাকে নিরাপত্তা দিন আমার শরীরে। হে আল্লাহ! আমাকে নিরাপত্তা দিন আমার শ্রবণশক্তিতে। হে আল্লাহ! আমাকে নিরাপত্তা দিন আমার দৃষ্টিশক্তিতে। আপনি ছাড়া কোনো হক্ব ইলাহ নেই। হে আল্লাহ! আমি আপনার কাছে আশ্রয় চাই কুফরি ও দারিদ্র্য থেকে। আর আমি আপনার আশ্রয় চাই কবরের আযাব থেকে। আপনি ছাড়া আর কোনো হক্ব ইলাহ নেই।”[15] (৩ বার),اللّهُـمَّ عافِـني في بَدَنـي، اللّهُـمَّ عافِـني في سَمْـعي، اللّهُـمَّ عافِـني في بَصَـري، لا إلهَ إلاّ اللّه أَنْـتَ. اللّهُـمَّ إِنّـي أَعـوذُبِكَ مِنَ الْكُـفر، وَالفَـقْر، وَأَعـوذُ بِكَ مِنْ عَذابِ القَـبْر، لا إلهَ إلاّ أَنْـتَ. (ثلاث مرات),«اللَّهُمَّ عَافِنِي فِي بَدَنِي، اللَّهُمَّ عَافِنِي فِي سَمْعِي، اللَّهُمَّ عَافِنِي فِي بَصَرِي، لاَ إِلَهَ إِلاَّ أَنْتَ. اللَّهُمَّ إِنِّي أَعُوذُ بِكَ مِنَ الْكُفْرِ، وَالفَقْرِ، وَأَعُوذُ بِكَ مِنْ عَذَابِ القَبْرِ، لاَ إِلَهَ إِلاَّ أَنْتَ» (৩ বার).,"Abu Dawud 4/324, Ahmad 5/42, An-Nasa'i, 'Amalul-Yawm wal-Laylah (no. 22), Ibn As-Sunni (no. 69), Al-Bukhari Al-'Adab Al-Mufrad. Its chain of transmission is good (Hasan), Ibn Baz, p. 26.",,,,close_match,0.9423,"['Allāhumma `āfinī fī badanī, Allāhumma `āfinī fī sam`ī, Allāhumma `āfinī fī baṣarī, lā ilāha illā ant. Allāhumma innī a`ūdhu bika mina ‘l-kufri, wa ‘l-faqr, wa a`ūdhu bika min `adhābi ‘l-qabr, lā ilāha illā ant.', 'O Allah, make me healthy in my body. O Allah, preserve for me my hearing. O Allah, preserve for me my sight. There is none worthy of worship but You. O Allah, I seek refuge in You from disbelief and poverty, and I seek refuge in You from the punishment of the grave. There is none worthy of worship but You (Recite three times in Arabic.)', ""Abu Dawud 4/324, Ahmad 5/42, An-Nasa'i, 'Amalul-Yawm wal-Laylah (no. 22), Ibn As-Sunni (no. 69), Al-Bukhari Al-'Adab Al-Mufrad. Its chain of transmission is good (Hasan), Ibn Baz, p. 26."", 'اللّهُـمَّ عافِـني في بَدَنـي، اللّهُـمَّ عافِـني في سَمْـعي، اللّهُـمَّ عافِـني في بَصَـري، لا إلهَ إلاّ اللّه أَنْـتَ. اللّهُـمَّ إِنّـي أَعـوذُبِكَ مِنَ الْكُـفر، وَالفَـقْر، وَأَعـوذُ بِكَ مِنْ عَذابِ القَـبْر، لا إلهَ إلاّ أَنْـتَ. (ثلاث مرات)']","['«اللَّهُمَّ عَافِنِي فِي بَدَنِي، اللَّهُمَّ عَافِنِي فِي سَمْعِي، اللَّهُمَّ عَافِنِي', 'فِي بَصَرِي، لاَ إِلَهَ إِلاَّ أَنْتَ. اللَّهُمَّ إِنِّي أَعُوذُ بِكَ مِنَ الْكُفْرِ، وَالفَقْرِ، وَأَعُوذُ بِكَ مِنْ عَذَابِ القَبْرِ، لاَ إِلَهَ إِلاَّ أَنْتَ» (৩ বার).', '(আল্লা-হুম্মা ‘আ-ফিনী ফী বাদানী, আল্লা-হুম্মা ‘আ-ফিনী ফী সাম্‘ঈ আল্লা-হুম্মা ‘আ-ফিনী ফী বাসারী। লা ইলা-হা ইল্লা আনতা। আল্লা-হুম্মা ইন্নী আ‘উযু বিকা মিনাল কুফরি ওয়াল-ফাক্বরি ওয়া আ‘উযু বিকা মিন ‘আযা-বিল ক্বাবরি, লা ইলাহা ইল্লা আন্\u200cতা)। (৩ বার)', '“হে আল্লাহ! আমাকে নিরাপত্তা দিন আমার শরীরে। হে আল্লাহ! আমাকে নিরাপত্তা দিন আমার শ্রবণশক্তিতে। হে আল্লাহ! আমাকে নিরাপত্তা দিন আমার দৃষ্টিশক্তিতে। আপনি ছাড়া কোনো হক্ব ইলাহ নেই। হে আল্লাহ! আমি আপনার কাছে আশ্রয় চাই কুফরি ও দারিদ্র্য থেকে। আর আমি আপনার আশ্রয় চাই কবরের আযাব থেকে। আপনি ছাড়া আর কোনো হক্ব ইলাহ নেই।”[15] (৩ বার)']"
83,27,Chapter: In the morning and evening,أذكار الصباح والمساء,27.0,সকাল ও বিকালের যিক্‌রসমূহ,"Ḥasbiyallāhu lā ilāha illā huwa `alayhi tawakkalt, wa huwa Rabbu ‘l-`Arshi ‘l-'Aẓīm.","Allah is sufficient for me. There is none worthy of worship but Him. I have placed my trust in Him, He is Lord of the Majestic Throne. (Recite seven times in Arabic.)","হাসবিয়াল্লা-হু লা ইলা-হা ইল্লা হুয়া, ‘আলাইহি তাওয়াক্কালতু, ওয়াহুয়া রব্বুল ‘আরশিল ‘আযীম","“আল্লাহই আমার জন্য যথেষ্ট, তিনি ছাড়া আর কোনো হক্ব ইলাহ নেই। আমি তাঁর উপরই ভরসা করি। আর তিনি মহান আরশের রব্ব।”[16] (৭ বার)",حَسْبِـيَ اللّهُ لا إلهَ إلاّ هُوَ عَلَـيهِ تَوَكَّـلتُ وَهُوَ رَبُّ العَرْشِ العَظـيم. (سبع مرات),«حَسْبِيَ اللَّهُ لاَ إِلَهَ إِلاَّ هُوَ عَلَيهِ تَوَكَّلتُ وَهُوَ رَبُّ الْعَرْشِ الْعَظِيمِ» (৭ বার).,"Allah will grant whoever recites this seven times in the morning or evening whatever he desires from this world or the next, Ibn As-Sunni (no. 71), Abu Dawud 4/321. Both reports are attributed directly to the Prophet j§ (Marfu1). The chain of transmission is sound (Sahih). Ibn As-Sunni.",,,,close_match,0.9106,"[""Ḥasbiyallāhu lā ilāha illā huwa `alayhi tawakkalt, wa huwa Rabbu ‘l-`Arshi ‘l-'Aẓīm."", 'Allah is sufficient for me. There is none worthy of worship but Him. I have placed my trust in Him, He is Lord of the Majestic Throne. (Recite seven times in Arabic.)', 'Allah will grant whoever recites this seven times in the morning or evening whatever he desires from this world or the next, Ibn As-Sunni (no. 71), Abu Dawud 4/321. Both reports are attributed directly to the Prophet j§ (Marfu1). The chain of transmission is sound (Sahih). Ibn As-Sunni.', 'حَسْبِـيَ اللّهُ لا إلهَ إلاّ هُوَ عَلَـيهِ تَوَكَّـلتُ وَهُوَ رَبُّ العَرْشِ العَظـيم. (سبع مرات)']","['«حَسْبِيَ اللَّهُ لاَ إِلَهَ إِلاَّ هُوَ عَلَيهِ تَوَكَّلتُ وَهُوَ رَبُّ الْعَرْشِ', 'الْعَظِيمِ» (৭ বার).', '(হাসবিয়াল্লা-হু লা ইলা-হা ইল্লা হুয়া, ‘আলাইহি তাওয়াক্কালতু, ওয়াহুয়া রব্বুল ‘আরশিল ‘আযীম) (৭ বার)', '“আল্লাহই আমার জন্য যথেষ্ট, তিনি ছাড়া আর কোনো হক্ব ইলাহ নেই। আমি তাঁর উপরই ভরসা করি। আর তিনি মহান আরশের রব্ব।”[16] (৭ বার)']"
84,27,Chapter: In the morning and evening,أذكار الصباح والمساء,27.0,সকাল ও বিকালের যিক্‌রসমূহ,"Allāhumma innī as'aluka 'l-`afwa wal-`āfiyah fid-dunyā wal-ākhirah, Allāhumma innī as'aluka 'l-`afwa wal-`āfiyah fī dīnī wa dunyāya, wa ahlī, wa mālī, Allāhummastur `awrātī, wa āmin raw`ātī, Allāhummaḥfaẓnī min bayni yadayya, wa min khalfī, wa `an yamīnī, wa `an shimālī, wa min fawqī, wa a`ūdhu bi`aẓamatika an 'ughtāla min taḥtī.","O Allah, I seek Your forgiveness and Your protection in this world and the next. O Allah, I seek Your forgiveness and Your protection in my religion, in my worldly affairs, in my family and in my wealth. O Allah, conceal my secrets and preserve me from anguish. O Allah, guard me from what is in front of me and behind me, from my left, and from my right, and from above me. I seek refuge in Your Greatness from being struck down from beneath me.","আল্লা-হুম্মা ইন্নী আসআলুকাল ‘আফওয়া ওয়াল- ‘আ-ফিয়াতা ফিদ্দুনইয়া ওয়াল আ-খিরাতি। আল্লা-হুম্মা ইন্নী আসআলুকাল ‘আফওয়া ওয়াল-‘আ-ফিয়াতা ফী দ্বীনী ওয়াদুনইয়াইয়া, ওয়া আহ্‌লী ওয়া মা-লী, আল্লা-হুম্মাসতুর ‘আওরা-তী ওয়া আ-মিন রাও‘আ-তি। আল্লা-হুম্মাহফাযনী মিম্বাইনি ইয়াদাইয়্যা ওয়া মিন খালফী ওয়া ‘আন ইয়ামীনী ওয়া শিমা-লী ওয়া মিন ফাওকী। ওয়া আ‘ঊযু বি‘আযামাতিকা আন উগতা-লা মিন তাহ্‌তী","“হে আল্লাহ! আমি আপনার নিকট দুনিয়া ও আখেরাতে ক্ষমা ও নিরাপত্তা প্রার্থনা করছি। হে আল্লাহ! আমি আপনার নিকট ক্ষমা এবং নিরাপত্তা চাচ্ছি আমার দ্বীন, দুনিয়া, পরিবার ও অর্থ-সম্পদের। হে আল্লাহ! আপনি আমার গোপন ত্রুটিসমূহ ঢেকে রাখুন, আমার উদ্বিগ্নতাকে রূপান্তরিত করুন নিরাপত্তায়। হে আল্লাহ! আপনি আমাকে হেফাযত করুন আমার সামনের দিক থেকে, আমার পিছনের দিক থেকে, আমার ডান দিক থেকে, আমার বাম দিক থেকে এবং আমার উপরের দিক থেকে। আর আপনার মহত্ত্বের অসিলায় আশ্রয় চাই আমার নীচ থেকে হঠাৎ আক্রান্ত হওয়া থেকে”।[17]",اللّهُـمَّ إِنِّـي أسْـأَلُـكَ العَـفْوَ وَالعـافِـيةَ في الدُّنْـيا وَالآخِـرَة ، اللّهُـمَّ إِنِّـي أسْـأَلُـكَ العَـفْوَ وَالعـافِـيةَ في ديني وَدُنْـيايَ وَأهْـلي وَمالـي ، اللّهُـمَّ اسْتُـرْ عـوْراتي وَآمِـنْ رَوْعاتـي ، اللّهُـمَّ احْفَظْـني مِن بَـينِ يَدَيَّ وَمِن خَلْفـي وَعَن يَمـيني وَعَن شِمـالي ، وَمِن فَوْقـي ، وَأَعـوذُ بِعَظَمَـتِكَ أَن أُغْـتالَ مِن تَحْتـي,«اللَّهُمَّ إِنِّي أَسْأَلُكَ الْعَفْوَ وَالْعَافِيَةَ فِي الدُّنْيَا وَالآخِرَةِ، اللَّهُمَّ إِنِّي أَسْأَلُكَ الْعَفْوَ وَالْعَافِيَةَ: فِي دِينِي وَدُنْيَايَ وَأَهْلِي، وَمَالِي، اللَّهُمَّ اسْتُرْ عَوْرَاتِي، وَآمِنْ رَوْعَاتِي، اللَّهُمَّ احْفَظْنِي مِنْ بَينِ يَدَيَّ، وَمِنْ خَلْفِي، وَعَنْ يَمِينِي، وَعَنْ شِمَالِي، وَمِنْ فَوْقِي، وَأَعُوذُ بِعَظَمَتِكَ أَنْ أُغْتَالَ مِنْ تَحْتِي».,Sahih Ibn Majah 2/332 and Abu Dawud.,,,,exact_match,1.0,"[""Allāhumma innī as'aluka 'l-`afwa wal-`āfiyah fid-dunyā wal-ākhirah, Allāhumma innī as'aluka 'l-`afwa wal-`āfiyah fī dīnī wa dunyāya, wa ahlī, wa mālī, Allāhummastur `awrātī, wa āmin raw`ātī, Allāhummaḥfaẓnī min bayni yadayya, wa min khalfī, wa `an yamīnī, wa `an shimālī, wa min fawqī, wa a`ūdhu bi`aẓamatika an 'ughtāla min taḥtī."", 'O Allah, I seek Your forgiveness and Your protection in this world and the next. O Allah, I seek Your forgiveness and Your protection in my religion, in my worldly affairs, in my family and in my wealth. O Allah, conceal my secrets and preserve me from anguish. O Allah, guard me from what is in front of me and behind me, from my left, and from my right, and from above me. I seek refuge in Your Greatness from being struck down from beneath me.', 'Sahih Ibn Majah 2/332 and Abu Dawud.', 'اللّهُـمَّ إِنِّـي أسْـأَلُـكَ العَـفْوَ وَالعـافِـيةَ في الدُّنْـيا وَالآخِـرَة ، اللّهُـمَّ إِنِّـي أسْـأَلُـكَ العَـفْوَ وَالعـافِـيةَ في ديني وَدُنْـيايَ وَأهْـلي وَمالـي ، اللّهُـمَّ اسْتُـرْ عـوْراتي وَآمِـنْ رَوْعاتـي ، اللّهُـمَّ احْفَظْـني مِن بَـينِ يَدَيَّ وَمِن خَلْفـي وَعَن يَمـيني وَعَن شِمـالي ، وَمِن فَوْقـي ، وَأَعـوذُ بِعَظَمَـتِكَ أَن أُغْـتالَ مِن تَحْتـي']","['«اللَّهُمَّ إِنِّي أَسْأَلُكَ الْعَفْوَ وَالْعَافِيَةَ فِي الدُّنْيَا وَالآخِرَةِ، اللَّهُمَّ إِنِّي أَسْأَلُكَ الْعَفْوَ وَالْعَافِيَةَ: فِي دِينِي وَدُنْيَايَ وَأَهْلِي، وَمَالِي، اللَّهُمَّ اسْتُرْ عَوْرَاتِي، وَآمِنْ رَوْعَاتِي، اللَّهُمَّ احْفَظْنِي مِنْ بَينِ يَدَيَّ، وَمِنْ خَلْفِي، وَعَنْ يَمِينِي، وَعَنْ شِمَالِي، وَمِنْ فَوْقِي، وَأَعُوذُ بِعَظَمَتِكَ أَنْ أُغْتَالَ مِنْ تَحْتِي».', '(আল্লা-হুম্মা ইন্নী আসআলুকাল ‘আফওয়া ওয়াল- ‘আ-ফিয়াতা ফিদ্দুনইয়া ওয়াল আ-খিরাতি। আল্লা-হুম্মা ইন্নী আসআলুকাল ‘আফওয়া ওয়াল-‘আ-ফিয়াতা ফী দ্বীনী ওয়াদুনইয়াইয়া, ওয়া আহ্\u200cলী ওয়া মা-লী, আল্লা-হুম্মাসতুর ‘আওরা-তী ওয়া আ-মিন রাও‘আ-তি। আল্লা-হুম্মাহফাযনী মিম্বাইনি ইয়াদাইয়্যা ওয়া মিন খালফী ওয়া ‘আন ইয়ামীনী ওয়া শিমা-লী ওয়া মিন ফাওকী। ওয়া আ‘ঊযু বি‘আযামাতিকা আন উগতা-লা মিন তাহ্\u200cতী)।', '“হে আল্লাহ! আমি আপনার নিকট দুনিয়া ও আখেরাতে ক্ষমা ও নিরাপত্তা প্রার্থনা করছি। হে আল্লাহ! আমি আপনার নিকট ক্ষমা এবং নিরাপত্তা চাচ্ছি আমার দ্বীন, দুনিয়া, পরিবার ও অর্থ-সম্পদের। হে আল্লাহ! আপনি আমার গোপন ত্রুটিসমূহ ঢেকে রাখুন, আমার উদ্বিগ্নতাকে রূপান্তরিত করুন নিরাপত্তায়। হে আল্লাহ! আপনি আমাকে হেফাযত করুন আমার সামনের দিক থেকে, আমার পিছনের দিক থেকে, আমার ডান দিক থেকে, আমার বাম দিক থেকে এবং আমার উপরের দিক থেকে। আর আপনার মহত্ত্বের অসিলায় আশ্রয় চাই আমার নীচ থেকে হঠাৎ আক্রান্ত হওয়া থেকে”।[17]']"
85,27,Chapter: In the morning and evening,أذكار الصباح والمساء,27.0,সকাল ও বিকালের যিক্‌রসমূহ,"Allāhumma `ālima ‘l-ghaybi wash-shahādah fātir as-samāwāti wa ‘l'arḍ, Rabba kulli shay'in wa malīkah, ash-hadu an lā ilāha illā ant, a`ūdhu bika min sharri nafsī, wa min sharrish-shayṭāni wa shirkih, wa an aqtarifa `alā nafsī sū'an, aw ajurrahu ilā Muslim.","O Allah, Knower of the unseen and the evident, Maker of the heavens and the earth, Lord of everything and its Possessor, I bear witness that there is none worthy of worship but You. I seek refuge in You from the evil of my soul, and from the evil of Satan and his helpers. (I seek refuge in You) from bringing evil upon my soul and from harming any Muslim.","আল্লা-হুম্মা আ-লিমাল গাইবি ওয়াশ্‌শাহা-দাতি ফা-ত্বিরাস সামা-ওয়া-তি ওয়াল আরদ্বি, রব্বা কুল্লি শাই’ইন ওয়া মালীকাহু, আশহাদু আল-লা ইলা-হা ইল্লা আনতা। আ‘উযু বিকা মিন শাররি নাফ্‌সী ওয়া মিন শাররিশ শাইত্বা-নি ওয়াশিরকিহী/ওয়াশারাকিহী ওয়া আন আক্বতারিফা ‘আলা নাফ্‌সী সূওআন আউ আজুররাহূ ইলা মুসলিম","“হে আল্লাহ! হে গায়েব ও উপস্থিতের জ্ঞানী, হে আসমানসমূহ ও যমীনের স্রষ্টা, হে সব কিছুর রব্ব ও মালিক! আমি সাক্ষ্য দিচ্ছি যে, আপনি ছাড়া আর কোনো হক্ব ইলাহ নেই। আমি আপনার কাছে আশ্রয় চাই আমার আত্মার অনিষ্ট থেকে, শয়তানের অনিষ্টতা থেকে ও তার শির্ক বা তার ফাঁদ থেকে, আমার নিজের উপর কোনো অনিষ্ট করা, অথবা কোনো মুসলিমের দিকে তা টেনে নেওয়া থেকে।”[18]",اللّهُـمَّ عالِـمَ الغَـيْبِ وَالشّـهادَةِ فاطِـرَ السّماواتِ وَالأرْضِ رَبَّ كـلِّ شَـيءٍ وَمَليـكَه ، أَشْهَـدُ أَنْ لا إِلـهَ إِلاّ أَنْت ، أَعـوذُ بِكَ مِن شَـرِّ نَفْسـي وَمِن شَـرِّ الشَّيْـطانِ وَشِـرْكِه ، وَأَنْ أَقْتَـرِفَ عَلـى نَفْسـي سوءاً أَوْ أَجُـرَّهُ إِلـى مُسْـلِم,«اللَّهُمَّ عَالِمَ الغَيْبِ وَالشَّهَادَةِ فَاطِرَ السَّمَوَاتِ وَالْأَرْضِ، رَبَّ كُلِّ شَيْءٍ وَمَلِيكَهُ، أَشْهَدُ أَنْ لاَ إِلَهَ إِلاَّ أَنْتَ، أَعُوذُ بِكَ مِنْ شَرِّ نَفْسِي، وَمِنْ شَرِّ الشَّيْطانِ وَشَرَكِهِ، وَأَنْ أَقْتَرِفَ عَلَى نَفْسِي سُوءاً، أَوْ أَجُرَّهُ إِلَى مُسْلِمٍ».,Sahih At-Tirmidhi 3/142 and AbuDawud.,,,,near_exact,0.997,"[""Allāhumma `ālima ‘l-ghaybi wash-shahādah fātir as-samāwāti wa ‘l'arḍ, Rabba kulli shay'in wa malīkah, ash-hadu an lā ilāha illā ant, a`ūdhu bika min sharri nafsī, wa min sharrish-shayṭāni wa shirkih, wa an aqtarifa `alā nafsī sū'an, aw ajurrahu ilā Muslim."", 'O Allah, Knower of the unseen and the evident, Maker of the heavens and the earth, Lord of everything and its Possessor, I bear witness that there is none worthy of worship but You. I seek refuge in You from the evil of my soul, and from the evil of Satan and his helpers. (I seek refuge in You) from bringing evil upon my soul and from harming any Muslim.', 'Sahih At-Tirmidhi 3/142 and AbuDawud.', 'اللّهُـمَّ عالِـمَ الغَـيْبِ وَالشّـهادَةِ فاطِـرَ السّماواتِ وَالأرْضِ رَبَّ كـلِّ شَـيءٍ وَمَليـكَه ، أَشْهَـدُ أَنْ لا إِلـهَ إِلاّ أَنْت ، أَعـوذُ بِكَ مِن شَـرِّ نَفْسـي وَمِن شَـرِّ الشَّيْـطانِ وَشِـرْكِه ، وَأَنْ أَقْتَـرِفَ عَلـى نَفْسـي سوءاً أَوْ أَجُـرَّهُ إِلـى مُسْـلِم']","['«اللَّهُمَّ عَالِمَ الغَيْبِ وَالشَّهَادَةِ فَاطِرَ السَّمَوَاتِ وَالْأَرْضِ، رَبَّ كُلِّ شَيْءٍ وَمَلِيكَهُ، أَشْهَدُ أَنْ لاَ إِلَهَ إِلاَّ أَنْتَ، أَعُوذُ بِكَ مِنْ شَرِّ نَفْسِي، وَمِنْ شَرِّ الشَّيْطانِ وَشَرَكِهِ، وَأَنْ أَقْتَرِفَ عَلَى نَفْسِي سُوءاً، أَوْ أَجُرَّهُ إِلَى مُسْلِمٍ».', '(আল্লা-হুম্মা আ-লিমাল গাইবি ওয়াশ্\u200cশাহা-দাতি ফা-ত্বিরাস সামা-ওয়া-তি ওয়াল আরদ্বি, রব্বা কুল্লি শাই’ইন ওয়া মালীকাহু, আশহাদু আল-লা ইলা-হা ইল্লা আনতা। আ‘উযু বিকা মিন শাররি নাফ্\u200cসী ওয়া মিন শাররিশ শাইত্বা-নি ওয়াশিরকিহী/ওয়াশারাকিহী ওয়া আন আক্বতারিফা ‘আলা নাফ্\u200cসী সূওআন আউ আজুররাহূ ইলা মুসলিম)।', '“হে আল্লাহ! হে গায়েব ও উপস্থিতের জ্ঞানী, হে আসমানসমূহ ও যমীনের স্রষ্টা, হে সব কিছুর রব্ব ও মালিক! আমি সাক্ষ্য দিচ্ছি যে, আপনি ছাড়া আর কোনো হক্ব ইলাহ নেই। আমি আপনার কাছে আশ্রয় চাই আমার আত্মার অনিষ্ট থেকে, শয়তানের অনিষ্টতা থেকে ও তার শির্ক বা তার ফাঁদ থেকে, আমার নিজের উপর কোনো অনিষ্ট করা, অথবা কোনো মুসলিমের দিকে তা টেনে নেওয়া থেকে।”[18]']"
86,27,Chapter: In the morning and evening,أذكار الصباح والمساء,27.0,সকাল ও বিকালের যিক্‌রসমূহ,Bismillāhi ‘l-ladhī lā yaḍurru ma`a-smihi shay'un fil-'arḍi wa lā fis-samā' wa huwas-Samī `ul-`Alīm.,"In the Name of Allah, Who with His Name nothing can cause harm in the earth nor in the heavens, and He is the All-Hearing, the All-Knowing. (Recite three times in Arabic).","বিস্‌মিল্লা-হিল্লাযী লা ইয়াদ্বুররু মা‘আ ইস্‌মিহী শাইউন ফিল্ আরদ্বি ওয়ালা ফিস্ সামা-ই, ওয়াহুয়াস্ সামী‘উল ‘আলীম","“আল্লাহ্‌র নামে; যাঁর নামের সাথে আসমান ও যমীনে কোনো কিছুই ক্ষতি করতে পারে না। আর তিনি সর্বশ্রোতা, মহাজ্ঞানী।”[19] (৩ বার)",بِسـمِ اللهِ الذي لا يَضُـرُّ مَعَ اسمِـهِ شَيءٌ في الأرْضِ وَلا في السّمـاءِ وَهـوَ السّمـيعُ العَلـيم . (ثلاث مرات),«بِسْمِ اللَّهِ الَّذِي لاَ يَضُرُّ مَعَ اسْمِهِ شَيْءٌ فِي الْأَرْضِ وَلاَ فِي السّمَاءِ وَهُوَ السَّمِيعُ الْعَلِيمُ».(৩ বার),"""Whoever recites it three times in the morning will not be afflicted by any calamity before evening, and whoever recites it three times in the evening will not be overtaken by any calamity before morning."" Abu Dawud 4/323, At-Tirmidhi 5/465, Ibn Majah 2/332, Ahmad. Ibn Majah's chain of transmission is good (Hasan), Ibn Baz, p. 39.",,,,close_match,0.9259,"[""Bismillāhi ‘l-ladhī lā yaḍurru ma`a-smihi shay'un fil-'arḍi wa lā fis-samā' wa huwas-Samī `ul-`Alīm."", 'In the Name of Allah, Who with His Name nothing can cause harm in the earth nor in the heavens, and He is the All-Hearing, the All-Knowing. (Recite three times in Arabic).', '""Whoever recites it three times in the morning will not be afflicted by any calamity before evening, and whoever recites it three times in the evening will not be overtaken by any calamity before morning."" Abu Dawud 4/323, At-Tirmidhi 5/465, Ibn Majah 2/332, Ahmad. Ibn Majah\'s chain of transmission is good (Hasan), Ibn Baz, p. 39.', 'بِسـمِ اللهِ الذي لا يَضُـرُّ مَعَ اسمِـهِ شَيءٌ في الأرْضِ وَلا في السّمـاءِ وَهـوَ السّمـيعُ العَلـيم . (ثلاث مرات)']","['«بِسْمِ اللَّهِ الَّذِي لاَ يَضُرُّ مَعَ اسْمِهِ شَيْءٌ فِي الْأَرْضِ وَلاَ فِي السّمَاءِ وَهُوَ السَّمِيعُ الْعَلِيمُ».(৩ বার)', '(বিস্\u200cমিল্লা-হিল্লাযী লা ইয়াদ্বুররু মা‘আ ইস্\u200cমিহী শাইউন ফিল্ আরদ্বি ওয়ালা ফিস্ সামা-ই, ওয়াহুয়াস্ সামী‘উল ‘আলীম)। (৩ বার)', '“আল্লাহ্\u200cর নামে; যাঁর নামের সাথে আসমান ও যমীনে কোনো কিছুই ক্ষতি করতে পারে না। আর তিনি সর্বশ্রোতা, মহাজ্ঞানী।”[19] (৩ বার)']"
87,27,Chapter: In the morning and evening,أذكار الصباح والمساء,27.0,সকাল ও বিকালের যিক্‌রসমূহ,"Raḍītu billāhi Rabba, wa bil-Islāmi dīna, wa bi-Muḥammadin (ṣallallāhu `alayhi wa sallama) nabiyya.","I am pleased with Allah as my Lord, with Islam as my religion, and with Muhammad (peace and blessings of Allah be upon him) as my Prophet. (Recite three times in Arabic.)","রদ্বীতু বিল্লা-হি রব্বান, ওয়াবিল ইসলা-মি দ্বীনান, ওয়াবি মুহাম্মাদিন সাল্লাল্লা-হু ‘আলাইহি ওয়াসাল্লামা নাবিয়্যান","“আল্লাহকে রব, ইসলামকে দ্বীন ও মুহাম্মাদ সাল্লাল্লাহু আলাইহি ওয়াসাল্লাম-কে নবীরূপে গ্রহণ করে আমি সন্তুষ্ট।”[20] (৩ বার)",رَضيـتُ بِاللهِ رَبَّـاً وَبِالإسْلامِ ديـناً وَبِمُحَـمَّدٍ نَبِيّـاً . (ثلاث مرات),«رَضِيتُ بِاللَّهِ رَبَّاً، وَبِالْإِسْلاَمِ دِيناً، وَبِمُحَمَّدٍ ﷺ نَبِيّاً».(৩ বার),"""Allah has promised that anyone who says this three times every morning or evening will be pleased on the Day of Resurrection."" Ahmad 4/ 337, An-Nasa'i, 'Amalul-Yawm wal-Laylah p. 4, Ibn As-Sunni (no. 68), At-Tirmidhi 5/465. Its chain of transmission is good (Hasan), Ibn Baz, p. 39.",,,,mismatch,0.86,"['Raḍītu billāhi Rabba, wa bil-Islāmi dīna, wa bi-Muḥammadin (ṣallallāhu `alayhi wa sallama) nabiyya.', 'I am pleased with Allah as my Lord, with Islam as my religion, and with Muhammad (peace and blessings of Allah be upon him) as my Prophet. (Recite three times in Arabic.)', '""Allah has promised that anyone who says this three times every morning or evening will be pleased on the Day of Resurrection."" Ahmad 4/ 337, An-Nasa\'i, \'Amalul-Yawm wal-Laylah p. 4, Ibn As-Sunni (no. 68), At-Tirmidhi 5/465. Its chain of transmission is good (Hasan), Ibn Baz, p. 39.', 'رَضيـتُ بِاللهِ رَبَّـاً وَبِالإسْلامِ ديـناً وَبِمُحَـمَّدٍ نَبِيّـاً . (ثلاث مرات)']","['«رَضِيتُ بِاللَّهِ رَبَّاً، وَبِالْإِسْلاَمِ دِيناً، وَبِمُحَمَّدٍ ﷺ نَبِيّاً».(৩ বার)', '(রদ্বীতু বিল্লা-হি রব্বান, ওয়াবিল ইসলা-মি দ্বীনান, ওয়াবি মুহাম্মাদিন সাল্লাল্লা-হু ‘আলাইহি ওয়াসাল্লামা নাবিয়্যান)। (৩ বার)', '“আল্লাহকে রব, ইসলামকে দ্বীন ও মুহাম্মাদ সাল্লাল্লাহু আলাইহি ওয়াসাল্লাম-কে নবীরূপে গ্রহণ করে আমি সন্তুষ্ট।”[20] (৩ বার)']"
88,27,Chapter: In the morning and evening,أذكار الصباح والمساء,27.0,সকাল ও বিকালের যিক্‌রসমূহ,Yā Ḥayyu yā Qayyūmu biraḥmatika astaghīth aṣlih lī sha'nī kullah wa lā takilnī ilā nafsī ṭarfata `ayn.,"O Ever-Living One, O Eternal One, by Your mercy I call on You to set right all my affairs. Do not place me in charge of my soul even for the blinking of an eye (i.e. a moment).","ইয়া হাইয়্যু ইয়া ক্বাইয়্যূমু বিরহ্‌মাতিকা আস্তাগীসু, আসলিহ্‌ লী শা’নী কুল্লাহু, ওয়ালা তাকিলনী ইলা নাফসী ত্বারফাতা ‘আইন","“হে চিরঞ্জীব, হে চিরস্থায়ী! আমি আপনার রহমতের অসীলায় আপনার কাছে উদ্ধার কামনা করি, আপনি আমার সার্বিক অবস্থা সংশোধন করে দিন, আর আমাকে আমার নিজের কাছে নিমেষের জন্যও সোপর্দ করবেন না।”[21]",يا حَـيُّ يا قَيّـومُ بِـرَحْمَـتِكِ أَسْتَـغـيث ، أَصْلِـحْ لي شَـأْنـي كُلَّـه ، وَلا تَكِلـني إِلى نَفْـسي طَـرْفَةَ عَـين,«يَا حَيُّ يَا قَيُّومُ بِرَحْمَتِكَ أَسْتَغيثُ أَصْلِحْ لِي شَأْنِيَ كُلَّهُ وَلاَ تَكِلْنِي إِلَى نَفْسِي طَرْفَةَ عَيْنٍ».,"Its chain of transmission is sound (Sahih), Al-Hakim 1/545, see Albani, Sahihut-Targhib wat-Tarhib, 1/273.",,,,exact_match,1.0,"[""Yā Ḥayyu yā Qayyūmu biraḥmatika astaghīth aṣlih lī sha'nī kullah wa lā takilnī ilā nafsī ṭarfata `ayn."", 'O Ever-Living One, O Eternal One, by Your mercy I call on You to set right all my affairs. Do not place me in charge of my soul even for the blinking of an eye (i.e. a moment).', 'Its chain of transmission is sound (Sahih), Al-Hakim 1/545, see Albani, Sahihut-Targhib wat-Tarhib, 1/273.', 'يا حَـيُّ يا قَيّـومُ بِـرَحْمَـتِكِ أَسْتَـغـيث ، أَصْلِـحْ لي شَـأْنـي كُلَّـه ، وَلا تَكِلـني إِلى نَفْـسي طَـرْفَةَ عَـين']","['«يَا حَيُّ يَا قَيُّومُ بِرَحْمَتِكَ أَسْتَغيثُ أَصْلِحْ لِي شَأْنِيَ كُلَّهُ وَلاَ تَكِلْنِي إِلَى نَفْسِي طَرْفَةَ عَيْنٍ».', '(ইয়া হাইয়্যু ইয়া ক্বাইয়্যূমু বিরহ্\u200cমাতিকা আস্তাগীসু, আসলিহ্\u200c লী শা’নী কুল্লাহু, ওয়ালা তাকিলনী ইলা নাফসী ত্বারফাতা ‘আইন)।', '“হে চিরঞ্জীব, হে চিরস্থায়ী! আমি আপনার রহমতের অসীলায় আপনার কাছে উদ্ধার কামনা করি, আপনি আমার সার্বিক অবস্থা সংশোধন করে দিন, আর আমাকে আমার নিজের কাছে নিমেষের জন্যও সোপর্দ করবেন না।”[21]']"
89,27,Chapter: In the morning and evening,أذكار الصباح والمساء,27.0,সকাল ও বিকালের যিক্‌রসমূহ,"Aṣbaḥnā wa aṣbaḥal-mulku lillāhi Rabbi ‘l-a`lāmīn, Allāhumma innī as'aluka khayra hādha ‘l-yawm:","We have entered a new day and with it all the dominion which belongs to Allah, Lord of all that exists. O Allah, I ask You for the goodness of this day,2 its victory, its help, its light, its blessings, and its guidance. I seek refuge in You from the evil that is in it, and from the evil that follows it.",আসবাহ্‌না ওয়া আসবাহাল-মূলকু লিল্লা-হি রব্বিল ‘আলামীন।[22] আল্লা-হুম্মা ইন্নী আস্আলুকা খাইরা হাযাল ইয়াওমি[23] ফাতহাহু ওয়া নাসরাহু ওয়া নুরাহু ওয়া বারাকাতাহু ওয়া হুদা-হু। ওয়া আ‘ঊযু বিকা মিন শাররি মা ফীহি ওয়া শাররি মা বা‘দাহু,"“আমরা সকালে উপনীত হয়েছি, অনুরূপ যাবতীয় রাজত্বও সকালে উপনীত হয়েছে সৃষ্টিকুলের রব্ব আল্লাহ্‌র জন্য। হে আল্লাহ! আমি আপনার কাছে কামনা করি এই দিনের কল্যাণ: বিজয়, সাহায্য, নূর, রবকত ও হেদায়াত। আর আমি আপনার কাছে আশ্রয় চাই এ দিনের এবং এ দিনের পরের অকল্যাণ থেকে।” [24]",أَصْبَـحْـنا وَأَصْبَـحْ المُـلكُ للهِ رَبِّ العـالَمـين ، اللّهُـمَّ إِنِّـي أسْـأَلُـكَ خَـيْرَ هـذا الـيَوْم ، فَـتْحَهُ ، وَنَصْـرَهُ ، وَنـورَهُ وَبَـرَكَتَـهُ ، وَهُـداهُ ، وَأَعـوذُ بِـكَ مِـنْ شَـرِّ ما فـيهِ وَشَـرِّ ما بَعْـدَه وإذا أمسى قال: أَمْسَيْـنا وَأَمْسـى المُـلكُ للهِ رَبِّ العـالَمـين ، اللّهُـمَّ إِنِّـي أسْـأَلُـكَ خَـيْرَ هـذهِ اللَّـيْلَة ، فَتْحَهـا ، وَنَصْـرَهـا ، وَنـورَهـا وَبَـرَكَتَـهـا ، وَهُـداهـا ، وَأَعـوذُ بِـكَ مِـنْ شَـرِّ ما فـيهـاِ وَشَـرِّ ما بَعْـدَهـا,«أَصْبَحْنَا وَأَصْبَحَ الْمُلْكُ لِلَّهِ رَبِّ الْعَالَمِينَ، اللَّهُـمَّ إِنِّي أَسْأَلُكَ خَيْرَ هَذَا الْيَوْمِ:فَتْحَهُ، وَنَصْرَهُ، وَنورَهُ، وَبَرَكَتَهُ، وَهُدَاهُ، وَأَعُوذُ بِكَ مِنْ شَرِّ مَا فِيهِ وَشَرِّ مَا بَعْدَهُ».,"1 For evening recitation, say here: Allāhumma innī as'aluka khayra hāthihil-laylah: ""My Lord, I ask You for the good things of this night."" 2 Abu Dawud 4/322. Its transmission chain is good (Hasan). See also Ibn Al-Qayyim, Zadul- Ma'ad 2/273.",,,,mismatch,0.629,"[""Aṣbaḥnā wa aṣbaḥal-mulku lillāhi Rabbi ‘l-a`lāmīn, Allāhumma innī as'aluka khayra hādha ‘l-yawm:"", 'We have entered a new day and with it all the dominion which belongs to Allah, Lord of all that exists. O Allah, I ask You for the goodness of this day,2 its victory, its help, its light, its blessings, and its guidance. I seek refuge in You from the evil that is in it, and from the evil that follows it.', '1 For evening recitation, say here: Allāhumma innī as\'aluka khayra hāthihil-laylah: ""My Lord, I ask You for the good things of this night."" 2 Abu Dawud 4/322. Its transmission chain is good (Hasan). See also Ibn Al-Qayyim, Zadul- Ma\'ad 2/273.', 'أَصْبَـحْـنا وَأَصْبَـحْ المُـلكُ للهِ رَبِّ العـالَمـين ، اللّهُـمَّ إِنِّـي أسْـأَلُـكَ خَـيْرَ هـذا الـيَوْم ، فَـتْحَهُ ، وَنَصْـرَهُ ، وَنـورَهُ وَبَـرَكَتَـهُ ، وَهُـداهُ ، وَأَعـوذُ بِـكَ مِـنْ شَـرِّ ما فـيهِ وَشَـرِّ ما بَعْـدَه وإذا أمسى قال: أَمْسَيْـنا وَأَمْسـى المُـلكُ للهِ رَبِّ العـالَمـين ، اللّهُـمَّ إِنِّـي أسْـأَلُـكَ خَـيْرَ هـذهِ اللَّـيْلَة ، فَتْحَهـا ، وَنَصْـرَهـا ، وَنـورَهـا وَبَـرَكَتَـهـا ، وَهُـداهـا ، وَأَعـوذُ بِـكَ مِـنْ شَـرِّ ما فـيهـاِ وَشَـرِّ ما بَعْـدَهـا']","['«أَصْبَحْنَا وَأَصْبَحَ الْمُلْكُ لِلَّهِ رَبِّ الْعَالَمِينَ، اللَّهُـمَّ إِنِّي أَسْأَلُكَ خَيْرَ هَذَا الْيَوْمِ:فَتْحَهُ، وَنَصْرَهُ، وَنورَهُ، وَبَرَكَتَهُ، وَهُدَاهُ، وَأَعُوذُ بِكَ مِنْ شَرِّ مَا فِيهِ وَشَرِّ مَا بَعْدَهُ».', '(আসবাহ্\u200cনা ওয়া আসবাহাল-মূলকু লিল্লা-হি রব্বিল ‘আলামীন।[22] আল্লা-হুম্মা ইন্নী আস্আলুকা খাইরা হাযাল ইয়াওমি[23] ফাতহাহু ওয়া নাসরাহু ওয়া নুরাহু ওয়া বারাকাতাহু ওয়া হুদা-হু। ওয়া আ‘ঊযু বিকা মিন শাররি মা ফীহি ওয়া শাররি মা বা‘দাহু)।', '“আমরা সকালে উপনীত হয়েছি, অনুরূপ যাবতীয় রাজত্বও সকালে উপনীত হয়েছে সৃষ্টিকুলের রব্ব আল্লাহ্\u200cর জন্য। হে আল্লাহ! আমি আপনার কাছে কামনা করি এই দিনের কল্যাণ: বিজয়, সাহায্য, নূর, রবকত ও হেদায়াত। আর আমি আপনার কাছে আশ্রয় চাই এ দিনের এবং এ দিনের পরের অকল্যাণ থেকে।” [24]']"
90,27,Chapter: In the morning and evening,أذكار الصباح والمساء,27.0,সকাল ও বিকালের যিক্‌রসমূহ,"Aṣbahnā `alā fiṭrati ‘l-Islām, wa `alā kalimati ‘l-ikhlās, wa `alā dīni nabiyyinā Muḥammadin (ṣallallāhu `alayhi wa sallam), wa `alā millati abīnā Ibrāhīm, ḥanīfan Musliman wa mā kāna mina ‘l-mushrikīn.","We have entered a new day 1 upon the natural religion of Islam, the word of sincere devotion, the religion of our Prophet Muhammad (peace and blessings of Allah be upon him), and the faith of our father Ibrahim. He was upright (in worshipping Allah), and a Muslim. He was not of those who worship others besides Allah. 2",আসবাহনা ‘আলা ফিতরাতিল ইসলামি[25] ওয়া আলা কালিমাতিল ইখলাসি ওয়া আলা দ্বীনি নাবিয়্যিনা মুহাম্মাদিন সাল্লাল্লা-হু আলাইহি ওয়াসাল্লাম ওয়া আলা মিল্লাতি আবীনা ইবরা-হীমা হানীফাম মুসলিমাও ওয়ামা কা-না মিনাল মুশরিকীন,"“আমরা সকালে উপনীত হয়েছি ইসলামের ফিতরাতের উপর, নিষ্ঠাপূর্ণ বাণী (তাওহীদ) এর উপর, আমাদের নবী মুহাম্মাদ সাল্লাল্লাহু আলাইহি ওয়াসাল্লাম-এর দ্বীনের উপর, আর আমাদের পিতা ইব্রাহীম আলাইহিস সালাম-এর মিল্লাতের উপর—যিনি ছিলেন একনিষ্ঠ মুসলিম এবং যিনি মুশরিকদের অন্তর্ভুক্ত ছিলেন না”।[26]",,«أَصْبَحْنا عَلَى فِطْرَةِ الْإِسْلاَمِ، وَعَلَى كَلِمَةِ الْإِخْلاَصِ، وَعَلَى دِينِ نَبِيِّنَا مُحَمَّدٍ ﷺ، وَعَلَى مِلَّةِ أَبِينَا إِبْرَاهِيمَ، حَنِيفاً مُسْلِماً وَمَا كَانَ مِنَ الْمُشرِكِينَ».,"1 When you say this in the evening, you should say: 'Amsaynā `alā fiṭratil-Islām...: ""We end this day..."" 2 Ahmad 3/406-7, 5/123, An-Nasa'i, 'Amalul- Yawm wal-Laylah (no. 34), At-Tirmidhi 4/209.",,,,one_missing,,"['Aṣbahnā `alā fiṭrati ‘l-Islām, wa `alā kalimati ‘l-ikhlās, wa `alā dīni nabiyyinā Muḥammadin (ṣallallāhu `alayhi wa sallam), wa `alā millati abīnā Ibrāhīm, ḥanīfan Musliman wa mā kāna mina ‘l-mushrikīn.', 'We have entered a new day 1 upon the natural religion of Islam, the word of sincere devotion, the religion of our Prophet Muhammad (peace and blessings of Allah be upon him), and the faith of our father Ibrahim. He was upright (in worshipping Allah), and a Muslim. He was not of those who worship others besides Allah. 2', '1 When you say this in the evening, you should say: \'Amsaynā `alā fiṭratil-Islām...: ""We end this day..."" 2 Ahmad 3/406-7, 5/123, An-Nasa\'i, \'Amalul- Yawm wal-Laylah (no. 34), At-Tirmidhi 4/209.']","['«أَصْبَحْنا عَلَى فِطْرَةِ الْإِسْلاَمِ، وَعَلَى كَلِمَةِ الْإِخْلاَصِ، وَعَلَى دِينِ نَبِيِّنَا مُحَمَّدٍ ﷺ، وَعَلَى مِلَّةِ أَبِينَا إِبْرَاهِيمَ، حَنِيفاً مُسْلِماً وَمَا كَانَ مِنَ الْمُشرِكِينَ».', '(আসবাহনা ‘আলা ফিতরাতিল ইসলামি[25] ওয়া আলা কালিমাতিল ইখলাসি ওয়া আলা দ্বীনি নাবিয়্যিনা মুহাম্মাদিন সাল্লাল্লা-হু আলাইহি ওয়াসাল্লাম ওয়া আলা মিল্লাতি আবীনা ইবরা-হীমা হানীফাম মুসলিমাও ওয়ামা কা-না মিনাল মুশরিকীন)।', '“আমরা সকালে উপনীত হয়েছি ইসলামের ফিতরাতের উপর, নিষ্ঠাপূর্ণ বাণী (তাওহীদ) এর উপর, আমাদের নবী মুহাম্মাদ সাল্লাল্লাহু আলাইহি ওয়াসাল্লাম-এর দ্বীনের উপর, আর আমাদের পিতা ইব্রাহীম আলাইহিস সালাম-এর মিল্লাতের উপর—যিনি ছিলেন একনিষ্ঠ মুসলিম এবং যিনি মুশরিকদের অন্তর্ভুক্ত ছিলেন না”।[26]']"
91,27,Chapter: In the morning and evening,أذكار الصباح والمساء,27.0,সকাল ও বিকালের যিক্‌রসমূহ,Subḥānallāhi wa biḥamdih.,Glory is to Allah and praise is to Him. (Recite one hundred times in Arabic).,সুবহা-নাল্লা-হি ওয়া বিহামদিহী,“আমি আল্লাহর প্রশংসাসহ পবিত্রতা ও মহিমা ঘোষণা করছি।” (১০০ বার)[27],سُبْحـانَ اللهِ وَبِحَمْـدِهِ . (مائة مرة),«سُبْحَانَ اللَّهِ وَبِحَمْدِهِ».(১০০ বার),"""Whoever recites this one hundred times in the morning and in the evening will not be surpassed on the Day of Resurrection by anyone having done better than this except for someone who had recited it more. "" Al-Bukhari 4/2071.",,,,mismatch,0.7451,"['Subḥānallāhi wa biḥamdih.', 'Glory is to Allah and praise is to Him. (Recite one hundred times in Arabic).', '""Whoever recites this one hundred times in the morning and in the evening will not be surpassed on the Day of Resurrection by anyone having done better than this except for someone who had recited it more. "" Al-Bukhari 4/2071.', 'سُبْحـانَ اللهِ وَبِحَمْـدِهِ . (مائة مرة)']","['«سُبْحَانَ اللَّهِ وَبِحَمْدِهِ».(১০০ বার)', '(সুবহা-নাল্লা-হি ওয়া বিহামদিহী)। (১০০ বার)', '“আমি আল্লাহর প্রশংসাসহ পবিত্রতা ও মহিমা ঘোষণা করছি।” (১০০ বার)[27]']"
92,27,Chapter: In the morning and evening,أذكار الصباح والمساء,27.0,সকাল ও বিকালের যিক্‌রসমূহ,"Lā ilāha illallāhu waḥdahu lā sharīka lah, lahu ‘l-mulku walahu ‘l-ḥamd, wa huwa `alā kulli shay'in qadīr.","None has the right to be worshipped but Allah alone, Who has no partner. His is the dominion and His is the praise and He is Able to do all things. (Recite ten times 1 in Arabic or one time to ward off laziness.) 2","লা ইলা-হা ইল্লাল্লা-হু ওয়াহ্‌দাহু লা শারীকা লাহু, লাহুল মুলকু, ওয়া লাহুল হামদু, ওয়া হুয়া ‘আলা কুল্লি শাই’ইন ক্বাদীর) (১০ বার",অথবা (অলসতা লাগলে ১ বার),لا إلهَ إلاّ اللّهُ وحْـدَهُ لا شَـريكَ لهُ، لهُ المُـلْكُ ولهُ الحَمْـد، وهُوَ على كُلّ شَيءٍ قَدير . (عشر مرات أَوْ مرَّةً واحدةً عندَ الكَسَلِ),«لاَ إِلَهَ إِلاَّ اللَّهُ وَحْدَهُ لاَ شَرِيكَ لَهُ، لَهُ الْمُلْكُ وَلَهُ الْحَمْدُ، وَهُوَ عَلَى كُلِّ شَيْءٍ قَدِيرٌ».(১০ বার),"1Allah will write ten Hasanaat (rewards) for whoever recites this ten times in the morning, and forgive him ten misdeeds and give him the reward of freeing ten slaves and protect him from Satan. Whoever recites this ten times in the evening will get this same reward. An-Nasa'i, 'Amalul-Yawm wal-Laylah (no. 24). Its chain of transmission is sound (Sahih). Albani 1/272. Abu Hurayrah «fe narrated that the Prophet j§ said: ""Allah will write one hundred Hasanat for whoever says There is no God but Allah alone, He has no partner. To Allah is possession of everything, and to Him all praise is. He is Capable of all things' ten times in the morning, and forgive him one hundred misdeeds. He will have the reward of freeing a slave and will be protected from Satan throughout the day unto dusk. Whoever says it in the evening will have the same reward."" Ahmad 8/704, 16/293. Its chain of transmission is good (Hasan), Ibn Baz, p. 44. 2 Whoever recites this in the morning, will have the reward of freeing a slave from the Children of Isma'il. Ten Hasanaat (rewards) will be written for him, and he will be forgiven ten misdeeds, raised up ten degrees, and be protected from Satan until evening. Whoever says it in the evening will have the same reward until morning. Abu Dawud 4/319, 3/957, Ahmad 4/ 60, Ibn Majah 2/331, Ibn Al-Qayyim Zadul-Ma'ad 2/388. Its chain of transmission is sound (Sahih). Al-Albani 1/270.",,,"“একমাত্র আল্লাহ ছাড়া কোনো হক্ব ইলাহ নেই, তাঁর কোনো শরীক নেই, রাজত্ব তাঁরই, সমস্ত প্রশংসাও তাঁর, আর তিনি সকল কিছুর উপর ক্ষমতাবান।”",mismatch,0.8045,"[""Lā ilāha illallāhu waḥdahu lā sharīka lah, lahu ‘l-mulku walahu ‘l-ḥamd, wa huwa `alā kulli shay'in qadīr."", 'None has the right to be worshipped but Allah alone, Who has no partner. His is the dominion and His is the praise and He is Able to do all things. (Recite ten times 1 in Arabic or one time to ward off laziness.) 2', '1Allah will write ten Hasanaat (rewards) for whoever recites this ten times in the morning, and forgive him ten misdeeds and give him the reward of freeing ten slaves and protect him from Satan. Whoever recites this ten times in the evening will get this same reward. An-Nasa\'i, \'Amalul-Yawm wal-Laylah (no. 24). Its chain of transmission is sound (Sahih). Albani 1/272. Abu Hurayrah «fe narrated that the Prophet j§ said: ""Allah will write one hundred Hasanat for whoever says There is no God but Allah alone, He has no partner. To Allah is possession of everything, and to Him all praise is. He is Capable of all things\' ten times in the morning, and forgive him one hundred misdeeds. He will have the reward of freeing a slave and will be protected from Satan throughout the day unto dusk. Whoever says it in the evening will have the same reward."" Ahmad 8/704, 16/293. Its chain of transmission is good (Hasan), Ibn Baz, p. 44. 2 Whoever recites this in the morning, will have the reward of freeing a slave from the Children of Isma\'il. Ten Hasanaat (rewards) will be written for him, and he will be forgiven ten misdeeds, raised up ten degrees, and be protected from Satan until evening. Whoever says it in the evening will have the same reward until morning. Abu Dawud 4/319, 3/957, Ahmad 4/ 60, Ibn Majah 2/331, Ibn Al-Qayyim Zadul-Ma\'ad 2/388. Its chain of transmission is sound (Sahih). Al-Albani 1/270.', 'لا إلهَ إلاّ اللّهُ وحْـدَهُ لا شَـريكَ لهُ، لهُ المُـلْكُ ولهُ الحَمْـد، وهُوَ على كُلّ شَيءٍ قَدير . (عشر مرات أَوْ مرَّةً واحدةً عندَ الكَسَلِ)']","['«لاَ إِلَهَ إِلاَّ اللَّهُ وَحْدَهُ لاَ شَرِيكَ لَهُ، لَهُ الْمُلْكُ وَلَهُ الْحَمْدُ، وَهُوَ عَلَى كُلِّ شَيْءٍ قَدِيرٌ».(১০ বার)', 'অথবা (অলসতা লাগলে ১ বার)', '(লা ইলা-হা ইল্লাল্লা-হু ওয়াহ্\u200cদাহু লা শারীকা লাহু, লাহুল মুলকু, ওয়া লাহুল হামদু, ওয়া হুয়া ‘আলা কুল্লি শাই’ইন ক্বাদীর)। (১০ বার) অথবা (অলসতা লাগলে ১ বার)', '“একমাত্র আল্লাহ ছাড়া কোনো হক্ব ইলাহ নেই, তাঁর কোনো শরীক নেই, রাজত্ব তাঁরই, সমস্ত প্রশংসাও তাঁর, আর তিনি সকল কিছুর উপর ক্ষমতাবান।”', '(১০ বার)[28] অথবা (অলসতা লাগলে ১ বার)[29]']"
93,27,Chapter: In the morning and evening,أذكار الصباح والمساء,27.0,সকাল ও বিকালের যিক্‌রসমূহ,"Lā ilāha illallāhu waḥdahu lā sharīka lah, lahu ‘l-mulku walahu ‘l-ḥamd, wa huwa `alā kulli shay'in qadīr.","None has the right to be worshipped but Allah alone, Who has no partner. His is the dominion and His is the praise and He is Able to do all things. (Recite 100 times in Arabic upon rising in the morning).","লা ইলা-হা ইল্লাল্লা-হু ওয়াহ্‌দাহু লা শারীকা লাহু, লাহুল মুলকু, ওয়া লাহুল হামদু, ওয়া হুয়া ‘আলা কুল্লি শাই’ইন ক্বাদীর","“একমাত্র আল্লাহ ছাড়া কোনো হক্ব ইলাহ নেই, তাঁর কোনো শরীক নেই, রাজত্ব তাঁরই, সমস্ত প্রশংসাও তাঁর, আর তিনি সকল কিছুর উপর ক্ষমতাবান।” (সকালবেলা ১০০ বার বলবে)[30]",لا إلهَ إلاّ اللّهُ وحْـدَهُ لا شَـريكَ لهُ، لهُ المُـلْكُ ولهُ الحَمْـد، وهُوَ على كُلّ شَيءٍ قَدير . (مائة مرة إذا أصبح),«لاَ إِلَهَ إِلاَّ اللَّهُ، وَحْدَهُ لاَ شَرِيكَ لَهُ، لَهُ الْمُلْكُ وَلَهُ الْحَمْدُ وَهُوَ عَلَى كُلِّ شَيْءٍ قَدِيرٌ».,"Whoever recites this one hundred times a day will have the reward of freeing ten slaves. One hundred Hasanaat (rewards) will be written for him and one hundred misdeeds will be washed away. He will be shielded from Satan until the evening. No one will be able to present anything better than this except for someone who has recited more than this. Al-Bukhari 4/95, Muslim 4/2071.",,,,mismatch,0.8861,"[""Lā ilāha illallāhu waḥdahu lā sharīka lah, lahu ‘l-mulku walahu ‘l-ḥamd, wa huwa `alā kulli shay'in qadīr."", 'None has the right to be worshipped but Allah alone, Who has no partner. His is the dominion and His is the praise and He is Able to do all things. (Recite 100 times in Arabic upon rising in the morning).', 'Whoever recites this one hundred times a day will have the reward of freeing ten slaves. One hundred Hasanaat (rewards) will be written for him and one hundred misdeeds will be washed away. He will be shielded from Satan until the evening. No one will be able to present anything better than this except for someone who has recited more than this. Al-Bukhari 4/95, Muslim 4/2071.', 'لا إلهَ إلاّ اللّهُ وحْـدَهُ لا شَـريكَ لهُ، لهُ المُـلْكُ ولهُ الحَمْـد، وهُوَ على كُلّ شَيءٍ قَدير . (مائة مرة إذا أصبح)']","['«لاَ إِلَهَ إِلاَّ اللَّهُ، وَحْدَهُ لاَ شَرِيكَ لَهُ، لَهُ الْمُلْكُ وَلَهُ الْحَمْدُ وَهُوَ عَلَى كُلِّ شَيْءٍ قَدِيرٌ».', '(লা ইলা-হা ইল্লাল্লা-হু ওয়াহ্\u200cদাহু লা শারীকা লাহু, লাহুল মুলকু, ওয়া লাহুল হামদু, ওয়া হুয়া ‘আলা কুল্লি শাই’ইন ক্বাদীর)।', '“একমাত্র আল্লাহ ছাড়া কোনো হক্ব ইলাহ নেই, তাঁর কোনো শরীক নেই, রাজত্ব তাঁরই, সমস্ত প্রশংসাও তাঁর, আর তিনি সকল কিছুর উপর ক্ষমতাবান।” (সকালবেলা ১০০ বার বলবে)[30]']"
94,27,Chapter: In the morning and evening,أذكار الصباح والمساء,27.0,সকাল ও বিকালের যিক্‌রসমূহ,Subḥānallāhi wa biḥamdih:,"Glory is to Allah and praise is to Him, by the multitude of His creation, by His Pleasure, by the weight of His Throne, and by the extent of His Words. (Recite three times in Arabic upon rising in the morning.)","সুব্‌হা-নাল্লা-হি ওয়া বিহামদিহী ‘আদাদা খালক্বিহী, ওয়া রিদা নাফসিহী, ওয়া যিনাতা ‘আরশিহী, ওয়া মিদা-দা কালিমা-তিহী","“আমি আল্লাহর প্রশংসাসহ পবিত্রতা ও মহিমা ঘোষণা করছি— তাঁর সৃষ্ট বস্তুসমূহের সংখ্যার সমান, তাঁর নিজের সন্তোষের সমান, তাঁর আরশের ওজনের সমান ও তাঁর বাণীসমূহ লেখার কালি পরিমাণ (অগণিত অসংখ্য)”।[31] (৩ বার)",سُبْحـانَ اللهِ وَبِحَمْـدِهِ عَدَدَ خَلْـقِه ، وَرِضـا نَفْسِـه ، وَزِنَـةَ عَـرْشِـه ، وَمِـدادَ كَلِمـاتِـه . (ثلاث مرات إذا أصبح),«سُبْحَانَ اللَّهِ وَبِحَمْدِهِ: عَدَدَ خَلْقِهِ، وَرِضَا نَفْسِهِ، وَزِنَةَ عَرْشِهِ، وَمِدَادَ كَلِمَاتِهِ».(৩ বার),Muslim 4/2090.,,,,mismatch,0.8531,"['Subḥānallāhi wa biḥamdih:', 'Glory is to Allah and praise is to Him, by the multitude of His creation, by His Pleasure, by the weight of His Throne, and by the extent of His Words. (Recite three times in Arabic upon rising in the morning.)', 'Muslim 4/2090.', 'سُبْحـانَ اللهِ وَبِحَمْـدِهِ عَدَدَ خَلْـقِه ، وَرِضـا نَفْسِـه ، وَزِنَـةَ عَـرْشِـه ، وَمِـدادَ كَلِمـاتِـه . (ثلاث مرات إذا أصبح)']","['«سُبْحَانَ اللَّهِ وَبِحَمْدِهِ: عَدَدَ خَلْقِهِ، وَرِضَا نَفْسِهِ، وَزِنَةَ عَرْشِهِ، وَمِدَادَ كَلِمَاتِهِ».(৩ বার)', '(সুব্\u200cহা-নাল্লা-হি ওয়া বিহামদিহী ‘আদাদা খালক্বিহী, ওয়া রিদা নাফসিহী, ওয়া যিনাতা ‘আরশিহী, ওয়া মিদা-দা কালিমা-তিহী)। (৩ বার)', '“আমি আল্লাহর প্রশংসাসহ পবিত্রতা ও মহিমা ঘোষণা করছি— তাঁর সৃষ্ট বস্তুসমূহের সংখ্যার সমান, তাঁর নিজের সন্তোষের সমান, তাঁর আরশের ওজনের সমান ও তাঁর বাণীসমূহ লেখার কালি পরিমাণ (অগণিত অসংখ্য)”।[31] (৩ বার)']"
95,27,Chapter: In the morning and evening,أذكار الصباح والمساء,27.0,সকাল ও বিকালের যিক্‌রসমূহ,"Allāhumma innī as'aluka `ilman nāfi`a, wa rizqan ṭayyiba, wa `amalan mutaqabbala.","O Allah, I ask You for knowledge that is of benefit, a good provision, and deeds that will be accepted. (Recite in Arabic upon rising in the morning.)",সকালবেলা বলবে) (আল্লা-হুম্মা ইন্নি আসআলুকা ইলমান নাফে‘আন ওয়া রিয্‌কান তাইয়্যেবান ওয়া ‘আমালান মুতাক্বাব্বালান,"“হে আল্লাহ! আমি আপনার নিকট উপকারী জ্ঞান, পবিত্র রিযিক এবং কবুলযোগ্য আমল প্রার্থনা করি।” (সকালবেলা বলবে)[32]",اللَّهُمَّ إِنِّي أَسْأَلُكَ عِلْماً نَافِعاً، وَرِزْقاً طَيِّباً، وَعَمَلاً مُتَقَبَّلاً (إذا أصبحَ),«اللَّهُمَّ إِنِّي أَسْأَلُكَ عِلْماً نَافِعاً، وَرِزْقاً طَيِّباً، وَعَمَلاً مُتَقَبَّلاً».,"Ibn As-Sunni, no. 54, Ibn Majah no. 925. Its chain of transmission is good (Hasan), Ibn Al-Qayyim 2/375.",,,,close_match,0.9174,"[""Allāhumma innī as'aluka `ilman nāfi`a, wa rizqan ṭayyiba, wa `amalan mutaqabbala."", 'O Allah, I ask You for knowledge that is of benefit, a good provision, and deeds that will be accepted. (Recite in Arabic upon rising in the morning.)', 'Ibn As-Sunni, no. 54, Ibn Majah no. 925. Its chain of transmission is good (Hasan), Ibn Al-Qayyim 2/375.', 'اللَّهُمَّ إِنِّي أَسْأَلُكَ عِلْماً نَافِعاً، وَرِزْقاً طَيِّباً، وَعَمَلاً مُتَقَبَّلاً (إذا أصبحَ)']","['«اللَّهُمَّ إِنِّي أَسْأَلُكَ عِلْماً نَافِعاً، وَرِزْقاً طَيِّباً، وَعَمَلاً مُتَقَبَّلاً».', '(সকালবেলা বলবে)', '(আল্লা-হুম্মা ইন্নি আসআলুকা ইলমান নাফে‘আন ওয়া রিয্\u200cকান তাইয়্যেবান ওয়া ‘আমালান মুতাক্বাব্বালান) (সকালবেলা বলবে)', '“হে আল্লাহ! আমি আপনার নিকট উপকারী জ্ঞান, পবিত্র রিযিক এবং কবুলযোগ্য আমল প্রার্থনা করি।” (সকালবেলা বলবে)[32]']"
96,27,Chapter: In the morning and evening,أذكار الصباح والمساء,27.0,সকাল ও বিকালের যিক্‌রসমূহ,Astaghfirullāha wa atūbu ilayh.,I seek the forgiveness of Allah and repent to Him. (Recite one hundred times in Arabic during the day.),আস্তাগফিরুল্লাহ ওয়া আতূবু ইলাইহি,“আমি আল্লাহ্‌র কাছে ক্ষমা প্রার্থনা করছি এবং তাঁর নিকটই তাওবা করছি”। (প্রতি দিন ১০০ বার)[33],أَسْتَغْفِرُ اللَّهَ وَأَتُوبُ إِلَيْهِ (مِائَةَ مَرَّةٍ فِي الْيَوْمِ),«أَسْتَغْفِرُ اللَّهَ وَأَتُوبُ إِلَيْهِ».,"Al-Bukhari, cf. Al-Asqalani, Fathul-Bari 11/101, Muslim 4/2075.",,,,mismatch,0.7097,"['Astaghfirullāha wa atūbu ilayh.', 'I seek the forgiveness of Allah and repent to Him. (Recite one hundred times in Arabic during the day.)', 'Al-Bukhari, cf. Al-Asqalani, Fathul-Bari 11/101, Muslim 4/2075.', 'أَسْتَغْفِرُ اللَّهَ وَأَتُوبُ إِلَيْهِ (مِائَةَ مَرَّةٍ فِي الْيَوْمِ)']","['«أَسْتَغْفِرُ اللَّهَ وَأَتُوبُ إِلَيْهِ».', '(আস্তাগফিরুল্লাহ ওয়া আতূবু ইলাইহি)।', '“আমি আল্লাহ্\u200cর কাছে ক্ষমা প্রার্থনা করছি এবং তাঁর নিকটই তাওবা করছি”। (প্রতি দিন ১০০ বার)[33]']"
97,27,Chapter: In the morning and evening,أذكار الصباح والمساء,27.0,সকাল ও বিকালের যিক্‌রসমূহ,A`ūdhu bikalimāti-llāhit-tāmmāti min sharri mā khalaq.,I seek refuge in the Perfect Words of Allah from the evil of what He has created. (Recite three times in Arabic in the evening.),বিকালে ৩ বার) (আ‘ঊযু বিকালিমা-তিল্লা-হিত তা-ম্মাতি মিন শাররি মা খালাক্বা,“আল্লাহ্‌র পরিপূর্ণ কালেমাসমূহের ওসিলায় আমি তাঁর নিকট তাঁর সৃষ্টির ক্ষতি থেকে আশ্রয় চাই।”[34] (বিকালে ৩ বার),أَعـوذُ بِكَلِمـاتِ اللّهِ التّـامّـاتِ مِنْ شَـرِّ ما خَلَـق (ثلاث مرات إِذا أمسى),«أَعُوذُ بِكَلِمَاتِ اللَّهِ التَّامَّاتِ مِنْ شَرِّ مَا خَلَقَ».,"Whoever recites this three times in the evening will be protected from insect stings, Ahmad 2/ 290, An-Nasa'i, 'Amalul-Yawm wal-Laylah no. 590, At-Tirmidhi 3/187, Ibn As-Sunni no. 68. According to Al-Albani, Ibn Majah's (2/266) chain of transmission is sound (Sahih), and following Ibn Baz 45, At-Tirmidhi's report is good (Hasan).",,,,mismatch,0.7957,"['A`ūdhu bikalimāti-llāhit-tāmmāti min sharri mā khalaq.', 'I seek refuge in the Perfect Words of Allah from the evil of what He has created. (Recite three times in Arabic in the evening.)', ""Whoever recites this three times in the evening will be protected from insect stings, Ahmad 2/ 290, An-Nasa'i, 'Amalul-Yawm wal-Laylah no. 590, At-Tirmidhi 3/187, Ibn As-Sunni no. 68. According to Al-Albani, Ibn Majah's (2/266) chain of transmission is sound (Sahih), and following Ibn Baz 45, At-Tirmidhi's report is good (Hasan)."", 'أَعـوذُ بِكَلِمـاتِ اللّهِ التّـامّـاتِ مِنْ شَـرِّ ما خَلَـق (ثلاث مرات إِذا أمسى)']","['«أَعُوذُ بِكَلِمَاتِ اللَّهِ التَّامَّاتِ مِنْ شَرِّ مَا خَلَقَ».', '(বিকালে ৩ বার)', '(আ‘ঊযু বিকালিমা-তিল্লা-হিত তা-ম্মাতি মিন শাররি মা খালাক্বা)। (বিকালে ৩ বার)', '“আল্লাহ্\u200cর পরিপূর্ণ কালেমাসমূহের ওসিলায় আমি তাঁর নিকট তাঁর সৃষ্টির ক্ষতি থেকে আশ্রয় চাই।”[34] (বিকালে ৩ বার)']"
98,27,Chapter: In the morning and evening,أذكار الصباح والمساء,27.0,সকাল ও বিকালের যিক্‌রসমূহ,Allāhumma ṣalli wa sallim `alā nabiyyinā Muḥammad.,"O Allah, we ask for your peace and blessings upon our Prophet Muhammad. (Recite ten times in Arabic.)",আল্লা-হুম্মা সাল্লি ওয়াসাল্লিম ‘আলা নাবিয়্যিনা মুহাম্মাদ,“হে আল্লাহ! আপনি সালাত ও সালাম পেশ করুন আমাদের নবী মুহাম্মাদের উপর।” [সকাল-বিকাল ১০ বার করে][35],اللَّهُمَّ صَلِّ وَ سَلِّمْ عَلَى نَبِيِّنَا مُحَمَّدٍ (عشر مرات),«اللَّهُمَّ صَلِّ وَسَلِّمْ عَلَى نَبَيِّنَا مُحَمَّدٍ».,"The Prophet (ﷺ) said: ""Who recites blessings upon me ten times in the morning and ten times in the evening will obtain my intercession on the Day of Resurrection."" At-Tabarani reported this Hadith together with two chains of transmission. One of them is reliable (Jayyid). See Haythami's Majma'uz-Zawa'id 10/120, and Al-Albani's Sahihut-Targhib wat-Tarhib 1/273.","[35]যে কেউ সকাল বেলা আমার উপর দশবার দরুদ পাঠ করবে এবং বিকাল বেলা দশবার দরুদ পাঠ করবে, কিয়ামতের দিন আমার সুপারিশ দ্বারা সৌভাগ্যবান হবে।’ তাবরানী হাদীসটি দু’ সনদে সংকলন করেন, যার একটি উত্তম। দেখুন, মাজমা‘উয যাওয়ায়েদ ১০/১২০; সহীহুত তারগীব ওয়াত তারহীব ১/২৭৩।",,[সকাল-বিকাল ১০ বার করে],mismatch,0.8485,"['Allāhumma ṣalli wa sallim `alā nabiyyinā Muḥammad.', 'O Allah, we ask for your peace and blessings upon our Prophet Muhammad. (Recite ten times in Arabic.)', 'The Prophet (ﷺ) said: ""Who recites blessings upon me ten times in the morning and ten times in the evening will obtain my intercession on the Day of Resurrection."" At-Tabarani reported this Hadith together with two chains of transmission. One of them is reliable (Jayyid). See Haythami\'s Majma\'uz-Zawa\'id 10/120, and Al-Albani\'s Sahihut-Targhib wat-Tarhib 1/273.', 'اللَّهُمَّ صَلِّ وَ سَلِّمْ عَلَى نَبِيِّنَا مُحَمَّدٍ (عشر مرات)']","['«اللَّهُمَّ صَلِّ وَسَلِّمْ عَلَى نَبَيِّنَا مُحَمَّدٍ».', '[সকাল-বিকাল ১০ বার করে]', '(আল্লা-হুম্মা সাল্লি ওয়াসাল্লিম ‘আলা নাবিয়্যিনা মুহাম্মাদ) [সকাল-বিকাল ১০ বার করে]', '“হে আল্লাহ! আপনি সালাত ও সালাম পেশ করুন আমাদের নবী মুহাম্মাদের উপর।” [সকাল-বিকাল ১০ বার করে][35]', '[1] আনাস রাদিয়াল্লাহু ‘আনহু থেকে বর্ণিত, তিনি হাদীসটিকে রাসূল সাল্লাল্লাহু আলাইহি ওয়াসাল্লাম থেকে মারফূ‘ হিসেবে বর্ণনা করেছেন, “কোনো গোষ্ঠী যারা যিক্\u200cর করছে, তাদের সাথে ফজরের সালাতের পরে সূর্য উঠা পর্যন্ত সময় বসা আমার কাছে ইসমাঈলের বংশধরদের চার জন্য দাস মুক্তির থেকেও বেশি প্রিয়। অনুরূপভাবে কোনো গোষ্ঠী যারা যিক্\u200cর করছে, তাদের সাথে আসরের সালাতের পরে সূর্য ডুবা পর্যন্ত সময় বসা আমার কাছে চার জন্য দাস মুক্তির থেকেও বেশি প্রিয়।” আবূ দাউদ, নং ৩৬৬৭। আর শাইখ আলবানী, সহীহ আবি দাউদ ২/৬৯৮ তে হাদীসটিকে হাসান বলেছেন।', '[2] সূরা আল-বাকারাহ্\u200c, ২৫৫। যে ব্যক্তি সকালে তা বলবে সে বিকাল হওয়া পর্যন্ত জিন শয়তান থেকে আল্লাহর আশ্রয়ে থাকবে, আর যে ব্যক্তি বিকালে তা বলবে সে সকাল হওয়া পর্যন্ত জিন শয়তান থেকে আল্লাহর আশ্রয়ে থাকবে। হাদীসটি হাকিম সংকলন করেছেন, ১/৫৬২। আর শাইখ আলবানী একে সহীহুত তারগীব ওয়াত-তারহীবে সহীহ বলেছেন ১/২৭৩। আর তিনি একে নাসাঈ, তাবারানীর দিকে সম্পর্কযুক্ত করেছেন এবং বলেছেন, তাবারানীর সনদ ‘জাইয়্যেদ’ বা ভালো।', '[3] হাদীসে এসেছে, রাসূল বললেন, যে ব্যক্তি সকাল ও বিকালে ‘কুল হুআল্লাহু আহাদ’ (সূরা ইখলাস), ‘সূরা ফালাক’ ও ‘সূরা নাস’ তিনবার করে বলবে, এটাই আপনার সবকিছুর জন্য যথেষ্ট হবে। আবূ দাউদ ৪/৩২২, নং ৫০৮২; তিরমিযী ৫/৫৬৭, নং ৩৫৭৫। আরও দেখুন, সহীহুত তিরমিযী, ৩/১৮২।', '[4] বিকালে বলবে,', 'أَمْسَيْنَا وَأَمْسَى الْمُلْكُ لِلَّهِ', '(আমসাইনা ওয়া আমসাল মুলকু লিল্লাহ) অর্থাৎ “আমরা আল্লাহর জন্য বিকালে উপনীত হয়েছি, আর সকল রাজত্বও তাঁরই অধীনে বিকালে উপনীত হয়েছে।”', '[5] আর যখন বিকাল হবে, তখন বলবে,', 'رَبِّ أَسْأَلُكَ خَيْرَ مَا فِيْ هَذِهِ اللَّيْلَةِ وَخَيْرَ مَا بَعْدَهَا، وَأَعُوْذُ بِكَ مِنْ شَرِّ مَا فِيْ هَذِهِ اللَّيْلَةِ، وَشَرِّ مَا بَعْدَهَا.', '(রাব্বি আসআলুকা খাইরা মা ফী হাযিহিল্লাইলাতি ও খাইরা মা বা‘দাহা, ওয়া আ‘উযু বিকা মিন শাররি মা ফী হাযিহিল লাইলাতি, ওয়া শাররি মা বা‘দাহা)', '“হে রব, আমি আপনার কাছে এ রাতের মাঝে ও এর পরে যে কল্যাণ রয়েছে, তা প্রার্থনা করি। আর এ রাত ও এর পরে যে অকল্যাণ রয়েছে, তা থেকে আশ্রয় প্রার্থনা করি।”', '[6] মুসলিম, ৪/২০৮৮, নং ২৭২৩।', '[7] আর বিকাল হলে রাসূলুল্লাহ্\u200c সাল্লাল্লাহু আলাইহি ওয়াসাল্লাম বলতেন:', 'اَللَّهُمَّ بِكَ أَمْسَيْنَا، وَبِكَ أَصْبَحْنَا، وَبِكَ نَحْيَا، وَبِكَ نَمُوْتُ، وَإِلَيْكَ الْمَصِيْرُ.', '(আল্লা-হুম্মা বিকা আমসাইনা ওয়াবিকা আসবাহ্\u200cনা ওয়াবিকা নাহ্\u200cইয়া ওয়াবিকা নামূতু ওয়া ইলাইকাল মাসীর।)', '“হে আল্লাহ! আমরা আপনার জন্য বিকালে উপনীত হয়েছি এবং আপনারই জন্য আমরা সকালে উপনীত হয়েছি। আর আপনার দ্বারা আমরা জীবিত থাকি, আপনার দ্বারাই আমরা মারা যাব; আর আপনার দিকেই প্রত্যাবর্তিত হব।’’', '[8] তিরমিযী, ৫/৪৬৬, নং ৩৩৯১। আরও দেখুন, সহীহুত তিরমিযী, ৩/১৪২।', '[9] অর্থাৎ আমি স্বীকার করছি ও মেনে নিচ্ছি।', '[10] “যে ব্যক্তি সকালবেলা অথবা সন্ধ্যাবেলা এটি (‘সায়্যিদুল ইসতিগফার’) অর্থ বুঝে দৃঢ় বিশ্বাসসহকারে পড়বে, সে ঐ দিন রাতে বা দিনে মারা গেলে অবশ্যই জান্নাতে যাবে।” বুখারী, ৭/১৫০, নং ৬৩০৬।', '[11] আর যখন বিকাল হবে, তখন বলবে, اللهم إِنّيْ أَمْسَيْتُ (আল্লা-হুম্মা ইন্নি আমসাইতু) অর্থাৎ, “হে আল্লাহ আমি বিকালে উপনীত হয়েছি”।', '[12] যে ব্যক্তি সকালে অথবা বিকালে তা চারবার বলবে, আল্লাহ তাকে জাহান্নামের আগুন থেকে মুক্ত করবেন। আবূ দাউদ ৪/৩১৭, নং ৫০৭১; বুখারী, আল-আদাবুল মুফরাদ, নং ১২০১; নাসাঈ, ‘আমালুল ইয়াওমি ওয়াল লাইলাহ, নং ৯; ইবনুস সুন্নী, নং ৭০। সম্মানিত শাইখ আবদুল আযীয ইবন বায রাহেমাহুল্লাহ তাঁর তুহফাতুল আখইয়ার গ্রন্থের পৃ. ২৩ এ নাসাঈ ও আবূ দাউদের সনদকে হাসান বলেছেন।', '[13] আর বিকাল হলে বলবে,اللَّهُمَّ مَا أَمسَى بِي (আল্লা-হুম্মা মা আমসা বী মিন নি‘মাতিন...) অর্থাৎ “হে আল্লাহ! যে নেয়ামত আমার সাথে বিকালে উপনীত হয়েছে...।”', '[14] যে ব্যক্তি সকালবেলা উপরোক্ত দো‘আ পাঠ করলো সে যেনো সেই দিনের শুকরিয়া আদায় করলো। আর যে ব্যক্তি বিকালবেলা এ দো‘আ পাঠ করলো সে যেনো রাতের শুকরিয়া আদায় করলো’’। হাদীসটি সংকলন করেছেন, আবূ দাউদ ৪/৩১৮, নং ৫০৭৫; নাসাঈ, আমালুল ইয়াওমি ওয়াল লাইলাহ, নং ৭; ইবনুস সুন্নী, নং ৪১; ইবন হিব্বান, (মাওয়ারিদ) নং ২৩৬১। আর শাইখ ইবন বায তাঁর তুহফাতুল আখইয়ার পৃ. ২৪ এ এর সনদকে হাসান বলেছেন।', '[15] আবূ দাউদ ৪/৩২৪, নং ৫০৯২; আহমাদ ৫/৪২, নং ২০৪৩০; নাসাঈ, আমালুল ইয়াওমি ওয়াল্লাইলাহ, নং ২২; ইবনুস সুন্নী, নং ৬৯; বুখারী, আল-আদাবুল মুফরাদ, নং ৭০১। আর শাইখ আল্লামা ইবন বায রাহিমাহুল্লাহ ‘তুহফাতুল আখইয়ার’ গ্রন্থের পৃ. ২৬ এ এর সনদকে হাসান বলেছেন।', '[16] যে ব্যক্তি দো‘আটি সকালবেলা সাতবার এবং বিকালবেলা সাতবার বলবে তার দুনিয়া ও আখেরাতের সকল চিন্তাভাবনার জন্য আল্লাহ্ই যথেষ্ট হবেন। ইবনুস সুন্নী, নং ৭১, মারফূ‘ সনদে; আবূ দাউদ ৪/৩২১; মাওকূফ সনদে, নং ৫০৮১। আর শাইখ শু‘আইব ও আব্দুল কাদের আরনাঊত এর সনদকে সহীহ বলেছেন। দেখুন, যাদুল মা‘আদ ২/৩৭৬।', '[17] আবূ দাউদ, নং ৫০৭৪; ইবন মাজাহ্\u200c, নং ৩৮৭১। আরও দেখুন, সহীহ ইবন মাজাহ্\u200c ২/৩৩২।', '[18] তিরমিযী, নং ৩৩৯২; আবূ দাউদ, নং ৫০৬৭। আরও দেখুন, সহীহুত তিরমিযী, ৩/১৪২।', '[19] যে ব্যক্তি সকালে তিনবার এবং বিকালে তিনবার এটি বলবে, কোনো কিছু তার ক্ষতি করতে পারবে না। আবূ দাউদ, ৪/৩২৩, নং ৫০৮৮; তিরমিযী, ৫/৪৬৫, নং ৩৩৮৮; ইবন মাজাহ, নং ৩৮৬৯; আহমাদ, নং ৪৪৬। আরও দেখুন, সহীহ ইবন মাজাহ, ২/৩৩২। আর আল্লামা ইবন বায রাহিমাহুল্লাহ তাঁর ‘তুহফাতুল আখইয়ার’ গ্রন্থের ৩৯ পৃষ্ঠায় এটার সনদকে হাসান বলেছেন।', '[20] যে ব্যক্তি এ দো‘আ সকাল ও বিকাল তিনবার করে বলবে, আল্লাহর কাছে তার অধিকার হয়ে যায় তাকে কিয়ামাতের দিন সন্তুষ্ট করা। আহমাদ ৪/৩৩৭; নং ১৮৯৬৭; নাসাঈ, আমালুল ইয়াওমি ওয়াল-লাইলাহ, নং ৪; ইবনুস সুন্নী, নং ৬৮; আবু দাউদ, ৪/৩১৮, নং ১৫৩১; তিরমিযী ৫/৪৬৫, নং ৩৩৮৯। আর ইবন বায রাহিমাহুল্লাহ ‘তুহফাতুল আখইয়ার’ এর ৩৯ পৃষ্ঠায় একে হাসান বলেছেন।', '[21] হাকেম ১/৫৪৫, তিনি হাদীসটিকে সহীহ বলেছেন, আর যাহাবী তা সমর্থন করেছেন। আরও দেখুন, সহীহ আত-তারগীব ওয়াত-তারহীব ১/২৭৩।', '[22] আর যখন বিকাল হবে, তখন বলবে,', 'أمسينا وأمسى الملك للَّه ربّ العالمين', '(আমসাইনা ওয়া আমসাল মুলকু লিল্লাহি রাব্বিল ‘আলামীন)', '“আমরা বিকালে উপনীত হয়েছি, অনুরূপ যাবতীয় রাজত্বও বিকালে উপনীত হয়েছে সৃষ্টিকুলের রব্ব আল্লাহ্\u200cর জন্য।”', '[23] আর যখন বিকাল হবে, তখন বলবে,', 'اللَّهم إني أسألك خير هذه الليلة: فتحها، ونصرها، ونورها، وبركتها، وهداها، وأعوذ بك من شر ما فيها، وشر ما بعدها.', '(আল্লা-হুম্মা ইন্নি আসআলুকা খাইরা হাযিহিল লাইলাতি: ফাতহাহা ওয়া নাসরাহা, ওয়া নূরাহা, ওয়া বারাকাতাহা, ওয়া হুদাহা, ওয়া আ‘উযু বিকা মিন শাররি মা ফী-হা, ওয়া শাররি মা বা‘দাহা)', '“হে আল্লাহ, আমি আপনার কাছে কামনা করি এই রাতের কল্যাণ: বিজয়, সাহায্য, নূর, রবকত ও হেদায়াত। আর আমি আপনার কাছে আশ্রয় চাই এ রাতের এবং এ রাতের পরের অকল্যাণ থেকে।”', '[24] আবূ দাউদ ৪/৩২২, নং ৫০৮৪; আর শু‘আইব ও আবদুল কাদের আরনাঊত যাদুল মা‘আদের সম্পাদনায় ২/৩৭৩ এর সনদকে হাসান বলেছেন।', '[25] যখন বিকাল হবে, তখন বলবে,', 'أمسينا على فطرة الإسلام.....', '(আমসাইনা ‘আলা ফিতরাতিল ইসলাম...)', '“আমরা বিকালে উপনীত হয়েছি ইসলামের ফিত্বরাতের উপর”।', '[26] আহমাদ ৩/৪০৬, ৪০৭, নং ১৫৩৬০ ও নং ১৫৫৬৩; ইবনুস সুন্নী, আমালুল ইয়াওমি ওয়াল-লাইলাহ, নং ৩৪। আরও দেখুন, সহীহুল জামে‘উ ৪/২০৯।', '[27] যে ব্যক্তি তা সকালে একশত বার ও বিকালে একশত বার বলবে, কিয়ামতের দিন তার চেয়ে বেশি উৎকৃষ্ট কিছু কেউ নিয়ে আসতে পারবে না, তবে সে ব্যক্তি যে তার মত বলবে, বা তার চেয়ে বেশি আমল করবে। মুসলিম ৪/২০৭১, নং ২৬৯২।', '[28] নাসাঈ, আমালুল ইয়াওমি ওয়াল-লাইলাহ, নং ২৪। আরও দেখুন, সহীহুত তারগীব ওয়াত তারহীব, ১/২৭২; ইবন বায, তুহফাতুল আখইয়ার পৃ. ৪৪। এর ফযীলতের ব্যাপারে আরও দেখন, পৃ. হাদীস নং ২৫৫।', '[29] আবূ দাউদ, নং ৫০৭৭; ইবন মাজাহ, নং ৩৭৯৮; আহমাদ নং ৮৭১৯। আরও দেখুন, সহীহুত তারগীব ওয়াত তারহীব, ১/২৭০; সহীহ আবি দাউদ ৩/৯৫৭; সহীহ ইবন মাজাহ ২/৩৩১ ও যাদুল মা‘আদ ২/৩৭৭।', '[30] যে ব্যক্তি দিনে একশত বার বলবে, সেটা তার জন্য দশটি দাসমুক্তির অনুরূপ হবে, তার জন্য একশত সাওয়াব লিখা হবে, সে দিন বিকাল পর্যন্ত সেটা তার জন্য শয়তান থেকে বাঁচার উপায় হিসেবে বিবেচিত হবে; আর কেউ তার মত কিছু নিয়ে আসতে পারবে না, হাঁ, সে ব্যক্তি ব্যতীত যে তার চেয়েও বেশি আমল করবে। বুখারী, ৪/৯৫, নং ৩২৯৩; মুসলিম, ৪/২০৭১, নং ২৬৯১।', '[31] মুসলিম ৪/২০৯০, নং ২৭২৬।', '[32] হাদীসটি সংকলন করেছেন, ইবনুস সুন্নী, নং ৫৪; ইবন মাজাহ, নং ৯২৫। আর আব্দুল কাদের ও শু‘আইব আল-আরনাঊত যাদুল মা‘আদের সম্পাদনায় ২/৩৭৫; এর সনদকে হাসান বলেছেন। আর পূর্ব ৭৩ নং এ ও তা গত হয়েছে।', '[33] বুখারী (ফাতহুল বারীসহ) ১১/১০১, নং ৬৩০৭; মুসলিম ৪/২০৭৫, নং ২৭০২।', '[34] যে কেউ বিকাল বেলা এ দো‘আটি তিনবার বলবে, সে রাতে কোনো বিষধর প্রাণী তার ক্ষতি করতে পারবে না। আহমাদ ২/২৯০, নং ৭৮৯৮; নাসাঈ, আমালুল ইয়াওমি ওয়াল লাইলাহ, নং ৫৯০; ইবনুস সুন্নী, নং ৬৮; আরও দেখুন, সহীহুত তিরমিযী ৩/১৮৭; সহীহ ইবন মাজাহ ২/২৬৬; তুহফাতুল আখইয়ার লি ইবন বায, পৃ. ৪৫।', '[35]যে কেউ সকাল বেলা আমার উপর দশবার দরুদ পাঠ করবে এবং বিকাল বেলা দশবার দরুদ পাঠ করবে, কিয়ামতের দিন আমার সুপারিশ দ্বারা সৌভাগ্যবান হবে।’ তাবরানী হাদীসটি দু’ সনদে সংকলন করেন, যার একটি উত্তম। দেখুন, মাজমা‘উয যাওয়ায়েদ ১০/১২০; সহীহুত তারগীব ওয়াত তারহীব ১/২৭৩।']"
99,28,Chapter: Before sleeping,أذكار النوم,28.0,ঘুমানোর যিক্‌রসমূহ,Bismillāhir-Raḥmānir-Raḥīm. Qul huwallāhu aḥad. Allāhuṣ-ṣamad. Lam yalid wa lam yūlad. Wa lam yakun lahu kufuwan aḥad. Reference: Al-Ikhlas 112:1-4. Bismillāhir-Raḥmānir-Raḥīm. Qul a`ūdhu birabbil-falaq. Min sharri mā khalaq. Wa min sharri ghāsiqin idhā waqab. Wa min sharrin-naffāthāti fil-`uqad. Wa min sharri ḥāsidin idhā ḥasad. Reference: Al-Falaq 113:1-5. Bismillāhir-Raḥmānir-Raḥīm. Qul a`ūdhu birabbin-nās. Malikin-nās. 'Ilāhin-nās. Min sharri ‘l-waswāsil-khannās. Alladhī yuwaswisu fī ṣudūrin-nās. Minal-jinnati wannās. Reference: An-Nas 114:1-6,"Hold the palms together, blow (with a little spittle) into them, and recite: ""With the Name of Allah, the Most Gracious, the Most Merciful. Say: He is Allah (the) One. The Self-Sufficient Master, Whom all creatures need, He begets not nor was He begotten, and there is none equal to Him. With the Name of Allah, the Most Gracious, the Most Merciful. Say: I seek refuge with (Allah) the Lord of the daybreak, from the evil of what He has created, and from the evil of the darkening (night) as it comes with its darkness, and from the evil of those who practice witchcraft when they blow in the knots, and from the evil of the envier when he envies. With the Name of Allah, the Most Gracious, the Most Merciful. Say: I seek refuge with (Allah) the Lord of mankind, the King of mankind, the God of mankind, from the evil of the whisperer who withdraws, who whispers in the breasts of mankind, of jinns and men."" (Then pass your hands over as much of your body as you can reach, beginning with the head and the face, then the entire front of your body. Do this three times.)",,দুই হাতের তালু একত্রে মিলিয়ে নিম্নোক্ত সূরাগুলো পড়ে তাতে ফুঁ দিবে:,يَجْمَعُ كَفَّيْهِ ثُمَّ يَنْفُثُ فِيهِمَا فَيَقْرَأُ فِيهِمَا: بِسْمِ اللَّهِ الرَّحْمَنِ الرَّحِيمِ {قُلْ هُوَ اللَّهُ أَحَدٌ * اللَّهُ الصَّمَدُ* لَمْ يَلِدْ وَلَمْ يُولَدْ* وَلَمْ يَكُن لَّهُ كُفُواً أَحَدٌ}. بِسْمِ اللَّهِ الرَّحْمَنِ الرَّحِيمِ {قُلْ أَعُوذُ بِرَبِّ الْفَلَقِ* مِن شَرِّ مَا خَلَقَ* وَمِن شَرِّ غَاسِقٍ إِذَا وَقَبَ* وَمِن شَرِّ النَّفَّاثَاتِ فِي الْعُقَدِ* وَمِن شَرِّ حَاسِدٍ إِذَا حَسَدَ}. بِسْمِ اللَّهِ الرَّحْمَنِ الرَّحِيمِ {قُلْ أَعُوذُ بِرَبِّ النَّاسِ* مَلِكِ النَّاسِ* إِلَهِ النَّاسِ* مِن شَرِّ الْوَسْوَاسِ الْخَنَّاسِ* الَّذِي يُوَسْوِسُ فِي صُدُورِ النَّاسِ* مِنَ الْجِنَّةِ وَالنَّاسِ} ثُمَّ يَمْسَحُ بِهِمَا مَا اسْتَطَاعَ مِنْ جَسَدِهِ يَبْدَأُ بِهِمَا عَلَى رَأْسِهِ وَوَجْهِهِ وَمَا أَقبَلَ مِنْ جَسَدِهِ (يفعلُ ذلك ثلاثَ مرَّاتٍ),بِسْمِ اللّٰهِ الرَّحْمٰنِ الرَّحِيْمِ ۝ ﴿قُلْ هُوَ اللّٰهُ اَحَدٌ ۝ۚ اَللّٰهُ الصَّمَدُ ۝ۚ لَمْ يَلِدْ ڏ وَلَمْ يُوْلَدْ ۝ وَلَمْ يَكُنْ لَّهٗ كُفُوًا اَحَدٌ ۝ۧ﴾، بِسْمِ اللّٰهِ الرَّحْمٰنِ الرَّحِيْمِ ۝ ﴿قُلْ اَعُوْذُ بِرَبِّ الْفَلَقِ ۝ مِنْ شَرِّ مَا خَلَقَ ۝ وَمِنْ شَرِّ غَاسِقٍ اِذَا وَقَبَ ۝ وَمِنْ شَرِّ النَّفّٰثٰتِ فِي الْعُقَدِ ۝ وَمِنْ شَرِّ حَاسِدٍ اِذَا حَسَدَ ۝﴾، بِسْمِ اللّٰهِ الرَّحْمٰنِ الرَّحِيْمِ ۝ ﴿قُلْ اَعُوْذُ بِرَبِّ النَّاسِ ۝ مَلِكِ النَّاسِ ۝ اِلٰهِ النَّاسِ ۝ مِنْ شَرِّ الْوَسْوَاسِ ڏ الْخَنَّاسِ ۝ الَّذِيْ يُوَسْوِسُ فِيْ صُدُوْرِ النَّاسِ ۝ مِنَ الْجِنَّةِ وَالنَّاسِ ۝ۧ﴾,"Al-Bukhari, cf. Al-Asqalani, Fathul-Bari 9/62, and Muslim 4/ 1723.",,,"বিসমিল্লাহির রাহমানির রাহীম (ক্বুল হুওয়াল্লা-হু আহাদ। আল্লাহুস্ সামাদ। লাম ইয়ালিদ ওয়া লাম ইউলাদ। ওয়া লাম ইয়াকুল্লাহু কুফুওয়ান আহাদ)। রহমান, রহীম আল্লাহর নামে। “বলুন, তিনি আল্লাহ্, এক-অদ্বিতীয়। আল্লাহ্ হচ্ছেন ‘সামাদ’ (তিনি কারো মুখাপেক্ষী নন, সকলেই তাঁর মুখাপেক্ষী)। তিনি কাউকেও জন্ম দেন নি এবং তাঁকেও জন্ম দেয়া হয় নি। আর তাঁর সমতুল্য কেউই নেই।” বিসমিল্লাহির রাহমানির রাহীম (ক্বুল আ‘উযু বিরব্বিল ফালাক্ব। মিন শাররি মা খালাক্ব। ওয়া মিন শাররি গা-সিক্বিন ইযা ওয়াক্বাব। ওয়া মিন শাররিন নাফফা-সা-তি ফিল ‘উক্বাদ। ওয়া মিন শাররি হা-সিদিন ইযা হাসাদ)। রহমান, রহীম আল্লাহর নামে। “বলুন, আমি আশ্রয় প্রার্থনা করছি ঊষার রবের। তিনি যা সৃষ্টি করেছেন তার অনিষ্ট হতে। ‘আর অনিষ্ট হতে রাতের অন্ধকারের, যখন তা গভীর হয়। আর অনিষ্ট হতে সমস্ত নারীদের, যারা গিরায় ফুঁক দেয়। আর অনিষ্ট হতে হিংসুকের, যখন সে হিংসা করে।” বিসমিল্লাহির রাহমানির রাহীম (ক্বুল ‘আউযু বিরাব্বিন্না-স। মালিকিন্না-সি, ইলা-হিন্নাসি, মিন শাররিল ওয়াসওয়া-সিল খান্না-স, আল্লাযি ইউওয়াসউইসু ফী সুদূরিন না-সি, মিনাল জিন্নাতি ওয়ান্না-স।)। রহমান, রহীম আল্লাহর নামে। “বলুন, আমি আশ্রয় প্রার্থনা করছি মানুষের রবের, মানুষের অধিপতির, মানুষের ইলাহের কাছে, আত্মগোপনকারী কুমন্ত্রণাদাতার অনিষ্ট হতে; যে কুমন্ত্রণা দেয় মানুষের অন্তরে, জিনের মধ্য থেকে এবং মানুষের মধ্য থেকে।” তারপর দুই হাতের তালু দ্বারা দেহের যতোটা অংশ সম্ভব মাসেহ করবে। মাসেহ আরম্ভ করবে তার মাথা, মুখমণ্ডল ও দেহের সামনের দিক থেকে। (এভাবে ৩ বার করবে।)[1]",mismatch,0.0025,"[""Bismillāhir-Raḥmānir-Raḥīm. Qul huwallāhu aḥad. Allāhuṣ-ṣamad. Lam yalid wa lam yūlad. Wa lam yakun lahu kufuwan aḥad. Reference: Al-Ikhlas 112:1-4. Bismillāhir-Raḥmānir-Raḥīm. Qul a`ūdhu birabbil-falaq. Min sharri mā khalaq. Wa min sharri ghāsiqin idhā waqab. Wa min sharrin-naffāthāti fil-`uqad. Wa min sharri ḥāsidin idhā ḥasad. Reference: Al-Falaq 113:1-5. Bismillāhir-Raḥmānir-Raḥīm. Qul a`ūdhu birabbin-nās. Malikin-nās. 'Ilāhin-nās. Min sharri ‘l-waswāsil-khannās. Alladhī yuwaswisu fī ṣudūrin-nās. Minal-jinnati wannās. Reference: An-Nas 114:1-6"", 'Hold the palms together, blow (with a little spittle) into them, and recite: ""With the Name of Allah, the Most Gracious, the Most Merciful. Say: He is Allah (the) One. The Self-Sufficient Master, Whom all creatures need, He begets not nor was He begotten, and there is none equal to Him. With the Name of Allah, the Most Gracious, the Most Merciful. Say: I seek refuge with (Allah) the Lord of the daybreak, from the evil of what He has created, and from the evil of the darkening (night) as it comes with its darkness, and from the evil of those who practice witchcraft when they blow in the knots, and from the evil of the envier when he envies. With the Name of Allah, the Most Gracious, the Most Merciful. Say: I seek refuge with (Allah) the Lord of mankind, the King of mankind, the God of mankind, from the evil of the whisperer who withdraws, who whispers in the breasts of mankind, of jinns and men."" (Then pass your hands over as much of your body as you can reach, beginning with the head and the face, then the entire front of your body. Do this three times.)', 'Al-Bukhari, cf. Al-Asqalani, Fathul-Bari 9/62, and Muslim 4/ 1723.', 'يَجْمَعُ كَفَّيْهِ ثُمَّ يَنْفُثُ فِيهِمَا فَيَقْرَأُ فِيهِمَا: بِسْمِ اللَّهِ الرَّحْمَنِ الرَّحِيمِ {قُلْ هُوَ اللَّهُ أَحَدٌ * اللَّهُ الصَّمَدُ* لَمْ يَلِدْ وَلَمْ يُولَدْ* وَلَمْ يَكُن لَّهُ كُفُواً أَحَدٌ}. بِسْمِ اللَّهِ الرَّحْمَنِ الرَّحِيمِ {قُلْ أَعُوذُ بِرَبِّ الْفَلَقِ* مِن شَرِّ مَا خَلَقَ* وَمِن شَرِّ غَاسِقٍ إِذَا وَقَبَ* وَمِن شَرِّ النَّفَّاثَاتِ فِي الْعُقَدِ* وَمِن شَرِّ حَاسِدٍ إِذَا حَسَدَ}. بِسْمِ اللَّهِ الرَّحْمَنِ الرَّحِيمِ {قُلْ أَعُوذُ بِرَبِّ النَّاسِ* مَلِكِ النَّاسِ* إِلَهِ النَّاسِ* مِن شَرِّ الْوَسْوَاسِ الْخَنَّاسِ* الَّذِي يُوَسْوِسُ فِي صُدُورِ النَّاسِ* مِنَ الْجِنَّةِ وَالنَّاسِ} ثُمَّ يَمْسَحُ بِهِمَا مَا اسْتَطَاعَ مِنْ جَسَدِهِ يَبْدَأُ بِهِمَا عَلَى رَأْسِهِ وَوَجْهِهِ وَمَا أَقبَلَ مِنْ جَسَدِهِ (يفعلُ ذلك ثلاثَ مرَّاتٍ)']","['দুই হাতের তালু একত্রে মিলিয়ে নিম্নোক্ত সূরাগুলো পড়ে তাতে ফুঁ দিবে:', 'بِسْمِ اللّٰهِ الرَّحْمٰنِ الرَّحِيْمِ \u06dd ﴿قُلْ هُوَ اللّٰهُ اَحَدٌ \u06ddۚ اَللّٰهُ الصَّمَدُ \u06ddۚ لَمْ يَلِدْ ڏ وَلَمْ يُوْلَدْ \u06dd وَلَمْ يَكُنْ لَّهٗ كُفُوًا اَحَدٌ \u06ddۧ﴾،', 'বিসমিল্লাহির রাহমানির রাহীম (ক্বুল হুওয়াল্লা-হু আহাদ। আল্লাহুস্ সামাদ। লাম ইয়ালিদ ওয়া লাম ইউলাদ। ওয়া লাম ইয়াকুল্লাহু কুফুওয়ান আহাদ)।', 'রহমান, রহীম আল্লাহর নামে। “বলুন, তিনি আল্লাহ্, এক-অদ্বিতীয়। আল্লাহ্ হচ্ছেন ‘সামাদ’ (তিনি কারো মুখাপেক্ষী নন, সকলেই তাঁর মুখাপেক্ষী)। তিনি কাউকেও জন্ম দেন নি এবং তাঁকেও জন্ম দেয়া হয় নি। আর তাঁর সমতুল্য কেউই নেই।”', 'بِسْمِ اللّٰهِ الرَّحْمٰنِ الرَّحِيْمِ \u06dd ﴿قُلْ اَعُوْذُ بِرَبِّ الْفَلَقِ \u06dd مِنْ شَرِّ مَا خَلَقَ \u06dd وَمِنْ شَرِّ غَاسِقٍ اِذَا وَقَبَ \u06dd وَمِنْ شَرِّ النَّفّٰثٰتِ فِي الْعُقَدِ \u06dd وَمِنْ شَرِّ حَاسِدٍ اِذَا حَسَدَ \u06dd﴾،', 'বিসমিল্লাহির রাহমানির রাহীম (ক্বুল আ‘উযু বিরব্বিল ফালাক্ব। মিন শাররি মা খালাক্ব। ওয়া মিন শাররি গা-সিক্বিন ইযা ওয়াক্বাব। ওয়া মিন শাররিন নাফফা-সা-তি ফিল ‘উক্বাদ। ওয়া মিন শাররি হা-সিদিন ইযা হাসাদ)।', 'রহমান, রহীম আল্লাহর নামে। “বলুন, আমি আশ্রয় প্রার্থনা করছি ঊষার রবের। তিনি যা সৃষ্টি করেছেন তার অনিষ্ট হতে। ‘আর অনিষ্ট হতে রাতের অন্ধকারের, যখন তা গভীর হয়। আর অনিষ্ট হতে সমস্ত নারীদের, যারা গিরায় ফুঁক দেয়। আর অনিষ্ট হতে হিংসুকের, যখন সে হিংসা করে।”', 'بِسْمِ اللّٰهِ الرَّحْمٰنِ الرَّحِيْمِ \u06dd ﴿قُلْ اَعُوْذُ بِرَبِّ النَّاسِ \u06dd مَلِكِ النَّاسِ \u06dd اِلٰهِ النَّاسِ \u06dd مِنْ شَرِّ الْوَسْوَاسِ ڏ الْخَنَّاسِ \u06dd الَّذِيْ يُوَسْوِسُ فِيْ صُدُوْرِ النَّاسِ \u06dd مِنَ الْجِنَّةِ وَالنَّاسِ \u06ddۧ﴾', 'বিসমিল্লাহির রাহমানির রাহীম (ক্বুল ‘আউযু বিরাব্বিন্না-স। মালিকিন্না-সি, ইলা-হিন্নাসি, মিন শাররিল ওয়াসওয়া-সিল খান্না-স, আল্লাযি ইউওয়াসউইসু ফী সুদূরিন না-সি, মিনাল জিন্নাতি ওয়ান্না-স।)।', 'রহমান, রহীম আল্লাহর নামে। “বলুন, আমি আশ্রয় প্রার্থনা করছি মানুষের রবের, মানুষের অধিপতির, মানুষের ইলাহের কাছে, আত্মগোপনকারী কুমন্ত্রণাদাতার অনিষ্ট হতে; যে কুমন্ত্রণা দেয় মানুষের অন্তরে, জিনের মধ্য থেকে এবং মানুষের মধ্য থেকে।”', 'তারপর দুই হাতের তালু দ্বারা দেহের যতোটা অংশ সম্ভব মাসেহ করবে। মাসেহ আরম্ভ করবে তার মাথা, মুখমণ্ডল ও দেহের সামনের দিক থেকে। (এভাবে ৩ বার করবে।)[1]']"
100,28,Chapter: Before sleeping,أذكار النوم,28.0,ঘুমানোর যিক্‌রসমূহ,"Allāhu lā ilāha illā huwa ‘l-Ḥayyul-Qayyūm, lā ta'khudhuhu sinatun wa lā nawm, lahu mā fis-samāwāti wa māfil-ardh, man dhal-ladhī yashfa`u `indahu illā bi'idhnih, ya`lamu mā bayna aydīhim wa mā khalfahum, wa lā yuḥītūna bishay'im-min `ilmihi illā bimā shā', wasi`a kursiyyuhus-samāwāti wal-ardh, wa lā ya'ūduhu hifẓuhumā, wa huwal-`Aliyyu‘l-`Aẓīm.","Allah! There is none worthy of worship but He, the Ever-Living, the One Who sustains and protects all that exists. Neither slumber nor sleep overtakes Him. To Him belongs whatever is in the heavens and whatever is on the earth. Who is he that can intercede with Him except with His Permission? He knows what happens to them in this world, and what will happen to them in the Hereafter. And they will never encompass anything of His Knowledge except that which He wills. His Throne extends over the heavens and the earth, and He feels no fatigue in guarding and preserving them. And He is the Most High, the Most Great.",আল্লা-হু লা ইলা-হা ইল্লা হুওয়াল হাইয়্যূল কাইয়্যূমু লা তা’খুযুহু সিনাতুঁও ওয়ালা নাউম। লাহূ মা-ফিসসামা-ওয়া-তি ওয়ামা ফিল আরদ্বি। মান যাল্লাযী ইয়াশফা‘উ ‘ইনদাহূ ইল্লা বিইযনিহী। ইয়া‘লামু মা বাইনা আইদীহিম ওয়ামা খালফাহুম। ওয়ালা ইয়ুহীতূনা বিশাইইম মিন্ ইলমিহী ইল্লা বিমা শাআ। ওয়াসি‘আ কুরসিয়্যুহুস সামা-ওয়া-তি ওয়াল আরদ্ব। ওয়ালা ইয়াউদুহূ হিফযুহুমা ওয়া হুয়াল ‘আলিয়্যূল ‘আযীম,"“আল্লাহ্, তিনি ছাড়া কোনো সত্য ইলাহ্ নেই। তিনি চিরঞ্জীব, সর্বসত্তার ধারক। তাঁকে তন্দ্রাও স্পর্শ করতে পারে না, নিদ্রাও নয়। আসমানসমূহে যা রয়েছে ও যমীনে যা রয়েছে সবই তাঁর। কে সে, যে তাঁর অনুমতি ব্যতীত তাঁর কাছে সুপারিশ করবে? তাদের সামনে ও পিছনে যা কিছু আছে তা তিনি জানেন। আর যা তিনি ইচ্ছে করেন তা ছাড়া তাঁর জ্ঞানের কোনো কিছুকেই তারা পরিবেষ্টন করতে পারে না। তাঁর ‘কুরসী’ আসমানসমূহ ও যমীনকে পরিব্যাপ্ত করে আছে; আর এ দুটোর রক্ষণাবেক্ষণ তাঁর জন্য বোঝা হয় না। আর তিনি সুউচ্চ সুমহান।”[2]",((اللَّهُ لاَ إِلَهَ إِلاَّ هُوَ الْحَيُّ الْقَيُّومُ لاَ تَأْخُذُهُ سِنَةٌ وَلاَ نَوْمٌ لَّهُ مَا فِي السَّمَوَاتِ وَمَا فِي الأَرْضِ مَن ذَا الَّذِي يَشْفَعُ عِنْدَهُ إِلاَّ بِإِذْنِهِ يَعْلَمُ مَا بَيْنَ أَيْدِيهِمْ وَمَا خَلْفَهُمْ وَلاَ يُحِيطُونَ بِشَيْءٍ مِّنْ عِلْمِهِ إِلاَّ بِمَا شَاء وَسِعَ كُرْسِيُّهُ السَّمَوَاتِ وَالأَرْضَ وَلاَ يَؤُودُهُ حِفْظُهُمَا وَهُوَ الْعَلِيُّ الْعَظِيمُ)),﴿ اَللّٰهُ لَآ اِلٰهَ اِلَّا ھُوَ ۚ اَلْـحَيُّ الْقَيُّوْمُ ڬ لَا تَاْخُذُهٗ سِـنَةٌ وَّلَا نَوْمٌ ۭ لَهٗ مَا فِي السَّمٰوٰتِ وَمَا فِي الْاَرْضِ ۭ مَنْ ذَا الَّذِيْ يَشْفَعُ عِنْدَهٗٓ اِلَّا بِاِذْنِهٖ ۭ يَعْلَمُ مَا بَيْنَ اَيْدِيْهِمْ وَمَا خَلْفَھُمْ ۚ وَلَا يُحِيْطُوْنَ بِشَيْءٍ مِّنْ عِلْمِهٖٓ اِلَّا بِمَا شَاۗءَ ۚ وَسِعَ كُرْسِـيُّهُ السَّمٰوٰتِ وَالْاَرْضَ ۚ وَلَا يَـــــُٔـــوْدُهٗ حِفْظُهُمَا ۚ وَھُوَ الْعَلِيُّ الْعَظِيْمُ ٢٥٥؁ ﴾.,"Al-Baqarah 2:255. Whoever reads this when he lies down to sleep will have a guardian from Allah remain with him and Satan will not be able to come near him until he rises in the morning. See Al-Bukhari, cf. Al-Asqalani, Fathul-Bari 4/487.",,,,mismatch,0.8917,"[""Allāhu lā ilāha illā huwa ‘l-Ḥayyul-Qayyūm, lā ta'khudhuhu sinatun wa lā nawm, lahu mā fis-samāwāti wa māfil-ardh, man dhal-ladhī yashfa`u `indahu illā bi'idhnih, ya`lamu mā bayna aydīhim wa mā khalfahum, wa lā yuḥītūna bishay'im-min `ilmihi illā bimā shā', wasi`a kursiyyuhus-samāwāti wal-ardh, wa lā ya'ūduhu hifẓuhumā, wa huwal-`Aliyyu‘l-`Aẓīm."", 'Allah! There is none worthy of worship but He, the Ever-Living, the One Who sustains and protects all that exists. Neither slumber nor sleep overtakes Him. To Him belongs whatever is in the heavens and whatever is on the earth. Who is he that can intercede with Him except with His Permission? He knows what happens to them in this world, and what will happen to them in the Hereafter. And they will never encompass anything of His Knowledge except that which He wills. His Throne extends over the heavens and the earth, and He feels no fatigue in guarding and preserving them. And He is the Most High, the Most Great.', 'Al-Baqarah 2:255. Whoever reads this when he lies down to sleep will have a guardian from Allah remain with him and Satan will not be able to come near him until he rises in the morning. See Al-Bukhari, cf. Al-Asqalani, Fathul-Bari 4/487.', '((اللَّهُ لاَ إِلَهَ إِلاَّ هُوَ الْحَيُّ الْقَيُّومُ لاَ تَأْخُذُهُ سِنَةٌ وَلاَ نَوْمٌ لَّهُ مَا فِي السَّمَوَاتِ وَمَا فِي الأَرْضِ مَن ذَا الَّذِي يَشْفَعُ عِنْدَهُ إِلاَّ بِإِذْنِهِ يَعْلَمُ مَا بَيْنَ أَيْدِيهِمْ وَمَا خَلْفَهُمْ وَلاَ يُحِيطُونَ بِشَيْءٍ مِّنْ عِلْمِهِ إِلاَّ بِمَا شَاء وَسِعَ كُرْسِيُّهُ السَّمَوَاتِ وَالأَرْضَ وَلاَ يَؤُودُهُ حِفْظُهُمَا وَهُوَ الْعَلِيُّ الْعَظِيمُ))']","['﴿ اَللّٰهُ لَآ اِلٰهَ اِلَّا ھُوَ ۚ اَلْـحَيُّ الْقَيُّوْمُ ڬ لَا تَاْخُذُهٗ سِـنَةٌ وَّلَا نَوْمٌ ۭ لَهٗ مَا فِي السَّمٰوٰتِ وَمَا فِي الْاَرْضِ ۭ مَنْ ذَا الَّذِيْ يَشْفَعُ عِنْدَهٗٓ اِلَّا بِاِذْنِهٖ ۭ يَعْلَمُ مَا بَيْنَ اَيْدِيْهِمْ وَمَا خَلْفَھُمْ ۚ وَلَا يُحِيْطُوْنَ بِشَيْءٍ مِّنْ عِلْمِهٖٓ اِلَّا بِمَا شَاۗءَ ۚ وَسِعَ كُرْسِـيُّهُ السَّمٰوٰتِ وَالْاَرْضَ ۚ وَلَا يَـــــُٔـــوْدُهٗ حِفْظُهُمَا ۚ وَھُوَ الْعَلِيُّ الْعَظِيْمُ ٢٥٥\u0601 ﴾.', '(আল্লা-হু লা ইলা-হা ইল্লা হুওয়াল হাইয়্যূল কাইয়্যূমু লা তা’খুযুহু সিনাতুঁও ওয়ালা নাউম। লাহূ মা-ফিসসামা-ওয়া-তি ওয়ামা ফিল আরদ্বি। মান যাল্লাযী ইয়াশফা‘উ ‘ইনদাহূ ইল্লা বিইযনিহী। ইয়া‘লামু মা বাইনা আইদীহিম ওয়ামা খালফাহুম। ওয়ালা ইয়ুহীতূনা বিশাইইম মিন্ ইলমিহী ইল্লা বিমা শাআ। ওয়াসি‘আ কুরসিয়্যুহুস সামা-ওয়া-তি ওয়াল আরদ্ব। ওয়ালা ইয়াউদুহূ হিফযুহুমা ওয়া হুয়াল ‘আলিয়্যূল ‘আযীম)।', '“আল্লাহ্, তিনি ছাড়া কোনো সত্য ইলাহ্ নেই। তিনি চিরঞ্জীব, সর্বসত্তার ধারক। তাঁকে তন্দ্রাও স্পর্শ করতে পারে না, নিদ্রাও নয়। আসমানসমূহে যা রয়েছে ও যমীনে যা রয়েছে সবই তাঁর। কে সে, যে তাঁর অনুমতি ব্যতীত তাঁর কাছে সুপারিশ করবে? তাদের সামনে ও পিছনে যা কিছু আছে তা তিনি জানেন। আর যা তিনি ইচ্ছে করেন তা ছাড়া তাঁর জ্ঞানের কোনো কিছুকেই তারা পরিবেষ্টন করতে পারে না। তাঁর ‘কুরসী’ আসমানসমূহ ও যমীনকে পরিব্যাপ্ত করে আছে; আর এ দুটোর রক্ষণাবেক্ষণ তাঁর জন্য বোঝা হয় না। আর তিনি সুউচ্চ সুমহান।”[2]']"
101,28,Chapter: Before sleeping,أذكار النوم,28.0,ঘুমানোর যিক্‌রসমূহ,"Āmanar-Rasūlu bimā unzila ilaihi mir-Rabbihi wa ‘l-mu'minūn, kullun āmana billāhi wa malā'ikatihi wa kutubihi wa rusulih, lā nufarriqu bayna aḥadim-mir-rusulih, wa qālū sami`nā wa aṭa`nā, ghufrānaka Rabbanā wa ilayka ‘l-maṣīr. Lā yukallifu ‘llāhu nafsan illā wus`ahā, lahā mā kasabat wa `alayhā mak-tasabat, Rabbanā lā tu'ākhidhnā in nasīnā aw akhta'nā, Rabbanā wa lā taḥmil `alaynā iṣran kamā ḥamaltahu `alal-ladhīna min qablinā, Rabbanā wa lā tuḥammilnā mā lā ṭāqata lanā bih, wa`fu `annā, waghfir lanā, warḥamnā, Anta mawlānā fanṣurnā `ala ‘l-qawmi ‘l-kāfirīn.","The Messenger believes in what has been sent down to him from his Lord, and so do the believers. Each one believes in Allah, His Angels, His Books, and His Messengers. They say:","আ-মানার রাসূলু বিমা উনযিলা ইলাইহি মির রব্বিহী ওয়াল মু’মিনূন। কুল্লুন আ-মানা বিল্লা-হি ওয়া মালা-ইকাতিহী ওয়াকুতুবিহী ওয়া রুসুলিহ, লা নুফাররিক্বু বাইনা আহাদিম মির রুসুলিহ, ওয়া ক্বালু সামি‘না ওয়া আতা‘না গুফ্‌রা-নাকা রব্বানা ওয়া ইলাইকাল মাসীর। লা ইয়ুকাল্লিফুল্লাহু নাফ্‌সান ইল্লা উস‘আহা লাহা মা কাসাবাত ওয়া আলাইহা মাক্তাসাবাত রব্বানা লা তুআখিয্‌না ইন নাসীনা আও আখ্‌ত্বা’না। রব্বনা ওয়ালা তাহ্‌মিল ‘আলাইনা ইসরান কামা হামালতাহু ‘আলাল্লাযীনা মিন ক্বাবলিনা। রব্বনা ওয়ালা তুহাম্মিলনা মা-লা ত্বা-ক্বাতা লানা বিহী। ওয়া‘ফু আন্না ওয়াগফির লানা ওয়ারহামনা আনতা মাওলা-না ফানসুরনা ‘আলাল ক্বাউমিল কাফিরীন","“রাসূল তার প্রভুর পক্ষ থেকে যা তার কাছে নাযিল করা হয়েছে তার উপর ঈমান এনেছেন এবং মুমিনগণও। প্রত্যেকেই ঈমান এনেছে আল্লাহর উপর, তাঁর ফেরেশ্তাগণ, তাঁর কিতাবসমূহ এবং তাঁর রাসূলগণের উপর। আমরা তাঁর রাসূলগণের কারও মধ্যে তারতম্য করি না। আর তারা বলে, আমরা শুনেছি ও মেনে নিয়েছি। হে আমাদের রব! আপনার ক্ষমা প্রার্থনা করি এবং আপনার দিকেই প্রত্যাবর্তনস্থল। আল্লাহ্ কারো উপর এমন কোন দায়িত্ব চাপিয়ে দেন না যা তার সাধ্যাতীত। সে ভাল যা উপার্জন করে তার প্রতিফল তারই, আর মন্দ যা কামাই করে তার প্রতিফল তার উপরই বর্তায়। ‘হে আমাদের রব! যদি আমরা বিস্মৃত হই অথবা ভুল করি তবে আপনি আমাদেরকে পাকড়াও করবেন না। হে আমাদের রব! আমাদের পূর্ববর্তীগণের উপর যেমন বোঝা চাপিয়ে দিয়েছিলেন আমাদের উপর তেমন বোঝা চাপিয়ে দিবেন না। হে আমাদের রব! আপনি আমাদেরকে এমন কিছু বহন করাবেন না যার সামর্থ আমাদের নেই। আর আপনি আমাদের পাপ মোচন করুন, আমাদেরকে ক্ষমা করুন, আমাদের প্রতি দয়া করুন, আপনিই আমাদের অভিভাবক। অতএব কাফির সম্প্রদায়ের বিরুদ্ধে আমাদেরকে সাহায্য করুন।”[3]",((ءامَنَ الرَّسُولُ بِمَا أُنزِلَ إِلَيْهِ مِن رَّبِّهِ وَالْمُؤْمِنُونَ كُلٌّ ءامَنَ بِاللهِ وَمَلآئِكَتِهِ وَكُتُبِهِ وَرُسُلِهِ لاَ نُفَرِّقُ بَيْنَ أَحَدٍ مِّن رُّسُلِهِ وَقَالُواْ سَمِعْنَا وَأَطَعْنَا غُفْرَانَكَ رَبَّنَا وَإِلَيْكَ الْمَصِيرُ {285} لاَ يُكَلِّفُ اللهُ نَفْسًا إِلاَّ وُسْعَهَا لَهَا مَا كَسَبَتْ وَعَلَيْهَا مَا اكْتَسَبَتْ رَبَّنَا لاَ تُؤَاخِذْنَا إِن نَّسِينَا أَوْ أَخْطَأْنَا رَبَّنَا وَلاَ تَحْمِلْ عَلَيْنَا إِصْرًا كَمَا حَمَلْتَهُ عَلَى الَّذِينَ مِن قَبْلِنَا رَبَّنَا وَلاَ تُحَمِّلْنَا مَا لاَ طَاقَةَ لَنَا بِهِ وَاعْفُ عَنَّا وَاغْفِرْ لَنَا وَارْحَمْنَآ أَنتَ مَوْلاَنَا فَانصُرْنَا عَلَى الْقَوْمِ الْكَافِرِينَ {286})),﴿اٰمَنَ الرَّسُوْلُ بِمَآ اُنْزِلَ اِلَيْهِ مِنْ رَّبِّهٖ وَالْمُؤْمِنُوْنَ ۭ كُلٌّ اٰمَنَ بِاللّٰهِ وَمَلٰۗىِٕكَتِهٖ وَكُتُبِهٖ وَرُسُلِهٖ ۣلَا نُفَرِّقُ بَيْنَ اَحَدٍ مِّنْ رُّسُلِهٖ ۣ وَقَالُوْا سَمِعْنَا وَاَطَعْنَا ڭ غُفْرَانَكَ رَبَّنَا وَاِلَيْكَ الْمَصِيْرُ ٢٨٥؁لَا يُكَلِّفُ اللّٰهُ نَفْسًا اِلَّا وُسْعَهَا ۭ لَهَا مَا كَسَبَتْ وَعَلَيْهَا مَا اكْتَسَبَتْ ۭرَبَّنَا لَا تُؤَاخِذْنَآ اِنْ نَّسِيْنَآ اَوْ اَخْطَاْنَا ۚ رَبَّنَا وَلَا تَحْمِلْ عَلَيْنَآ اِصْرًا كَمَا حَمَلْتَهٗ عَلَي الَّذِيْنَ مِنْ قَبْلِنَا ۚ رَبَّنَا وَلَا تُحَمِّلْنَا مَا لَا طَاقَةَ لَنَا بِهٖ ۚ وَاعْفُ عَنَّا ۪ وَاغْفِرْ لَنَا ۪ وَارْحَمْنَا ۪ اَنْتَ مَوْلٰىنَا فَانْــصُرْنَا عَلَي الْقَوْمِ الْكٰفِرِيْنَ ٢٨٦؀ۧ ﴾.,"Al-Baqarah 2:285-6. These two Verses will be sufficient for anyone who recites them at night before sleeping. Al-Bukhari, cf. Al-Asqalani, Fathul-Bari.9/94, Muslim 1/554.",,,,close_match,0.9179,"[""Āmanar-Rasūlu bimā unzila ilaihi mir-Rabbihi wa ‘l-mu'minūn, kullun āmana billāhi wa malā'ikatihi wa kutubihi wa rusulih, lā nufarriqu bayna aḥadim-mir-rusulih, wa qālū sami`nā wa aṭa`nā, ghufrānaka Rabbanā wa ilayka ‘l-maṣīr. Lā yukallifu ‘llāhu nafsan illā wus`ahā, lahā mā kasabat wa `alayhā mak-tasabat, Rabbanā lā tu'ākhidhnā in nasīnā aw akhta'nā, Rabbanā wa lā taḥmil `alaynā iṣran kamā ḥamaltahu `alal-ladhīna min qablinā, Rabbanā wa lā tuḥammilnā mā lā ṭāqata lanā bih, wa`fu `annā, waghfir lanā, warḥamnā, Anta mawlānā fanṣurnā `ala ‘l-qawmi ‘l-kāfirīn."", 'The Messenger believes in what has been sent down to him from his Lord, and so do the believers. Each one believes in Allah, His Angels, His Books, and His Messengers. They say:', 'Al-Baqarah 2:285-6. These two Verses will be sufficient for anyone who recites them at night before sleeping. Al-Bukhari, cf. Al-Asqalani, Fathul-Bari.9/94, Muslim 1/554.', '((ءامَنَ الرَّسُولُ بِمَا أُنزِلَ إِلَيْهِ مِن رَّبِّهِ وَالْمُؤْمِنُونَ كُلٌّ ءامَنَ بِاللهِ وَمَلآئِكَتِهِ وَكُتُبِهِ وَرُسُلِهِ لاَ نُفَرِّقُ بَيْنَ أَحَدٍ مِّن رُّسُلِهِ وَقَالُواْ سَمِعْنَا وَأَطَعْنَا غُفْرَانَكَ رَبَّنَا وَإِلَيْكَ الْمَصِيرُ {285} لاَ يُكَلِّفُ اللهُ نَفْسًا إِلاَّ وُسْعَهَا لَهَا مَا كَسَبَتْ وَعَلَيْهَا مَا اكْتَسَبَتْ رَبَّنَا لاَ تُؤَاخِذْنَا إِن نَّسِينَا أَوْ أَخْطَأْنَا رَبَّنَا وَلاَ تَحْمِلْ عَلَيْنَا إِصْرًا كَمَا حَمَلْتَهُ عَلَى الَّذِينَ مِن قَبْلِنَا رَبَّنَا وَلاَ تُحَمِّلْنَا مَا لاَ طَاقَةَ لَنَا بِهِ وَاعْفُ عَنَّا وَاغْفِرْ لَنَا وَارْحَمْنَآ أَنتَ مَوْلاَنَا فَانصُرْنَا عَلَى الْقَوْمِ الْكَافِرِينَ {286}))']","['﴿اٰمَنَ الرَّسُوْلُ بِمَآ اُنْزِلَ اِلَيْهِ مِنْ رَّبِّهٖ وَالْمُؤْمِنُوْنَ ۭ كُلٌّ اٰمَنَ بِاللّٰهِ وَمَلٰۗىِٕكَتِهٖ وَكُتُبِهٖ وَرُسُلِهٖ ۣلَا نُفَرِّقُ بَيْنَ اَحَدٍ مِّنْ رُّسُلِهٖ ۣ وَقَالُوْا سَمِعْنَا وَاَطَعْنَا ڭ غُفْرَانَكَ رَبَّنَا وَاِلَيْكَ الْمَصِيْرُ ٢٨٥\u0601لَا يُكَلِّفُ اللّٰهُ نَفْسًا اِلَّا وُسْعَهَا ۭ لَهَا مَا كَسَبَتْ وَعَلَيْهَا مَا اكْتَسَبَتْ ۭرَبَّنَا لَا تُؤَاخِذْنَآ اِنْ نَّسِيْنَآ اَوْ اَخْطَاْنَا ۚ رَبَّنَا وَلَا تَحْمِلْ عَلَيْنَآ اِصْرًا كَمَا حَمَلْتَهٗ عَلَي الَّذِيْنَ مِنْ قَبْلِنَا ۚ رَبَّنَا وَلَا تُحَمِّلْنَا مَا لَا طَاقَةَ لَنَا بِهٖ ۚ وَاعْفُ عَنَّا ۪ وَاغْفِرْ لَنَا ۪ وَارْحَمْنَا ۪ اَنْتَ مَوْلٰىنَا فَانْــصُرْنَا عَلَي الْقَوْمِ الْكٰفِرِيْنَ ٢٨٦\u0600ۧ ﴾.', '(আ-মানার রাসূলু বিমা উনযিলা ইলাইহি মির রব্বিহী ওয়াল মু’মিনূন। কুল্লুন আ-মানা বিল্লা-হি ওয়া মালা-ইকাতিহী ওয়াকুতুবিহী ওয়া রুসুলিহ, লা নুফাররিক্বু বাইনা আহাদিম মির রুসুলিহ, ওয়া ক্বালু সামি‘না ওয়া আতা‘না গুফ্\u200cরা-নাকা রব্বানা ওয়া ইলাইকাল মাসীর। লা ইয়ুকাল্লিফুল্লাহু নাফ্\u200cসান ইল্লা উস‘আহা লাহা মা কাসাবাত ওয়া আলাইহা মাক্তাসাবাত রব্বানা লা তুআখিয্\u200cনা ইন নাসীনা আও আখ্\u200cত্বা’না। রব্বনা ওয়ালা তাহ্\u200cমিল ‘আলাইনা ইসরান কামা হামালতাহু ‘আলাল্লাযীনা মিন ক্বাবলিনা। রব্বনা ওয়ালা তুহাম্মিলনা মা-লা ত্বা-ক্বাতা লানা বিহী। ওয়া‘ফু আন্না ওয়াগফির লানা ওয়ারহামনা আনতা মাওলা-না ফানসুরনা ‘আলাল ক্বাউমিল কাফিরীন)।', '“রাসূল তার প্রভুর পক্ষ থেকে যা তার কাছে নাযিল করা হয়েছে তার উপর ঈমান এনেছেন এবং মুমিনগণও। প্রত্যেকেই ঈমান এনেছে আল্লাহর উপর, তাঁর ফেরেশ্তাগণ, তাঁর কিতাবসমূহ এবং তাঁর রাসূলগণের উপর। আমরা তাঁর রাসূলগণের কারও মধ্যে তারতম্য করি না। আর তারা বলে, আমরা শুনেছি ও মেনে নিয়েছি। হে আমাদের রব! আপনার ক্ষমা প্রার্থনা করি এবং আপনার দিকেই প্রত্যাবর্তনস্থল। আল্লাহ্ কারো উপর এমন কোন দায়িত্ব চাপিয়ে দেন না যা তার সাধ্যাতীত। সে ভাল যা উপার্জন করে তার প্রতিফল তারই, আর মন্দ যা কামাই করে তার প্রতিফল তার উপরই বর্তায়। ‘হে আমাদের রব! যদি আমরা বিস্মৃত হই অথবা ভুল করি তবে আপনি আমাদেরকে পাকড়াও করবেন না। হে আমাদের রব! আমাদের পূর্ববর্তীগণের উপর যেমন বোঝা চাপিয়ে দিয়েছিলেন আমাদের উপর তেমন বোঝা চাপিয়ে দিবেন না। হে আমাদের রব! আপনি আমাদেরকে এমন কিছু বহন করাবেন না যার সামর্থ আমাদের নেই। আর আপনি আমাদের পাপ মোচন করুন, আমাদেরকে ক্ষমা করুন, আমাদের প্রতি দয়া করুন, আপনিই আমাদের অভিভাবক। অতএব কাফির সম্প্রদায়ের বিরুদ্ধে আমাদেরকে সাহায্য করুন।”[3]']"
102,28,Chapter: Before sleeping,أذكار النوم,28.0,ঘুমানোর যিক্‌রসমূহ,"Bismika Rabbī waḍa`tu janbī, wa bika arfa`uh, fa in amsakta nafsī farḥamhā, wa in arsaltahā faḥfaẓhā bimā taḥfaẓu bihi `ibādakaṣ-ṣāliḥīn.","With Your Name1 my Lord, I lay myself down; and with Your Name I rise. And if You take my soul, have mercy on it, and if You send it back then protect it as You protect Your righteous slaves.2","বিইসমিকা[4] রব্বী ওয়াদা‘তু জাম্বী, ওয়া বিকা আরফা‘উহু। ফাইন্ আম্‌সাক্তা নাফ্‌সী ফারহামহা, ওয়াইন আরসালতাহা ফাহ্‌ফায্‌হা বিমা তাহ্‌ফাযু বিহী ‘ইবা-দাকাস সা-লিহীন","“আমার রব! আপনার নামে আমি আমার পার্শ্বদেশ রেখেছি (শুয়েছি) এবং আপনারই নাম নিয়ে আমি তা উঠাবো। যদি আপনি (ঘুমন্ত অবস্থায়) আমার প্রাণ আটকে রাখেন, তবে আপনি তাকে দয়া করুন। আর যদি আপনি তা ফেরত পাঠিয়ে দেন, তাহলে আপনি তার হেফাযত করুন যেভাবে আপনি আপনার সৎকর্মশীল বান্দাগণকে হেফাযত করে থাকেন।”[5]",بِاسْمِكَ رَبِّي وَضَعْتُ جَنْبِي، وَبِكَ أَرْفَعُهُ، فَإِن أَمْسَكْتَ نَفْسِي فارْحَمْهَا، وَإِنْ أَرْسَلْتَهَا فَاحْفَظْهَا بِمَا تَحْفَظُ بِهِ عِبَادَكَ الصَّالِحِينَ,«بِاسْمِكَ رَبِّي وَضَعْتُ جَنْبِي، وَبِكَ أَرْفَعُهُ، فَإِن أَمْسَكْتَ نَفْسِي فارْحَمْهَا، وَإِنْ أَرْسَلْتَهَا فَاحْفَظْهَا، بِمَا تَحْفَظُ بِهِ عِبَادَكَ الصَّالِحِينَ».,"1 ""If any of you rises from his bed and later returns to it, let him dust off his bed with his waist garment three times and mention the Name of Allah, for he does not know what may have entered the bed after him, and when he lies down he should say. . . "". 2 Al-Bukhari 1 1/ 126 and Muslim 4/2084.",,,,exact_match,1.0,"['Bismika Rabbī waḍa`tu janbī, wa bika arfa`uh, fa in amsakta nafsī farḥamhā, wa in arsaltahā faḥfaẓhā bimā taḥfaẓu bihi `ibādakaṣ-ṣāliḥīn.', 'With Your Name1 my Lord, I lay myself down; and with Your Name I rise. And if You take my soul, have mercy on it, and if You send it back then protect it as You protect Your righteous slaves.2', '1 ""If any of you rises from his bed and later returns to it, let him dust off his bed with his waist garment three times and mention the Name of Allah, for he does not know what may have entered the bed after him, and when he lies down he should say. . . "". 2 Al-Bukhari 1 1/ 126 and Muslim 4/2084.', 'بِاسْمِكَ رَبِّي وَضَعْتُ جَنْبِي، وَبِكَ أَرْفَعُهُ، فَإِن أَمْسَكْتَ نَفْسِي فارْحَمْهَا، وَإِنْ أَرْسَلْتَهَا فَاحْفَظْهَا بِمَا تَحْفَظُ بِهِ عِبَادَكَ الصَّالِحِينَ']","['«بِاسْمِكَ رَبِّي وَضَعْتُ جَنْبِي، وَبِكَ أَرْفَعُهُ، فَإِن أَمْسَكْتَ نَفْسِي فارْحَمْهَا، وَإِنْ أَرْسَلْتَهَا فَاحْفَظْهَا، بِمَا تَحْفَظُ بِهِ عِبَادَكَ الصَّالِحِينَ».', '(বিইসমিকা[4] রব্বী ওয়াদা‘তু জাম্বী, ওয়া বিকা আরফা‘উহু। ফাইন্ আম্\u200cসাক্তা নাফ্\u200cসী ফারহামহা, ওয়াইন আরসালতাহা ফাহ্\u200cফায্\u200cহা বিমা তাহ্\u200cফাযু বিহী ‘ইবা-দাকাস সা-লিহীন)।', '“আমার রব! আপনার নামে আমি আমার পার্শ্বদেশ রেখেছি (শুয়েছি) এবং আপনারই নাম নিয়ে আমি তা উঠাবো। যদি আপনি (ঘুমন্ত অবস্থায়) আমার প্রাণ আটকে রাখেন, তবে আপনি তাকে দয়া করুন। আর যদি আপনি তা ফেরত পাঠিয়ে দেন, তাহলে আপনি তার হেফাযত করুন যেভাবে আপনি আপনার সৎকর্মশীল বান্দাগণকে হেফাযত করে থাকেন।”[5]']"
103,28,Chapter: Before sleeping,أذكار النوم,28.0,ঘুমানোর যিক্‌রসমূহ,"Allāhumma innaka khalaqta nafsī wa anta tawaffāhā, laka mamātuhā wa maḥyāhā, in aḥyaytahā faḥfaẓhā, wa in amattahā faghfir lahā. Allāhumma innī as'aluka ‘l-`āfiyah.","O Allah, You have created my soul and You take it back. Unto You is its death and its life. If You give it life then protect it, and if You cause it to die then forgive it. O Allah, I ask You for strength.",আল্লা-হুম্মা ইন্নাকা খালাক্তা নাফসী ওয়া আন্তা তাওয়াফ্‌ফাহা। লাকা মামা-তুহা ওয়া মাহ্‌ইয়া-হা। ইন্ আহ্ইয়াইতাহা ফাহ্‌ফায্‌হা ওয়াইন আমাত্তাহা ফাগফির লাহা। আল্লা-হুম্মা ইন্নী আস্আলুকাল ‘আ-ফিয়াতা,"“হে আল্লাহ! নিশ্চয় আপনি আমার আত্মাকে সৃষ্টি করেছেন এবং আপনি তার মৃত্যু ঘটাবেন। তার মৃত্যু ও তার জীবন আপনার মালিকানায়। যদি তাকে বাঁচিয়ে রাখেন তাহলে আপনি তার হেফাযত করুন, আর যদি তার মৃত্যু ঘটান তবে তাকে মাফ করে দিন। হে আল্লাহ! আমি আপনার কাছে নিরাপত্তা চাই।”[6]",اللَّهُمَّ إِنَّكَ خَلَقْتَ نَفْسِي وَأَنْتَ تَوَفَّاهَا، لَكَ مَمَاتُهَا وَمَحْياهَا، إِنْ أَحْيَيْتَهَا فَاحْفَظْهَا، وَإِنْ أَمَتَّهَا فَاغْفِرْ لَهَا. اللَّهُمَّ إِنِّي أَسْأَلُكَ العَافِيَةَ,«اللَّهُمَّ إِنَّكَ خَلَقْتَ نَفْسِي وَأَنْتَ تَوَفَّاهَا، لَكَ مَمَاتُهَا وَمَحْياهَا، إِنْ أَحْيَيْتَهَا فَاحْفَظْهَا، وَإِنْ أَمَتَّهَا فَاغْفِرْ لَهَا. اللَّهُمَّ إِنِّي أَسْأَلُكَ العَافِيَةَ».,Muslim 4/2083 and Ahmad 2/79.,,,,exact_match,1.0,"[""Allāhumma innaka khalaqta nafsī wa anta tawaffāhā, laka mamātuhā wa maḥyāhā, in aḥyaytahā faḥfaẓhā, wa in amattahā faghfir lahā. Allāhumma innī as'aluka ‘l-`āfiyah."", 'O Allah, You have created my soul and You take it back. Unto You is its death and its life. If You give it life then protect it, and if You cause it to die then forgive it. O Allah, I ask You for strength.', 'Muslim 4/2083 and Ahmad 2/79.', 'اللَّهُمَّ إِنَّكَ خَلَقْتَ نَفْسِي وَأَنْتَ تَوَفَّاهَا، لَكَ مَمَاتُهَا وَمَحْياهَا، إِنْ أَحْيَيْتَهَا فَاحْفَظْهَا، وَإِنْ أَمَتَّهَا فَاغْفِرْ لَهَا. اللَّهُمَّ إِنِّي أَسْأَلُكَ العَافِيَةَ']","['«اللَّهُمَّ إِنَّكَ خَلَقْتَ نَفْسِي وَأَنْتَ تَوَفَّاهَا، لَكَ مَمَاتُهَا وَمَحْياهَا، إِنْ أَحْيَيْتَهَا فَاحْفَظْهَا، وَإِنْ أَمَتَّهَا فَاغْفِرْ لَهَا. اللَّهُمَّ إِنِّي أَسْأَلُكَ العَافِيَةَ».', '(আল্লা-হুম্মা ইন্নাকা খালাক্তা নাফসী ওয়া আন্তা তাওয়াফ্\u200cফাহা। লাকা মামা-তুহা ওয়া মাহ্\u200cইয়া-হা। ইন্ আহ্ইয়াইতাহা ফাহ্\u200cফায্\u200cহা ওয়াইন আমাত্তাহা ফাগফির লাহা। আল্লা-হুম্মা ইন্নী আস্আলুকাল ‘আ-ফিয়াতা)।', '“হে আল্লাহ! নিশ্চয় আপনি আমার আত্মাকে সৃষ্টি করেছেন এবং আপনি তার মৃত্যু ঘটাবেন। তার মৃত্যু ও তার জীবন আপনার মালিকানায়। যদি তাকে বাঁচিয়ে রাখেন তাহলে আপনি তার হেফাযত করুন, আর যদি তার মৃত্যু ঘটান তবে তাকে মাফ করে দিন। হে আল্লাহ! আমি আপনার কাছে নিরাপত্তা চাই।”[6]']"
104,28,Chapter: Before sleeping,أذكار النوم,28.0,ঘুমানোর যিক্‌রসমূহ,Allāhumma qinī `adhābaka yawma tab`athu `ibādak.,"O Allah,1 save me from Your punishment on the Day that You resurrect Your slaves.2",আল্লা-হুম্মা ক্বিনী ‘আযা-বাকা ইয়াওমা তাব‘আছু ‘ইবা-দাকা,"“হে আল্লাহ![7] আমাকে আপনার আযাব থেকে রক্ষা করুন, যেদিন আপনি আপনার বান্দাদেরকে পুনর্জীবিত করবেন।”[8]",اللّهُـمَّ قِنـي عَذابَـكَ يَـوْمَ تَبْـعَثُ عِبـادَك .,«اللَّهُمَّ قِنِي عَذَابَكَ يَوْمَ تَبْعَثُ عِبَادَكَ».,"1 ""When the Prophet (ﷺ) wanted to lie down to sleep, he used to place his right hand under his cheek and say..."" 2 Abu Dawud 4/311. See also Al-Albani, Sahih At-Tirmidhi 3/143.",,,,exact_match,1.0,"['Allāhumma qinī `adhābaka yawma tab`athu `ibādak.', 'O Allah,1 save me from Your punishment on the Day that You resurrect Your slaves.2', '1 ""When the Prophet (ﷺ) wanted to lie down to sleep, he used to place his right hand under his cheek and say..."" 2 Abu Dawud 4/311. See also Al-Albani, Sahih At-Tirmidhi 3/143.', 'اللّهُـمَّ قِنـي عَذابَـكَ يَـوْمَ تَبْـعَثُ عِبـادَك .']","['«اللَّهُمَّ قِنِي عَذَابَكَ يَوْمَ تَبْعَثُ عِبَادَكَ».', '(আল্লা-হুম্মা ক্বিনী ‘আযা-বাকা ইয়াওমা তাব‘আছু ‘ইবা-দাকা)।', '“হে আল্লাহ![7] আমাকে আপনার আযাব থেকে রক্ষা করুন, যেদিন আপনি আপনার বান্দাদেরকে পুনর্জীবিত করবেন।”[8]']"
105,28,Chapter: Before sleeping,أذكار النوم,28.0,ঘুমানোর যিক্‌রসমূহ,Bismika Allāhumma amūtu wa aḥyā.,"In Your Name, O Allah, I die and I live.",বিস্‌মিকাল্লা-হুম্মা আমূতু ওয়া আহ্ইয়া,“হে আল্লাহ ! আপনার নাম নিয়েই আমি মরছি (ঘুমাচ্ছি) এবং আপনার নাম নিয়েই জীবিত (জাগ্রত) হবো।”[9],بِاسْـمِكَ اللّهُـمَّ أَمـوتُ وَأَحْـيا,«بِاسْمِكَ اللَّهُمَّ أَمُوتُ وَأَحْيَا».,"Here, dying and living are metaphors for sleep and wakefulness. This explains why the normal order of these words has been reversed in this Hadith. In other contexts the living is mentioned before dying. See Qur'an Al-Baqarah 2:258, Aal-'Imrdn 3:156, Al-A'raf 7:158 among many other examples, (trans.). See also Al-Asqalani, Fathul-Bari 11/113, Muslim 4/ 2083.",,,,exact_match,1.0,"['Bismika Allāhumma amūtu wa aḥyā.', 'In Your Name, O Allah, I die and I live.', ""Here, dying and living are metaphors for sleep and wakefulness. This explains why the normal order of these words has been reversed in this Hadith. In other contexts the living is mentioned before dying. See Qur'an Al-Baqarah 2:258, Aal-'Imrdn 3:156, Al-A'raf 7:158 among many other examples, (trans.). See also Al-Asqalani, Fathul-Bari 11/113, Muslim 4/ 2083."", 'بِاسْـمِكَ اللّهُـمَّ أَمـوتُ وَأَحْـيا']","['«بِاسْمِكَ اللَّهُمَّ أَمُوتُ وَأَحْيَا».', '(বিস্\u200cমিকাল্লা-হুম্মা আমূতু ওয়া আহ্ইয়া)।', '“হে আল্লাহ ! আপনার নাম নিয়েই আমি মরছি (ঘুমাচ্ছি) এবং আপনার নাম নিয়েই জীবিত (জাগ্রত) হবো।”[9]']"
106,28,Chapter: Before sleeping,أذكار النوم,28.0,ঘুমানোর যিক্‌রসমূহ,"Subḥānallāh, Wa ‘l-ḥamdu lillāh, Wallāhu Akbar.","Glory is to Allah (thirty-three times in Arabic), Praise is to Allah (thirty-three times), Allah is the Most Great (thirty-four times)","সুবহা-নাল্লাহ, (৩৩ বার","আল্লাহ অতি-পবিত্র (৩৩ বার), সকল প্রশংসা আল্লাহর জন্য (৩৩ বার), আল্লাহ অতি-মহান (৩৪ বার)। [10]",سُبْحَانَ اللَّهِ (ثلاثاً وثلاثين) وَالْحَمْدُ لِلَّهِ (ثلاثاً وثلاثين) وَاللَّهُ أَكْبَرُ (أربعاً وثلاثينَ),«سُبْحَانَ اللَّهِ (ثلاثاً وثلاثين) وَالْحَمْدُ لِلَّهِ (ثلاثاً وثلاثين) وَاللَّهُ أَكْبَرُ (أربعاً وثلاثينَ»,"Al-Bukhari, cf. Al-Asqalani, Fathul-Bari 7/71, Muslim 4/2091.",,,,exact_match,1.0,"['Subḥānallāh, Wa ‘l-ḥamdu lillāh, Wallāhu Akbar.', 'Glory is to Allah (thirty-three times in Arabic), Praise is to Allah (thirty-three times), Allah is the Most Great (thirty-four times)', 'Al-Bukhari, cf. Al-Asqalani, Fathul-Bari 7/71, Muslim 4/2091.', 'سُبْحَانَ اللَّهِ (ثلاثاً وثلاثين) وَالْحَمْدُ لِلَّهِ (ثلاثاً وثلاثين) وَاللَّهُ أَكْبَرُ (أربعاً وثلاثينَ)']","['«سُبْحَانَ اللَّهِ (ثلاثاً وثلاثين) وَالْحَمْدُ لِلَّهِ (ثلاثاً وثلاثين) وَاللَّهُ أَكْبَرُ (أربعاً وثلاثينَ»', '(সুবহা-নাল্লাহ, (৩৩ বার) আলহামদুলিল্লা-হ (৩৩ বার) আল্লা-হু আকবার (৩৪ বার)-)', 'আল্লাহ অতি-পবিত্র (৩৩ বার), সকল প্রশংসা আল্লাহর জন্য (৩৩ বার), আল্লাহ অতি-মহান (৩৪ বার)। [10]']"
107,28,Chapter: Before sleeping,أذكار النوم,28.0,ঘুমানোর যিক্‌রসমূহ,"Allāhumma Rabbas-samāwātis-sab`i wa Rabba ‘l-`Arshi ‘l-`Aẓīm, Rabbanā wa Rabba kulli shay', fāliqa ‘l-ḥabbi wan-nawā, wa munzilat-Tawrāti wal-'Injīli, wal-Furqān, a`ūdhu bika min sharri kulli shay'in anta ākhidhun bināṣiyatih. Allāhumma anta ‘l-awwalu falaysa qablaka shay', wa antal-ākhiru falaysa ba`daka shay', wa antaẓ-ẓāhiru falaysa fawqaka shay', wa antal-bāṭinu falaysa dūnaka shay', iqḍi `annad-dayn, wa aghninā mina ‘l-faqr.","O Allah! Lord of the seven heavens and Lord of the Magnificent Throne. Our Lord and the Lord of everything. Splitter of the grain and the date-stone, Revealer of the Torah and the Injeel1 and the Furqan (the Qur'an), I seek refuge in You from the evil of everything that You shall seize by the forelock.2 O Allah You are the First and nothing has come before you, and You are the Last, and nothing may come after You. You are the Most High, nothing is above You and You are the Most Near, and nothing is nearer than You. Remove our debts from us and enrich us against poverty. 3","আল্লা-হুম্মা রব্বাস্ সামা-ওয়া-তিস্ সাব‘ই ওয়া রব্বাল ‘আরশিল ‘আযীম, রব্বনা ওয়া রব্বা কুল্লি শাই’ইন্, ফা-লিক্বাল হাব্বি ওয়ান-নাওয়া, ওয়া মুনযিলাত্-তাওরা-তি ওয়াল ইনজীলি ওয়াল ফুরক্বা-ন, আ‘ঊযু বিকা মিন শাররি কুল্লি শাই’ইন্ আনতা আ-খিযুম-বিনা-সিয়াতিহি। আল্লা-হুম্মা আনতাল আউওয়ালু ফালাইসা ক্বাবলাকা শাইউন। ওয়া আনতাল আ-খিরু ফালাইসা বা‘দাকা শাইউন। ওয়া আনতায যা-হিরু ফালাইসা ফাওক্বাকা শাইউন। ওয়া আনতাল বা-ত্বিনু ফালাইসা দূনাকা শাইউন। ইক্বদ্বি ‘আন্নাদ্-দাইনা ওয়া আগনিনা মিনাল ফাক্বরি","হে আল্লাহ! হে সপ্ত আকাশের রব্ব, যমিনের রব্ব, মহান ‘আরশের রব্ব, আমাদের রব্ব ও প্রত্যেক বস্তুর রব্ব, হে শস্য-বীজ ও আঁটি বিদীর্ণকারী, হে তাওরাত, ইনজীল ও কুরআন নাযিলকারী, আমি প্রত্যেক এমন বস্তুর অনিষ্ট থেকে আপনার নিকট আশ্রয় প্রার্থনা করি, যার (মাথার) অগ্রভাগ আপনি ধরে রেখেছেন (নিয়ন্ত্রণ করছেন)। হে আল্লাহ! আপনিই প্রথম, আপনার পূর্বে কিছুই ছিল না; আপনি সর্বশেষ, আপনার পরে কোনো কিছু থাকবে না; আপনি সব কিছুর উপরে, আপনার উপরে কিছুই নেই; আপনি সর্বনিকটে, আপনার চেয়ে নিকটবর্তী কিছু নেই, আপনি আমাদের সমস্ত ঋণ পরিশোধ করে দিন এবং আমাদেরকে অভাবগ্রস্ততা থেকে অভাবমুক্ত করুন।”[11]",اللّهُـمَّ رَبَّ السّمـواتِ السَّبْـعِ وَرَبَّ العَـرْشِ العَظـيم رَبَّنـا وَرَبَّ كُـلِّ شَـيء فالِـقَ الحَـبِّ وَالنَّـوى وَمُـنَزِّلَ التَّـوْراةِ وَالإنْجـيل والفُـرْقان أَعـوذُ بِـكَ مِن شَـرِّ كُـلِّ شَـيءٍ أَنْـتَ آخِـذٌ بِنـاصِـيَتِه اللّهُـمَّ أَنْـتَ الأوَّلُ فَلَـيسَ قَبْـلَكَ شَيء وَأَنْـتَ الآخِـرُ فَلَـيسَ بَعْـدَكَ شَيء وَأَنْـتَ الظّـاهِـرُ فَلَـيْسَ فَـوْقَـكَ شَيء وَأَنْـتَ الْبـاطِـنُ فَلَـيْسَ دونَـكَ شَيء اقـْضِ عَنّـا الـدَّيْـنَ وَأَغْـنِنـا مِنَ الفَـقْر,«اللَّهُمَّ رَبَّ السَّمَوَاتِ السَّبْعِ وَرَبَّ الأَرْضِ، وَرَبَّ الْعَرْشِ الْعَظِيمِ، رَبَّنَا وَرَبَّ كُلِّ شَيْءٍ، فَالِقَ الْحَبِّ وَالنَّوَى، وَمُنْزِلَ التَّوْرَاةِ وَالْإِنْجِيلِ، وَالْفُرْقَانِ، أَعُوذُ بِكَ مِنْ شَرِّ كُلِّ شَيْءٍ أَنْتَ آخِذٌ بِنَاصِيَتِهِ. اللَّهُمَّ أَنْتَ الأَوَّلُ فَلَيْسَ قَبْلَكَ شَيْءٌ، وَأَنْتَ الآخِرُ فَلَيسَ بَعْدَكَ شَيْءٌ، وَأَنْتَ الظَّاهِرُ فَلَيْسَ فَوْقَكَ شَيْءٌ، وَأَنْتَ الْبَاطِنُ فَلَيْسَ دُونَكَ شَيْءٌ، اقْضِ عَنَّا الدَّيْنَ وَأَغْنِنَا مِنَ الْفَقْرِ».,"1 The Scripture that was revealed to 'Isa (Jesus). 2 See Qur'an Al-'Alaq 96:15, where seizure by the forelock preceeds being cast into Hell. (Translator) 3 Muslim 4/2084.",,,,near_exact,0.9823,"[""Allāhumma Rabbas-samāwātis-sab`i wa Rabba ‘l-`Arshi ‘l-`Aẓīm, Rabbanā wa Rabba kulli shay', fāliqa ‘l-ḥabbi wan-nawā, wa munzilat-Tawrāti wal-'Injīli, wal-Furqān, a`ūdhu bika min sharri kulli shay'in anta ākhidhun bināṣiyatih. Allāhumma anta ‘l-awwalu falaysa qablaka shay', wa antal-ākhiru falaysa ba`daka shay', wa antaẓ-ẓāhiru falaysa fawqaka shay', wa antal-bāṭinu falaysa dūnaka shay', iqḍi `annad-dayn, wa aghninā mina ‘l-faqr."", ""O Allah! Lord of the seven heavens and Lord of the Magnificent Throne. Our Lord and the Lord of everything. Splitter of the grain and the date-stone, Revealer of the Torah and the Injeel1 and the Furqan (the Qur'an), I seek refuge in You from the evil of everything that You shall seize by the forelock.2 O Allah You are the First and nothing has come before you, and You are the Last, and nothing may come after You. You are the Most High, nothing is above You and You are the Most Near, and nothing is nearer than You. Remove our debts from us and enrich us against poverty. 3"", ""1 The Scripture that was revealed to 'Isa (Jesus). 2 See Qur'an Al-'Alaq 96:15, where seizure by the forelock preceeds being cast into Hell. (Translator) 3 Muslim 4/2084."", 'اللّهُـمَّ رَبَّ السّمـواتِ السَّبْـعِ وَرَبَّ العَـرْشِ العَظـيم رَبَّنـا وَرَبَّ كُـلِّ شَـيء فالِـقَ الحَـبِّ وَالنَّـوى وَمُـنَزِّلَ التَّـوْراةِ وَالإنْجـيل والفُـرْقان أَعـوذُ بِـكَ مِن شَـرِّ كُـلِّ شَـيءٍ أَنْـتَ آخِـذٌ بِنـاصِـيَتِه اللّهُـمَّ أَنْـتَ الأوَّلُ فَلَـيسَ قَبْـلَكَ شَيء وَأَنْـتَ الآخِـرُ فَلَـيسَ بَعْـدَكَ شَيء وَأَنْـتَ الظّـاهِـرُ فَلَـيْسَ فَـوْقَـكَ شَيء وَأَنْـتَ الْبـاطِـنُ فَلَـيْسَ دونَـكَ شَيء اقـْضِ عَنّـا الـدَّيْـنَ وَأَغْـنِنـا مِنَ الفَـقْر']","['«اللَّهُمَّ رَبَّ السَّمَوَاتِ السَّبْعِ وَرَبَّ الأَرْضِ، وَرَبَّ الْعَرْشِ الْعَظِيمِ، رَبَّنَا وَرَبَّ كُلِّ شَيْءٍ، فَالِقَ الْحَبِّ وَالنَّوَى، وَمُنْزِلَ التَّوْرَاةِ وَالْإِنْجِيلِ، وَالْفُرْقَانِ، أَعُوذُ بِكَ مِنْ شَرِّ كُلِّ شَيْءٍ أَنْتَ آخِذٌ بِنَاصِيَتِهِ. اللَّهُمَّ أَنْتَ الأَوَّلُ فَلَيْسَ قَبْلَكَ شَيْءٌ، وَأَنْتَ الآخِرُ فَلَيسَ بَعْدَكَ شَيْءٌ، وَأَنْتَ الظَّاهِرُ فَلَيْسَ فَوْقَكَ شَيْءٌ، وَأَنْتَ الْبَاطِنُ فَلَيْسَ دُونَكَ شَيْءٌ، اقْضِ عَنَّا الدَّيْنَ وَأَغْنِنَا مِنَ الْفَقْرِ».', '(আল্লা-হুম্মা রব্বাস্ সামা-ওয়া-তিস্ সাব‘ই ওয়া রব্বাল ‘আরশিল ‘আযীম, রব্বনা ওয়া রব্বা কুল্লি শাই’ইন্, ফা-লিক্বাল হাব্বি ওয়ান-নাওয়া, ওয়া মুনযিলাত্-তাওরা-তি ওয়াল ইনজীলি ওয়াল ফুরক্বা-ন, আ‘ঊযু বিকা মিন শাররি কুল্লি শাই’ইন্ আনতা আ-খিযুম-বিনা-সিয়াতিহি। আল্লা-হুম্মা আনতাল আউওয়ালু ফালাইসা ক্বাবলাকা শাইউন। ওয়া আনতাল আ-খিরু ফালাইসা বা‘দাকা শাইউন। ওয়া আনতায যা-হিরু ফালাইসা ফাওক্বাকা শাইউন। ওয়া আনতাল বা-ত্বিনু ফালাইসা দূনাকা শাইউন। ইক্বদ্বি ‘আন্নাদ্-দাইনা ওয়া আগনিনা মিনাল ফাক্বরি)।', 'হে আল্লাহ! হে সপ্ত আকাশের রব্ব, যমিনের রব্ব, মহান ‘আরশের রব্ব, আমাদের রব্ব ও প্রত্যেক বস্তুর রব্ব, হে শস্য-বীজ ও আঁটি বিদীর্ণকারী, হে তাওরাত, ইনজীল ও কুরআন নাযিলকারী, আমি প্রত্যেক এমন বস্তুর অনিষ্ট থেকে আপনার নিকট আশ্রয় প্রার্থনা করি, যার (মাথার) অগ্রভাগ আপনি ধরে রেখেছেন (নিয়ন্ত্রণ করছেন)। হে আল্লাহ! আপনিই প্রথম, আপনার পূর্বে কিছুই ছিল না; আপনি সর্বশেষ, আপনার পরে কোনো কিছু থাকবে না; আপনি সব কিছুর উপরে, আপনার উপরে কিছুই নেই; আপনি সর্বনিকটে, আপনার চেয়ে নিকটবর্তী কিছু নেই, আপনি আমাদের সমস্ত ঋণ পরিশোধ করে দিন এবং আমাদেরকে অভাবগ্রস্ততা থেকে অভাবমুক্ত করুন।”[11]']"
108,28,Chapter: Before sleeping,أذكار النوم,28.0,ঘুমানোর যিক্‌রসমূহ,"Alḥamdu lillāhil-lathī 'aṭ`amanā wa saqānā, wa kafānā, wa 'āwānā, fakam mimman lā kāfiya lahu wa lā mu'wī.","Praise is to Allah Who has provided us with food and with drink, sufficed us and gave us an abode, for how many are there with no provision and no home.","আলহামদু লিল্লা-হিল্লাযী আত‘আমানা, ওয়া সাক্বা-না, ওয়া কাফা-না, ওয়া আ-ওয়ানা, ফাকাম্ মিম্মান লা কা-ফিয়া লাহু, ওয়ালা মু’উইয়া","“সকল প্রশংসা আল্লাহ্‌র জন্য, যিনি আমাদেরকে আহার করিয়েছেন, পান করিয়েছেন, আমাদের প্রয়োজন পূর্ণ করেছেন এবং আমাদেরকে আশ্রয় দিয়েছেন। কেননা, এমন বহু লোক আছে যাদের প্রয়োজনপূর্ণকারী কেউ নেই এবং যাদের আশ্রয়দানকারীও কেউ নেই।”[12]",الْحَمْدُ لِلَّهِ الَّذِي أَطْعَمَنَا وَسَقَانَا، وَكَفَانَا، وَآوَانَا، فَكَمْ مِمَّنْ لاَ كَافِيَ لَهُ وَلاَ مُؤْوِيَ,«الْحَمْدُ لِلَّهِ الَّذِي أَطْعَمَنَا وَسَقَانَا، وَكَفَانَا، وَآوَانَا، فَكَمْ مِمَّنْ لاَ كَافِيَ لَهُ وَلاَ مُؤْوِيَ».,Muslim 4/2085.,,,,exact_match,1.0,"[""Alḥamdu lillāhil-lathī 'aṭ`amanā wa saqānā, wa kafānā, wa 'āwānā, fakam mimman lā kāfiya lahu wa lā mu'wī."", 'Praise is to Allah Who has provided us with food and with drink, sufficed us and gave us an abode, for how many are there with no provision and no home.', 'Muslim 4/2085.', 'الْحَمْدُ لِلَّهِ الَّذِي أَطْعَمَنَا وَسَقَانَا، وَكَفَانَا، وَآوَانَا، فَكَمْ مِمَّنْ لاَ كَافِيَ لَهُ وَلاَ مُؤْوِيَ']","['«الْحَمْدُ لِلَّهِ الَّذِي أَطْعَمَنَا وَسَقَانَا، وَكَفَانَا، وَآوَانَا، فَكَمْ مِمَّنْ لاَ كَافِيَ لَهُ وَلاَ مُؤْوِيَ».', '(আলহামদু লিল্লা-হিল্লাযী আত‘আমানা, ওয়া সাক্বা-না, ওয়া কাফা-না, ওয়া আ-ওয়ানা, ফাকাম্ মিম্মান লা কা-ফিয়া লাহু, ওয়ালা মু’উইয়া)।', '“সকল প্রশংসা আল্লাহ্\u200cর জন্য, যিনি আমাদেরকে আহার করিয়েছেন, পান করিয়েছেন, আমাদের প্রয়োজন পূর্ণ করেছেন এবং আমাদেরকে আশ্রয় দিয়েছেন। কেননা, এমন বহু লোক আছে যাদের প্রয়োজনপূর্ণকারী কেউ নেই এবং যাদের আশ্রয়দানকারীও কেউ নেই।”[12]']"
109,28,Chapter: Before sleeping,أذكار النوم,28.0,ঘুমানোর যিক্‌রসমূহ,"Allāhumma `ālima ‘l-ghaybi wash-shahādah, fātiras-samāwāti wa ‘l-ardh, Rabba kulli shay'in wa malīkah, ash-hadu an lā ilāha illā ant, a`ūdhu bika min sharri nafsī, wa min sharrish-shayṭāni wa shirkih, wa an aqtarifa `alā nafsī sū'an, aw ajurrahu ilā Muslim.","O Allah, Knower of the unseen and the evident, Maker of the heavens and the earth, Lord of everything and its Master, I bear witness that there is none worthy of worship but You. I seek refuge in You from the evil of my soul, and from the evil of Satan and his helpers. (I seek refuge in You) from bringing evil upon my soul and from harming any Muslim.","আল্লা-হুম্মা ‘আ-লিমাল গাইবি ওয়াশ শাহা-দাতি, ফা-ত্বিরাস সামা-ওয়া-তি ওয়াল আরদ্বি, রাব্বা কুল্লি শাই’ইন ওয়া মালীকাহু, আশহাদু আল্লা ইলা-হা ইল্লা আনতা, আ‘উযু বিকা মিন শাররি নাফসী, ওয়ামিন শাররিশ শাইত্বা-নী ওয়াশিরকিহী/ওয়াশারাকিহী, ওয়া আন আক্বতারিফা ‘আলা নাফসী সূ’আন আউ আজুররাহু ইলা মুসলিম","“হে আল্লাহ! হে গায়েব ও উপস্থিতের জ্ঞানী, হে আসমানসমূহ ও যমীনের স্রষ্টা, হে সব কিছুর রব্ব ও মালিক! আমি সাক্ষ্য দিচ্ছি যে, আপনি ছাড়া আর কোনো হক্ব ইলাহ নেই। আমি আপনার কাছে আশ্রয় চাই আমার আত্মার অনিষ্ট থেকে, শয়তানের অনিষ্টতা থেকে ও তার শির্ক বা তার ফাঁদ থেকে, আমার নিজের উপর কোনো অনিষ্ট করা, অথবা কোনো মুসলিমের দিকে তা টেনে নেওয়া থেকে।”[13]",اللّهُـمَّ عالِـمَ الغَـيْبِ وَالشّـهادَةِ فاطِـرَ السّماواتِ وَالأرْضِ رَبَّ كـلِّ شَـيءٍ وَمَليـكَه أَشْهَـدُ أَنْ لا إِلـهَ إِلاّ أَنْت أَعـوذُ بِكَ مِن شَـرِّ نَفْسـي وَمِن شَـرِّ الشَّيْـطانِ وَشِـرْكِه وَأَنْ أَقْتَـرِفَ عَلـى نَفْسـي سوءاً أَوْ أَجُـرَّهُ إِلـى مُسْـلِم,«اللَّهُمَّ عَالِمَ الغَيْبِ وَالشَّهَادَةِ فَاطِرَ السَّمَوَاتِ وَالْأَرْضِ، رَبَّ كُلِّ شَيْءٍ وَمَلِيكَهُ، أَشْهَدُ أَنْ لاَ إِلَهَ إِلاَّ أَنْتَ، أَعُوذُ بِكَ مِنْ شَرِّ نَفْسِي، وَمِنْ شَرِّ الشَّيْطانِ وَشِرْكِهِ، وَأَنْ أَقْتَرِفَ عَلَى نَفْسِي سُوءاً، أَوْ أَجُرَّهُ إِلَى مُسْلِمٍ».,"Abu Dawud 4/317. See also Al-Albani, SahihAt-Tirmidhi 3/142.",,,,near_exact,0.997,"[""Allāhumma `ālima ‘l-ghaybi wash-shahādah, fātiras-samāwāti wa ‘l-ardh, Rabba kulli shay'in wa malīkah, ash-hadu an lā ilāha illā ant, a`ūdhu bika min sharri nafsī, wa min sharrish-shayṭāni wa shirkih, wa an aqtarifa `alā nafsī sū'an, aw ajurrahu ilā Muslim."", 'O Allah, Knower of the unseen and the evident, Maker of the heavens and the earth, Lord of everything and its Master, I bear witness that there is none worthy of worship but You. I seek refuge in You from the evil of my soul, and from the evil of Satan and his helpers. (I seek refuge in You) from bringing evil upon my soul and from harming any Muslim.', 'Abu Dawud 4/317. See also Al-Albani, SahihAt-Tirmidhi 3/142.', 'اللّهُـمَّ عالِـمَ الغَـيْبِ وَالشّـهادَةِ فاطِـرَ السّماواتِ وَالأرْضِ رَبَّ كـلِّ شَـيءٍ وَمَليـكَه أَشْهَـدُ أَنْ لا إِلـهَ إِلاّ أَنْت أَعـوذُ بِكَ مِن شَـرِّ نَفْسـي وَمِن شَـرِّ الشَّيْـطانِ وَشِـرْكِه وَأَنْ أَقْتَـرِفَ عَلـى نَفْسـي سوءاً أَوْ أَجُـرَّهُ إِلـى مُسْـلِم']","['«اللَّهُمَّ عَالِمَ الغَيْبِ وَالشَّهَادَةِ فَاطِرَ السَّمَوَاتِ وَالْأَرْضِ، رَبَّ كُلِّ شَيْءٍ وَمَلِيكَهُ، أَشْهَدُ أَنْ لاَ إِلَهَ إِلاَّ أَنْتَ، أَعُوذُ بِكَ مِنْ شَرِّ نَفْسِي، وَمِنْ شَرِّ الشَّيْطانِ وَشِرْكِهِ، وَأَنْ أَقْتَرِفَ عَلَى نَفْسِي سُوءاً، أَوْ أَجُرَّهُ إِلَى مُسْلِمٍ».', '(আল্লা-হুম্মা ‘আ-লিমাল গাইবি ওয়াশ শাহা-দাতি, ফা-ত্বিরাস সামা-ওয়া-তি ওয়াল আরদ্বি, রাব্বা কুল্লি শাই’ইন ওয়া মালীকাহু, আশহাদু আল্লা ইলা-হা ইল্লা আনতা, আ‘উযু বিকা মিন শাররি নাফসী, ওয়ামিন শাররিশ শাইত্বা-নী ওয়াশিরকিহী/ওয়াশারাকিহী, ওয়া আন আক্বতারিফা ‘আলা নাফসী সূ’আন আউ আজুররাহু ইলা মুসলিম)', '“হে আল্লাহ! হে গায়েব ও উপস্থিতের জ্ঞানী, হে আসমানসমূহ ও যমীনের স্রষ্টা, হে সব কিছুর রব্ব ও মালিক! আমি সাক্ষ্য দিচ্ছি যে, আপনি ছাড়া আর কোনো হক্ব ইলাহ নেই। আমি আপনার কাছে আশ্রয় চাই আমার আত্মার অনিষ্ট থেকে, শয়তানের অনিষ্টতা থেকে ও তার শির্ক বা তার ফাঁদ থেকে, আমার নিজের উপর কোনো অনিষ্ট করা, অথবা কোনো মুসলিমের দিকে তা টেনে নেওয়া থেকে।”[13]']"
110,28,Chapter: Before sleeping,أذكار النوم,28.0,ঘুমানোর যিক্‌রসমূহ,--,Recite Surah 32 (As-Sajdah) and Surah 67 (Al-Mulk) in Arabic.,,আলিফ লাম মীম তানযীলায সাজদাহ ও তাবারাকাল্লাযী বিয়াদিহিল মুলক’ সূরাদ্বয় পড়বে।[14],يقرأ ((ألم * تنزيل)) السجدة، و((تبارك الذي بيده الملك)),,"At-Tirmidhi, An-Nasa'i. See also Al-Albani, Sahihul-Jami ' As-Saghir 4/255",,,,one_missing,,"['--', 'Recite Surah 32 (As-Sajdah) and Surah 67 (Al-Mulk) in Arabic.', ""At-Tirmidhi, An-Nasa'i. See also Al-Albani, Sahihul-Jami ' As-Saghir 4/255"", 'يقرأ ((ألم * تنزيل)) السجدة، و((تبارك الذي بيده الملك))']",['আলিফ লাম মীম তানযীলায সাজদাহ ও তাবারাকাল্লাযী বিয়াদিহিল মুলক’ সূরাদ্বয় পড়বে।[14]']
111,28,Chapter: Before sleeping,أذكار النوم,28.0,ঘুমানোর যিক্‌রসমূহ,"Allāhumma aslamtu nafsī ilayk, wa fawwaḍtu amrī ilayk, wa wajjahtu wajhī ilayk, wa alja'tu ẓahrī ilayk, raghbatan wa rahbatan ilayk, lā malja'a wa la manjā minka illā ilayk, āmantu bikitābika ‘l-ladhī anzalt, wa bi-nabiyyika ‘l-ladhī arsalt.","O Allah,1 I submit myself to You, entrust my affairs to You, turn my face to You, and lay myself down depending upon You, hoping in You and fearing You. There is no refuge, and no escape, except to You. I believe in Your Book (the Qur'an) that You revealed, and the Prophet whom You sent.","আল্লা-হুম্মা আস্‌লামতু নাফ্‌সী ইলাইকা, ওয়া ফাউওয়াদ্বতু আমরী ইলাইকা, ওয়া ওয়াজ্জাহ্‌তু ওয়াজহিয়া ইলাইকা, ওয়াআলজা’তু যাহ্‌রী ইলাইকা, রাগবাতান ওয়া রাহবাতান ইলাইকা। লা মালজা’আ ওয়ালা মান্‌জা মিনকা ইল্লা ইলাইকা। আ-মানতু বিকিতা-বিকাল্লাযী আনযালতা ওয়াবিনাবিয়্যিকাল্লাযী আরসালতা","“হে আল্লাহ![15] আমি নিজেকে আপনার কাছে সঁপে দিলাম। আমার যাবতীয় বিষয় আপনার কাছেই সোপর্দ করলাম, আমার চেহারা আপনার দিকেই ফিরালাম, আর আমার পৃষ্ঠদেশকে আপনার দিকেই ন্যস্ত করলাম; আপনার প্রতি অনুরাগী হয়ে এবং আপনার ভয়ে ভীত হয়ে। একমাত্র আপনার নিকট ছাড়া আপনার (পাকড়াও) থেকে বাঁচার কোনো আশ্রয়স্থল নেই এবং কোনো মুক্তির উপায় নেই। আমি ঈমান এনেছি আপনার নাযিলকৃত কিতাবের উপর এবং আপনার প্রেরিত নবীর উপর।”[16]",اللّهُـمَّ أَسْـلَمْتُ نَفْـسي إِلَـيْكَ، وَفَوَّضْـتُ أَمْـري إِلَـيْكَ، وَوَجَّـهْتُ وَجْـهي إِلَـيْكَ، وَأَلْـجَـاْتُ ظَهـري إِلَـيْكَ، رَغْبَـةً وَرَهْـبَةً إِلَـيْكَ، لا مَلْجَـأَ وَلا مَنْـجـا مِنْـكَ إِلاّ إِلَـيْكَ، آمَنْـتُ بِكِتـابِكَ الّـذي أَنْزَلْـتَ وَبِنَبِـيِّـكَ الّـذي أَرْسَلْـت,«اللَّهُمَّ أَسْلَمْتُ نَفْسِي إِلَيْكَ، وَفَوَّضْتُ أَمْرِي إِلَيْكَ، وَوَجَّهْتُ وَجْهِي إِلَيْكَ، وَأَلْجَأْتُ ظَهْرِي إِلَيْكَ، رَغْبَةً وَرَهْبَةً إِلَيْكَ، لاَ مَلْجَأَ وَلاَ مَنْجَا مِنْكَ إِلاَّ إِلَيْكَ، آمَنْتُ بِكِتَابِكَ الَّذِي أَنْزَلْتَ، وَبِنَبِيِّكَ الَّذِي أَرْسَلْتَ».,"1 ""Before you go to bed perform ablutions as you would for prayer, then lie down on your right side and say. . . "" The Prophet (ﷺ) said: ""Whoever says this and dies in his sleep, has died in a state of the natural monotheism (Fitrah)."" Al-Bukhari, cf. Al-Asqalani, Fathul-Bari 11/113, Muslim 4/2081.","[15] রাসূলুল্লাহ্‌ সাল্লাল্লাহু আলাইহি ওয়াসাল্লাম বলেছেন, “যখন তুমি বিছানা গ্রহণ করবে, তখন নামাযের মত ওযু করবে, তারপর তোমার ডান পার্শ্বদেশে শুয়ে পড়বে। তারপর বল, ..... আল-হাদীস। [16] রাসূলুল্লাহ সাল্লাল্লাহু আলাইহি ওয়াসাল্লাম যাকে এ দো‘আটি শিক্ষা দিলেন, তাকে বলেন: যদি তুমি ঐ রাতে মারা যাও তবে ‘ফিতরাত’ তথা দীন ইসলামের উপর মারা গেলে। বুখারী, (ফাতহুল বারীসহ) ১১/১১৩, নং ৬৩১৩; মুসলিম ৪/২০৮১, নং ২৭১০।",,,exact_match,1.0,"[""Allāhumma aslamtu nafsī ilayk, wa fawwaḍtu amrī ilayk, wa wajjahtu wajhī ilayk, wa alja'tu ẓahrī ilayk, raghbatan wa rahbatan ilayk, lā malja'a wa la manjā minka illā ilayk, āmantu bikitābika ‘l-ladhī anzalt, wa bi-nabiyyika ‘l-ladhī arsalt."", ""O Allah,1 I submit myself to You, entrust my affairs to You, turn my face to You, and lay myself down depending upon You, hoping in You and fearing You. There is no refuge, and no escape, except to You. I believe in Your Book (the Qur'an) that You revealed, and the Prophet whom You sent."", '1 ""Before you go to bed perform ablutions as you would for prayer, then lie down on your right side and say. . . "" The Prophet (ﷺ) said: ""Whoever says this and dies in his sleep, has died in a state of the natural monotheism (Fitrah)."" Al-Bukhari, cf. Al-Asqalani, Fathul-Bari 11/113, Muslim 4/2081.', 'اللّهُـمَّ أَسْـلَمْتُ نَفْـسي إِلَـيْكَ، وَفَوَّضْـتُ أَمْـري إِلَـيْكَ، وَوَجَّـهْتُ وَجْـهي إِلَـيْكَ، وَأَلْـجَـاْتُ ظَهـري إِلَـيْكَ، رَغْبَـةً وَرَهْـبَةً إِلَـيْكَ، لا مَلْجَـأَ وَلا مَنْـجـا مِنْـكَ إِلاّ إِلَـيْكَ، آمَنْـتُ بِكِتـابِكَ الّـذي أَنْزَلْـتَ وَبِنَبِـيِّـكَ الّـذي أَرْسَلْـت']","['«اللَّهُمَّ أَسْلَمْتُ نَفْسِي إِلَيْكَ، وَفَوَّضْتُ أَمْرِي إِلَيْكَ، وَوَجَّهْتُ وَجْهِي إِلَيْكَ، وَأَلْجَأْتُ ظَهْرِي إِلَيْكَ، رَغْبَةً وَرَهْبَةً إِلَيْكَ، لاَ مَلْجَأَ وَلاَ مَنْجَا مِنْكَ إِلاَّ إِلَيْكَ، آمَنْتُ بِكِتَابِكَ الَّذِي أَنْزَلْتَ، وَبِنَبِيِّكَ الَّذِي أَرْسَلْتَ».', '(আল্লা-হুম্মা আস্\u200cলামতু নাফ্\u200cসী ইলাইকা, ওয়া ফাউওয়াদ্বতু আমরী ইলাইকা, ওয়া ওয়াজ্জাহ্\u200cতু ওয়াজহিয়া ইলাইকা, ওয়াআলজা’তু যাহ্\u200cরী ইলাইকা, রাগবাতান ওয়া রাহবাতান ইলাইকা। লা মালজা’আ ওয়ালা মান্\u200cজা মিনকা ইল্লা ইলাইকা। আ-মানতু বিকিতা-বিকাল্লাযী আনযালতা ওয়াবিনাবিয়্যিকাল্লাযী আরসালতা)।', '“হে আল্লাহ![15] আমি নিজেকে আপনার কাছে সঁপে দিলাম। আমার যাবতীয় বিষয় আপনার কাছেই সোপর্দ করলাম, আমার চেহারা আপনার দিকেই ফিরালাম, আর আমার পৃষ্ঠদেশকে আপনার দিকেই ন্যস্ত করলাম; আপনার প্রতি অনুরাগী হয়ে এবং আপনার ভয়ে ভীত হয়ে। একমাত্র আপনার নিকট ছাড়া আপনার (পাকড়াও) থেকে বাঁচার কোনো আশ্রয়স্থল নেই এবং কোনো মুক্তির উপায় নেই। আমি ঈমান এনেছি আপনার নাযিলকৃত কিতাবের উপর এবং আপনার প্রেরিত নবীর উপর।”[16]', '[1] বুখারী, (ফাতহুল বারীসহ) ৯/৬২, নং ৫০১৭; মুসলিম ৪/১৭২৩, নং ২১৯২।', '[2] সূরা আল-বাকারাহ্\u200c-২৫৫। রাসূলুল্লাহ সাল্লাল্লাহু আলাইহি ওয়াসাল্লাম বলেন: ‘যে কেউ যখন রাতে আপন বিছানায় যাবে এবং ‘আয়াতুল কুরসী’ পড়বে, তখন সে রাতের পুরো সময় আল্লাহর পক্ষ থেকে তার জন্য হেফাযতকারী থাকবে; আর সকাল হওয়া পর্যন্ত শয়তান তার নিকটেও আসতে পারবে না’। বুখারী, (ফাতহুল বারীসহ), ৪/৪৮৭, নং ২৩১১।', '[3] সূরা আল-বাকারা ২৮৫-২৮৬। রাসূলুল্লাহ সাল্লাল্লাহু আলাইহি ওয়াসাল্লাম বলেন: যে ব্যক্তি রাতের বেলা সূরা বাকারার শেষ দুটি আয়াত পড়বে, তা তার জন্য যথেষ্ট হবে। বুখারী, ফাতহুল বারীসহ, ৯/৯৪, ৪০০৮; মুসলিম ১/৫৫৪, নং ৮০৭।', '[4] রাসূলুল্লাহ সাল্লাল্লাহু আলাইহি ওয়াসাল্লাম বলেন: ‘তোমাদের কোনো ব্যক্তি তার বিছানা ত্যাগ করলো, আবার ঘুমাতে ফিরে এলো সে যেনো তার চাদর বা লুঙ্গির আঁচল দিয়ে তিনবার বিছানাটি ঝেড়ে নেয়। আর যেন সে বিসমিল্লাহ পড়ে, (আল্লাহর নাম নেয়); কেননা সে জানে না যে, তার চলে যাবার পর এতে কী পতিত হয়েছে। তারপর সে যখন শোয়, তখন যেনো এ দো‘আটি বলে। (হাদীসে বর্ণিত صنفة إزاره শব্দের অর্থ হচ্ছে, চাদরের পার্শ্বদিকস্থ অংশ। এর জন্য দেখুন, নিহায়া ফী গারিবিল হাদীস ওয়াল আসার’ ‘صنف’।)', '[5] বুখারী, ফাতহুল বারীসহ ১১/১২৬, নং ৬৩২০; মুসলিম ৪/২০৮৪, নং ২৭১৪।', '[6] মুসলিম ৪/২০৮৩, নং ২৭১২; আহমাদ, তাঁর শব্দে ২/৭৯, নং ৫৫০২।', '[7] “রাসূলুল্লাহ সাল্লাল্লাহু আলাইহি ওয়াসাল্লাম যখন ঘুমানোর ইচ্ছা করতেন তখন তাঁর ডান হাত তাঁর গালের নীচে রাখতেন, তারপর এ দো‘আটি বলতেন।”', '[8] আবূ দাউদ, শব্দ তাঁরই, ৪/৩১১, নং ৫০৪৫; তিরমিযী, নং ৩৩৯৮; আরও দেখুন, সহীহুত তিরমিযী, ৩/১৪৩; সহীহ আবী দাঊদ, ৩/২৪০।', '[9] বুখারী, (ফাতহুল বারীসহ) ১১/১১৩, নং ৬৩২৪; মুসলিম ৪/২০৮৩, নং ২৭১১।', '[10] রাসূলুল্লাহ সাল্লাল্লাহু আলাইহি ওয়াসাল্লাম আলী এবং ফতেমাকে বলেন: আমি কি তোমাদেরকে এমন কিছু বলে দিবো না যা তোমাদের জন্য খাদেম অপেক্ষাও উত্তম হবে? যখন তোমরা তোমাদের বিছানায় যাবে, তখন তোমরা দু’জনে ৩৩ বার সুবহানাল্লাহ, ৩৩ বার আলহামদু লিল্লাহ, এবং ৩৪ বার বলবে, যা তা খাদেম অপেক্ষাও তোমাদের জন্য উত্তম হবে’’। বুখারী, (ফাতহুল বারীসহ) ৭/৭১, নং ৩৭০৫; মুসলিম ৪/২০৯১, নং ২৭২৬।', '[11] মুসলিম ৪/২০৮৪, নং ২৭১৩।', '[12] মুসলিম ৪/২০৮৫, নং ২৭১৫।', '[13] আবূ দাউদ, ৪/৩১৭, নং ৫০৬৭; তিরমিযী, নং ৩৬২৯; আরও দেখুন, সহীহুত তিরমিযী, ৩/১৪২।', '[14] রাসূলুল্লাহ্\u200c সাল্লাল্লাহু আলাইহি ওয়াসাল্লাম সূরা সাজদা এবং সূরা মুলক না পড়ে ঘুমাতেন না। তিরমিযী, নং ৩৪০৪; নাসাঈ, আমালুল ইয়াওমি ওয়াল লাইলাহ, নং ৭০৭। আরও দেখুন, সহীহুল জামে‘ ৪/২৫৫।', '[15] রাসূলুল্লাহ্\u200c সাল্লাল্লাহু আলাইহি ওয়াসাল্লাম বলেছেন, “যখন তুমি বিছানা গ্রহণ করবে, তখন নামাযের মত ওযু করবে, তারপর তোমার ডান পার্শ্বদেশে শুয়ে পড়বে। তারপর বল, ..... আল-হাদীস।', '[16] রাসূলুল্লাহ সাল্লাল্লাহু আলাইহি ওয়াসাল্লাম যাকে এ দো‘আটি শিক্ষা দিলেন, তাকে বলেন: যদি তুমি ঐ রাতে মারা যাও তবে ‘ফিতরাত’ তথা দীন ইসলামের উপর মারা গেলে। বুখারী, (ফাতহুল বারীসহ) ১১/১১৩, নং ৬৩১৩; মুসলিম ৪/২০৮১, নং ২৭১০।']"
112,29,Chapter: When tossing and turning during the night,الدعاء إذا تقلب ليلاً,29.0,রাতে যখন পার্শ্ব পরিবর্তন করে তখন পড়ার দো‘আ,"Lā ilāha illallāh al-Wāḥidul-Qahhār, Rabbus-samāwāti wa ‘l-arḍi wa mā baynahuma al-`Azīzul-Ghaffār.","There is none worthy of worship but Allah, the One, the Victorious, Lord of the heavens and the earth and all that is between them, the All-Mighty, the All-Forgiving.",লা ইলা-হা ইল্লাল্লা-হুল ওয়াহিদুল কাহ্‌হারু রব্বুস্ সামা-ওয়া-তি ওয়াল-আরদ্বি ওয়ামা বাইনাহুমাল-‘আযীযুল গাফ্‌ফার,"“মহাপ্রতাপশালী এক আল্লাহ ছাড়া আর কোনো হক্ব ইলাহ নেই। (তিনি) আসমানসমূহ, যমীন এবং এ দু’য়ের মধ্যস্থিত সবকিছুর রব্ব, প্রবলপরাক্রমশালী, পরম ক্ষমাশীল।”[1]",لا إِلـهَ إِلاّ اللهُ الـواحِدُ القَهّـار رَبُّ السَّـمواتِ وَالأرْضِ وَما بَيْـنَهـما العَزيـزُ الغَـفّار,«لاَ إِلَهَ إِلاَّ اللَّهُ الْوَاحِدُ الْقَهّارُ، رَبُّ السَّمَوَاتِ وَالْأَرْضِ وَمَا بَيْنَهُمَا الْعَزيزُ الْغَفَّارُ».,"This is to be said if you turn over in bed during the night. Al-Hakim graded it authentic and Ath-Thahabi agreed 1/540. Also see An-Nasa'i, 'Amalul-Yawm wal-Laylah, and Ibn As-Sunni. See also Al-Albani, Sahihul-Jami' As-Saghir 4/ 213.","[1] আয়েশা রাদিয়াল্লাহু আনহা বলেন, রাসূলুল্লাহ সাল্লাল্লাহু আলাইহি ওয়াসাল্লাম রাতে যখন বিছানায় পার্শ্ব পরিবর্তন করতেন তখন তা বলতেন। হাদীসটি সংকলন করেছেন, হাকেম এবং তিনি তা সহীহ বলেছেন, আর ইমাম যাহাবী তাকে সমর্থন করেছেন, ১/৫৪০; নাসাঈ, আমালুল ইয়াওমি ওয়াল্লাইলা, নং ২০২; ইবনুস সুন্নী, নং ৭৫৭। আরও দেখুন, সহীহুল জামে‘ ৪/২১৩।",,,exact_match,1.0,"['Lā ilāha illallāh al-Wāḥidul-Qahhār, Rabbus-samāwāti wa ‘l-arḍi wa mā baynahuma al-`Azīzul-Ghaffār.', 'There is none worthy of worship but Allah, the One, the Victorious, Lord of the heavens and the earth and all that is between them, the All-Mighty, the All-Forgiving.', ""This is to be said if you turn over in bed during the night. Al-Hakim graded it authentic and Ath-Thahabi agreed 1/540. Also see An-Nasa'i, 'Amalul-Yawm wal-Laylah, and Ibn As-Sunni. See also Al-Albani, Sahihul-Jami' As-Saghir 4/ 213."", 'لا إِلـهَ إِلاّ اللهُ الـواحِدُ القَهّـار رَبُّ السَّـمواتِ وَالأرْضِ وَما بَيْـنَهـما العَزيـزُ الغَـفّار']","['«لاَ إِلَهَ إِلاَّ اللَّهُ الْوَاحِدُ الْقَهّارُ، رَبُّ السَّمَوَاتِ وَالْأَرْضِ وَمَا بَيْنَهُمَا الْعَزيزُ الْغَفَّارُ».', '(লা ইলা-হা ইল্লাল্লা-হুল ওয়াহিদুল কাহ্\u200cহারু রব্বুস্ সামা-ওয়া-তি ওয়াল-আরদ্বি ওয়ামা বাইনাহুমাল-‘আযীযুল গাফ্\u200cফার)।', '“মহাপ্রতাপশালী এক আল্লাহ ছাড়া আর কোনো হক্ব ইলাহ নেই। (তিনি) আসমানসমূহ, যমীন এবং এ দু’য়ের মধ্যস্থিত সবকিছুর রব্ব, প্রবলপরাক্রমশালী, পরম ক্ষমাশীল।”[1]', '[1] আয়েশা রাদিয়াল্লাহু আনহা বলেন, রাসূলুল্লাহ সাল্লাল্লাহু আলাইহি ওয়াসাল্লাম রাতে যখন বিছানায় পার্শ্ব পরিবর্তন করতেন তখন তা বলতেন। হাদীসটি সংকলন করেছেন, হাকেম এবং তিনি তা সহীহ বলেছেন, আর ইমাম যাহাবী তাকে সমর্থন করেছেন, ১/৫৪০; নাসাঈ, আমালুল ইয়াওমি ওয়াল্লাইলা, নং ২০২; ইবনুস সুন্নী, নং ৭৫৭। আরও দেখুন, সহীহুল জামে‘ ৪/২১৩।']"
113,30,"Chapter: Upon experiencing unrest, fear, apprehensiveness during sleep",دعاء القلق والفزع في النوم ومن بلي بالوحشة,30.0,ঘুমন্ত অবস্থায় ভয় এবং একাকিত্বের অস্বস্তিতে পড়ার দো‘আ,"A`ūdhu bikalimāti ‘llāhit-tāmmāti min ghaḍabihi wa `iqābihi wa sharri `ibādih, wa min hamazātish-shayāṭīni wa an yaḥḍurūn.","I seek refuge in the Perfect Words of Allah from His anger and His punishment, from the evil of His slaves, and from the taunts of devils and from their presence.",আ‘ঊযু বিকালিমা-তিল্লাহিত্তা-ম্মাতি মিন্ গাদ্বাবিহি ওয়া ইক্বা-বিহি ওয়া শাররি ‘ইবা-দিহি ওয়ামিন হামাযা-তিশ্‌শায়া-ত্বীনি ওয়া আন ইয়াহ্‌দুরূন,"“আমি আশ্রয় চাই আল্লাহ্‌র পরিপূর্ণ কালামসমূহের অসীলায় তাঁর ক্রোধ থেকে, তাঁর শাস্তি থেকে, তাঁর বান্দাদের অনিষ্ট থেকে, শয়তানদের কুমন্ত্রণা থেকে এবং তাদের উপস্থিতি থেকে।”[1]",أَعـوذُ بِكَلِمـاتِ اللّهِ التّـامّـاتِ مِن غَضَـبِهِ وَعِـقابِهِ وَشَـرِّ عِبـادِهِ وَمِنْ هَمَـزاتِ الشَّـياطينِ وَأَنْ يَحْضـرون,«أَعُوذُ بِكَلِمَاتِ اللَّهِ التَّامَّاتِ مِنْ غَضَبِهِ وَعِقَابِهِ، وَشَرِّ عِبَادِهِ، وَمِنْ هَمَزَاتِ الشَّياطِينِ وَأَنْ يَحْضُرُونِ».,"Abu Dawud 4/12. See also Al-Albani, Sahih At- Tirmidhi 3/171","[1] আবূ দাঊদ ৪/১২, নং ৩৮৯৩; তিরমিযী, নং ৩৫২৮। আরও দেখুন, সহীহুত তিরমিযী ৩/১৭১।",,,exact_match,1.0,"['A`ūdhu bikalimāti ‘llāhit-tāmmāti min ghaḍabihi wa `iqābihi wa sharri `ibādih, wa min hamazātish-shayāṭīni wa an yaḥḍurūn.', 'I seek refuge in the Perfect Words of Allah from His anger and His punishment, from the evil of His slaves, and from the taunts of devils and from their presence.', 'Abu Dawud 4/12. See also Al-Albani, Sahih At- Tirmidhi 3/171', 'أَعـوذُ بِكَلِمـاتِ اللّهِ التّـامّـاتِ مِن غَضَـبِهِ وَعِـقابِهِ وَشَـرِّ عِبـادِهِ وَمِنْ هَمَـزاتِ الشَّـياطينِ وَأَنْ يَحْضـرون']","['«أَعُوذُ بِكَلِمَاتِ اللَّهِ التَّامَّاتِ مِنْ غَضَبِهِ وَعِقَابِهِ، وَشَرِّ عِبَادِهِ، وَمِنْ هَمَزَاتِ الشَّياطِينِ وَأَنْ يَحْضُرُونِ».', '(আ‘ঊযু বিকালিমা-তিল্লাহিত্তা-ম্মাতি মিন্ গাদ্বাবিহি ওয়া ইক্বা-বিহি ওয়া শাররি ‘ইবা-দিহি ওয়ামিন হামাযা-তিশ্\u200cশায়া-ত্বীনি ওয়া আন ইয়াহ্\u200cদুরূন)।', '“আমি আশ্রয় চাই আল্লাহ্\u200cর পরিপূর্ণ কালামসমূহের অসীলায় তাঁর ক্রোধ থেকে, তাঁর শাস্তি থেকে, তাঁর বান্দাদের অনিষ্ট থেকে, শয়তানদের কুমন্ত্রণা থেকে এবং তাদের উপস্থিতি থেকে।”[1]', '[1] আবূ দাঊদ ৪/১২, নং ৩৮৯৩; তিরমিযী, নং ৩৫২৮। আরও দেখুন, সহীহুত তিরমিযী ৩/১৭১।']"
114,31,Chapter: Upon seeing a good dream or a bad dream,ما يفعل من رأى الرؤيا أو الحلم,,,,Spit to your left (three times). 1 Seek refuge in Allah from the Devil and from the evil of what you have seen (three times). 2 Do not speak about it to anyone. 3 Turn over on your other side. 4,,,يَنْفُثُ عَنْ يَسَارِهِ (ثلاثاً). يَسْتَعِيذُ بِاللَّهِ مِنَ الشَّيطَانِ وَمِنْ شَرِّ مَا رَأَى (ثَلاَثَ مَرَّاتٍ). لاَ يُحَدِّثْ بِهَا أَحَداً. يَــتَحَوَّلُ عَنْ جَنْبِهِ الَّذِي كَانَ عَلَيْهِ.,,"1. Muslim 4/1 772. 2. Muslim 4/1 772, 3. 3. Muslim 4/1772. 4. Muslim 4/1773.",,,,one_missing,,"['Spit to your left (three times). 1 Seek refuge in Allah from the Devil and from the evil of what you have seen (three times). 2 Do not speak about it to anyone. 3 Turn over on your other side. 4', '1. Muslim 4/1 772. 2. Muslim 4/1 772, 3. 3. Muslim 4/1772. 4. Muslim 4/1773.', 'يَنْفُثُ عَنْ يَسَارِهِ (ثلاثاً). يَسْتَعِيذُ بِاللَّهِ مِنَ الشَّيطَانِ وَمِنْ شَرِّ مَا رَأَى (ثَلاَثَ مَرَّاتٍ). لاَ يُحَدِّثْ بِهَا أَحَداً. يَــتَحَوَّلُ عَنْ جَنْبِهِ الَّذِي كَانَ عَلَيْهِ.']",
115,31,Chapter: Upon seeing a good dream or a bad dream,ما يفعل من رأى الرؤيا أو الحلم,,,,Get up and pray if you desire to do so.,,,يقوم يصلي إن أراد ذلك.ويَقُومُ يُصَلِّي إِنْ أَرَادَ ذَلِكَ.,,Muslim 4/1773.,,,,one_missing,,"['Get up and pray if you desire to do so.', 'Muslim 4/1773.', 'يقوم يصلي إن أراد ذلك.ويَقُومُ يُصَلِّي إِنْ أَرَادَ ذَلِكَ.']",
116,32,Chapter: Qunoot Al-Witr,دعاء قنوت الوتر,31.0,খারাপ স্বপ্ন বা দুঃস্বপ্ন দেখে যা করবে,"Allāhumma’hdinī fī man hadayt, wa `āfinī fī man `āfayt, wa tawallanī fī man tawallayt, wa bārik lī fī mā a`atayt, wa qinī sharra mā qaḍayt, fa innaka taqḍī wa lā yuqḍā `alayk, innahu lā yadhillu man wālayt, [wa lā ya`izzu man `ādayt] , tabārakta Rabbanā wa ta`ālayt.","O Allah, guide me with those whom You have guided, and strengthen me with those whom You have given strength. Take me to Your care with those whom You have taken to Your care. Bless me in what You have given me. Protect me from the evil You have ordained. Surely, You command and are not commanded, and none whom You have committed to Your care shall be humiliated [and none whom You have taken as an enemy shall taste glory]. You are Blessed, Our Lord, and Exalted.","১) (২) (৩) (৪) (৫) (আল্লা-হুম্মাহদিনী ফীমান হাদাইতা ওয়া ‘আ-ফিনী ফীমান ‘আ-ফাইতা ওয়া তাওয়াল্লানী ফীমান তাওয়াল্লাইতা ওয়াবা-রিক লী ফীমা আ‘ত্বাইতা ওয়াক্বিনী শাররা মা ক্বাদাইতা ফাইন্নাকা তাক্ব‌্দ্বী ওয়ালা ইউক্ব্‌দ্বা ‘আলাইকা। ইন্নাহু লা ইয়াযিল্লু মাও ওয়া-লাইতা, [ওয়ালা ইয়া‘ইয্যু মান ‘আ-দাইতা।] তাবা-রক্‌তা রব্বানা ওয়া তা‘আ-লাইতা","“হে আল্লাহ! আপনি যাদেরকে হেদায়াত করেছেন তাদের মধ্যে আমাকেও হেদায়াত দিন, আপনি যাদেরকে নিরাপত্তা প্রদান করেছেন তাদের মধ্যে আমাকেও নিরাপত্তা দিন, আপনি যাদের অভিভাবকত্ব গ্রহণ করেছেন, তাদের মধ্যে আমার অভিভাবকত্বও গ্রহণ করুন, আপনি আমাকে যা দিয়েছেন তাতে বরকত দিন। আপনি যা ফয়সালা করেছেন তার অকল্যাণ থেকে আমাকে রক্ষা করুন। কারণ আপনিই চুড়ান্ত ফয়সালা দেন, আপনার বিপরীতে ফয়সালা দেওয়া হয় না। আপনি যার সাথে বন্ধুত্ব করেছেন সে অবশ্যই অপমানিত হয় না [এবং আপনি যার সাথে শত্রুতা করেছেন সে সম্মানিত হয় না।] আপনি বরকতপূর্ণ হে আমাদের রব্ব! আর আপনি সুউচ্চ-সুমহান”[1]।",,«اللَّهُمَّ اهْدِنِي فِيمَنْ هَدَيْتَ، وَعَافِنِي فِيمَنْ عَافَيْتَ، وَتَوَلَّنِي فِيمَنْ تَوَلَّيْتَ، وَبَارِكْ لِي فِيمَا أَعْطَيْتَ، وَقِنِي شَرَّ مَا قَضَيْتَ؛ فَإِنَّكَ تَقْضِي وَلاَ يُقْضَى عَلَيْكَ، إِنَّهُ لاَ يَذِلُّ مَنْ وَالَيْتَ، [وَلاَ يَعِزُّ مَنْ عَادَيْتَ]، تَبارَكْتَ رَبَّنا وَتَعَالَيْتَ».,"Abu Dawud, Ibn Majah, An-Nasa'i, At-Tirmidhi, Ahmad, Ad-Darimi, Al-Hakim, and Al-Bayhaqi. See also Al-Albani, Sahih At-Tirmidhi 1/144, Sahih Ibn Majah 1/194, and 'Irwa'ul-GhaW. 2/ 172.",,,,one_missing,,"['Allāhumma’hdinī fī man hadayt, wa `āfinī fī man `āfayt, wa tawallanī fī man tawallayt, wa bārik lī fī mā a`atayt, wa qinī sharra mā qaḍayt, fa innaka taqḍī wa lā yuqḍā `alayk, innahu lā yadhillu man wālayt, [wa lā ya`izzu man `ādayt] , tabārakta Rabbanā wa ta`ālayt.', 'O Allah, guide me with those whom You have guided, and strengthen me with those whom You have given strength. Take me to Your care with those whom You have taken to Your care. Bless me in what You have given me. Protect me from the evil You have ordained. Surely, You command and are not commanded, and none whom You have committed to Your care shall be humiliated [and none whom You have taken as an enemy shall taste glory]. You are Blessed, Our Lord, and Exalted.', ""Abu Dawud, Ibn Majah, An-Nasa'i, At-Tirmidhi, Ahmad, Ad-Darimi, Al-Hakim, and Al-Bayhaqi. See also Al-Albani, Sahih At-Tirmidhi 1/144, Sahih Ibn Majah 1/194, and 'Irwa'ul-GhaW. 2/ 172.""]","['(১) “তার বাম দিকে হাল্কা থুথু ফেলবে।” (৩ বার)[1]', '(২) “শয়তান থেকে এবং যা দেখেছে তার অনিষ্ট থেকে আল্লাহর কাছে আশ্রয় চাইবে প্রার্থনা করবে।” (৩ বার)[2]', '(৩) “কাউকে এ ব্যাপারে কিছু বলবে না।”[3]', '(৪) “অতঃপর যে পার্শ্বে সে ঘুমিয়েছিল তা পরিবর্তন করবে।”[4]', '(৫) “যদি ইচ্ছা করে তবে উঠে সালাত আদায় করবে।” [5]', '«اللَّهُمَّ اهْدِنِي فِيمَنْ هَدَيْتَ، وَعَافِنِي فِيمَنْ عَافَيْتَ، وَتَوَلَّنِي فِيمَنْ تَوَلَّيْتَ، وَبَارِكْ لِي فِيمَا أَعْطَيْتَ، وَقِنِي شَرَّ مَا قَضَيْتَ؛ فَإِنَّكَ تَقْضِي وَلاَ يُقْضَى عَلَيْكَ، إِنَّهُ لاَ يَذِلُّ مَنْ وَالَيْتَ، [وَلاَ يَعِزُّ مَنْ عَادَيْتَ]، تَبارَكْتَ رَبَّنا وَتَعَالَيْتَ».', '(আল্লা-হুম্মাহদিনী ফীমান হাদাইতা ওয়া ‘আ-ফিনী ফীমান ‘আ-ফাইতা ওয়া তাওয়াল্লানী ফীমান তাওয়াল্লাইতা ওয়াবা-রিক লী ফীমা আ‘ত্বাইতা ওয়াক্বিনী শাররা মা ক্বাদাইতা ফাইন্নাকা তাক্ব\u200c্দ্বী ওয়ালা ইউক্ব্\u200cদ্বা ‘আলাইকা। ইন্নাহু লা ইয়াযিল্লু মাও ওয়া-লাইতা, [ওয়ালা ইয়া‘ইয্যু মান ‘আ-দাইতা।] তাবা-রক্\u200cতা রব্বানা ওয়া তা‘আ-লাইতা)।', '“হে আল্লাহ! আপনি যাদেরকে হেদায়াত করেছেন তাদের মধ্যে আমাকেও হেদায়াত দিন, আপনি যাদেরকে নিরাপত্তা প্রদান করেছেন তাদের মধ্যে আমাকেও নিরাপত্তা দিন, আপনি যাদের অভিভাবকত্ব গ্রহণ করেছেন, তাদের মধ্যে আমার অভিভাবকত্বও গ্রহণ করুন, আপনি আমাকে যা দিয়েছেন তাতে বরকত দিন। আপনি যা ফয়সালা করেছেন তার অকল্যাণ থেকে আমাকে রক্ষা করুন। কারণ আপনিই চুড়ান্ত ফয়সালা দেন, আপনার বিপরীতে ফয়সালা দেওয়া হয় না। আপনি যার সাথে বন্ধুত্ব করেছেন সে অবশ্যই অপমানিত হয় না [এবং আপনি যার সাথে শত্রুতা করেছেন সে সম্মানিত হয় না।] আপনি বরকতপূর্ণ হে আমাদের রব্ব! আর আপনি সুউচ্চ-সুমহান”[1]।']"
117,32,Chapter: Qunoot Al-Witr,دعاء قنوت الوتر,31.0,খারাপ স্বপ্ন বা দুঃস্বপ্ন দেখে যা করবে,"Allāhumma innī a`ūdhu biriḍāka min sakhaṭik, wa bimu`āfātika min `uqūbatik, wa a`ūdhu bika mink, lā uḥṣī thanā'an `alayk, Anta kamā athnayta `alā nafsik.","O Allah, I seek refuge with Your Pleasure from Your anger. I seek refuge in Your forgiveness from Your punishment. I seek refuge in You from You. I cannot count Your praises, You are as You have praised Yourself.","আল্লা-হুম্মা ইন্নী আঊযুবিরিদ্বা-কা মিন সাখাত্বিকা, ওয়া বিমু‘আ-ফা-তিকা মিন ‘উক্বুবাতিকা, ওয়া আঊযু বিকা মিনকা, লা উহ্‌সী সানা-আন আলাইকা, আনতা কামা আসনাইতা ‘আলা নাফসিকা","“হে আল্লাহ! আমি আপনার সন্তুষ্টির মাধ্যমে অসন্তুষ্টি থেকে, আর আপনার নিরাপত্তার মাধ্যমে আপনার শাস্তি থেকে আশ্রয় চাই। আর আমি আপনার নিকটে আপনার (পাকড়াও) থেকে আশ্রয় চাই। আমি আপনার প্রশংসা গুনতে সক্ষম নই; আপনি সেরূপই, যেরূপ প্রশংসা আপনি নিজের জন্য করেছেন।”[2]",اللّهُـمَّ إِنِّـي أَعـوذُ بِرِضـاكَ مِنْ سَخَطِـك، وَبِمُعـافاتِـكَ مِنْ عُقوبَـتِك، وَأَعـوذُ بِكَ مِنْـك، لا أُحْصـي ثَنـاءً عَلَـيْك، أَنْـتَ كَمـا أَثْنَـيْتَ عَلـى نَفْسـِك,«اللَّهُمَّ إِنِّي أَعُوذُ بِرِضَاكَ مِنْ سَخَطِكَ، وَبِمُعَافَاتِكَ مِنْ عُقُوبَتِكَ، وَأَعُــــوذُ بِكَ مِنْكَ، لاَ أُحْصِي ثَنَاءً عَلَيْكَ، أَنْتَ كَمَا أَثْنَيْتَ عَلَى نَفْسِكَ».,"Abu Dawud, Ibn Majah, An-Nasa'i, At-Tirmidhi, Ahmad. See Al-Albani, Sahih At-Tirmidhi 3/180, Sahih Ibn Majah 1/194, and 'Irwa'ul-Ghalil. 2/ 175.",,,,exact_match,1.0,"[""Allāhumma innī a`ūdhu biriḍāka min sakhaṭik, wa bimu`āfātika min `uqūbatik, wa a`ūdhu bika mink, lā uḥṣī thanā'an `alayk, Anta kamā athnayta `alā nafsik."", 'O Allah, I seek refuge with Your Pleasure from Your anger. I seek refuge in Your forgiveness from Your punishment. I seek refuge in You from You. I cannot count Your praises, You are as You have praised Yourself.', ""Abu Dawud, Ibn Majah, An-Nasa'i, At-Tirmidhi, Ahmad. See Al-Albani, Sahih At-Tirmidhi 3/180, Sahih Ibn Majah 1/194, and 'Irwa'ul-Ghalil. 2/ 175."", 'اللّهُـمَّ إِنِّـي أَعـوذُ بِرِضـاكَ مِنْ سَخَطِـك، وَبِمُعـافاتِـكَ مِنْ عُقوبَـتِك، وَأَعـوذُ بِكَ مِنْـك، لا أُحْصـي ثَنـاءً عَلَـيْك، أَنْـتَ كَمـا أَثْنَـيْتَ عَلـى نَفْسـِك']","['«اللَّهُمَّ إِنِّي أَعُوذُ بِرِضَاكَ مِنْ سَخَطِكَ، وَبِمُعَافَاتِكَ مِنْ عُقُوبَتِكَ، وَأَعُــــوذُ بِكَ مِنْكَ، لاَ أُحْصِي ثَنَاءً عَلَيْكَ، أَنْتَ كَمَا أَثْنَيْتَ عَلَى نَفْسِكَ».', '(আল্লা-হুম্মা ইন্নী আঊযুবিরিদ্বা-কা মিন সাখাত্বিকা, ওয়া বিমু‘আ-ফা-তিকা মিন ‘উক্বুবাতিকা, ওয়া আঊযু বিকা মিনকা, লা উহ্\u200cসী সানা-আন আলাইকা, আনতা কামা আসনাইতা ‘আলা নাফসিকা)।', '“হে আল্লাহ! আমি আপনার সন্তুষ্টির মাধ্যমে অসন্তুষ্টি থেকে, আর আপনার নিরাপত্তার মাধ্যমে আপনার শাস্তি থেকে আশ্রয় চাই। আর আমি আপনার নিকটে আপনার (পাকড়াও) থেকে আশ্রয় চাই। আমি আপনার প্রশংসা গুনতে সক্ষম নই; আপনি সেরূপই, যেরূপ প্রশংসা আপনি নিজের জন্য করেছেন।”[2]']"
118,32,Chapter: Qunoot Al-Witr,دعاء قنوت الوتر,31.0,খারাপ স্বপ্ন বা দুঃস্বপ্ন দেখে যা করবে,"Allāhumma iyyāka na`bud, wa laka nuṣallī wa nasjud, wa ilayka nas`ā wa naḥfid, narjū raḥmatak, wa nakhshā `adhābak, inna `adhābaka bilkāfirīna mulḥaq. Allāhumma innā nasta`īnuk, wa nastaghfiruk, wa nuthnī `alaykal-khayr, wa lā nakfuruk, wa nu'minu bik, wa nakhḍa`u lak, wa nakhla`u man yakfuruk.","O Allah, You alone do we worship, and to You we pray and bow down prostrate. To You we hasten to worship and to serve. Our hope is for Your mercy, and we fear Your punishment. Surely, Your punishment of the disbelievers is at hand. O Allah, we seek Your help and Your forgiveness, and we praise You beneficently. We do not deny You and we believe in You. We surrender to You and renounce whoever disbelieves in You.","আল্লা-হুম্মা ইয়্যাকা না‘বুদু, ওয়ালাকা নুসাল্লী, ওনাসজুদু, ওয়া ইলাইকা নাস‘আ, ওয়া নাহ্‌ফিদু, নারজূ রাহ্‌মাতাকা, ওয়া নাখশা ‘আযা-বাকা, ইন্না ‘আযা-বাকা বিলকাফিরীনা মুলহাক্ব। আল্লা-হুম্মা ইন্না নাসতা‘ঈনুকা ওয়া নাসতাগফিরুকা, ওয়া নুসনী ‘আলাইকাল খাইরা, ওয়ালা- নাকফুরুকা, ওয়ানূ’মিনু বিকা, ওয়া নাখদ্বা‘উ লাকা, ওয়ানাখলা‘উ মাই ইয়াকফুরুকা।",“হে আল্লাহ! আমরা আপনারই ইবাদত করি; আপনার জন্যই সালাত আদায় করি ও সিজদা করি; আমরা আপনার দিকেই দৌড়াই এবং দ্রুত অগ্রসর হই; আমরা আপনার করুণা লাভের আকাঙ্ক্ষা করি এবং আপনার শাস্তিকে ভয় করি। নিশ্চয় আপনার শাস্তি কাফেরদেরকে পাবে।”,اللّهُـمَّ إِيّـاكَ نعْـبُدْ، وَلَـكَ نُصَلّـي وَنَسْـجُد، وَإِلَـيْكَ نَسْـعى وَنَحْـفِد، نَـرْجو رَحْمَـتَك، وَنَخْشـى عَـذابَك، إِنَّ عَـذابَكَ بالكـافرين ملْحَـق. اللّهُـمَّ إِنّا نَسْتَعـينُكَ وَنَسْتَـغْفِرُك، وَنُثْـنـي عَلَـيْك الخَـيْرَ، وَلا نَكْـفُرُك، وَنُـؤْمِنُ بِك، وَنَخْـضَعُ لَكَ وَنَخْـلَعُ مَنْ يَكْـفرُك,«اللَّهُمَّ إِيَّاكَ نعْبُدُ، وَلَكَ نُصَلِّي وَنَسْجُدُ، وَإِلَيْكَ نَسْعَى وَنَحْفِدُ، نَرْجُو رَحْمَتَكَ، وَنَخْشَى عَذَابَكَ، إِنَّ عَذَابَكَ بِالكَافِرِينَ مُلْحَقٌ. اللَّهُمَّ إِنَّا نَسْتَعينُكَ، وَنَسْتَغْفِرُكَ، وَنُثْنِي عَلَيْكَ الْخَيْرَ، وَلاَ نَكْفُرُكَ، وَنُؤْمِنُ بِكَ، وَنَخْضَعُ لَكَ، وَنَخْلَعُ مَنْ يَكْفرُكَ».,Al-Bayhaqi graded its chain authentic in As-Sunan Al-Kubra. Al-Albani said in 'Irwa'ul-GhaliL 2/170 that its chain is authentic as a statement of 'Umar.,"[3] হাদীসটি বায়হাকী তাঁর ‘আস-সুনানুল কবরা’ গ্রন্থে সংকলন করেছেন এবং তার সনদ বিশুদ্ধ বলেছেন, ২/২১১। আর শাইখ আলবানী ইরওয়াউল গালীল এর ২/১৭০ এ বলেন, ‘এর সনদ বিশুদ্ধ। আর তা উমর রা. থেকে মওকূফ হাদীসে বর্ণিত।",,"“হে আল্লাহ! নিশ্চয় আমরা আপনার কাছে সাহায্য চাই, আপনার কাছে ক্ষমা চাই, আপনার উত্তম প্রশংসা করি, আপনার সাথে কুফরি করি না, আপনার উপর ঈমান আনি, আপনার প্রতি অনুগত হই, আর যে আপনার সাথে কুফরি করে আমরা তার সাথে সম্পর্ক ছিন্ন করি।”[3]",exact_match,1.0,"[""Allāhumma iyyāka na`bud, wa laka nuṣallī wa nasjud, wa ilayka nas`ā wa naḥfid, narjū raḥmatak, wa nakhshā `adhābak, inna `adhābaka bilkāfirīna mulḥaq. Allāhumma innā nasta`īnuk, wa nastaghfiruk, wa nuthnī `alaykal-khayr, wa lā nakfuruk, wa nu'minu bik, wa nakhḍa`u lak, wa nakhla`u man yakfuruk."", 'O Allah, You alone do we worship, and to You we pray and bow down prostrate. To You we hasten to worship and to serve. Our hope is for Your mercy, and we fear Your punishment. Surely, Your punishment of the disbelievers is at hand. O Allah, we seek Your help and Your forgiveness, and we praise You beneficently. We do not deny You and we believe in You. We surrender to You and renounce whoever disbelieves in You.', ""Al-Bayhaqi graded its chain authentic in As-Sunan Al-Kubra. Al-Albani said in 'Irwa'ul-GhaliL 2/170 that its chain is authentic as a statement of 'Umar."", 'اللّهُـمَّ إِيّـاكَ نعْـبُدْ، وَلَـكَ نُصَلّـي وَنَسْـجُد، وَإِلَـيْكَ نَسْـعى وَنَحْـفِد، نَـرْجو رَحْمَـتَك، وَنَخْشـى عَـذابَك، إِنَّ عَـذابَكَ بالكـافرين ملْحَـق. اللّهُـمَّ إِنّا نَسْتَعـينُكَ وَنَسْتَـغْفِرُك، وَنُثْـنـي عَلَـيْك الخَـيْرَ، وَلا نَكْـفُرُك، وَنُـؤْمِنُ بِك، وَنَخْـضَعُ لَكَ وَنَخْـلَعُ مَنْ يَكْـفرُك']","['«اللَّهُمَّ إِيَّاكَ نعْبُدُ، وَلَكَ نُصَلِّي وَنَسْجُدُ، وَإِلَيْكَ نَسْعَى وَنَحْفِدُ، نَرْجُو رَحْمَتَكَ، وَنَخْشَى عَذَابَكَ، إِنَّ عَذَابَكَ بِالكَافِرِينَ مُلْحَقٌ. اللَّهُمَّ إِنَّا نَسْتَعينُكَ، وَنَسْتَغْفِرُكَ، وَنُثْنِي عَلَيْكَ الْخَيْرَ، وَلاَ نَكْفُرُكَ، وَنُؤْمِنُ بِكَ، وَنَخْضَعُ لَكَ، وَنَخْلَعُ مَنْ يَكْفرُكَ».', '(আল্লা-হুম্মা ইয়্যাকা না‘বুদু, ওয়ালাকা নুসাল্লী, ওনাসজুদু, ওয়া ইলাইকা নাস‘আ, ওয়া নাহ্\u200cফিদু, নারজূ রাহ্\u200cমাতাকা, ওয়া নাখশা ‘আযা-বাকা, ইন্না ‘আযা-বাকা বিলকাফিরীনা মুলহাক্ব। আল্লা-হুম্মা ইন্না নাসতা‘ঈনুকা ওয়া নাসতাগফিরুকা, ওয়া নুসনী ‘আলাইকাল খাইরা, ওয়ালা- নাকফুরুকা, ওয়ানূ’মিনু বিকা, ওয়া নাখদ্বা‘উ লাকা, ওয়ানাখলা‘উ মাই ইয়াকফুরুকা।)', '“হে আল্লাহ! আমরা আপনারই ইবাদত করি; আপনার জন্যই সালাত আদায় করি ও সিজদা করি; আমরা আপনার দিকেই দৌড়াই এবং দ্রুত অগ্রসর হই; আমরা আপনার করুণা লাভের আকাঙ্ক্ষা করি এবং আপনার শাস্তিকে ভয় করি। নিশ্চয় আপনার শাস্তি কাফেরদেরকে পাবে।”', '“হে আল্লাহ! নিশ্চয় আমরা আপনার কাছে সাহায্য চাই, আপনার কাছে ক্ষমা চাই, আপনার উত্তম প্রশংসা করি, আপনার সাথে কুফরি করি না, আপনার উপর ঈমান আনি, আপনার প্রতি অনুগত হই, আর যে আপনার সাথে কুফরি করে আমরা তার সাথে সম্পর্ক ছিন্ন করি।”[3]', '[1] সুনান গ্রন্থকারগণ, আহমাদ, দারামী ও বাইহাকী এ হাদীসটি সংকলন করেছেন। আবূ দাউদ, নং ১৪২৫; তিরমিযী, নং ৪৬৪; নাসাঈ, নং ১৭৪৪; ইবন মাজাহ, নং ১১৭৮; আহমাদ, নং ১৭১৮; দারামী, নং ১৫৯২; হাকিম, ৩/১৭২; বাইহাকী, ২/২০৯। আর দু’ ব্রাকেটের মাঝখানের অংশ বাইহাকীর। আরও দেখুন, সহীহুত তিরমিযী ১/১৪৪, সহীহ ইবন মাজাহ্\u200c, ১/১৯৪; ইরওয়াউল গালীল, লিল আলবানী, ২/১৭২।', '[2] সুনান গ্রন্থকারগণ ও আহমাদ হাদীসটি সংকলন করেছেন। আবূ দাউদ, নং ১৪২৭; তিরমিযী, নং ৩৫৬৬; নাসাঈ, নং ১৭৪৬; ইবন মাজাহ্\u200c, নং ১১৭৯; আহমাদ, নং ৭৫১। আরও দেখুন, সহীহুত তিরমিযী, ৩/১৮০; সহীহ ইবন মাজাহ্\u200c, ১/১৯৪, আল-ইরওয়া, ২/১৭৫।', '[3] হাদীসটি বায়হাকী তাঁর ‘আস-সুনানুল কবরা’ গ্রন্থে সংকলন করেছেন এবং তার সনদ বিশুদ্ধ বলেছেন, ২/২১১। আর শাইখ আলবানী ইরওয়াউল গালীল এর ২/১৭০ এ বলেন, ‘এর সনদ বিশুদ্ধ। আর তা উমর রা. থেকে মওকূফ হাদীসে বর্ণিত।']"
119,33,Chapter: Immediately after salam of the witr prayer,الذكر عقب السلام من الوتر,33.0,বিত্‌রের নামায থেকে সালাম ফিরানোর পরের যিক্‌র,"Subḥāna ‘l-Maliki ‘l-Quddūs. [Recite three times, and raise and extend the voice on the third time and say...] Rabbi ‘l-Malā'ikati war-rūh.","Glory is to the King, the Holy. [Recite three times in Arabic, and raise and extend the voice on the third time and say...] Lord of the angels and the Spirit.",সুবহা-নাল মালিকিল ক্বুদ্দূস) ([রাব্বিল মালা-ইকাতি ওয়ার-রূহ],“কতই না পবিত্র-মহান সেই মহাপবিত্র বাদশা!”,"""سبحان الملك القدوس"" ثلاث مرات والثالثة يجهر بها ويمد بها صوته ""ربِّ الملائكةِ والرّوح""",«سُبْحَانَ المَلِكِ القُدُّوسِ» « [رَبِّ الْمَلاَئِكَةِ وَالرُّوحِ]».,"An-Nasa'i 3/244, Ad-Daraqutni and others. The final addition is from Ad-Daraqutni's version 2/ 31 and its chain of narration is authentic. See the checking of Zadul-Ma'ad by Shu'aib Al-Arna'ut and 'Abdul-Qadir Al-Arna'ut 1/337.","[1] নাসাঈ, ৩/২৪৪, নং ১৭৩৪; দারা কুতনী, ২/৩১ ও অন্যান্যগণ। আর দুই ব্রাকেটের মাঝখানের অংশ দারা কুতনীতে ২/৩১, নং ২ বেশি বর্ণিত। যার সনদ বিশুদ্ধ। আরও দেখুন, শু‘আইব আল-আরনাঊত ও আবদুল কাদের আল-আরনাঊত এর ‘যাদুল মা‘আদ’ গ্রন্থের সম্পাদনা ১/৩৩৭।",,"তিনবার বলতেন; তৃতীয়বারে উচ্চস্বরে টেনে টেনে পড়ে বলতেন, “[যিনি ফেরেশতা ও রূহ -এর রব।]”[1]",mismatch,0.6379,"[""Subḥāna ‘l-Maliki ‘l-Quddūs. [Recite three times, and raise and extend the voice on the third time and say...] Rabbi ‘l-Malā'ikati war-rūh."", 'Glory is to the King, the Holy. [Recite three times in Arabic, and raise and extend the voice on the third time and say...] Lord of the angels and the Spirit.', ""An-Nasa'i 3/244, Ad-Daraqutni and others. The final addition is from Ad-Daraqutni's version 2/ 31 and its chain of narration is authentic. See the checking of Zadul-Ma'ad by Shu'aib Al-Arna'ut and 'Abdul-Qadir Al-Arna'ut 1/337."", '""سبحان الملك القدوس"" ثلاث مرات والثالثة يجهر بها ويمد بها صوته ""ربِّ الملائكةِ والرّوح""']","['«سُبْحَانَ المَلِكِ القُدُّوسِ»', '(সুবহা-নাল মালিকিল ক্বুদ্দূস)', '“কতই না পবিত্র-মহান সেই মহাপবিত্র বাদশা!”', 'তিনবার বলতেন; তৃতীয়বারে উচ্চস্বরে টেনে টেনে পড়ে বলতেন,', '« [رَبِّ الْمَلاَئِكَةِ وَالرُّوحِ]».', '([রাব্বিল মালা-ইকাতি ওয়ার-রূহ])।', '“[যিনি ফেরেশতা ও রূহ -এর রব।]”[1]', '[1] নাসাঈ, ৩/২৪৪, নং ১৭৩৪; দারা কুতনী, ২/৩১ ও অন্যান্যগণ। আর দুই ব্রাকেটের মাঝখানের অংশ দারা কুতনীতে ২/৩১, নং ২ বেশি বর্ণিত। যার সনদ বিশুদ্ধ। আরও দেখুন, শু‘আইব আল-আরনাঊত ও আবদুল কাদের আল-আরনাঊত এর ‘যাদুল মা‘আদ’ গ্রন্থের সম্পাদনা ১/৩৩৭।']"
120,34,Chapter: For anxiety and sorrow,دعاء الهم والحزن,34.0,দুঃখ ও দুশ্চিন্তার সময় পড়ার দো‘আ,"Allāhumma innī `abduk, ibnu `abdik, ibnu amatik, nāsiyatī biyadik, māḍin fiyya ḥukmuk, `adlun fiyya qaḍā'uk, as'aluka bikullis’min huwa lak, sammayta bihi nafsak, aw anzaltahu fī kitābik, aw `allamtahu aḥadan min khalqik, aw‘ista'tharta bihi fī `ilmil-ghaybi `indak, an taj`ala ‘l-Qur'āna rabī`a qalbī, wa nūra ṣadrī, wa jalā'a ḥuznī, wa dhahāba hammī.","O Allah, I am Your slave, and the son of Your male slave, and the son of your female slave. My forehead is in Your Hand (i.e. you have control over me). Your Judgment upon me is assured, and Your Decree concerning me is just. I ask You by every Name that You have named Yourself with, revealed in Your Book, taught any one of Your creation, or kept unto Yourself in the knowledge of the unseen that is with You, to make the Qur'an the spring of my heart, and the light of my chest, the banisher of my sadness, and the reliever of my distress.","আল্লা-হুম্মা ইন্নী ‘আবদুকা ইবনু ‘আবদিকা ইবনু আমাতিকা, না-সিয়াতী বিয়াদিকা, মা-দ্বিন ফিয়্যা হুকমুকা, ‘আদলুন ফিয়্যা কাদ্বা-য়ুকা, আসআলুকা বিকুল্লি ইসমিন্ হুয়া লাকা সাম্মাইতা বিহি নাফসাকা, আও আনযালতাহু ফী কিতা-বিকা আও ‘আল্লামতাহু আহাদাম্-মিন খালক্বিকা আও ইস্তা’সারতা বিহী ফী ‘ইলমিল গাইবি ‘ইনদাকা, আন্ তাজ‘আলাল কুরআ-না রবী‘আ ক্বালবী, ওয়া নূরা সাদ্‌রী, ওয়া জালা’আ হুযনী ওয়া যাহা-বা হাম্মী","“হে আল্লাহ! আমি আপনার বান্দা, আপনারই এক বান্দার পুত্র এবং আপনার এক বাঁদীর পুত্র। আমার কপাল (নিয়ন্ত্রণ) আপনার হাতে; আমার উপর আপনার নির্দেশ কার্যকর; আমার ব্যাপারে আপনার ফয়সালা ন্যায়পূর্ণ। আমি আপনার কাছে প্রার্থনা করি আপনার প্রতিটি নামের উসীলায়; যে নাম আপনি নিজের জন্য নিজে রেখেছেন অথবা আপনার আপনি আপনার কিতাবে নাযিল করেছেন অথবা আপনার সৃষ্টজীবের কাউকেও শিখিয়েছেন অথবা নিজ গায়েবী জ্ঞানে নিজের জন্য সংরক্ষণ করে রেখেছেন—আপনি কুরআনকে বানিয়ে দিন আমার হৃদয়ের প্রশান্তি, আমার বক্ষের জ্যোতি, আমার দুঃখের অপসারণকারী এবং দুশ্চিন্তা দূরকারী।”[1]",اللّهُـمَّ إِنِّي عَبْـدُكَ ابْنُ عَبْـدِكَ ابْنُ أَمَتِـكَ نَاصِيَتِي بِيَـدِكَ مَاضٍ فِيَّ حُكْمُكَ عَدْلٌ فِيَّ قَضَاؤكَ أَسْأَلُـكَ بِكُلِّ اسْمٍ هُوَ لَكَ سَمَّـيْتَ بِهِ نَفْسَكَ أِوْ أَنْزَلْتَـهُ فِي كِتَابِكَ أَوْ عَلَّمْـتَهُ أَحَداً مِنْ خَلْقِـكَ أَوِ اسْتَـأْثَرْتَ بِهِ فِي عِلْمِ الغَيْـبِ عِنْـدَكَ أَنْ تَجْـعَلَ القُرْآنَ رَبِيـعَ قَلْبِـي وَنورَ صَـدْرِي وجَلَاءَ حُـزْنِي وذَهَابَ هَمِّـي,«اللَّهُمَّ إِنِّي عَبْدُكَ، ابْنُ عَبْدِكَ، ابْنُ أَمَتِكَ، نَاصِيَتِي بِيَدِكَ، مَاضٍ فِيَّ حُكْمُكَ، عَدْلٌ فِيَّ قَضَاؤُكَ، أَسْأَلُكَ بِكُــــلِّ اسْمٍ هُوَ لَكَ، سَمَّيْتَ بِهِ نَفْسَكَ، أَوْ أَنْزَلْتَهُ فِي كِتَابِكَ، أَوْ عَلَّمْتَهُ أَحَداً مِنْ خَلْقِكَ، أَوِ اسْتَأْثَرْتَ بِهِ فِي عِلْمِ الغَيْبِ عِنْدَكَ، أَنْ تَجْعَلَ القُرْآنَ رَبِيعَ قَلْبِي، وَنُورَ صَدْرِي، وَجَلاَءَ حُزْنِي، وَذَهَابَ هَمِّي».,"Ahmad 1/391, and Al-Albani graded it authentic.",,,,exact_match,1.0,"[""Allāhumma innī `abduk, ibnu `abdik, ibnu amatik, nāsiyatī biyadik, māḍin fiyya ḥukmuk, `adlun fiyya qaḍā'uk, as'aluka bikullis’min huwa lak, sammayta bihi nafsak, aw anzaltahu fī kitābik, aw `allamtahu aḥadan min khalqik, aw‘ista'tharta bihi fī `ilmil-ghaybi `indak, an taj`ala ‘l-Qur'āna rabī`a qalbī, wa nūra ṣadrī, wa jalā'a ḥuznī, wa dhahāba hammī."", ""O Allah, I am Your slave, and the son of Your male slave, and the son of your female slave. My forehead is in Your Hand (i.e. you have control over me). Your Judgment upon me is assured, and Your Decree concerning me is just. I ask You by every Name that You have named Yourself with, revealed in Your Book, taught any one of Your creation, or kept unto Yourself in the knowledge of the unseen that is with You, to make the Qur'an the spring of my heart, and the light of my chest, the banisher of my sadness, and the reliever of my distress."", 'Ahmad 1/391, and Al-Albani graded it authentic.', 'اللّهُـمَّ إِنِّي عَبْـدُكَ ابْنُ عَبْـدِكَ ابْنُ أَمَتِـكَ نَاصِيَتِي بِيَـدِكَ مَاضٍ فِيَّ حُكْمُكَ عَدْلٌ فِيَّ قَضَاؤكَ أَسْأَلُـكَ بِكُلِّ اسْمٍ هُوَ لَكَ سَمَّـيْتَ بِهِ نَفْسَكَ أِوْ أَنْزَلْتَـهُ فِي كِتَابِكَ أَوْ عَلَّمْـتَهُ أَحَداً مِنْ خَلْقِـكَ أَوِ اسْتَـأْثَرْتَ بِهِ فِي عِلْمِ الغَيْـبِ عِنْـدَكَ أَنْ تَجْـعَلَ القُرْآنَ رَبِيـعَ قَلْبِـي وَنورَ صَـدْرِي وجَلَاءَ حُـزْنِي وذَهَابَ هَمِّـي']","['«اللَّهُمَّ إِنِّي عَبْدُكَ، ابْنُ عَبْدِكَ، ابْنُ أَمَتِكَ، نَاصِيَتِي بِيَدِكَ، مَاضٍ فِيَّ حُكْمُكَ، عَدْلٌ فِيَّ قَضَاؤُكَ، أَسْأَلُكَ بِكُــــلِّ اسْمٍ هُوَ لَكَ، سَمَّيْتَ بِهِ نَفْسَكَ، أَوْ أَنْزَلْتَهُ فِي كِتَابِكَ، أَوْ عَلَّمْتَهُ أَحَداً مِنْ خَلْقِكَ، أَوِ اسْتَأْثَرْتَ بِهِ فِي عِلْمِ الغَيْبِ عِنْدَكَ، أَنْ تَجْعَلَ القُرْآنَ رَبِيعَ قَلْبِي، وَنُورَ صَدْرِي، وَجَلاَءَ حُزْنِي، وَذَهَابَ هَمِّي».', '(আল্লা-হুম্মা ইন্নী ‘আবদুকা ইবনু ‘আবদিকা ইবনু আমাতিকা, না-সিয়াতী বিয়াদিকা, মা-দ্বিন ফিয়্যা হুকমুকা, ‘আদলুন ফিয়্যা কাদ্বা-য়ুকা, আসআলুকা বিকুল্লি ইসমিন্ হুয়া লাকা সাম্মাইতা বিহি নাফসাকা, আও আনযালতাহু ফী কিতা-বিকা আও ‘আল্লামতাহু আহাদাম্-মিন খালক্বিকা আও ইস্তা’সারতা বিহী ফী ‘ইলমিল গাইবি ‘ইনদাকা, আন্ তাজ‘আলাল কুরআ-না রবী‘আ ক্বালবী, ওয়া নূরা সাদ্\u200cরী, ওয়া জালা’আ হুযনী ওয়া যাহা-বা হাম্মী)।', '“হে আল্লাহ! আমি আপনার বান্দা, আপনারই এক বান্দার পুত্র এবং আপনার এক বাঁদীর পুত্র। আমার কপাল (নিয়ন্ত্রণ) আপনার হাতে; আমার উপর আপনার নির্দেশ কার্যকর; আমার ব্যাপারে আপনার ফয়সালা ন্যায়পূর্ণ। আমি আপনার কাছে প্রার্থনা করি আপনার প্রতিটি নামের উসীলায়; যে নাম আপনি নিজের জন্য নিজে রেখেছেন অথবা আপনার আপনি আপনার কিতাবে নাযিল করেছেন অথবা আপনার সৃষ্টজীবের কাউকেও শিখিয়েছেন অথবা নিজ গায়েবী জ্ঞানে নিজের জন্য সংরক্ষণ করে রেখেছেন—আপনি কুরআনকে বানিয়ে দিন আমার হৃদয়ের প্রশান্তি, আমার বক্ষের জ্যোতি, আমার দুঃখের অপসারণকারী এবং দুশ্চিন্তা দূরকারী।”[1]']"
121,34,Chapter: For anxiety and sorrow,دعاء الهم والحزن,34.0,দুঃখ ও দুশ্চিন্তার সময় পড়ার দো‘আ,"Allāhumma 'innī 'a`ūdhu bika mina ‘l-ḥammi wa ‘l-ḥuzn, wa ‘l-`ajzi wa ‘l-kasal, wa ‘l-bukhli wa ‘l-jubn, wa ḍala`id-dayn, wa ghalabatir-rijāl.","O Allah, I seek refuge in you from grief and sadness, from weakness and from laziness, from miserliness and from cowardice, from being overcome by debt and overpowered by men (i.e. others).","আল্লা-হুম্মা ইন্নি আ‘ঊযু বিকা মিনাল হাম্মি ওয়াল হাযানি, ওয়াল ‘আজযি ওয়াল কাসালি, ওয়াল বুখলি ওয়াল জুবনি, ওয়া দালা‘ইদ দ্বাইনে ওয়া গালাবাতির রিজা-লি","“হে আল্লাহ! নিশ্চয় আমি আপনার আশ্রয় নিচ্ছি দুশ্চিন্তা ও দুঃখ থেকে, অপারগতা ও অলসতা থেকে, কৃপণতা ও ভীরুতা থেকে, ঋণের ভার ও মানুষদের দমন-পীড়ন থেকে।”[2]",اللّهُـمَّ إِنِّي أَعْوذُ بِكَ مِنَ الهَـمِّ وَ الْحُـزْنِ، والعًجْـزِ والكَسَلِ والبُخْـلِ والجُـبْنِ، وضَلْـعِ الـدَّيْنِ وغَلَبَـةِ الرِّجال,«اللَّهُمَّ إِنِّي أَعُوذُ بِكَ مِنَ الْهَمِّ وَالْحَزَنِ، وَالْعَجْزِ وَالْكَسَلِ، وَالْبُخْلِ وَالْجُبْنِ، وَضَلَعِ الدَّيْنِ وَغَلَبَةِ الرِّجَالِ».,"Al-Bukhari 7/158. See also Al-Asqalani, Fathul-Bari 11/173.","[2] বুখারী, ৭/১৫৮, নং ২৮৯৩; সেখানে এসেছে, রাসূলুল্লাহ্‌ সাল্লাল্লাহু আলাইহি ওয়াসাল্লাম এ দো‘আটি বেশি বেশি করতেন। আরও দেখুন, বুখারী, (ফাতহুল বারীসহ) ১১/১৭৩; আরও দেখুন যা পৃষ্ঠায় ১৩৭ নং এ বর্ণিত হবে।",,,near_exact,0.9941,"[""Allāhumma 'innī 'a`ūdhu bika mina ‘l-ḥammi wa ‘l-ḥuzn, wa ‘l-`ajzi wa ‘l-kasal, wa ‘l-bukhli wa ‘l-jubn, wa ḍala`id-dayn, wa ghalabatir-rijāl."", 'O Allah, I seek refuge in you from grief and sadness, from weakness and from laziness, from miserliness and from cowardice, from being overcome by debt and overpowered by men (i.e. others).', 'Al-Bukhari 7/158. See also Al-Asqalani, Fathul-Bari 11/173.', 'اللّهُـمَّ إِنِّي أَعْوذُ بِكَ مِنَ الهَـمِّ وَ الْحُـزْنِ، والعًجْـزِ والكَسَلِ والبُخْـلِ والجُـبْنِ، وضَلْـعِ الـدَّيْنِ وغَلَبَـةِ الرِّجال']","['«اللَّهُمَّ إِنِّي أَعُوذُ بِكَ مِنَ الْهَمِّ وَالْحَزَنِ، وَالْعَجْزِ وَالْكَسَلِ، وَالْبُخْلِ وَالْجُبْنِ، وَضَلَعِ الدَّيْنِ وَغَلَبَةِ الرِّجَالِ».', '(আল্লা-হুম্মা ইন্নি আ‘ঊযু বিকা মিনাল হাম্মি ওয়াল হাযানি, ওয়াল ‘আজযি ওয়াল কাসালি, ওয়াল বুখলি ওয়াল জুবনি, ওয়া দালা‘ইদ দ্বাইনে ওয়া গালাবাতির রিজা-লি)', '“হে আল্লাহ! নিশ্চয় আমি আপনার আশ্রয় নিচ্ছি দুশ্চিন্তা ও দুঃখ থেকে, অপারগতা ও অলসতা থেকে, কৃপণতা ও ভীরুতা থেকে, ঋণের ভার ও মানুষদের দমন-পীড়ন থেকে।”[2]', '[1] আহমাদ ১/৩৯১, নং ৩৭১২। আর শাইখ আলবানী তাঁর সিলসিলাতুল আহাদীসিস সহীহাহ গ্রন্থে ১/৩৩৭ একে সহীহ বলেছেন।', '[2] বুখারী, ৭/১৫৮, নং ২৮৯৩; সেখানে এসেছে, রাসূলুল্লাহ্\u200c সাল্লাল্লাহু আলাইহি ওয়াসাল্লাম এ দো‘আটি বেশি বেশি করতেন। আরও দেখুন, বুখারী, (ফাতহুল বারীসহ) ১১/১৭৩; আরও দেখুন যা পৃষ্ঠায় ১৩৭ নং এ বর্ণিত হবে।']"
122,35,Chapter: For one in distress,دعاء الكرب,35.0,দুর্দশাগ্রস্ত ব্যক্তির দো‘আ,"Lā ilāha illallāh al-`Aẓīmul-Ḥalīm, lā ilāha illallāh Rabbu ‘l-`Arshi ‘l-'Aẓīm, lā ilāha illallāh Rabbus-samāwāti wa Rabbu ‘l-arḍ wa Rabbu ‘l-`Arshi ‘l-Karīm.","There is none worthy of worship but Allah, the Mighty, the Forbearing. There is none worthy of worship but Allah, Lord of the Magnificent Throne. There is none worthy of worship but Allah, Lord of the heavens and Lord of the earth, and Lord of the Noble Throne.",লা ইলা-হা ইল্লাল্লা-হুল ‘আযীমূল হালীম। লা ইলা-হা ইল্লাল্লা-হু রব্বুল ‘আরশিল ‘আযীম। লা ইলাহা ইল্লাল্লা-হু রব্বুস সামা-ওয়া-তি ওয়া রব্বুল আরদ্বি ওয়া রব্বুল ‘আরশিল কারীম,"“আল্লাহ ছাড়া কোনো হক্ব ইলাহ নেই, তিনি মহান ও সহিষ্ণু। ‘আল্লাহ ছাড়া কোনো হক্ব ইলাহ নেই, তিনি মহান আরশের রব্ব। আল্লাহ ছাড়া কোনো হক্ব ইলাহ নেই, তিনি আসমানসমূহের রব্ব, যমীনের রব্ব এবং সম্মানিত আরশের রব্ব।”[1]",لَا إلَهَ إِلَّا اللَّهُ الْعَظـيمُ الْحَلِـيمْ، لَا إِلَهَ إِلَّا اللَّهُ رَبُّ العَـرْشِ العَظِيـمِ، لَا إِلَـهَ إِلَّا اللَّهْ رَبُّ السَّمَـوّاتِ ورّبُّ الأَرْضِ ورَبُّ العَرْشِ الكَـريم,«لاَ إِلَهَ إِلاَّ اللَّهُ الْعَظِيمُ الْحَلِيمُ، لاَ إِلَهَ إِلاَّ اللَّهُ رَبُّ الْعَرْشِ الْعَظِيمِ، لاَ إِلَهَ إِلاَّ اللَّهُ رَبُّ السَّمَوَاتِ وَرَبُّ الْأَرْضِ وَرَبُّ الْعَرْشِ الْكَرِيمِ».,"Al-Bukhari 8/154, Muslim 4/2092",,,,exact_match,1.0,"[""Lā ilāha illallāh al-`Aẓīmul-Ḥalīm, lā ilāha illallāh Rabbu ‘l-`Arshi ‘l-'Aẓīm, lā ilāha illallāh Rabbus-samāwāti wa Rabbu ‘l-arḍ wa Rabbu ‘l-`Arshi ‘l-Karīm."", 'There is none worthy of worship but Allah, the Mighty, the Forbearing. There is none worthy of worship but Allah, Lord of the Magnificent Throne. There is none worthy of worship but Allah, Lord of the heavens and Lord of the earth, and Lord of the Noble Throne.', 'Al-Bukhari 8/154, Muslim 4/2092', 'لَا إلَهَ إِلَّا اللَّهُ الْعَظـيمُ الْحَلِـيمْ، لَا إِلَهَ إِلَّا اللَّهُ رَبُّ العَـرْشِ العَظِيـمِ، لَا إِلَـهَ إِلَّا اللَّهْ رَبُّ السَّمَـوّاتِ ورّبُّ الأَرْضِ ورَبُّ العَرْشِ الكَـريم']","['«لاَ إِلَهَ إِلاَّ اللَّهُ الْعَظِيمُ الْحَلِيمُ، لاَ إِلَهَ إِلاَّ اللَّهُ رَبُّ الْعَرْشِ الْعَظِيمِ، لاَ إِلَهَ إِلاَّ اللَّهُ رَبُّ السَّمَوَاتِ وَرَبُّ الْأَرْضِ وَرَبُّ الْعَرْشِ الْكَرِيمِ».', '(লা ইলা-হা ইল্লাল্লা-হুল ‘আযীমূল হালীম। লা ইলা-হা ইল্লাল্লা-হু রব্বুল ‘আরশিল ‘আযীম। লা ইলাহা ইল্লাল্লা-হু রব্বুস সামা-ওয়া-তি ওয়া রব্বুল আরদ্বি ওয়া রব্বুল ‘আরশিল কারীম)।', '“আল্লাহ ছাড়া কোনো হক্ব ইলাহ নেই, তিনি মহান ও সহিষ্ণু। ‘আল্লাহ ছাড়া কোনো হক্ব ইলাহ নেই, তিনি মহান আরশের রব্ব। আল্লাহ ছাড়া কোনো হক্ব ইলাহ নেই, তিনি আসমানসমূহের রব্ব, যমীনের রব্ব এবং সম্মানিত আরশের রব্ব।”[1]']"
123,35,Chapter: For one in distress,دعاء الكرب,35.0,দুর্দশাগ্রস্ত ব্যক্তির দো‘আ,"Allāhumma raḥmataka arjū falā takilnī ilā nafsī ṭarfata `ayn, wa aṣliḥ lī sha'nī kullah, lā ilāha illā ant.","O Allah, I hope for Your mercy. Do not leave me to myself even for the blinking of an eye (i.e. a moment). Correct all of my affairs for me. There is none worthy of worship but You.","আল্লা-হুম্মা রহ্‌মাতাকা আরজু ফালা তাকিলনী ইলা নাফসী ত্বারফাতা ‘আইন, ওয়া আসলিহ্ লী শা’নি কুল্লাহু, লা ইলা-হা ইল্লা আনতা",“হে আল্লাহ! আমি আপনার রহমতেরই আশা করি। তাই আপনি এক নিমেষের জন্যও আমাকে আমার নিজের কাছে সোপর্দ করবেন না। আপনি আমার সার্বিক বিষয়াদি সংশোধন করে দিন। আপনি ছাড়া কোনো হক্ব ইলাহ নেই।”[2],اللّهُـمَّ رَحْمَتَـكَ أَرْجـو فَلا تَكِلـني إِلى نَفْـسي طَـرْفَةَ عَـيْن، وَأَصْلِـحْ لي شَأْنـي كُلَّـه لَا إِلَهَ إِلَّا أنْـت,«اللَّهُمَّ رَحْمَتَكَ أَرْجُو، فَلاَ تَكِلْنِي إِلَى نَفْسِي طَرْفَةَ عَيْنٍ، وَأَصْلِحْ لِي شَأْنِي كُلَّهُ، لاَ إِلَهَ إِلاَّ أَنْتَ».,"Abu Dawud 4/324, Ahmad 5/42. Al-Albani graded it as good in Sahih Abu Dawud 3/959.",,,,exact_match,1.0,"[""Allāhumma raḥmataka arjū falā takilnī ilā nafsī ṭarfata `ayn, wa aṣliḥ lī sha'nī kullah, lā ilāha illā ant."", 'O Allah, I hope for Your mercy. Do not leave me to myself even for the blinking of an eye (i.e. a moment). Correct all of my affairs for me. There is none worthy of worship but You.', 'Abu Dawud 4/324, Ahmad 5/42. Al-Albani graded it as good in Sahih Abu Dawud 3/959.', 'اللّهُـمَّ رَحْمَتَـكَ أَرْجـو فَلا تَكِلـني إِلى نَفْـسي طَـرْفَةَ عَـيْن، وَأَصْلِـحْ لي شَأْنـي كُلَّـه لَا إِلَهَ إِلَّا أنْـت']","['«اللَّهُمَّ رَحْمَتَكَ أَرْجُو، فَلاَ تَكِلْنِي إِلَى نَفْسِي طَرْفَةَ عَيْنٍ، وَأَصْلِحْ لِي شَأْنِي كُلَّهُ، لاَ إِلَهَ إِلاَّ أَنْتَ».', '(আল্লা-হুম্মা রহ্\u200cমাতাকা আরজু ফালা তাকিলনী ইলা নাফসী ত্বারফাতা ‘আইন, ওয়া আসলিহ্ লী শা’নি কুল্লাহু, লা ইলা-হা ইল্লা আনতা)।', '“হে আল্লাহ! আমি আপনার রহমতেরই আশা করি। তাই আপনি এক নিমেষের জন্যও আমাকে আমার নিজের কাছে সোপর্দ করবেন না। আপনি আমার সার্বিক বিষয়াদি সংশোধন করে দিন। আপনি ছাড়া কোনো হক্ব ইলাহ নেই।”[2]']"
124,35,Chapter: For one in distress,دعاء الكرب,35.0,দুর্দশাগ্রস্ত ব্যক্তির দো‘আ,Lā ilāha illā anta subḥānaka innī kuntu minaẓ-ẓālimīn.,"There is none worthy of worship but You, glory is to You. Surely, I was among the wrongdoers.",লা ইলাহা ইল্লা আনতা সুবহানাকা ইন্নী কুনতু মিনায-যা-লিমীন,"“আপনি ছাড়া কোনো হক্ব ইলাহ নেই, আপনি পবিত্র-মহান, নিশ্চয় আমি যালেমদের অন্তর্ভুক্ত।”[3]",لَا إِلَهَ إِلَّا أنْـت سُـبْحانَكَ إِنِّي كُنْـتُ مِنَ الظّـالِميـن,«لاَ إِلَهَ إِلاَّ أَنْتَ سُبْحَانَكَ إِنِّي كُنْتُ مِنَ الظّالِمِينَ».,"At-Tirmidhi 5/529. Al-Hakim declared it authentic and Ath-Thahabi agreed with him 1/ 505. See also Al-Albani, Sahih At-Tirmidhi 3/168.",,,,exact_match,1.0,"['Lā ilāha illā anta subḥānaka innī kuntu minaẓ-ẓālimīn.', 'There is none worthy of worship but You, glory is to You. Surely, I was among the wrongdoers.', 'At-Tirmidhi 5/529. Al-Hakim declared it authentic and Ath-Thahabi agreed with him 1/ 505. See also Al-Albani, Sahih At-Tirmidhi 3/168.', 'لَا إِلَهَ إِلَّا أنْـت سُـبْحانَكَ إِنِّي كُنْـتُ مِنَ الظّـالِميـن']","['«لاَ إِلَهَ إِلاَّ أَنْتَ سُبْحَانَكَ إِنِّي كُنْتُ مِنَ الظّالِمِينَ».', '(লা ইলাহা ইল্লা আনতা সুবহানাকা ইন্নী কুনতু মিনায-যা-লিমীন)।', '“আপনি ছাড়া কোনো হক্ব ইলাহ নেই, আপনি পবিত্র-মহান, নিশ্চয় আমি যালেমদের অন্তর্ভুক্ত।”[3]']"
125,35,Chapter: For one in distress,دعاء الكرب,35.0,দুর্দশাগ্রস্ত ব্যক্তির দো‘আ,"Allāh, Allāhu Rabbī lā ushriku bihi shay'a.","Allah, Allah is my Lord. I do not associate anything with Him.","আল্লাহু আল্লাহু, রব্বী, লা উশরিকু বিহী শাই’আন",“আল্লাহ! আল্লাহ! (তিনি) আমার রব্ব! আমি তাঁর সাথে কোনো কিছু শরীক করি না।”[4],اللهُ اللهُ رَبِّي لا أُشْـرِكُ بِهِ شَيْـئاً,«اللَّهُ اللَّهُ رَبِّي لاَ أُشْرِكُ بِهِ شَيْئاً».,"Abu Dawud 2/87. See also Al-Albani, Sahih Ibn Mdjah 2/335.","[4] হাদীসটি সংকলন করেছেন, আবূদাউদ, ২/৮৭, নং ১৫২৫; ইবন মাজাহ্‌, নং ৩৮৮২। আরও দেখুন, সহীহ ইবন মাজাহ্‌, ২/৩৩৫।",,,exact_match,1.0,"[""Allāh, Allāhu Rabbī lā ushriku bihi shay'a."", 'Allah, Allah is my Lord. I do not associate anything with Him.', 'Abu Dawud 2/87. See also Al-Albani, Sahih Ibn Mdjah 2/335.', 'اللهُ اللهُ رَبِّي لا أُشْـرِكُ بِهِ شَيْـئاً']","['«اللَّهُ اللَّهُ رَبِّي لاَ أُشْرِكُ بِهِ شَيْئاً».', '(আল্লাহু আল্লাহু, রব্বী, লা উশরিকু বিহী শাই’আন)।', '“আল্লাহ! আল্লাহ! (তিনি) আমার রব্ব! আমি তাঁর সাথে কোনো কিছু শরীক করি না।”[4]', '[1] বুখারী, (ফাতহুল বারীসহ) ৭/১৫৪, নং ৬৩৪৫; মুসলিম ৪/২০৯২, নং ২৭৩০।', '[2] আবূ দাউদ, ৪/৩২৪, নং ৫০৯০; আহমাদ ৫/৪২, নং ২০৪৩০। আর শাইখ আলবানী সহীহ আবি দাউদ গ্রন্থে ৩/৯৫৯ এটাকে হাসান হাদীস বলেছেন।', '[3] তিরমিযী ৫/৫২৯, নং ৩৫০৫; হাকেম এবং তিনি একে সহীহ বলেছেন, যাহাবী সেটা সমর্থন করেছেন, ১/৫০৫। আরও দেখুন, সহীহুত তিরমিযী, ৩/১৬৮।', '[4] হাদীসটি সংকলন করেছেন, আবূদাউদ, ২/৮৭, নং ১৫২৫; ইবন মাজাহ্\u200c, নং ৩৮৮২। আরও দেখুন, সহীহ ইবন মাজাহ্\u200c, ২/৩৩৫।']"
126,36,Chapter: Upon encountering an enemy or those of authority,دعاء لقاء العدو وذي السلطان,36.0,শত্রু এবং শক্তিধর ব্যক্তির সাক্ষাতকালে দো‘আ,Allāhumma innā naj`aluka fī nuḥūrihim wa na`ūdhu bika min shurūrihim.,"O Allah, we ask You to restrain them by their necks, and we seek refuge in You from their evil.",আল্লা-হুম্মা ইন্না নাজ্‘আলুকা ফী নুহূরিহিম ওয়া না‘উযু বিকা মিন শুরূরিহিম,“হে আল্লাহ! আমরা আপনাকে তাদের গলদেশে রাখছি এবং তাদের অনিষ্ট থেকে আপনার নিকট আশ্রয় প্রার্থনা করছি।”[1],اللّهُـمَّ إِنا نَجْـعَلُكَ في نُحـورِهِـم، وَنَعـوذُ بِكَ مِنْ شُرورِهـمْ,«اللَّهُمَّ إِنَّا نَجْعَلُكَ فِي نُحُورِهِم، وَنَعُوذُ بِكَ مِنْ شُرُورِهِمْ».,"Abu Dawud 2/89, and Al-Hakim graded it authentic and Ath-Thahabi agreed 2/142.",,,,exact_match,1.0,"['Allāhumma innā naj`aluka fī nuḥūrihim wa na`ūdhu bika min shurūrihim.', 'O Allah, we ask You to restrain them by their necks, and we seek refuge in You from their evil.', 'Abu Dawud 2/89, and Al-Hakim graded it authentic and Ath-Thahabi agreed 2/142.', 'اللّهُـمَّ إِنا نَجْـعَلُكَ في نُحـورِهِـم، وَنَعـوذُ بِكَ مِنْ شُرورِهـمْ']","['«اللَّهُمَّ إِنَّا نَجْعَلُكَ فِي نُحُورِهِم، وَنَعُوذُ بِكَ مِنْ شُرُورِهِمْ».', '(আল্লা-হুম্মা ইন্না নাজ্‘আলুকা ফী নুহূরিহিম ওয়া না‘উযু বিকা মিন শুরূরিহিম)।', '“হে আল্লাহ! আমরা আপনাকে তাদের গলদেশে রাখছি এবং তাদের অনিষ্ট থেকে আপনার নিকট আশ্রয় প্রার্থনা করছি।”[1]']"
127,36,Chapter: Upon encountering an enemy or those of authority,دعاء لقاء العدو وذي السلطان,36.0,শত্রু এবং শক্তিধর ব্যক্তির সাক্ষাতকালে দো‘আ,"Allāhumma anta `aḍudī, wa anta naṣīrī, bika ajūlu, wa bika aṣūlu, wa bika uqātil.","O Allah, You are my strength and You are my support. For Your sake, I go forth and for Your sake, I advance and for Your sake, I fight.","আল্লহুম্মা আনতা ‘আদ্বুদী, ওয়া আনতা নাসীরী, বিকা আহূলু, ওয়া বিকা আসূলু, ওয়া বিকা উক্বা-তিলু","“হে আল্লাহ! আপনি আমার শক্তি এবং আপনি আমার সাহায্যকারী; আপনারই সাহায্যে আমি বিচরণ করি, আপনারই সাহায্যে আমি আক্রমন করি এবং আপনারই সাহায্যে আমি যুদ্ধ করি।”[2]",اللّهُـمَّ أَنْتَ عَضُـدي، وَأَنْتَ نَصـيري، بِكَ أَجـولُ وَبِكَ أَصـولُ وَبِكَ أُقـاتِل,«اللَّهُمَّ أَنْتَ عَضُدِي، وَأَنْتَ نَصِيرِي، بِكَ أَحُولُ وَبِكَ أَصُولُ، وَبِكَ أُقاتِلُ».,"Abu Dawud 3/42, At-Tirmidhi 5/572. See also Al-Albani, Sahih At-Tirmidhi 3/183.",,,,near_exact,0.9808,"['Allāhumma anta `aḍudī, wa anta naṣīrī, bika ajūlu, wa bika aṣūlu, wa bika uqātil.', 'O Allah, You are my strength and You are my support. For Your sake, I go forth and for Your sake, I advance and for Your sake, I fight.', 'Abu Dawud 3/42, At-Tirmidhi 5/572. See also Al-Albani, Sahih At-Tirmidhi 3/183.', 'اللّهُـمَّ أَنْتَ عَضُـدي، وَأَنْتَ نَصـيري، بِكَ أَجـولُ وَبِكَ أَصـولُ وَبِكَ أُقـاتِل']","['«اللَّهُمَّ أَنْتَ عَضُدِي، وَأَنْتَ نَصِيرِي، بِكَ أَحُولُ وَبِكَ أَصُولُ، وَبِكَ أُقاتِلُ».', '(আল্লহুম্মা আনতা ‘আদ্বুদী, ওয়া আনতা নাসীরী, বিকা আহূলু, ওয়া বিকা আসূলু, ওয়া বিকা উক্বা-তিলু)।', '“হে আল্লাহ! আপনি আমার শক্তি এবং আপনি আমার সাহায্যকারী; আপনারই সাহায্যে আমি বিচরণ করি, আপনারই সাহায্যে আমি আক্রমন করি এবং আপনারই সাহায্যে আমি যুদ্ধ করি।”[2]']"
128,36,Chapter: Upon encountering an enemy or those of authority,دعاء لقاء العدو وذي السلطان,36.0,শত্রু এবং শক্তিধর ব্যক্তির সাক্ষাতকালে দো‘আ,Ḥasbunallāhu wa ni`mal-wakīl.,Allah is sufficient for us and the best of those on whom to depend.,হাসবুনাল্লা-হু ওয়া নি‘মাল ওয়াকীল,"“আল্লাহই আমাদের জন্য যথেষ্ট, আর তিনি কতই না উত্তম কর্মবিধায়ক”।[3]",حَسْبُـنا اللهُ وَنِعْـمَ الوَكـيل,«حَسْبُنا اللَّهُ وَنِعْمَ الْوَكِيلُ».,"Al-Bukhari, 5/172.","[3] বুখারী ৫/১৭২, নং ৪৫৬৩।",,,exact_match,1.0,"['Ḥasbunallāhu wa ni`mal-wakīl.', 'Allah is sufficient for us and the best of those on whom to depend.', 'Al-Bukhari, 5/172.', 'حَسْبُـنا اللهُ وَنِعْـمَ الوَكـيل']","['«حَسْبُنا اللَّهُ وَنِعْمَ الْوَكِيلُ».', '(হাসবুনাল্লা-হু ওয়া নি‘মাল ওয়াকীল)।', '“আল্লাহই আমাদের জন্য যথেষ্ট, আর তিনি কতই না উত্তম কর্মবিধায়ক”।[3]', '[1] আবু দাঊদ ২/৮৯, নং ১৫৩৭; আর হাকেম হাদীসটিকে সহীহ বলেছেন এবং ইমাম যাহাবী একে সমর্থন করেছেন ২/১৪২।', '[2] আবূ দাউদ ৩/৪২, নং ২৬৩২; তিরমিযী ৫/৫৭২, নং ৩৫৮৪। আরও দেখুন, সহীহুত তিরমিযী, ৩/১৮৩।', '[3] বুখারী ৫/১৭২, নং ৪৫৬৩।']"
129,37,Chapter: For one afraid of the ruler's injustice,دعاء من خاف ظلم السلطان,37.0,শাসকের অত্যাচারের ভয় করলে পড়ার দো‘আ,"Allāhumma Rabbas-samāwātis-sab`, wa Rabba ‘l-`Arshi ‘l-`Aẓīm, kun lī jāran min [here you mention the person's name], wa aḥzābihi min khalā'iqik, an yafruṭa `alayya aḥadun minhum aw yaṭghā, `azza jāruk, wa jalla thanā'uk, wa lā ilāha illā ant.","O Allah, Lord of the seven heavens, Lord of the Magnificent Throne, be for me a support against [such and such a person] and his helpers from among your creatures, lest any of them abuse me or do me wrong. Mighty is Your patronage, and glorious are Your praises. There is none worthy of worship but You.","আল্লা-হুম্মা রব্বাস্ সামা-ওয়া-তিস সাব‘ঈ, ওয়া রব্বাল ‘আরশিল ‘আযীম। কুন লী জারান মিন্ ফুলানিবনি ফুলানিন, ওয়া আহযাবিহী মিন খালায়েক্বিকা, আঁই ইয়াফরুত্বা ‘আলাইয়্যা আহাদুম মিনহুম আও ইয়াত্বগা, আয্যা জা-রুকা, ওয়া জাল্লা সানা-উকা, ওয়া লা ইলা-হা ইল্লা আনতা","“হে আল্লাহ, সাত আসমানের রব্ব! মহান আরশের রব্ব! আপনার সৃষ্টিকুলের মধ্য থেকে অমুকের পুত্র অমুকের বিপক্ষে এবং তার বাহিনীর বিরুদ্ধে আপনি আমার আশ্রয়দানকারী হোন; যাতে তাদের কেউ আমার উপর দ্রুত আক্রমণ বা সীমালঙ্ঘন করতে না পারে। আপনার আশ্রিত তো শক্তিশালী, আপনার প্রশংসা তো অতি মহান। আর আপনি ছাড়া কোনো হক্ব ইলাহ নেই।”[1]",اللَّهُمَّ ربَّ السَّمَوَاتِ السَّبْعِ، وَرَبَّ الْعَرْشِ الْعَظِيمِ، كُنْ لِي جَاراً مِنْ فُلاَنِ بْنِ فُلاَنٍ، وَأَحْزَابِهِ مِنْ خَلاَئِقِكَ، أَنْ يَفْرُطَ عَلَيَّ أَحَدٌ مِنْهُمْ أَوْ يَطْغَى، عَزَّ جَارُكَ، وَجَلَّ ثَنَاؤُكَ، وَلاَ إِلَهَ إِلاَّ أَنْتَ,«اللَّهُمَّ ربَّ السَّمَوَاتِ السَّبْعِ، وَرَبَّ الْعَرْشِ الْعَظِيمِ، كُنْ لِي جَاراً مِنْ فُلاَنِ بْنِ فُلاَنٍ، وَأَحْزَابِهِ مِنْ خَلاَئِقِكَ، أَنْ يَفْرُطَ عَلَيَّ أَحَدٌ مِنْهُمْ أَوْ يَطْغَى، عَزَّ جَارُكَ، وَجَلَّ ثَنَاؤُكَ، وَلاَ إِلَهَ إِلاَّ أَنْتَ».,"Al-Bukhari, Al-'Adab Al-Mufrad (no. 707). Al-Albani graded it authentic in Sahih Al-'Adab Al-Mufrad (no. 545).",,,,exact_match,1.0,"[""Allāhumma Rabbas-samāwātis-sab`, wa Rabba ‘l-`Arshi ‘l-`Aẓīm, kun lī jāran min [here you mention the person's name], wa aḥzābihi min khalā'iqik, an yafruṭa `alayya aḥadun minhum aw yaṭghā, `azza jāruk, wa jalla thanā'uk, wa lā ilāha illā ant."", 'O Allah, Lord of the seven heavens, Lord of the Magnificent Throne, be for me a support against [such and such a person] and his helpers from among your creatures, lest any of them abuse me or do me wrong. Mighty is Your patronage, and glorious are Your praises. There is none worthy of worship but You.', ""Al-Bukhari, Al-'Adab Al-Mufrad (no. 707). Al-Albani graded it authentic in Sahih Al-'Adab Al-Mufrad (no. 545)."", 'اللَّهُمَّ ربَّ السَّمَوَاتِ السَّبْعِ، وَرَبَّ الْعَرْشِ الْعَظِيمِ، كُنْ لِي جَاراً مِنْ فُلاَنِ بْنِ فُلاَنٍ، وَأَحْزَابِهِ مِنْ خَلاَئِقِكَ، أَنْ يَفْرُطَ عَلَيَّ أَحَدٌ مِنْهُمْ أَوْ يَطْغَى، عَزَّ جَارُكَ، وَجَلَّ ثَنَاؤُكَ، وَلاَ إِلَهَ إِلاَّ أَنْتَ']","['«اللَّهُمَّ ربَّ السَّمَوَاتِ السَّبْعِ، وَرَبَّ الْعَرْشِ الْعَظِيمِ، كُنْ لِي جَاراً مِنْ فُلاَنِ بْنِ فُلاَنٍ، وَأَحْزَابِهِ مِنْ خَلاَئِقِكَ، أَنْ يَفْرُطَ عَلَيَّ أَحَدٌ مِنْهُمْ أَوْ يَطْغَى، عَزَّ جَارُكَ، وَجَلَّ ثَنَاؤُكَ، وَلاَ إِلَهَ إِلاَّ أَنْتَ».', '(আল্লা-হুম্মা রব্বাস্ সামা-ওয়া-তিস সাব‘ঈ, ওয়া রব্বাল ‘আরশিল ‘আযীম। কুন লী জারান মিন্ ফুলানিবনি ফুলানিন, ওয়া আহযাবিহী মিন খালায়েক্বিকা, আঁই ইয়াফরুত্বা ‘আলাইয়্যা আহাদুম মিনহুম আও ইয়াত্বগা, আয্যা জা-রুকা, ওয়া জাল্লা সানা-উকা, ওয়া লা ইলা-হা ইল্লা আনতা)।', '“হে আল্লাহ, সাত আসমানের রব্ব! মহান আরশের রব্ব! আপনার সৃষ্টিকুলের মধ্য থেকে অমুকের পুত্র অমুকের বিপক্ষে এবং তার বাহিনীর বিরুদ্ধে আপনি আমার আশ্রয়দানকারী হোন; যাতে তাদের কেউ আমার উপর দ্রুত আক্রমণ বা সীমালঙ্ঘন করতে না পারে। আপনার আশ্রিত তো শক্তিশালী, আপনার প্রশংসা তো অতি মহান। আর আপনি ছাড়া কোনো হক্ব ইলাহ নেই।”[1]']"
130,37,Chapter: For one afraid of the ruler's injustice,دعاء من خاف ظلم السلطان,37.0,শাসকের অত্যাচারের ভয় করলে পড়ার দো‘আ,"Allāhu Akbar, Allāhu a`azzu min khalqihi jamī`a, Allāhu a`azzu mimmā akhāfu wa aḥdhar, a`ūdhu billāhi ‘l-ladhī lā ilāha illā hū, almumsikis-samāwātis-sab`i an yaqa`na `ala ‘l-arḍi illā bi idhnih, min sharri `abdika [name of the person], wa junūdihi wa atbā`ihi wa ashyā`ih, mina ‘l-jinni wa ‘l-ins, Allāhumma kun lī jāran min sharrihim, jalla thanā'uk, wa `azza jāruk, wa tabāraka-smuk, wa lā ilāha ghayruk.","Allah is the Most Great, Mightier than all His creation. He is Mightier than what I fear and dread. I seek refuge in Allah, Who there is none worthy of worship but Him. He is the One Who holds the seven heavens from falling upon the earth except by His command. [I seek refuge in You Allah] from the evil of Your slave [name of the person], and his helpers, his followers, and his supporters from among the jinn and mankind. O Allah, be my support against their evil. Glorious are Your praises and mighty is Your patronage. Blessed is Your Name, there is no true God but You. (Recite three times in Arabic.)","আল্লা-হু আকবার, আল্লা-হু আ‘আয্যু মিন খালক্বিহী জামী‘আন। আল্লাহু আ‘আয্যু মিম্মা আখা-ফু ওয়া আহযারু। আউযু বিল্লা-হিল্লাযী লা ইলা-হা ইল্লা হুওয়াল মুমসিকুস্ সামা-ওয়া-তিস সাব‘ঈ, আন ইয়াকা‘না আলাল্ আরদ্বি ইল্লা বিইযনিহী, মিন শাররি ‘আবদিকা ফুলা-নিন, ওয়া জুনূদিহী ওয়া আতবা‘ইহী ওয়া আশইয়া‘ইহী মিনাল জিন্নি ওয়াল ইনসি। আল্লা-হুম্মা কুন লী জা-রান মিন শাররিহিম, জাল্লা সানা-উকা ওয়া ‘আয্যা জা-রুকা ওয়াতাবা-রকাসমুকা ওয়া লা ইলা-হা গাইরুকা","“আল্লাহ সবচেয়ে বড়, আল্লাহ তাঁর সমস্ত সৃষ্টি থেকে মহামর্যাদাবান। আমি যা থেকে ভীত ও শঙ্কিত তার চেয়ে আল্লাহ মহাপরাক্রমশালী। আমি আল্লাহ্‌র কাছে আশ্রয় চাই, যিনি ছাড়া আর কোনো হক্ব ইলাহ নেই, যিনি সাত আসমানের ধারণকারী, তার অনুমতি ব্যতীত পৃথিবীর উপর পতিত হওয়া থেকে— (আশ্রয় চাই) তাঁর অমুক বান্দা, তার সৈন্য-সামন্ত, তার অনুসারী ও তার অনুগামী জিন ও ইনসানের অনিষ্ট থেকে। হে আল্লাহ! তাদের ক্ষতি থেকে আপনি আমার জন্য আশ্রয়দানকারী হোন। আপনার গুণগান অতি মহান, আপনার আশ্রিত প্রবল শক্তিশালী, আপনার নাম অতি বরকতময়। আর আপনি ছাড়া কোনো হক্ব ইলাহ নেই।”[2] (৩ বার)",الله أكبر، الله أعز من خلقه جميعاً ، الله أعز مما أخاف وأحذر ، أعوذ بالله الذي لا إله إلا هو ، الممسك السموات السبع أن يقعن على الأرض إلا بإذنه ، من شر عبدك فلان ، وجنوده وأتباعه وأشياعه ، من الجن والأنس ، اللهم كن لي جاراً من شرهم ، جل ثناؤك وعز جارك ، وتبارك اسمك ، ولا إله غيرك (ثلاث مرات),«اللَّهُ أَكْبَرُ، اللَّهُ أَعَزُّ مِنْ خَلْقِهِ جَمِيعاً، اللَّهُ أَعَزُّ مِمَّا أَخَافُ وَأَحْذَرُ، أَعُوذُ بِاللَّهِ الَّذِي لاَ إِلَهَ إِلاَّ هُوَ، الْمُمْسِكِ السَّمَوَاتِ السَّبْعِ أَنْ يَقَعْنَ عَلَى الْأَرْضِ إِلاَّ بِإِذْنِهِ، مِنْ شَرِّ عَبْدِكَ فُلاَنٍ، وَجُنُودِهِ وَأَتْبَاعِهِ وَأَشْيَاعِهِ، مِنْ الْجِنِّ وَالإِنْسِ، اللَّهُمَّ كُنْ لِي جَاراً مِنْ شَرِّهِمْ، جَلَّ ثَنَاؤُكَ وَعَزَّ جَارُكَ، وَتَبَارَكَ اسْمُكَ، وَلاَ إِلَهَ غَيْرُكَ».(৩ বার),"Al-Bukhari, 5/172.","[2] বুখারী, আল-আদাব আল-মুফরাদ, নং ৭০৮। আর শাইখ আলবানী সহীহ আল-আদাবুল মুফরাদ গ্রন্থে, নং ৫৪৬, একে সহীহ বলেছেন।",,,close_match,0.9736,"[""Allāhu Akbar, Allāhu a`azzu min khalqihi jamī`a, Allāhu a`azzu mimmā akhāfu wa aḥdhar, a`ūdhu billāhi ‘l-ladhī lā ilāha illā hū, almumsikis-samāwātis-sab`i an yaqa`na `ala ‘l-arḍi illā bi idhnih, min sharri `abdika [name of the person], wa junūdihi wa atbā`ihi wa ashyā`ih, mina ‘l-jinni wa ‘l-ins, Allāhumma kun lī jāran min sharrihim, jalla thanā'uk, wa `azza jāruk, wa tabāraka-smuk, wa lā ilāha ghayruk."", 'Allah is the Most Great, Mightier than all His creation. He is Mightier than what I fear and dread. I seek refuge in Allah, Who there is none worthy of worship but Him. He is the One Who holds the seven heavens from falling upon the earth except by His command. [I seek refuge in You Allah] from the evil of Your slave [name of the person], and his helpers, his followers, and his supporters from among the jinn and mankind. O Allah, be my support against their evil. Glorious are Your praises and mighty is Your patronage. Blessed is Your Name, there is no true God but You. (Recite three times in Arabic.)', 'Al-Bukhari, 5/172.', 'الله أكبر، الله أعز من خلقه جميعاً ، الله أعز مما أخاف وأحذر ، أعوذ بالله الذي لا إله إلا هو ، الممسك السموات السبع أن يقعن على الأرض إلا بإذنه ، من شر عبدك فلان ، وجنوده وأتباعه وأشياعه ، من الجن والأنس ، اللهم كن لي جاراً من شرهم ، جل ثناؤك وعز جارك ، وتبارك اسمك ، ولا إله غيرك (ثلاث مرات)']","['«اللَّهُ أَكْبَرُ، اللَّهُ أَعَزُّ مِنْ خَلْقِهِ جَمِيعاً، اللَّهُ أَعَزُّ مِمَّا أَخَافُ وَأَحْذَرُ، أَعُوذُ بِاللَّهِ الَّذِي لاَ إِلَهَ إِلاَّ هُوَ، الْمُمْسِكِ السَّمَوَاتِ السَّبْعِ أَنْ يَقَعْنَ عَلَى الْأَرْضِ إِلاَّ بِإِذْنِهِ، مِنْ شَرِّ عَبْدِكَ فُلاَنٍ، وَجُنُودِهِ وَأَتْبَاعِهِ وَأَشْيَاعِهِ، مِنْ الْجِنِّ وَالإِنْسِ، اللَّهُمَّ كُنْ لِي جَاراً مِنْ شَرِّهِمْ، جَلَّ ثَنَاؤُكَ وَعَزَّ جَارُكَ، وَتَبَارَكَ اسْمُكَ، وَلاَ إِلَهَ غَيْرُكَ».(৩ বার)', '(আল্লা-হু আকবার, আল্লা-হু আ‘আয্যু মিন খালক্বিহী জামী‘আন। আল্লাহু আ‘আয্যু মিম্মা আখা-ফু ওয়া আহযারু। আউযু বিল্লা-হিল্লাযী লা ইলা-হা ইল্লা হুওয়াল মুমসিকুস্ সামা-ওয়া-তিস সাব‘ঈ, আন ইয়াকা‘না আলাল্ আরদ্বি ইল্লা বিইযনিহী, মিন শাররি ‘আবদিকা ফুলা-নিন, ওয়া জুনূদিহী ওয়া আতবা‘ইহী ওয়া আশইয়া‘ইহী মিনাল জিন্নি ওয়াল ইনসি। আল্লা-হুম্মা কুন লী জা-রান মিন শাররিহিম, জাল্লা সানা-উকা ওয়া ‘আয্যা জা-রুকা ওয়াতাবা-রকাসমুকা ওয়া লা ইলা-হা গাইরুকা)। (৩ বার)', '“আল্লাহ সবচেয়ে বড়, আল্লাহ তাঁর সমস্ত সৃষ্টি থেকে মহামর্যাদাবান। আমি যা থেকে ভীত ও শঙ্কিত তার চেয়ে আল্লাহ মহাপরাক্রমশালী। আমি আল্লাহ্\u200cর কাছে আশ্রয় চাই, যিনি ছাড়া আর কোনো হক্ব ইলাহ নেই, যিনি সাত আসমানের ধারণকারী, তার অনুমতি ব্যতীত পৃথিবীর উপর পতিত হওয়া থেকে— (আশ্রয় চাই) তাঁর অমুক বান্দা, তার সৈন্য-সামন্ত, তার অনুসারী ও তার অনুগামী জিন ও ইনসানের অনিষ্ট থেকে। হে আল্লাহ! তাদের ক্ষতি থেকে আপনি আমার জন্য আশ্রয়দানকারী হোন। আপনার গুণগান অতি মহান, আপনার আশ্রিত প্রবল শক্তিশালী, আপনার নাম অতি বরকতময়। আর আপনি ছাড়া কোনো হক্ব ইলাহ নেই।”[2] (৩ বার)', '[1] বুখারী, আল-আদাব আল-মুফরাদ, নং ৭১২। আর শাইখ আলবানী সহীহ আল-আদাবুল মুফরাদ গ্রন্থে, নং ৫৪৫, একে সহীহ বলেছেন।', '[2] বুখারী, আল-আদাব আল-মুফরাদ, নং ৭০৮। আর শাইখ আলবানী সহীহ আল-আদাবুল মুফরাদ গ্রন্থে, নং ৫৪৬, একে সহীহ বলেছেন।']"
131,38,Chapter: Against enemies,الدعاء على العدو,38.0,শত্রুর উপর বদ-দো‘আ,"Allāhumma munzila ‘l-kitāb, sarī`a ‘l-ḥisāb, ihzimi ‘l-aḥzāb, Allāhumma-hzimhum wa zalzilhum.","O Allah, Revealer of the Book, Swift to account, defeat the groups (of disbelievers). O Allah, defeat them and shake them.",আল্লা-হুম্মা মুনযিলাল কিতা-বি সারী‘আল হিসা-বি ইহযিমিল আহযা-ব। আল্লা-হুম্মাহযিমহুম ওয়া যালযিলহুম,"“হে আল্লাহ, কিতাব নাযিলকারী, দ্রুত হিসাব গ্রহণকারী! আপনি শত্রুবাহিনীকে পরাভূত করুন। হে আল্লাহ! আপনি তাদেরকে পরাজিত করুন এবং তাদের মধ্যে ত্রাস সৃষ্টি করে দিন।”[1]",اللَّهُمَّ مُنْزِلَ الْكِتَاب سَرِيعَ الْحِسَاب اهْزِم الأَحْزَاب اللَّهُمَّ اهْزِمْهُمْ وَ زَلْزِلْهُم,«اللَّهُمَّ مُنْزِلَ الْكِتَابِ، سَرِيعَ الْحِسَابِ، اهْزِمِ الأَحْزَابَ، اللَّهُمَّ اهزِمْهُمْ وَزَلْزِلْهُمْ».,Muslim 3/1362.,"[1] মুসলিম, ৩/১৩৬২, নং ১৭৪২।",,,near_exact,0.9921,"['Allāhumma munzila ‘l-kitāb, sarī`a ‘l-ḥisāb, ihzimi ‘l-aḥzāb, Allāhumma-hzimhum wa zalzilhum.', 'O Allah, Revealer of the Book, Swift to account, defeat the groups (of disbelievers). O Allah, defeat them and shake them.', 'Muslim 3/1362.', 'اللَّهُمَّ مُنْزِلَ الْكِتَاب سَرِيعَ الْحِسَاب اهْزِم الأَحْزَاب اللَّهُمَّ اهْزِمْهُمْ وَ زَلْزِلْهُم']","['«اللَّهُمَّ مُنْزِلَ الْكِتَابِ، سَرِيعَ الْحِسَابِ، اهْزِمِ الأَحْزَابَ، اللَّهُمَّ اهزِمْهُمْ وَزَلْزِلْهُمْ».', '(আল্লা-হুম্মা মুনযিলাল কিতা-বি সারী‘আল হিসা-বি ইহযিমিল আহযা-ব। আল্লা-হুম্মাহযিমহুম ওয়া যালযিলহুম)।', '“হে আল্লাহ, কিতাব নাযিলকারী, দ্রুত হিসাব গ্রহণকারী! আপনি শত্রুবাহিনীকে পরাভূত করুন। হে আল্লাহ! আপনি তাদেরকে পরাজিত করুন এবং তাদের মধ্যে ত্রাস সৃষ্টি করে দিন।”[1]', '[1] মুসলিম, ৩/১৩৬২, নং ১৭৪২।']"
132,39,Chapter: When being afraid of a group of people,ما يقول من خاف قوماً,39.0,কোনো সম্প্রদায়কে ভয় করলে যা বলবে,Allāhummak-finīhim bimā shi't.,"O Allah, suffice (i.e. protect) me against them however You wish.",আল্লা-হুম্মাকফিনীহিম বিমা শি’তা,“হে আল্লাহ! আপনি যা ইচ্ছে তা দ্বারাই এদের মোকাবিলায় আমার জন্য যথেষ্ট হোন।”[1],اللَّهُمَّ اكْفِنِيهِم بمَا شِئْت,«اللَّهُمَّ اكْفِنِيهِمْ بِمَا شِئْتَ».,Muslim 4/2300.,"[1] মুসলিম ৪/২৩০০, নং ৩০০৫।",,,exact_match,1.0,"[""Allāhummak-finīhim bimā shi't."", 'O Allah, suffice (i.e. protect) me against them however You wish.', 'Muslim 4/2300.', 'اللَّهُمَّ اكْفِنِيهِم بمَا شِئْت']","['«اللَّهُمَّ اكْفِنِيهِمْ بِمَا شِئْتَ».', '(আল্লা-হুম্মাকফিনীহিম বিমা শি’তা)।', '“হে আল্লাহ! আপনি যা ইচ্ছে তা দ্বারাই এদের মোকাবিলায় আমার জন্য যথেষ্ট হোন।”[1]', '[1] মুসলিম ৪/২৩০০, নং ৩০০৫।']"
133,40,Chapter: For one afflicted with doubt in his faith,دعاء من أصابه شك في الإيمان,40.0,ঈমানের মধ্যে সন্দেহে পতিত ব্যক্তির দো‘আ,A`ūdhu billāh,(Say:,২,আল্লাহ্‌র কাছে আশ্রয় প্রার্থনা করবে (‘আঊযু বিল্লা-হ’ বলবে)।[1],يَسْتَعِيذُ بِاللَّهِ. يَنْتَهِي عَمَّا شك فِيهِ.,,"Al-Bukhari, cf. Al-Asqalani, Fathul-Bari 6/336, Muslim 1/120.",,,,one_missing,,"['A`ūdhu billāh', '(Say:', 'Al-Bukhari, cf. Al-Asqalani, Fathul-Bari 6/336, Muslim 1/120.', 'يَسْتَعِيذُ بِاللَّهِ. يَنْتَهِي عَمَّا شك فِيهِ.']","['আল্লাহ্\u200cর কাছে আশ্রয় প্রার্থনা করবে (‘আঊযু বিল্লা-হ’ বলবে)।[1]', '(২) যে সন্দেহে নিপতিত হয়েছে তা দূর করবে।[2]']"
134,40,Chapter: For one afflicted with doubt in his faith,دعاء من أصابه شك في الإيمان,40.0,ঈমানের মধ্যে সন্দেহে পতিত ব্যক্তির দো‘আ,Āmantu billāhi wa Rusulih.,(Say:,আ-মানতু বিল্লা-হি ওয়া রুসুলিহি,"বলবে,","يقول"" آمنت بالله ورسله""",«آمَنْتُ بِاللَّهِ وَرُسُلِهِ».,"Muslim, 1/119-20.",,,“আমি আল্লাহ ও তাঁর রাসূলগণের উপর ঈমান আনলাম।”[3],mismatch,0.8649,"['Āmantu billāhi wa Rusulih.', '(Say:', 'Muslim, 1/119-20.', 'يقول"" آمنت بالله ورسله""']","['বলবে,', '«آمَنْتُ بِاللَّهِ وَرُسُلِهِ».', '(আ-মানতু বিল্লা-হি ওয়া রুসুলিহি)', '“আমি আল্লাহ ও তাঁর রাসূলগণের উপর ঈমান আনলাম।”[3]']"
135,40,Chapter: For one afflicted with doubt in his faith,دعاء من أصابه شك في الإيمان,40.0,ঈমানের মধ্যে সন্দেহে পতিত ব্যক্তির দো‘আ,"Huwa ‘l-Awwalu wa ‘l-Ākhir, waẓ-Ẓāhiru wal-Bāṭin, wa huwa bikulli shay'in `Alīm.","(Recite the Ayat) He is the First and the Last, the Most High and the Most Near. And He is the Knower of all things (in Arabic).",হুয়াল আউওয়ালু ওয়াল আ-খিরু ওয়ায্যা-হিরু ওয়াল-বা-ত্বিনু ওয়া হুয়া বিকুল্লি শাই’ইন ‘আলীম,"আল্লাহ্‌ তা‘আলার নিম্নোক্ত বাণী পড়বে,",يقرأ قوله تعالى ((هُوَ الأوَّلُ، وَالآخِـرُ، وَالظّـاهِـرُ، وَالْبـاطِـنُ، وَهُوَ بِكُلِّ شَيءٍ عَلـيم)),« ﴿هُوَ الْأوَّلُ وَالْآخِرُ وَالظّاهِرُ وَالْباطِنُ وَهُوَ بِكُلِّ شَيْءٍ عَلِيمٌ﴾».,"Al-Hadid 57:3, Abu Dawud 4/329. Al-Albani graded it good in SahihAbu Dawud, 3/962.","[4] সূরা হাদীদ-৩, আবূ দাউদ ৪/৩২৯, নং ৫১১০। আর শাইখ আলবানী সহীহ আবি দাউদ ৩/৯৬২ একে হাসান বলেছেন।",,"“তিনিই সর্বপ্রথম, তিনিই সর্বশেষ, তিনিই সকলের উপরে, তিনিই সকলের নিকটে এবং তিনি সব কিছু সম্পর্কে সর্বজ্ঞ।”[4]",mismatch,0.8421,"[""Huwa ‘l-Awwalu wa ‘l-Ākhir, waẓ-Ẓāhiru wal-Bāṭin, wa huwa bikulli shay'in `Alīm."", '(Recite the Ayat) He is the First and the Last, the Most High and the Most Near. And He is the Knower of all things (in Arabic).', 'Al-Hadid 57:3, Abu Dawud 4/329. Al-Albani graded it good in SahihAbu Dawud, 3/962.', 'يقرأ قوله تعالى ((هُوَ الأوَّلُ، وَالآخِـرُ، وَالظّـاهِـرُ، وَالْبـاطِـنُ، وَهُوَ بِكُلِّ شَيءٍ عَلـيم))']","['আল্লাহ্\u200c তা‘আলার নিম্নোক্ত বাণী পড়বে,', '« ﴿هُوَ الْأوَّلُ وَالْآخِرُ وَالظّاهِرُ وَالْباطِنُ وَهُوَ بِكُلِّ شَيْءٍ عَلِيمٌ﴾».', '(হুয়াল আউওয়ালু ওয়াল আ-খিরু ওয়ায্যা-হিরু ওয়াল-বা-ত্বিনু ওয়া হুয়া বিকুল্লি শাই’ইন ‘আলীম)।', '“তিনিই সর্বপ্রথম, তিনিই সর্বশেষ, তিনিই সকলের উপরে, তিনিই সকলের নিকটে এবং তিনি সব কিছু সম্পর্কে সর্বজ্ঞ।”[4]', '[1] বুখারী, (ফাতহুল বারীসহ) ৬/৩৩৬, নং ৩২৭৬; মুসলিম ১/১২০, নং ১৩৪।', '[2] বুখারী, (ফাতহুল বারীসহ) ৬/৩৩৬, নং ৩২৭৬; মুসলিম ১/১২০, ১৩৪।', '[3] মুসলিম ১/১১৯-১২০, নং ১৩৪।', '[4] সূরা হাদীদ-৩, আবূ দাউদ ৪/৩২৯, নং ৫১১০। আর শাইখ আলবানী সহীহ আবি দাউদ ৩/৯৬২ একে হাসান বলেছেন।']"
136,41,Chapter: Settling a debt,الدعاء قضاء الدين,41.0,ঋণ মুক্তির জন্য দো‘আ,"Allāhummak-finī biḥalālika `an ḥarāmik, wa 'aghninī bi faḍlika `amman siwāk.","O Allah, suffice me with what You have allowed instead of what You have forbidden, and make me independent of all others besides You.",আল্লা-হুম্মাকফিনী বিহালা-লিকা ‘আন হারা-মিকা ওয়া আগনিনী বিফাদ্বলিকা ‘আম্মান সিওয়া-ক,“হে আল্লাহ! আপনি আমাকে আপনার হালাল দ্বারা পরিতুষ্ট করে আপনার হারাম থেকে ফিরিয়ে রাখুন এবং আপনার অনুগ্রহ দ্বারা আপনি ছাড়া অন্য সকলের থেকে আমাকে অমুখাপেক্ষী করে দিন।”[1],اللّهُـمَّ اكْفِـني بِحَلالِـكَ عَنْ حَـرامِـك، وَأَغْنِـني بِفَضْـلِكَ عَمَّـنْ سِـواك,«اللَّهُمَّ اكْفِنِي بِحَلاَلِكَ عَنْ حَرَامِكَ، وَأَغْنِنِي بِفَضْلِكِ عَمَّنْ سِوَاكَ».,"At-Tirmidhi 5/560. See also Al-Albani, Sahih At-Tirmidhi 3/180.",,,,exact_match,1.0,"[""Allāhummak-finī biḥalālika `an ḥarāmik, wa 'aghninī bi faḍlika `amman siwāk."", 'O Allah, suffice me with what You have allowed instead of what You have forbidden, and make me independent of all others besides You.', 'At-Tirmidhi 5/560. See also Al-Albani, Sahih At-Tirmidhi 3/180.', 'اللّهُـمَّ اكْفِـني بِحَلالِـكَ عَنْ حَـرامِـك، وَأَغْنِـني بِفَضْـلِكَ عَمَّـنْ سِـواك']","['(1) «اللَّهُمَّ اكْفِنِي بِحَلاَلِكَ عَنْ حَرَامِكَ، وَأَغْنِنِي بِفَضْلِكِ عَمَّنْ سِوَاكَ».', '(আল্লা-হুম্মাকফিনী বিহালা-লিকা ‘আন হারা-মিকা ওয়া আগনিনী বিফাদ্বলিকা ‘আম্মান সিওয়া-ক)।', '“হে আল্লাহ! আপনি আমাকে আপনার হালাল দ্বারা পরিতুষ্ট করে আপনার হারাম থেকে ফিরিয়ে রাখুন এবং আপনার অনুগ্রহ দ্বারা আপনি ছাড়া অন্য সকলের থেকে আমাকে অমুখাপেক্ষী করে দিন।”[1]']"
137,41,Chapter: Settling a debt,الدعاء قضاء الدين,41.0,ঋণ মুক্তির জন্য দো‘আ,"Allāhumma innī a`ūdhu bika mina ‘l-ḥammi wa ‘l-ḥazan, wa ‘l-`ajzi wa ‘l-kasal, wa ‘l-bukhli wa ‘l-jubn, wa ḍala`id-dayni wa ghalabatir-rijāl.","O Allah! I seek refuge with You from worry and grief, from incapacity and laziness, from cowardice and miserliness, from being heavily in debt and from being overpowered by (other) men.","আল্লা-হুম্মা ইন্নী আ‘উযু বিকা মিনাল হাম্মি ওয়াল হাযানি, ওয়া আ‘ঊযু বিকা মিনাল-‘আজযি ওয়াল-কাসালি, ওয়া আ‘ঊযু বিকা মিনাল-বুখলি ওয়াল-জুবনি, ওয়া আ‘ঊযু বিকা মিন দ্বালা‘য়িদ্দাইনি ওয়া গালাবাতির রিজা-ল","“হে আল্লাহ! নিশ্চয় আমি আপনার আশ্রয় নিচ্ছি দুশ্চিন্তা ও দুঃখ থেকে, অপারগতা ও অলসতা থেকে, কৃপণতা ও ভীরুতা থেকে, ঋণের ভার ও মানুষদের দমন-পীড়ন থেকে।”[2]",اللَّهُمَّ إِنِّي أَعُوذُ بِكَ مِنَ الْهَمِّ وَالْحَزَنِ، وَالْعَجْزِ وَالْكَسَلِ، وَالْبُخْلِ وَالْجُبْنِ، وَضَلَعِ الدَّيْنِ وَغَلَبَةِ الرِّجَالِ,«اللَّهُمَّ إِنِّي أَعُوذُ بِكَ مِنَ الْهَمِّ وَالْحَزَنِ، وَالْعَجْزِ وَالْكَسَلِ، وَالْبُخْلِ وَالْجُبْنِ، وَضَلَعِ الدَّيْنِ وَغَلَبَةِ الرِّجَالِ».,Al-Bukhari 7/158.,"[2] বুখারী, ৭/১৫৮, নং ২৮৯৩। তাছাড়া পূর্বে পৃষ্ঠায় ১২১ নং এ গত হয়েছে।",,,exact_match,1.0,"['Allāhumma innī a`ūdhu bika mina ‘l-ḥammi wa ‘l-ḥazan, wa ‘l-`ajzi wa ‘l-kasal, wa ‘l-bukhli wa ‘l-jubn, wa ḍala`id-dayni wa ghalabatir-rijāl.', 'O Allah! I seek refuge with You from worry and grief, from incapacity and laziness, from cowardice and miserliness, from being heavily in debt and from being overpowered by (other) men.', 'Al-Bukhari 7/158.', 'اللَّهُمَّ إِنِّي أَعُوذُ بِكَ مِنَ الْهَمِّ وَالْحَزَنِ، وَالْعَجْزِ وَالْكَسَلِ، وَالْبُخْلِ وَالْجُبْنِ، وَضَلَعِ الدَّيْنِ وَغَلَبَةِ الرِّجَالِ']","['(2) «اللَّهُمَّ إِنِّي أَعُوذُ بِكَ مِنَ الْهَمِّ وَالْحَزَنِ، وَالْعَجْزِ وَالْكَسَلِ، وَالْبُخْلِ وَالْجُبْنِ، وَضَلَعِ الدَّيْنِ وَغَلَبَةِ الرِّجَالِ».', '(আল্লা-হুম্মা ইন্নী আ‘উযু বিকা মিনাল হাম্মি ওয়াল হাযানি, ওয়া আ‘ঊযু বিকা মিনাল-‘আজযি ওয়াল-কাসালি, ওয়া আ‘ঊযু বিকা মিনাল-বুখলি ওয়াল-জুবনি, ওয়া আ‘ঊযু বিকা মিন দ্বালা‘য়িদ্দাইনি ওয়া গালাবাতির রিজা-ল)।', '“হে আল্লাহ! নিশ্চয় আমি আপনার আশ্রয় নিচ্ছি দুশ্চিন্তা ও দুঃখ থেকে, অপারগতা ও অলসতা থেকে, কৃপণতা ও ভীরুতা থেকে, ঋণের ভার ও মানুষদের দমন-পীড়ন থেকে।”[2]', '[1] তিরমিযী ৫/৫৬০, নং ৩৫৬৩। আরও দেখুন, সহীহুত তিরমিযী, ৩/১৮০।', '[2] বুখারী, ৭/১৫৮, নং ২৮৯৩। তাছাড়া পূর্বে পৃষ্ঠায় ১২১ নং এ গত হয়েছে।']"
138,42,Chapter: For one afflicted by whisperings in prayer or recitation,دعاء الوسوسة في الصلاة والقراءة,42.0,সালাতে ও কেরাআতে শয়তানের কুমন্ত্রণায় পতিত ব্যক্তির দো‘আ,A`ūdhu billāhi minash-shayṭānir-rajīm.,(Say:,আ‘ঊযু বিল্লা-হি মিনাশ শাইত্বানির রাজীম,“বিতাড়িত শয়তান থেকে আমি আল্লাহ্‌র আশ্রয় নিচ্ছি।”,أَعُوذُ بِاللَّهِ مِنَ الشَّيطَانِ الرَّجِيمِ، وَاتْفُلْ عَلَى يَسَارِكَ (ثلاثاً),«أَعُوذُ بِاللَّهِ مِنَ الشَّيطَانِ الرَّجِيمِ».,Muslim 4/1729.,"[1] মুসলিম ৪/১৭২৯, ২২০৩। সেখানে এসেছে, উসমান ইবনুল ‘আস রাদিয়াল্লাহু ‘আনহু বলেন, আমি বললাম, হে আল্লাহর রাসূল! শয়তান আমার ও আমার নামাযের মাঝে অনুপ্রবেশ করে এবং কিরাআতে বিভ্রান্তি সৃষ্টি করে। তখন রাসূলুল্লাহ সাল্লাল্লাহু আলাইহি ওয়াসাল্লাম তাকে সেটা বলার নির্দেশ দেন, তিনি সেটা করার পর আল্লাহ তাঁকে সেটা থেকে মুক্ত করেন।",,অতঃপর বাম দিকে তিনবার থুতু ফেলবে[1]।,mismatch,0.7179,"['A`ūdhu billāhi minash-shayṭānir-rajīm.', '(Say:', 'Muslim 4/1729.', 'أَعُوذُ بِاللَّهِ مِنَ الشَّيطَانِ الرَّجِيمِ، وَاتْفُلْ عَلَى يَسَارِكَ (ثلاثاً)']","['«أَعُوذُ بِاللَّهِ مِنَ الشَّيطَانِ الرَّجِيمِ».', '(আ‘ঊযু বিল্লা-হি মিনাশ শাইত্বানির রাজীম)', '“বিতাড়িত শয়তান থেকে আমি আল্লাহ্\u200cর আশ্রয় নিচ্ছি।”', 'অতঃপর বাম দিকে তিনবার থুতু ফেলবে[1]।', '[1] মুসলিম ৪/১৭২৯, ২২০৩। সেখানে এসেছে, উসমান ইবনুল ‘আস রাদিয়াল্লাহু ‘আনহু বলেন, আমি বললাম, হে আল্লাহর রাসূল! শয়তান আমার ও আমার নামাযের মাঝে অনুপ্রবেশ করে এবং কিরাআতে বিভ্রান্তি সৃষ্টি করে। তখন রাসূলুল্লাহ সাল্লাল্লাহু আলাইহি ওয়াসাল্লাম তাকে সেটা বলার নির্দেশ দেন, তিনি সেটা করার পর আল্লাহ তাঁকে সেটা থেকে মুক্ত করেন।']"
139,43,Chapter: For one whose affairs have become difficult,دعاء من استصعب عليه أمر,43.0,কঠিন কাজে পতিত ব্যক্তির দো‘আ,Allāhumma lā saḥla illā ma ja`altahu saḥla wa anta taj`alu ‘l-ḥazna idhā shi'ta saḥla.,"O Allah, there is no ease other than what You make easy. If You please You ease sorrow.","আল্লা-হুম্মা লা সাহ্‌লা ইল্লা মা জা‘আলতাহু সাহ্‌লান, ওয়া আনতা তাজ্‘আলুল হাযনা ইযা শি’তা সাহ্‌লান",“হে আল্লাহ! আপনি যা সহজ করেছেন তা ছাড়া কোনো কিছুই সহজ নয়। আর যখন আপনি ইচ্ছা করেন তখন কঠিনকেও সহজ করে দেন।”[1],اللَّهُمَّ لاَ سَهْلَ إِلاَّ مَا جَعَلْتَهُ سَهْلاً، وَأَنْتَ تَجْعَلُ الْحَزْنَ إِذَا شِئْتَ سَهْلاً,«اللَّهُمَّ لاَ سَهْلَ إِلاَّ مَا جَعَلْتَهُ سَهْلاً، وَأَنْتَ تَجْعَلُ الْحَزْنَ إِذَا شِئْتَ سَهْلاً».,"Ibn Hibban in his Sahih (no. 2427), and Ibn As- Sunni (no. 351). Al-Hafidh (Ibn Hajar) said that this Hadith is authentic. It was also declared authentic by 'Abdul-Qadir Al-Arna'ut in his checking of An-Nawawi's Kitabul-Athkarp. 106.","[1] সহীহ ইবন হিব্বান ২৪২৭, (মাওয়ারিদ); ইবনুস সুন্নী, নং ৩৫১। আর হাফেয (ইবন হাজার) বলেন, এটি সহীহ হাদীস। তাছাড়া আবদুল কাদের আরনাউত ইমাম নওয়াবীর আযকার গ্রন্থের তাখরীজে পৃ. ১০৬, একে সহীহ বলে মত প্রকাশ করেছেন।",,,exact_match,1.0,"[""Allāhumma lā saḥla illā ma ja`altahu saḥla wa anta taj`alu ‘l-ḥazna idhā shi'ta saḥla."", 'O Allah, there is no ease other than what You make easy. If You please You ease sorrow.', ""Ibn Hibban in his Sahih (no. 2427), and Ibn As- Sunni (no. 351). Al-Hafidh (Ibn Hajar) said that this Hadith is authentic. It was also declared authentic by 'Abdul-Qadir Al-Arna'ut in his checking of An-Nawawi's Kitabul-Athkarp. 106."", 'اللَّهُمَّ لاَ سَهْلَ إِلاَّ مَا جَعَلْتَهُ سَهْلاً، وَأَنْتَ تَجْعَلُ الْحَزْنَ إِذَا شِئْتَ سَهْلاً']","['«اللَّهُمَّ لاَ سَهْلَ إِلاَّ مَا جَعَلْتَهُ سَهْلاً، وَأَنْتَ تَجْعَلُ الْحَزْنَ إِذَا شِئْتَ سَهْلاً».', '(আল্লা-হুম্মা লা সাহ্\u200cলা ইল্লা মা জা‘আলতাহু সাহ্\u200cলান, ওয়া আনতা তাজ্‘আলুল হাযনা ইযা শি’তা সাহ্\u200cলান)।', '“হে আল্লাহ! আপনি যা সহজ করেছেন তা ছাড়া কোনো কিছুই সহজ নয়। আর যখন আপনি ইচ্ছা করেন তখন কঠিনকেও সহজ করে দেন।”[1]', '[1] সহীহ ইবন হিব্বান ২৪২৭, (মাওয়ারিদ); ইবনুস সুন্নী, নং ৩৫১। আর হাফেয (ইবন হাজার) বলেন, এটি সহীহ হাদীস। তাছাড়া আবদুল কাদের আরনাউত ইমাম নওয়াবীর আযকার গ্রন্থের তাখরীজে পৃ. ১০৬, একে সহীহ বলে মত প্রকাশ করেছেন।']"
140,44,Chapter: Upon committing a sin,ما يقول ويفعل من أذنب ذنباً,44.0,পাপ করে ফেললে যা বলবে এবং যা করবে,,"There is not any slave of Allah who commits a sin, then he perfects his purification and stands to pray two Rak'ahs of prayer, then seeks Allah's forgiveness, except that Allah will forgive him.",,"“যদি কোনো বান্দা কোনো পাপ কাজ করে ফেলে, অতঃপর সে উত্তমরূপে পবিত্রতা অর্জন করে এবং দাঁড়িয়ে যায় ও দু রাক‘আত সালাত আদায় করে, তারপর আল্লাহ্‌র কাছে ক্ষমা প্রার্থনা করে, তাহলে আল্লাহ তাকে ক্ষমা করে দেবেন।”[1]",مَا مِنْ عَبْدٍ يُذنِبُ ذَنْباً فَيُحْسِنُ الطُّهُورَ، ثُمَّ يَقُومُ فَيُصَلِّي رَكْعَتَيْنِ، ثُمَّ يَسْتَغْفِرُ اللَّهَ إِلاَّ غَفَرَ اللَّهُ لَهُ,,"Abu Dawud 2/86, At-Tirmidhi 2/257. Al-Albani graded it authentic in Sahih Abu Dawud 1/283.","[1] আবূ দাউদ ২/৮৬, ১৫২১; তিরমিযী ২/২৫৭, নং ৪০৬; আর শাইখ আলবানী সহীহ আবি দাউদে ১/২৮৩ একে সহীহ বলে মত প্রকাশ করেছেন।",,,one_missing,,"[""There is not any slave of Allah who commits a sin, then he perfects his purification and stands to pray two Rak'ahs of prayer, then seeks Allah's forgiveness, except that Allah will forgive him."", 'Abu Dawud 2/86, At-Tirmidhi 2/257. Al-Albani graded it authentic in Sahih Abu Dawud 1/283.', 'مَا مِنْ عَبْدٍ يُذنِبُ ذَنْباً فَيُحْسِنُ الطُّهُورَ، ثُمَّ يَقُومُ فَيُصَلِّي رَكْعَتَيْنِ، ثُمَّ يَسْتَغْفِرُ اللَّهَ إِلاَّ غَفَرَ اللَّهُ لَهُ']","['“যদি কোনো বান্দা কোনো পাপ কাজ করে ফেলে, অতঃপর সে উত্তমরূপে পবিত্রতা অর্জন করে এবং দাঁড়িয়ে যায় ও দু রাক‘আত সালাত আদায় করে, তারপর আল্লাহ্\u200cর কাছে ক্ষমা প্রার্থনা করে, তাহলে আল্লাহ তাকে ক্ষমা করে দেবেন।”[1]', '[1] আবূ দাউদ ২/৮৬, ১৫২১; তিরমিযী ২/২৫৭, নং ৪০৬; আর শাইখ আলবানী সহীহ আবি দাউদে ১/২৮৩ একে সহীহ বলে মত প্রকাশ করেছেন।']"
141,45,Chapter: For expelling the devil and his whisperings,دعاء طرد الشيطان ووساوسه,45.0,শয়তান ও তার কুমন্ত্রণা দূর করার দো‘আ,A`ūdhu billāhi minash-shayṭānir-rajīm.,Seeking refuge with Allah against him (i.e. by saying I seek refuge in Allah from Satan the outcast).,,‘তার থেকে আল্লাহ্‌র নিকট আশ্রয় প্রার্থনা করবে’[1] (অর্থাৎ ‘আ‘ঊযু বিল্লাহ’ পড়বে)।,الاستعاذة بالله منه,,"Abu Dawud 1/206, At-Tirmidhi. See also Al-Albani, Sahih At-Tirmidhi 1/77, and Surat Al-Mu'minun, 23:98-9.",,,,one_missing,,"['A`ūdhu billāhi minash-shayṭānir-rajīm.', 'Seeking refuge with Allah against him (i.e. by saying I seek refuge in Allah from Satan the outcast).', ""Abu Dawud 1/206, At-Tirmidhi. See also Al-Albani, Sahih At-Tirmidhi 1/77, and Surat Al-Mu'minun, 23:98-9."", 'الاستعاذة بالله منه']",['‘তার থেকে আল্লাহ্\u200cর নিকট আশ্রয় প্রার্থনা করবে’[1] (অর্থাৎ ‘আ‘ঊযু বিল্লাহ’ পড়বে)।']
142,45,Chapter: For expelling the devil and his whisperings,دعاء طرد الشيطان ووساوسه,45.0,শয়তান ও তার কুমন্ত্রণা দূর করার দো‘আ,--,The call to prayer - 'Athan.,,‘আযান দিবে।’[2],الْأَذَانُ,,"Muslim 1/291, Al-Bukhari 1/151.",,,,one_missing,,"['--', ""The call to prayer - 'Athan."", 'Muslim 1/291, Al-Bukhari 1/151.', 'الْأَذَانُ']",['‘আযান দিবে।’[2]']
143,45,Chapter: For expelling the devil and his whisperings,دعاء طرد الشيطان ووساوسه,45.0,শয়তান ও তার কুমন্ত্রণা দূর করার দো‘আ,--,Saying words of Allah's remembrance (Thikr) and recitation of the Qur'an.,,‘যিক্‌র করবে এবং কুরআন পড়বে।’[3],الْأَذْكَارُ وَقِرَاءَةُ الْقُرْآنِ,,"""Do not turn your homes into graveyards, surely the Devil flees from the house in which Surat Al-Baqarah is read,"" Muslim 1/539. The Devil is also driven out by the invocations for morning and evening, those that are said before sleeping and upon waking up, those for entering and leaving the house, including those for entering and leaving the mosque, and by many other authentic invocations taught to us by the Prophet (ﷺ) such as the reading of 'Ayatul-Kursi, (Al-Baqarah 2:255), and the last two 'Ayat of Surat Al-Baqarah before going to sleep. Whoever says: ""There is none worthy of worship but Allah alone, Who has no partner, His is the dominion and His is the praise, and he is Able to do all things,"" one hundred times, it will be a protection for him from the Devil throughout the day.'","[3] নবী সাল্লাল্লাহু আলাইহি ওয়াসাল্লাম বলেন, “তোমরা তোমাদের ঘরসমূহ কবরে পরিণত করুন না। নিশ্চয় শয়তান ঐ ঘর থেকে পলায়ন করে যেখানে সূরা বাকারাহ্‌ পাঠ করা হয়।” মুসলিম ১/৫৩৯, হাদীস নং ৭৮০। তাছাড়া আরও যা শয়তানকে তাড়িয়ে দেয় তা হচ্ছে, সকাল বিকালের যিক্‌রসমূহ, ঘুমের যিক্‌র, জাগ্রত হওয়ার যিক্‌র, ঘরে প্রবেশের ও ঘর থেকে বের হওয়ার যিক্‌রসমূহ, মসজিদে প্রবেশের ও মসজিদ থেকে বের হওয়ার যিক্‌রসমূহ, ইত্যাদী শরী‘আতসম্মত যিক্‌রসমূহ। যেমন, ঘুমের সময় আয়াতুল কুরসী, সূরা আল-বাকারার সর্বশেষ দু’টি আয়াত। তাছাড়া যে ব্যক্তি “লা ইলাহা ইল্লাল্লাহু ওয়াহদাহু লা শারীকা লাহু, লাহুল মুলকু ওয়া লাহুল হামদু, ওয়াহুয়া ‘আলা কুল্লি শাইয়িন কাদীর” একশতবার পড়বে, সেটা তার জন্য সে দিনটির জন্য পুরোপুরিই হেফাযতের কাজ দিবে। তদ্রুপ আযান দিলেও শয়তান পলায়ন করে।",,,one_missing,,"['--', ""Saying words of Allah's remembrance (Thikr) and recitation of the Qur'an."", '""Do not turn your homes into graveyards, surely the Devil flees from the house in which Surat Al-Baqarah is read,"" Muslim 1/539. The Devil is also driven out by the invocations for morning and evening, those that are said before sleeping and upon waking up, those for entering and leaving the house, including those for entering and leaving the mosque, and by many other authentic invocations taught to us by the Prophet (ﷺ) such as the reading of \'Ayatul-Kursi, (Al-Baqarah 2:255), and the last two \'Ayat of Surat Al-Baqarah before going to sleep. Whoever says: ""There is none worthy of worship but Allah alone, Who has no partner, His is the dominion and His is the praise, and he is Able to do all things,"" one hundred times, it will be a protection for him from the Devil throughout the day.\'', 'الْأَذْكَارُ وَقِرَاءَةُ الْقُرْآنِ']","['‘যিক্\u200cর করবে এবং কুরআন পড়বে।’[3]', '[1] আবূ দাউদ ১/২০৩, ইবন মাজাহ্\u200c ১/২৬৫, নং ৮০৭। আর পূর্বে ৩১ নং হাদীসে এর তাখরীজ চলে গেছে। আরও দেখুন, সূরা আল-মুমিনূন এর ৯৭-৯৮।', '[2] মুসলিম ১/২৯১; নং ৩৮৯; বুখারী, ১/১৫১, নং ৬০৮।', '[3] নবী সাল্লাল্লাহু আলাইহি ওয়াসাল্লাম বলেন, “তোমরা তোমাদের ঘরসমূহ কবরে পরিণত করুন না। নিশ্চয় শয়তান ঐ ঘর থেকে পলায়ন করে যেখানে সূরা বাকারাহ্\u200c পাঠ করা হয়।” মুসলিম ১/৫৩৯, হাদীস নং ৭৮০। তাছাড়া আরও যা শয়তানকে তাড়িয়ে দেয় তা হচ্ছে, সকাল বিকালের যিক্\u200cরসমূহ, ঘুমের যিক্\u200cর, জাগ্রত হওয়ার যিক্\u200cর, ঘরে প্রবেশের ও ঘর থেকে বের হওয়ার যিক্\u200cরসমূহ, মসজিদে প্রবেশের ও মসজিদ থেকে বের হওয়ার যিক্\u200cরসমূহ, ইত্যাদী শরী‘আতসম্মত যিক্\u200cরসমূহ। যেমন, ঘুমের সময় আয়াতুল কুরসী, সূরা আল-বাকারার সর্বশেষ দু’টি আয়াত। তাছাড়া যে ব্যক্তি “লা ইলাহা ইল্লাল্লাহু ওয়াহদাহু লা শারীকা লাহু, লাহুল মুলকু ওয়া লাহুল হামদু, ওয়াহুয়া ‘আলা কুল্লি শাইয়িন কাদীর” একশতবার পড়বে, সেটা তার জন্য সে দিনটির জন্য পুরোপুরিই হেফাযতের কাজ দিবে। তদ্রুপ আযান দিলেও শয়তান পলায়ন করে।']"
144,46,Chapter: When stricken with a mishap or overtaken by an affair,الدعاء حينما يقع مالا يرضاه أو غلب على أمره,46.0,"যখন অনাকাঙ্খিত কিছু ঘটে, বা যা করতে চায় তাতে বাধাপ্রাপ্ত হয়, তখন পড়ার দো‘আ",Qaddarallāhu wa mā shā'a fa`al.,It is the Decree of Allah and He does whatever He wills.,"কাদারুল্লা-হ, ওয়ামা শা-আ ফা‘আলা","“এটি আল্লাহ্‌র ফয়সালা, আর তিনি যা ইচ্ছা করেছেন।”[1]",قَدَّرَ اللهُ وَما شـاءَ فَعَـل,«قَدَرُ اللَّه وَمَا شَاءَ فَعَلَ».,"""The strong believer is better and more dear to Allah than the weak believer, and in each of them there is good. Be vigilant for what is to your benefit and seek the help of Allah and do not falter. But when you are striken by some setback, do not say: 'If only I had done such and such,' rather say: 'It is the Decree of Allah and He does whatever He wills.' For verily the saying 'if (i.e. if only I had) begins the work of the Devil."" Muslim 4/2052.","[1] হাদীসে এসেছে, “শক্তিশালী ঈমানদার আল্লাহর নিকট উত্তম ও প্রিয় দুর্বল ঈমানদারের চেয়ে। আর তাদের (ঈমানদারদের) প্রত্যেকের মধ্যেই কল্যাণ নিহিত রয়েছে। তোমার যা কাজে লাগবে সেটা করার ব্যাপারে সচেষ্ট হও আর আল্লাহর সাহায্য চাও, অপারগ হয়ে যেও না। আর যদি তোমার কোনো অনাকাঙ্খিত বিষয় উদয় হয়, তখন বলো না যে, ‘যদি আমি এরকম করতাম তাহলে তা এই এই হতো’, বরং বলো, “এটা আল্লাহর ফয়সালা, আর তিনি যা ইচ্ছে করেছেন।” কেননা, ‘যদি’ শয়তানের কাজের সূচনা করে দেয়। মুসলিম, ৪/২০৫২, নং ২৬৬৪।",,,exact_match,1.0,"[""Qaddarallāhu wa mā shā'a fa`al."", 'It is the Decree of Allah and He does whatever He wills.', '""The strong believer is better and more dear to Allah than the weak believer, and in each of them there is good. Be vigilant for what is to your benefit and seek the help of Allah and do not falter. But when you are striken by some setback, do not say: \'If only I had done such and such,\' rather say: \'It is the Decree of Allah and He does whatever He wills.\' For verily the saying \'if (i.e. if only I had) begins the work of the Devil."" Muslim 4/2052.', 'قَدَّرَ اللهُ وَما شـاءَ فَعَـل']","['«قَدَرُ اللَّه وَمَا شَاءَ فَعَلَ».', '(কাদারুল্লা-হ, ওয়ামা শা-আ ফা‘আলা)', '“এটি আল্লাহ্\u200cর ফয়সালা, আর তিনি যা ইচ্ছা করেছেন।”[1]', '[1] হাদীসে এসেছে, “শক্তিশালী ঈমানদার আল্লাহর নিকট উত্তম ও প্রিয় দুর্বল ঈমানদারের চেয়ে। আর তাদের (ঈমানদারদের) প্রত্যেকের মধ্যেই কল্যাণ নিহিত রয়েছে। তোমার যা কাজে লাগবে সেটা করার ব্যাপারে সচেষ্ট হও আর আল্লাহর সাহায্য চাও, অপারগ হয়ে যেও না। আর যদি তোমার কোনো অনাকাঙ্খিত বিষয় উদয় হয়, তখন বলো না যে, ‘যদি আমি এরকম করতাম তাহলে তা এই এই হতো’, বরং বলো, “এটা আল্লাহর ফয়সালা, আর তিনি যা ইচ্ছে করেছেন।” কেননা, ‘যদি’ শয়তানের কাজের সূচনা করে দেয়। মুসলিম, ৪/২০৫২, নং ২৬৬৪।']"
145,47,Chapter: Congratulation on the occasion of a birth and its reply,تهنئة المولود له وجوابه,47.0,সন্তান লাভকারীকে অভিনন্দন ও তার জবাব,"Bārakallāhu laka fi ‘l-mawhūbi lak, wa shakarta ‘l-wāhib, wa balagha ashuddah, wa ruziqta birrah. The reply of the person being congratulated is to say:","May Allah bless you with His gift to you, and may you (the new parent) give thanks, may the child reach the maturity of years, and may you be granted its righteousness. The reply of the person being congratulated is to say: May Allah bless you, and shower His blessings upon you, and may Allah reward you well and bestow upon you its like and reward you abundantly","বা-রাকাল্লা-হু লাকা ফিল মাউহুবি লাক, ওয়া শাকারতাল ওয়া-হিবা, ওয়া বালাগা আশুদ্দাহু, ওয়া রুযিক্তা বিররাহু) (বা-রাকাল্লা-হু লাকা ওয়া বা-রাকা ‘আলাইকা, ওয়া জাযা-কাল্লা-হু খাইরান, ওয়া রাযাক্বাকাল্লা-হু মিসলাহু ওয়া আজযালা সাওয়া-বাকা","“আল্লাহ আপনাকে যা দিয়েছেন তাতে আপনার জন্য বরকত দান করুন, সন্তান দানকারীর শুকরিয়া আদায় করুন, সন্তানটি পরিপূর্ণ বয়সে পদার্পণ করুক এবং তার সদ্ব্যবহার প্রাপ্ত হোন।”[1]",(بَارَكَ اللَّهُ لَكَ فِي الْمَوْهُوبِ لَكَ، وَشَكَرْتَ الْوَاهِبَ، وَبَلَغَ أَشُدَّهُ، وَرُزِقْتَ بِرَّهُ). وَيَرُدُّ عَلَيْهِ الْمُهَــــــنَّأُ فَيَقُولُ: (بَارَكَ اللَّهُ لَكَ وَبَارَكَ عَلَيْكَ، وَجَزَاكَ اللَّهُ خَيْراً، وَرَزَقَكَ اللَّهُ مِثْلَهُ، وَأَجْزَلَ ثَوَابَكَ).,«بَارَكَ اللَّهُ لَكَ فِي الْمَوْهُوبِ لَكَ، وَشَكَرْتَ الْوَاهِبَ، وَبَلَغَ أَشُدَّهُ، وَرُزِقْتَ بِرَّهُ». «بَارَكَ اللَّهُ لَكَ وَبَارَكَ عَلَيْكَ، وَجَزَاكَ اللَّهُ خَيْراً، وَرَزَقَكَ اللَّهُ مِثْلَهُ، وَأَجْزَلَ ثَوَابَكَ».,"An-Nawawi, Kitdbul-'Athkarp. 349, and Sahihul-'Athkar2/7l3 by Saleem Al-Hilali.","[1] এটি হাসান বসরী রাহিমাহুল্লাহর বাণী হিসেবে উল্লেখিত হয়েছে। দেখুন, তুহফাতুল মাওদূদ লি ইবনিল কাইয়্যেম, পৃ. ২০; তিনি একে ইবনুল মুনযির এর আল-আওসাত্ব গ্রন্থের দিকে সম্পর্কযুক্ত করেছেন। [2] এটি ইমাম নাওয়াবী তার আল-আযকার গ্রন্থে পৃ. ৩৪৯ উল্লেখ করেছেন। আরও দেখুন, সহীহুল আযকার লিন নাওয়াবী, সলীম আল-হিলালী, ২/৭১৩। আর এর বিস্তারিত তাখরীজ দেখার জন্য গ্রন্থকারের ‘আয-যিকর ওয়াদ দো‘আ ওয়াল ‘ইলাজ বির রুকা’ গ্রন্থটি দেখুন, পৃ. ১/৪১৬।",,"অভিনন্দনের জবাবে বলবে “আল্লাহ আপনাকে বরকত দান করুন, আর আপনার উপর বরকত নাযিল করুন। আল্লাহ আপনাকে উত্তম প্রতিদান দিন, আর আপনাকেও অনুরূপ দান করুন এবং আপনার সওয়াব বহুগুণ বৃদ্ধি করুন।”[2]",close_match,0.917,"['Bārakallāhu laka fi ‘l-mawhūbi lak, wa shakarta ‘l-wāhib, wa balagha ashuddah, wa ruziqta birrah. The reply of the person being congratulated is to say:', 'May Allah bless you with His gift to you, and may you (the new parent) give thanks, may the child reach the maturity of years, and may you be granted its righteousness. The reply of the person being congratulated is to say: May Allah bless you, and shower His blessings upon you, and may Allah reward you well and bestow upon you its like and reward you abundantly', ""An-Nawawi, Kitdbul-'Athkarp. 349, and Sahihul-'Athkar2/7l3 by Saleem Al-Hilali."", '(بَارَكَ اللَّهُ لَكَ فِي الْمَوْهُوبِ لَكَ، وَشَكَرْتَ الْوَاهِبَ، وَبَلَغَ أَشُدَّهُ، وَرُزِقْتَ بِرَّهُ). وَيَرُدُّ عَلَيْهِ الْمُهَــــــنَّأُ فَيَقُولُ: (بَارَكَ اللَّهُ لَكَ وَبَارَكَ عَلَيْكَ، وَجَزَاكَ اللَّهُ خَيْراً، وَرَزَقَكَ اللَّهُ مِثْلَهُ، وَأَجْزَلَ ثَوَابَكَ).']","['«بَارَكَ اللَّهُ لَكَ فِي الْمَوْهُوبِ لَكَ، وَشَكَرْتَ الْوَاهِبَ، وَبَلَغَ أَشُدَّهُ، وَرُزِقْتَ بِرَّهُ».', '(বা-রাকাল্লা-হু লাকা ফিল মাউহুবি লাক, ওয়া শাকারতাল ওয়া-হিবা, ওয়া বালাগা আশুদ্দাহু, ওয়া রুযিক্তা বিররাহু)।', '“আল্লাহ আপনাকে যা দিয়েছেন তাতে আপনার জন্য বরকত দান করুন, সন্তান দানকারীর শুকরিয়া আদায় করুন, সন্তানটি পরিপূর্ণ বয়সে পদার্পণ করুক এবং তার সদ্ব্যবহার প্রাপ্ত হোন।”[1]', 'অভিনন্দনের জবাবে বলবে', '«بَارَكَ اللَّهُ لَكَ وَبَارَكَ عَلَيْكَ، وَجَزَاكَ اللَّهُ خَيْراً، وَرَزَقَكَ اللَّهُ مِثْلَهُ، وَأَجْزَلَ ثَوَابَكَ».', '(বা-রাকাল্লা-হু লাকা ওয়া বা-রাকা ‘আলাইকা, ওয়া জাযা-কাল্লা-হু খাইরান, ওয়া রাযাক্বাকাল্লা-হু মিসলাহু ওয়া আজযালা সাওয়া-বাকা)।', '“আল্লাহ আপনাকে বরকত দান করুন, আর আপনার উপর বরকত নাযিল করুন। আল্লাহ আপনাকে উত্তম প্রতিদান দিন, আর আপনাকেও অনুরূপ দান করুন এবং আপনার সওয়াব বহুগুণ বৃদ্ধি করুন।”[2]', '[1] এটি হাসান বসরী রাহিমাহুল্লাহর বাণী হিসেবে উল্লেখিত হয়েছে। দেখুন, তুহফাতুল মাওদূদ লি ইবনিল কাইয়্যেম, পৃ. ২০; তিনি একে ইবনুল মুনযির এর আল-আওসাত্ব গ্রন্থের দিকে সম্পর্কযুক্ত করেছেন।', '[2] এটি ইমাম নাওয়াবী তার আল-আযকার গ্রন্থে পৃ. ৩৪৯ উল্লেখ করেছেন। আরও দেখুন, সহীহুল আযকার লিন নাওয়াবী, সলীম আল-হিলালী, ২/৭১৩। আর এর বিস্তারিত তাখরীজ দেখার জন্য গ্রন্থকারের ‘আয-যিকর ওয়াদ দো‘আ ওয়াল ‘ইলাজ বির রুকা’ গ্রন্থটি দেখুন, পৃ. ১/৪১৬।']"
146,48,Chapter: Placing childen under Allah’s protection,ما يعوذ به الأولاد,48.0,যা দ্বারা শিশুদের জন্য আশ্রয় প্রার্থনা করা হয়,The Prophet (ﷺ) used to seek Allah's protection for Al-Hasan and Al-Husain by saying:,"I seek protection for you in the Perfect Words of Allah from every devil and every beast, and from every envious blameworthy eye.","উ‘ইযুকুমা বিকালিমা-তিল্লা-হিত তা-ম্মাতি মিন কুল্লি শাইতানিওঁয়া হা-ম্মাহ্‌, ওয়ামিন কুল্লি আইনিল্লা-ম্মাহ্‌",রাসূলুল্লাহ সাল্লাল্লাহু আলাইহি ওয়াসাল্লাম হাসান ও হুসাইন রাদিয়াল্লাহু ‘আনহুমা-এর জন্য এই বলে (আল্লাহ্‌র) আশ্রয় প্রার্থনা করতেন-,"كان رسول الله صلى الله عليه وسلم يعوذ الحسن والحسين "" أعيذكما بكلمات الله التامة ، من كل شيطان وهامة ، ومن كل عينِ لامة """,«أُعِيذُكُمَا بِكَلِمَاتِ اللَّهِ التَّامَّةِ مِنْ كُلِّ شَيْطَانٍ وَهَامَّةٍ، وَمِنْ كُلِّ عَيْنٍ لاَمَّةٍ».,Al-Bukhari4/119.,"[1] বুখারী ৪/১১৯, নং ৩৩৭১; ইবন আব্বাস রাদিয়াল্লাহু আনহুমার হাদীস থেকে।",,“আমি তোমাদের দু’জনকে আল্লাহ্‌র পরিপূর্ণ কালেমাসমূহের আশ্রয়ে নিচ্ছি যাবতীয় শয়তান ও বিষধর জন্তু থেকে এবং যাবতীয় ক্ষতিকর চক্ষু (বদনযর) থেকে।”[1],mismatch,0.6977,"[""The Prophet (ﷺ) used to seek Allah's protection for Al-Hasan and Al-Husain by saying:"", 'I seek protection for you in the Perfect Words of Allah from every devil and every beast, and from every envious blameworthy eye.', 'Al-Bukhari4/119.', 'كان رسول الله صلى الله عليه وسلم يعوذ الحسن والحسين "" أعيذكما بكلمات الله التامة ، من كل شيطان وهامة ، ومن كل عينِ لامة ""']","['রাসূলুল্লাহ সাল্লাল্লাহু আলাইহি ওয়াসাল্লাম হাসান ও হুসাইন রাদিয়াল্লাহু ‘আনহুমা-এর জন্য এই বলে (আল্লাহ্\u200cর) আশ্রয় প্রার্থনা করতেন-', '«أُعِيذُكُمَا بِكَلِمَاتِ اللَّهِ التَّامَّةِ مِنْ كُلِّ شَيْطَانٍ وَهَامَّةٍ، وَمِنْ كُلِّ عَيْنٍ لاَمَّةٍ».', '(উ‘ইযুকুমা বিকালিমা-তিল্লা-হিত তা-ম্মাতি মিন কুল্লি শাইতানিওঁয়া হা-ম্মাহ্\u200c, ওয়ামিন কুল্লি আইনিল্লা-ম্মাহ্\u200c)।', '“আমি তোমাদের দু’জনকে আল্লাহ্\u200cর পরিপূর্ণ কালেমাসমূহের আশ্রয়ে নিচ্ছি যাবতীয় শয়তান ও বিষধর জন্তু থেকে এবং যাবতীয় ক্ষতিকর চক্ষু (বদনযর) থেকে।”[1]', '[1] বুখারী ৪/১১৯, নং ৩৩৭১; ইবন আব্বাস রাদিয়াল্লাহু আনহুমার হাদীস থেকে।']"
147,49,Chapter: When visiting the sick,الدعاء للمريض في عيادته,49.0,রোগী দেখতে গিয়ে তার জন্য দো‘আ,Lā ba'sa ṭahūrun in shā Allāh.,"Do not worry, it will be a purification (for you), Allah willing.",লা বা’সা তুহুরুন ইন শা-আল্লা-হ,"“কোনো ক্ষতি নেই, আল্লাহ যদি চান তো (রোগটি গুনাহ থেকে) পবিত্রকারী হবে।”[1]",لا بأْسَ طَهـورٌ إِنْ شـاءَ الله,«لاَ بأْسَ طَهُورٌ إِنْ شَاءَ اللَّهُ».,"Al-Bukhari, cf. Al-Asqalani Fathul-Bari 10/118.",,,,exact_match,1.0,"[""Lā ba'sa ṭahūrun in shā Allāh."", 'Do not worry, it will be a purification (for you), Allah willing.', 'Al-Bukhari, cf. Al-Asqalani Fathul-Bari 10/118.', 'لا بأْسَ طَهـورٌ إِنْ شـاءَ الله']","['«لاَ بأْسَ طَهُورٌ إِنْ شَاءَ اللَّهُ».', '(লা বা’সা তুহুরুন ইন শা-আল্লা-হ)।', '“কোনো ক্ষতি নেই, আল্লাহ যদি চান তো (রোগটি গুনাহ থেকে) পবিত্রকারী হবে।”[1]']"
148,49,Chapter: When visiting the sick,الدعاء للمريض في عيادته,49.0,রোগী দেখতে গিয়ে তার জন্য দো‘আ,As'alullāha ‘l-`Aẓīma Rabba ‘l-`Arshil-`Aẓīmi an yashfiyak.,"I ask Almighty Allah, Lord of the Magnificent Throne, to make you well. (Recite seven times in Arabic .)","আসআলুল্লা-হাল ‘আযীম, রব্বাল ‘আরশিল ‘আযীম, আঁই ইয়াশফিয়াকা","“আমি মহান আল্লাহ্‌র কাছে চাচ্ছি, যিনি মহান আরশের রব, তিনি যেন আপনাকে রোগমুক্তি প্রদান করেন।”[2] (সাতবার)",أَسْـأَلُ اللهَ العَـظيـم، رَبَّ العَـرْشِ العَـظيـم أَنْ يَشْفـيك . (سبع مرات),«أَسْأَلُ اللَّهَ الْعَظيمَ رَبَّ الْعَرْشِ الْعَظِيمِ أَنْ يَشْفيَكَ» (সাতবার),"At-Tirmidhi, Abu Dawud. See also Al-Albani, Sahih At-Tirmidhi 2/210 and Sahihul-Jami' As-Saghir 5/180.","[2] নবী সাল্লাল্লাহু আলাইহি ওয়াসাল্লাম বলেন, কেউ মৃত্যু আসন্ন নয় এমন কোনো রোগীকে দেখতে গেলে, সে তার সামনে এই দো‘আ সাতবার পাঠ করবে, এর ফলে আল্লাহ তাকে (মৃত্যু আসন্ন না হলে) রোগমুক্ত করবেন। এ দো‘আ সাতবার পড়বে। তিরমিযী, নং ২০৮৩; আবূ দাউদ, নং ৩১০৬। আরও দেখুন, ২/২১০; সহীহুল জামে‘ ৫/১৮০।",,,mismatch,0.8571,"[""As'alullāha ‘l-`Aẓīma Rabba ‘l-`Arshil-`Aẓīmi an yashfiyak."", 'I ask Almighty Allah, Lord of the Magnificent Throne, to make you well. (Recite seven times in Arabic .)', ""At-Tirmidhi, Abu Dawud. See also Al-Albani, Sahih At-Tirmidhi 2/210 and Sahihul-Jami' As-Saghir 5/180."", 'أَسْـأَلُ اللهَ العَـظيـم، رَبَّ العَـرْشِ العَـظيـم أَنْ يَشْفـيك . (سبع مرات)']","['«أَسْأَلُ اللَّهَ الْعَظيمَ رَبَّ الْعَرْشِ الْعَظِيمِ أَنْ يَشْفيَكَ» (সাতবার)', '(আসআলুল্লা-হাল ‘আযীম, রব্বাল ‘আরশিল ‘আযীম, আঁই ইয়াশফিয়াকা)। (সাতবার)', '“আমি মহান আল্লাহ্\u200cর কাছে চাচ্ছি, যিনি মহান আরশের রব, তিনি যেন আপনাকে রোগমুক্তি প্রদান করেন।”[2] (সাতবার)', '[1] বুখারী (ফাতহুল বারীসহ) ১০/১১৮, নং ৩৬১৬।', '[2] নবী সাল্লাল্লাহু আলাইহি ওয়াসাল্লাম বলেন, কেউ মৃত্যু আসন্ন নয় এমন কোনো রোগীকে দেখতে গেলে, সে তার সামনে এই দো‘আ সাতবার পাঠ করবে, এর ফলে আল্লাহ তাকে (মৃত্যু আসন্ন না হলে) রোগমুক্ত করবেন। এ দো‘আ সাতবার পড়বে। তিরমিযী, নং ২০৮৩; আবূ দাউদ, নং ৩১০৬। আরও দেখুন, ২/২১০; সহীহুল জামে‘ ৫/১৮০।']"
149,50,Chapter: Excellence of visiting the sick,فضل عيادة المريض,50.0,রোগী দেখতে যাওয়ার ফযীলত,,"When a man goes to visit his sick Muslim brother, he walks along a path of Paradise until he sits, and when he sits he is cloaked in mercy. If he comes in the morning, seventy thousand angels pray for him until evening, and if he comes in the evening, seventy thousand angels pray for him until morning.",,"রাসূলুল্লাহ সাল্লাল্লাহু আলাইহি ওয়াসাল্লাম বলেছেন, “যখন কোনো লোক তার মুসলিম ভাইকে দেখতে যায়, তখন সে না বসা পর্যন্ত যেন জান্নাতে ফল আহরণে বিচরণ করতে থাকে। অতঃপর যখন সে (রোগীর পাশে) বসে, (আল্লাহ্‌র) রহমত তাকে ঢেকে ফেলে। সময়টা যদি সকাল বেলা হয় তবে সত্তর হাজার ফেরেশতা তার জন্য ক্ষমা ও কল্যাণের দো‘আ করতে থাকে বিকাল হওয়া পর্যন্ত। আর যতি সময়টা বিকাল বেলা হয় তবে সত্তর হাজার ফেরেশতা তার জন্য রহমতের দো‘আ করতে থাকে সকাল হওয়া পর্যন্ত।”[1]",قَالَ صلى الله عليه وسلم: (إِذَا عَادَ الرَّجُلُ أَخَاهُ الْمُسْلِمَ مَشَى فِي خِرَافَةِ الْجَنَّةِ حَتَّى يَجْلِسَ، فَإِذَا جَلَسَ غَمَرَتْهُ الرَّحْمَةُ، فَإِنْ كَانَ غُدْوَةً صَلَّى عَلَيْهِ سَبْعُونَ أَلْفَ مَلَكٍ حَتَّى يُمْسِيَ، وَإِنْ كَانَ مَسَاءً صَلَّى عَلَيْهِ سَبْعُونَ أَلْفَ مَلَكٍ حَتَّى يُصْبِحَ),,,"[1] তিরমিযী, নং ৯৬৯; ইবন মাজাহ্‌, নং ১৪৪২; আহমাদ, নং ৯৭৫। আরও দেখুন, সহীহ ইবন মাজাহ্ ১/২৪৪; সহীহুত তিরমিযী, ১/২৮৬। তাছাড়া শাইখ আহমাদ শাকেরও হাদীসটি বিশুদ্ধ বলেছেন।",,,one_missing,,"['When a man goes to visit his sick Muslim brother, he walks along a path of Paradise until he sits, and when he sits he is cloaked in mercy. If he comes in the morning, seventy thousand angels pray for him until evening, and if he comes in the evening, seventy thousand angels pray for him until morning.', 'قَالَ صلى الله عليه وسلم: (إِذَا عَادَ الرَّجُلُ أَخَاهُ الْمُسْلِمَ مَشَى فِي خِرَافَةِ الْجَنَّةِ حَتَّى يَجْلِسَ، فَإِذَا جَلَسَ غَمَرَتْهُ الرَّحْمَةُ، فَإِنْ كَانَ غُدْوَةً صَلَّى عَلَيْهِ سَبْعُونَ أَلْفَ مَلَكٍ حَتَّى يُمْسِيَ، وَإِنْ كَانَ مَسَاءً صَلَّى عَلَيْهِ سَبْعُونَ أَلْفَ مَلَكٍ حَتَّى يُصْبِحَ)']","['রাসূলুল্লাহ সাল্লাল্লাহু আলাইহি ওয়াসাল্লাম বলেছেন, “যখন কোনো লোক তার মুসলিম ভাইকে দেখতে যায়, তখন সে না বসা পর্যন্ত যেন জান্নাতে ফল আহরণে বিচরণ করতে থাকে। অতঃপর যখন সে (রোগীর পাশে) বসে, (আল্লাহ্\u200cর) রহমত তাকে ঢেকে ফেলে। সময়টা যদি সকাল বেলা হয় তবে সত্তর হাজার ফেরেশতা তার জন্য ক্ষমা ও কল্যাণের দো‘আ করতে থাকে বিকাল হওয়া পর্যন্ত। আর যতি সময়টা বিকাল বেলা হয় তবে সত্তর হাজার ফেরেশতা তার জন্য রহমতের দো‘আ করতে থাকে সকাল হওয়া পর্যন্ত।”[1]', '[1] তিরমিযী, নং ৯৬৯; ইবন মাজাহ্\u200c, নং ১৪৪২; আহমাদ, নং ৯৭৫। আরও দেখুন, সহীহ ইবন মাজাহ্ ১/২৪৪; সহীহুত তিরমিযী, ১/২৮৬। তাছাড়া শাইখ আহমাদ শাকেরও হাদীসটি বিশুদ্ধ বলেছেন।']"
150,51,Chapter: When the sick have renounced all hope of life,دعاء المريض الذي يئس من حياته,51.0,জীবনের আশা ছেড়ে দেওয়া রোগীর দো‘আ,Allāhumma’ghfir lī warḥamnī wa alḥiqnī bir-rafīqi ‘l-'A`alā.,"O Allah, forgive me and have mercy upon me, and join me with the highest companions (in Paradise).",আল্লা-হুম্মাগফিরলী ওয়ারহামনী ওয়া আলহিক্বনী বির রফীক্বিল আ‘লা,"“হে আল্লাহ! আমাকে ক্ষমা করুন, আমার প্রতি দয়া করুন এবং আমাকে সর্বোচ্চ বন্ধুর সঙ্গ পাইয়ে দিন।”[1]",أللّهُـمَّ اغْفِـرْ لي وَارْحَمْـني وَأَلْحِقْـني بِالرَّفـيقِ الأّعْلـى,«اللَّهُمَّ اغْفِرْ لِي، وَارْحَمْنِي، وَأَلْحِقْنِي بِالرَّفِيقِ الْأَعْلَى».,"Al-Bukhari7/10, Muslim 4/1893.",,,,exact_match,1.0,"[""Allāhumma’ghfir lī warḥamnī wa alḥiqnī bir-rafīqi ‘l-'A`alā."", 'O Allah, forgive me and have mercy upon me, and join me with the highest companions (in Paradise).', 'Al-Bukhari7/10, Muslim 4/1893.', 'أللّهُـمَّ اغْفِـرْ لي وَارْحَمْـني وَأَلْحِقْـني بِالرَّفـيقِ الأّعْلـى']","['«اللَّهُمَّ اغْفِرْ لِي، وَارْحَمْنِي، وَأَلْحِقْنِي بِالرَّفِيقِ الْأَعْلَى».', '(আল্লা-হুম্মাগফিরলী ওয়ারহামনী ওয়া আলহিক্বনী বির রফীক্বিল আ‘লা)।', '“হে আল্লাহ! আমাকে ক্ষমা করুন, আমার প্রতি দয়া করুন এবং আমাকে সর্বোচ্চ বন্ধুর সঙ্গ পাইয়ে দিন।”[1]']"
151,51,Chapter: When the sick have renounced all hope of life,دعاء المريض الذي يئس من حياته,51.0,জীবনের আশা ছেড়ে দেওয়া রোগীর দো‘আ,"As he was dying, the Prophet (ﷺ) dipped his hands in water and wiped his face saying:","There is none worthy of worship but Allah, surely death has agonies.","লা ইলা-হা ইল্লাল্লা-হ, ইন্না লিল মাওতি সাকারা-তিন","“রাসূলুল্লাহ সাল্লাল্লাহু আলাইহি ওয়াসাল্লাম মৃত্যুর সময় তাঁর দু’হাত পানিতে প্রবেশ করিয়ে তা দিয়ে তাঁর চেহারা মুছছিলেন এবং বলছিলেন,",جعل النبي صلى الله عليه وسلم عند موته يدخل يديه في الماء فيمسح بهما وجههُ ويقول : لا إله إلا الله إن للموت لسكرات,« لاَ إِلَهَ إِلاَّ اللَّهُ إِنَّ لِلْمَوْتِ سَكَرَاتٍ».,"Al-Bukhari, cf. Al-Asqalani, Fathul-Bari 8/144. The Hadith also mention him using the Siivak (tooth stick).",,,"“আল্লাহ ব্যতীত কোনো হক্ব ইলাহ নেই, নিশ্চয় মৃত্যুর রয়েছে বিভিন্ন প্রকার ভয়াবহ কষ্ট।”[2]",mismatch,0.4286,"['As he was dying, the Prophet (ﷺ) dipped his hands in water and wiped his face saying:', 'There is none worthy of worship but Allah, surely death has agonies.', 'Al-Bukhari, cf. Al-Asqalani, Fathul-Bari 8/144. The Hadith also mention him using the Siivak (tooth stick).', 'جعل النبي صلى الله عليه وسلم عند موته يدخل يديه في الماء فيمسح بهما وجههُ ويقول : لا إله إلا الله إن للموت لسكرات']","['“রাসূলুল্লাহ সাল্লাল্লাহু আলাইহি ওয়াসাল্লাম মৃত্যুর সময় তাঁর দু’হাত পানিতে প্রবেশ করিয়ে তা দিয়ে তাঁর চেহারা মুছছিলেন এবং বলছিলেন,', '« لاَ إِلَهَ إِلاَّ اللَّهُ إِنَّ لِلْمَوْتِ سَكَرَاتٍ».', '(লা ইলা-হা ইল্লাল্লা-হ, ইন্না লিল মাওতি সাকারা-তিন)', '“আল্লাহ ব্যতীত কোনো হক্ব ইলাহ নেই, নিশ্চয় মৃত্যুর রয়েছে বিভিন্ন প্রকার ভয়াবহ কষ্ট।”[2]']"
152,51,Chapter: When the sick have renounced all hope of life,دعاء المريض الذي يئس من حياته,51.0,জীবনের আশা ছেড়ে দেওয়া রোগীর দো‘আ,"Lā ilāha illallāh wallāhu Akbar, lā ilāha illallāhu waḥdah, lā ilāha illallāh waḥdahu lā sharīka lah, lā ilāha illallāh lahu ‘l-mulku wa lahu ‘l-ḥamd, lā ilāha illallāh wa lā ḥawla wa lā quwwata illā billāh.","There is none worthy of worship but Allah, Allah is the Most Great. None has the right to be worshipped but Allah alone. None has the right to be worshipped but Allah alone, Who has no partner. There is none worthy of worship but Allah, His is the dominion and His is the praise. There is none worthy of worship but Allah, there is no power and no might but by Allah.","লা ইলা-হা ইল্লাল্লা-হু, আল্লা-হু আকবার, লা ইলা-হা ইল্লাল্লা-হু ওয়াহদাহু, লা ইলা-হা ইল্লাল্লা-হু ওয়াহদাহু লা শারীকা লাহু, লা ইলা-হা ইল্লাল্লা-হু লাহুল মুলকু ওয়ালাহুল হামদু, লা ইলা-হা ইল্লাল্লা-হু ওয়ালা হাউলা ওয়ালা কুওয়াতা ইল্লা বিল্লা-হ","“আল্লাহ ব্যতীত কোনো হক্ব ইলাহ নেই, আল্লাহ মহান। একমাত্র আল্লাহ ব্যতীত কোনো হক্ব ইলাহ নেই। একমাত্র আল্লাহ ব্যতীত কোনো হক্ব ইলাহ নেই, তাঁর কোনো শরীক নেই। আল্লাহ ব্যতীত কোনো হক্ব ইলাহ নেই, যাবতীয় রাজত্ব তাঁরই, তার জন্যই সকল প্রশংসা, আল্লাহ ব্যতীত কোনো হক্ব ইলাহ নেই, আল্লাহর সাহায্য ছাড়া (পাপ কাজ থেকে দূরে থাকার) কোনো উপায় এবং (সৎকাজ করার) কোনো শক্তি নেই।”[3]",لا إلهَ إلاّ اللّهُ وَاللّهُ أَكْبَـر، لا إلهَ إلاّ اللّهُ وحْـدَهُ، لا إلهَ إلاّ اللّهُ وحْـدَهُ لا شَريكَ لهُ، لا إلهَ إلاّ اللّهُ لهُ المُلكُ ولهُ الحَمْد، لا إلهَ إلاّ اللّهُ وَلا حَـوْلَ وَلا قُـوَّةَ إِلاّ بِالله,«لاَ إِلَهَ إِلاَّ اللَّهُ وَاللَّهُ أَكْبَرُ، لاَ إِلَهَ إِلاَّ اللَّهُ وَحْدَهُ، لاَ إِلَهَ إِلاَّ اللَّهُ وَحْدَهُ لاَ شَرِيكَ لَهُ، لاَ إِلَهَ إِلاَّ اللَّهُ لَهُ المُلْكُ وَلَهُ الْحَمْدُ، لاَ إِلَهَ إِلاَّ اللَّهُ وَلاَ حَوْلَ وَلاَ قُوَّةَ إِلاَّ بِاللَّهِ».,"At-Tirmidhi and Ibn Majah. See also Al-Albani, Sahih At-Tirmidhi 3/152 and Sahih Ibn Majah 2/317.","[3] হাদীসটি ইমাম তিরমিযী সংকলন করেছেন, নং ৩৪৩০; ইবন মাজাহ্‌, নং ৩৭৯৪; আর শাইখ আলবানী একে সহীহ বলেছেন। দেখুন, সহীহুত তিরমিযী ৩/১৫২; সহীহ ইবন মাজাহ ২/৩১৭।",,,exact_match,1.0,"['Lā ilāha illallāh wallāhu Akbar, lā ilāha illallāhu waḥdah, lā ilāha illallāh waḥdahu lā sharīka lah, lā ilāha illallāh lahu ‘l-mulku wa lahu ‘l-ḥamd, lā ilāha illallāh wa lā ḥawla wa lā quwwata illā billāh.', 'There is none worthy of worship but Allah, Allah is the Most Great. None has the right to be worshipped but Allah alone. None has the right to be worshipped but Allah alone, Who has no partner. There is none worthy of worship but Allah, His is the dominion and His is the praise. There is none worthy of worship but Allah, there is no power and no might but by Allah.', 'At-Tirmidhi and Ibn Majah. See also Al-Albani, Sahih At-Tirmidhi 3/152 and Sahih Ibn Majah 2/317.', 'لا إلهَ إلاّ اللّهُ وَاللّهُ أَكْبَـر، لا إلهَ إلاّ اللّهُ وحْـدَهُ، لا إلهَ إلاّ اللّهُ وحْـدَهُ لا شَريكَ لهُ، لا إلهَ إلاّ اللّهُ لهُ المُلكُ ولهُ الحَمْد، لا إلهَ إلاّ اللّهُ وَلا حَـوْلَ وَلا قُـوَّةَ إِلاّ بِالله']","['«لاَ إِلَهَ إِلاَّ اللَّهُ وَاللَّهُ أَكْبَرُ، لاَ إِلَهَ إِلاَّ اللَّهُ وَحْدَهُ، لاَ إِلَهَ إِلاَّ اللَّهُ وَحْدَهُ لاَ شَرِيكَ لَهُ، لاَ إِلَهَ إِلاَّ اللَّهُ لَهُ المُلْكُ وَلَهُ الْحَمْدُ، لاَ إِلَهَ إِلاَّ اللَّهُ وَلاَ حَوْلَ وَلاَ قُوَّةَ إِلاَّ بِاللَّهِ».', '(লা ইলা-হা ইল্লাল্লা-হু, আল্লা-হু আকবার, লা ইলা-হা ইল্লাল্লা-হু ওয়াহদাহু, লা ইলা-হা ইল্লাল্লা-হু ওয়াহদাহু লা শারীকা লাহু, লা ইলা-হা ইল্লাল্লা-হু লাহুল মুলকু ওয়ালাহুল হামদু, লা ইলা-হা ইল্লাল্লা-হু ওয়ালা হাউলা ওয়ালা কুওয়াতা ইল্লা বিল্লা-হ)', '“আল্লাহ ব্যতীত কোনো হক্ব ইলাহ নেই, আল্লাহ মহান। একমাত্র আল্লাহ ব্যতীত কোনো হক্ব ইলাহ নেই। একমাত্র আল্লাহ ব্যতীত কোনো হক্ব ইলাহ নেই, তাঁর কোনো শরীক নেই। আল্লাহ ব্যতীত কোনো হক্ব ইলাহ নেই, যাবতীয় রাজত্ব তাঁরই, তার জন্যই সকল প্রশংসা, আল্লাহ ব্যতীত কোনো হক্ব ইলাহ নেই, আল্লাহর সাহায্য ছাড়া (পাপ কাজ থেকে দূরে থাকার) কোনো উপায় এবং (সৎকাজ করার) কোনো শক্তি নেই।”[3]', '[1] বুখারী ৭/১০, নং ৪৪৩৫; মুসলিম ৪/১৮৯৩, নং ২৪৪৪।', '[2] বুখারী, (ফাতহুল বারীসহ), ৮/১৪৪, নং ৪৪৪৯; তবে হাদীসে মিসওয়াকের উল্লেখও এসেছে।', '[3] হাদীসটি ইমাম তিরমিযী সংকলন করেছেন, নং ৩৪৩০; ইবন মাজাহ্\u200c, নং ৩৭৯৪; আর শাইখ আলবানী একে সহীহ বলেছেন। দেখুন, সহীহুত তিরমিযী ৩/১৫২; সহীহ ইবন মাজাহ ২/৩১৭।']"
153,52,Chapter: Instruction for the one nearing death,تلقين المحتضر لا إله إلا الله,52.0,মরণাপন্ন ব্যক্তিকে তালক্বীন (কালেমা স্মরণ করিয়ে দেওয়া),Lā ilāha illallāh,Whoever dies with the last words (whose meaning is):,লা ইলা-হা ইল্লাল্লা-হ,“যার শেষ কথা হবে-,"من كان آخر كلامه ""لا إله إلا الله"" دخل الجنة",لاَ إِلَهَ إِلاَّ اللَّهُ.,"Abu Dawud 3/190. See also Al-Albani, Sahihul-Jami' As-Saghir 5/432.","[1] আবূ দাউদ ৩/১৯০, নং ৩১১৬; আরও দেখুন, সহীহুল জামে‘ ৫/৪৩২।",,‘আল্লাহ ব্যতীত কোনো হক্ব ইলাহ নেই’— সে জান্নাতে প্রবেশ করবে।”[1],mismatch,0.5263,"['Lā ilāha illallāh', 'Whoever dies with the last words (whose meaning is):', ""Abu Dawud 3/190. See also Al-Albani, Sahihul-Jami' As-Saghir 5/432."", 'من كان آخر كلامه ""لا إله إلا الله"" دخل الجنة']","['“যার শেষ কথা হবে-', 'لاَ إِلَهَ إِلاَّ اللَّهُ.', '(লা ইলা-হা ইল্লাল্লা-হ)', '‘আল্লাহ ব্যতীত কোনো হক্ব ইলাহ নেই’— সে জান্নাতে প্রবেশ করবে।”[1]', '[1] আবূ দাউদ ৩/১৯০, নং ৩১১৬; আরও দেখুন, সহীহুল জামে‘ ৫/৪৩২।']"
154,53,Chapter: For one afflicted by a calamity,دعاء من أصيب بمصيبة,53.0,কোনো মুসিবতে পতিত ব্যক্তির দো‘আ,"Innā lillāhi wa innā ilayhi rāji`ūn, Allāhumma-jurni fī muṣībatī wa 'khluf lī khayran minhā.",We are from Allah and unto Him we return. O Allah take me out of my plight and bring to me after it something better.,ইন্না লিল্লা-হি ওয়া ইন্না ইলাইহি রাজি‘উন। আল্লা-হুম্মা আজুরনী ফী মুসীবাতী ওয়াখলুফ লী খাইরাম মিনহা,“আমরা তো আল্লাহ্‌রই। আর নিশ্চয় আমরা তাঁর দিকেই প্রত্যাবর্তনকারী। হে আল্লাহ! আমাকে আমার বিপদে সওয়াব দিন এবং আমার জন্য তার চেয়েও উত্তম কিছু স্থলাভিষিক্ত করে দিন।”[1],إِنّا للهِ وَإِنَا إِلَـيْهِ راجِعـون ، اللهُـمِّ اْجُـرْني في مُصـيبَتي، وَاخْلُـفْ لي خَيْـراً مِنْـها,«إِنَّا لِلَّهِ وَإِنَّا إِلَيْهِ رَاجِعُونَ، اللَّهُمَّ أْجُرْنِي فِي مُصِيبَتِي، وَأَخْلِفْ لِي خَيْرَاً مِنْهَا».,Muslim 2/632.,"[1] মুসলিম ২/৬৩২, নং ৯১৮।",,,exact_match,1.0,"[""Innā lillāhi wa innā ilayhi rāji`ūn, Allāhumma-jurni fī muṣībatī wa 'khluf lī khayran minhā."", 'We are from Allah and unto Him we return. O Allah take me out of my plight and bring to me after it something better.', 'Muslim 2/632.', 'إِنّا للهِ وَإِنَا إِلَـيْهِ راجِعـون ، اللهُـمِّ اْجُـرْني في مُصـيبَتي، وَاخْلُـفْ لي خَيْـراً مِنْـها']","['«إِنَّا لِلَّهِ وَإِنَّا إِلَيْهِ رَاجِعُونَ، اللَّهُمَّ أْجُرْنِي فِي مُصِيبَتِي، وَأَخْلِفْ لِي خَيْرَاً مِنْهَا».', '(ইন্না লিল্লা-হি ওয়া ইন্না ইলাইহি রাজি‘উন। আল্লা-হুম্মা আজুরনী ফী মুসীবাতী ওয়াখলুফ লী খাইরাম মিনহা)।', '“আমরা তো আল্লাহ্\u200cরই। আর নিশ্চয় আমরা তাঁর দিকেই প্রত্যাবর্তনকারী। হে আল্লাহ! আমাকে আমার বিপদে সওয়াব দিন এবং আমার জন্য তার চেয়েও উত্তম কিছু স্থলাভিষিক্ত করে দিন।”[1]', '[1] মুসলিম ২/৬৩২, নং ৯১৮।']"
155,54,Chapter: When closing the eyes of the deceased,الدعاء عند إغماض الميت,54.0,মৃত ব্যক্তির চোখ বন্ধ করানোর দো‘আ,"Allāhumma’ghfir li (name of the person) warfa` darajatahu fi ‘l-mahdiyyīn, wakhlufhu fī `aqibihi fi ‘l-ghābirīn, wagh’fir-lanā wa lahu yā Rabba ‘l-`ālamīn, wafsaḥ lahu fī qabrihi wa nawwir lahu fīh.","O Allah, forgive [name of the person] and elevate his station among those who are guided. Send him along the path of those who came before, and forgive us and him, O Lord of the worlds. Enlarge for him his grave, and shed light upon him in it.",আল্লা-হুম্মাগফির লি ফুলা-নিন (মৃতের নাম বলবে,"“হে আল্লাহ! আপনি অমুককে (মৃত ব্যক্তির নাম ধরে) ক্ষমা করুন; যারা হেদায়াত লাভ করেছে, তাদের মাঝে তার মর্যাদা উঁচু করে দিন; যারা রয়ে গেছে তাদের মাঝে তার বংশধরদের ক্ষেত্রে আপনি তার প্রতিনিধি হোন। হে সৃষ্টিকুলের রব! আমাদের ও তার গুনাহ মাফ করে দিন। তার জন্য তার কবরকে প্রশস্ত করে দিন এবং তার জন্য তা আলোকময় করে দিন।”[1]",اللهُـمِّ اغْفِـرْ لِـفلان (باسـمه) وَارْفَعْ دَرَجَتَـهُ في المَهْـدِييـن ، وَاخْـلُفْـهُ في عَقِـبِهِ في الغابِـرين، وَاغْفِـرْ لَنـا وَلَـهُ يا رَبَّ العـالَمـين، وَافْسَـحْ لَهُ في قَبْـرِهِ وَنَـوِّرْ لَهُ فيه,«اللَّهُمَّ اغْفِرْ لِفُلاَنٍ (بِاسْمِهِ) وَارْفَعْ دَرَجَتَهُ فِي الْمَهْدِيِّينَ، وَاخْلُفْهُ فِي عَقِبِهِ فِي الْغَابِرِينَ، وَاغْفِرْ لَنَا وَلَهُ يَا رَبَّ الْعَالَمِينَ، وَافْسَحْ لَهُ فِي قَبْرِهِ، وَنَوِّرْ لَهُ فِيهِ».,Muslim 2/634.,"[1] মুসলিম ২/৬৩৪, নং ৯২০।",,,exact_match,1.0,"['Allāhumma’ghfir li (name of the person) warfa` darajatahu fi ‘l-mahdiyyīn, wakhlufhu fī `aqibihi fi ‘l-ghābirīn, wagh’fir-lanā wa lahu yā Rabba ‘l-`ālamīn, wafsaḥ lahu fī qabrihi wa nawwir lahu fīh.', 'O Allah, forgive [name of the person] and elevate his station among those who are guided. Send him along the path of those who came before, and forgive us and him, O Lord of the worlds. Enlarge for him his grave, and shed light upon him in it.', 'Muslim 2/634.', 'اللهُـمِّ اغْفِـرْ لِـفلان (باسـمه) وَارْفَعْ دَرَجَتَـهُ في المَهْـدِييـن ، وَاخْـلُفْـهُ في عَقِـبِهِ في الغابِـرين، وَاغْفِـرْ لَنـا وَلَـهُ يا رَبَّ العـالَمـين، وَافْسَـحْ لَهُ في قَبْـرِهِ وَنَـوِّرْ لَهُ فيه']","['«اللَّهُمَّ اغْفِرْ لِفُلاَنٍ (بِاسْمِهِ) وَارْفَعْ دَرَجَتَهُ فِي الْمَهْدِيِّينَ، وَاخْلُفْهُ فِي عَقِبِهِ فِي الْغَابِرِينَ، وَاغْفِرْ لَنَا وَلَهُ', 'يَا رَبَّ الْعَالَمِينَ، وَافْسَحْ لَهُ فِي قَبْرِهِ، وَنَوِّرْ لَهُ فِيهِ».', '(আল্লা-হুম্মাগফির লি ফুলা-নিন (মৃতের নাম বলবে) ওয়ারফা‘ দারাজাতাহু ফিল মাহদিয়্যীন, ওয়াখলুফহু ফী ‘আক্বিবিহী ফিল গা-বিরীন, ওয়াগফির লানা ওয়ালাহু ইয়া রব্বাল আ-লামীন। ওয়াফসাহ্\u200c লাহু ফী ক্বাবরিহী ওয়া নাউইর লাহু ফী-হি)।', '“হে আল্লাহ! আপনি অমুককে (মৃত ব্যক্তির নাম ধরে) ক্ষমা করুন; যারা হেদায়াত লাভ করেছে, তাদের মাঝে তার মর্যাদা উঁচু করে দিন; যারা রয়ে গেছে তাদের মাঝে তার বংশধরদের ক্ষেত্রে আপনি তার প্রতিনিধি হোন। হে সৃষ্টিকুলের রব! আমাদের ও তার গুনাহ মাফ করে দিন। তার জন্য তার কবরকে প্রশস্ত করে দিন এবং তার জন্য তা আলোকময় করে দিন।”[1]', '[1] মুসলিম ২/৬৩৪, নং ৯২০।']"
156,55,Chapter: For the deceased at the funeral prayer,الدعاء للميت في الصلاة عليه,55.0,মৃত ব্যক্তির জন্য জানাযার সালাতে দো‘আ,"Allāhumma’ghfir lahu warḥamh, wa `āfihi, wa`fu `anh, wa akrim nuzulah, wa wassi` mudkhalah, wagh’silhu bi ‘lmā'i wath-thalji walbarad, wa naqqihi mina ‘l-khaṭāyā kamā naqqaytath-thawba ‘l-abyaḍa minad-danas, wa abdilhu dāran khayran min dārih, wa ahlan khayran min ahlih, wa zawjan khayran min zawjih, wa adkhilhu ‘l-jannah, wa a`idhhu min `adhābi ‘l-qabri [wa `adhābin-nār].","O Allah, forgive him and have mercy on him, and give him strength and pardon him. Be generous to him, and cause his entrance to be wide, and wash him with water and snow and hail. Cleanse him of his transgressions as white cloth is cleansed of stains. Give him an abode better than his home, and a family better than his family, and a wife better than his wife. Take him into Paradise, and protect him from the punishment of the grave [and from the punishment of Hell-fire].","আল্লা-হুম্মাগফির লাহু, ওয়ারহামহু, ওয়া ‘আ-ফিহি, ওয়া‘ফু ‘আনহু, ওয়া আকরিম নুযুলাহু, ওয়াওয়াসসি‘ মুদখালাহু, ওয়াগসিলহু বিলমা-য়ি ওয়াস্‌সালজি ওয়ালবারাদি, ওয়ানাক্বক্বিহি মিনাল খাতা-ইয়া কামা নাক্কাইতাস সাওবাল আবইয়াদা মিনাদদানাসি, ওয়া আবদিলহু দা-রান খাইরাম মিন দা-রিহি, ওয়া আহলান খাইরাম মিন আহলিহি, ওয়া যাওজান খাইরাম মিন যাওজিহি, ওয়া আদখিলহুল জান্নাতা, ওয়া আ‘য়িযহু মিন ‘আযা-বিল ক্বাবরি [ওয়া ‘আযাবিন্না-র]","“হে আল্লাহ! আপনি তাকে ক্ষমা করুন, তাকে দয়া করুন, তাকে পূর্ণ নিরাপত্তায় রাখুন, তাকে মাফ করে দিন, তার মেহমানদারীকে মর্যাদাপূর্ণ করুন, তার প্রবেশস্থান কবরকে প্রশস্ত করে দিন। আর আপনি তাকে ধৌত করুন পানি, বরফ ও শিলা দিয়ে, আপনি তাকে গুনাহ থেকে এমনভাবে পরিষ্কার করুন যেমন সাদা কাপড়কে ময়লা থেকে পরিষ্কার করেছেন। আর তাকে তার ঘরের পরিবর্তে উত্তম ঘর, তার পরিবারের বদলে উত্তম পরিবার ও তার জোড়ের (স্ত্রী/স্বামীর) চেয়ে উত্তম জোড় প্রদান করুন। আর আপনি তাকে জান্নাতে প্রবেশ করান এবং তাকে কবরের আযাব [ও জাহান্নামের আযাব] থেকে রক্ষা করুন”[1]।",,«اللَّهُمَّ اغْفِرْ لَهُ وَارْحَمْهُ، وَعَافِهِ، وَاعْفُ عَنْهُ، وَأَكْرِمْ نُزُلَهُ، وَوَسِّعْ مُدْخَلَهُ، وَاغْسِلْهُ بِالْمَاءِ وَالثَّلْجِ وَالْبَرَدِ، وَنَقِّهِ مِنَ الْخَطَايَا كَمَا نَقَّيْتَ الثَّوْبَ الأَبْيَضَ مِنَ الدَّنَسِ، وَأَبْدِلْهُ دَاراً خَيْراً مِنْ دَارِهِ، وَأَهْلاً خَيْراً مِنْ أَهْلِهِ، وَزَوْجَاً خَيْراً مِنْ زَوْجِهِ، وَأَدْخِلْهُ الْجَنَّةَ، وَأَعِذْهُ مِنْ عَذَابِ القَبْرِ [وَعَذَابِ النَّارِ]».,Muslim 2/663.,,,,one_missing,,"[""Allāhumma’ghfir lahu warḥamh, wa `āfihi, wa`fu `anh, wa akrim nuzulah, wa wassi` mudkhalah, wagh’silhu bi ‘lmā'i wath-thalji walbarad, wa naqqihi mina ‘l-khaṭāyā kamā naqqaytath-thawba ‘l-abyaḍa minad-danas, wa abdilhu dāran khayran min dārih, wa ahlan khayran min ahlih, wa zawjan khayran min zawjih, wa adkhilhu ‘l-jannah, wa a`idhhu min `adhābi ‘l-qabri [wa `adhābin-nār]."", 'O Allah, forgive him and have mercy on him, and give him strength and pardon him. Be generous to him, and cause his entrance to be wide, and wash him with water and snow and hail. Cleanse him of his transgressions as white cloth is cleansed of stains. Give him an abode better than his home, and a family better than his family, and a wife better than his wife. Take him into Paradise, and protect him from the punishment of the grave [and from the punishment of Hell-fire].', 'Muslim 2/663.']","['«اللَّهُمَّ اغْفِرْ لَهُ وَارْحَمْهُ، وَعَافِهِ، وَاعْفُ عَنْهُ، وَأَكْرِمْ نُزُلَهُ، وَوَسِّعْ مُدْخَلَهُ، وَاغْسِلْهُ بِالْمَاءِ وَالثَّلْجِ وَالْبَرَدِ، وَنَقِّهِ مِنَ الْخَطَايَا كَمَا نَقَّيْتَ الثَّوْبَ الأَبْيَضَ مِنَ الدَّنَسِ، وَأَبْدِلْهُ دَاراً خَيْراً مِنْ دَارِهِ، وَأَهْلاً خَيْراً مِنْ أَهْلِهِ، وَزَوْجَاً خَيْراً مِنْ زَوْجِهِ، وَأَدْخِلْهُ الْجَنَّةَ، وَأَعِذْهُ مِنْ عَذَابِ القَبْرِ [وَعَذَابِ النَّارِ]».', '(আল্লা-হুম্মাগফির লাহু, ওয়ারহামহু, ওয়া ‘আ-ফিহি, ওয়া‘ফু ‘আনহু, ওয়া আকরিম নুযুলাহু, ওয়াওয়াসসি‘ মুদখালাহু, ওয়াগসিলহু বিলমা-য়ি ওয়াস্\u200cসালজি ওয়ালবারাদি, ওয়ানাক্বক্বিহি মিনাল খাতা-ইয়া কামা নাক্কাইতাস সাওবাল আবইয়াদা মিনাদদানাসি, ওয়া আবদিলহু দা-রান খাইরাম মিন দা-রিহি, ওয়া আহলান খাইরাম মিন আহলিহি, ওয়া যাওজান খাইরাম মিন যাওজিহি, ওয়া আদখিলহুল জান্নাতা, ওয়া আ‘য়িযহু মিন ‘আযা-বিল ক্বাবরি [ওয়া ‘আযাবিন্না-র])।', '“হে আল্লাহ! আপনি তাকে ক্ষমা করুন, তাকে দয়া করুন, তাকে পূর্ণ নিরাপত্তায় রাখুন, তাকে মাফ করে দিন, তার মেহমানদারীকে মর্যাদাপূর্ণ করুন, তার প্রবেশস্থান কবরকে প্রশস্ত করে দিন। আর আপনি তাকে ধৌত করুন পানি, বরফ ও শিলা দিয়ে, আপনি তাকে গুনাহ থেকে এমনভাবে পরিষ্কার করুন যেমন সাদা কাপড়কে ময়লা থেকে পরিষ্কার করেছেন। আর তাকে তার ঘরের পরিবর্তে উত্তম ঘর, তার পরিবারের বদলে উত্তম পরিবার ও তার জোড়ের (স্ত্রী/স্বামীর) চেয়ে উত্তম জোড় প্রদান করুন। আর আপনি তাকে জান্নাতে প্রবেশ করান এবং তাকে কবরের আযাব [ও জাহান্নামের আযাব] থেকে রক্ষা করুন”[1]।']"
157,55,Chapter: For the deceased at the funeral prayer,الدعاء للميت في الصلاة عليه,55.0,মৃত ব্যক্তির জন্য জানাযার সালাতে দো‘আ,"Allāhumma’ghfir liḥayyinā, wa mayyitinā, wa shāhidinā, wa ghā'ibinā, wa ṣaghīrinā wa kabīrinā, wa dhakarinā wa unthānā. Allāhumma man aḥyaytahu minnā fa aḥyihi `ala ‘l-Islām, wa man tawaffaytahu minnā fatawaffahu `alal-īmān, Allāhumma lā taḥrimnā ajrah wa lā tuḍillanā ba`dah.","O Allah forgive our living and our dead, those who are with us and those who are absent, our young and our old, our menfolk and our womenfolk. O Allah, whomever you give life from among us give him life in Islam, and whomever you take away from us take him away in Faith. O Allah, do not forbid us their reward and do not send us astray after them.",আল্লা-হুম্মাগফির লিহায়্যিনা ওয়া মায়্যিতিনা ওয়া শা-হিদিনা ওয়া গা-য়িবিনা ওয়া সগীরিনা ওয়া কাবীরিনা ওয়া যাকারিনা ওয়া উনসা-না। আল্লা-হুম্মা মান আহ্ইয়াইতাহু মিন্না ফা’আহয়িহি ‘আলাল-ইসলাম। ওয়ামান তাওয়াফ্‌ফাইতাহু মিন্না ফাতাওয়াফফাহু ‘আলাল ঈমান। আল্লা-হুম্মা লা তাহরিমনা আজরাহু ওয়ালা তুদ্বিল্লান্না বা‘দাহু,"“হে আল্লাহ! আমাদের জীবিত ও মৃত, উপস্থিত ও অনুপস্থিত, ছোট ও বড় এবং নর ও নারীদেরকে ক্ষমা করুন। হে আল্লাহ! আপনি আমাদের মধ্যে যাদের আপনি জীবিত রাখবেন তাদেরকে ইসলামের উপর জীবিত রাখুন এবং যাদেরকে মৃত্যু দান করবেন তাদেরকে ঈমানের সাথে মৃত্যু দান করুন। হে আল্লাহ! আমাদেরকে তার (মৃত্যুতে ধৈয্যধারণের) সওয়াব থেকে বঞ্চিত করবেন না এবং তার (মৃত্যুর) পর আমাদেরকে পথভ্রষ্ট করবেন না।”[2]",اللهُـمِّ اغْفِـرْ لِحَيِّـنا وَمَيِّتِـنا، وَشـاهِدِنا وَغائِبِـنا ، وَصَغيـرِنا وَكَبيـرِنا ، وَذَكَـرِنا وَأُنْثـانا . اللهُـمِّ مَنْ أَحْيَيْـتَهُ مِنّا فَأَحْيِـهِ عَلى الإِسْلام ، وَمَنْ تَوَفَّـيْتَهُ مِنّا فَتَوَفَّـهُ عَلى الإِيـمان ، اللهُـمِّ لا تَحْـرِمْنـا أَجْـرَه ، وَلا تُضِـلَّنا بَعْـدَه,«اللَّهُمَّ اغْفِرْ لِحَيِّنَا وَمَيِّتِنَا، وَشَاهِدِنَا وَغَائِبِنَا، وَصَغِيرِنَا وَكَبيرِنَا، وَذَكَرِنَا وَأُنْثَانَا. اللَّهُمَّ مَنْ أَحْيَيْتَهُ مِنَّا فَأَحْيِهِ عَلَى الْإِسْلاَمِ، وَمَنْ تَوَفَّيْتَهُ مِنَّا فَتَوَفَّهُ عَلَى الإِيمَانِ، اللَّهُمَّ لاَ تَحْرِمْنَا أَجْرَهُ، وَلاَ تُضِلَّنَا بَعْدَهُ».,"Ibn Majah 1/480, Ahmad 2/368. See also Al-Albani, Sahih Ibn Majah 1/251.",,,,exact_match,1.0,"[""Allāhumma’ghfir liḥayyinā, wa mayyitinā, wa shāhidinā, wa ghā'ibinā, wa ṣaghīrinā wa kabīrinā, wa dhakarinā wa unthānā. Allāhumma man aḥyaytahu minnā fa aḥyihi `ala ‘l-Islām, wa man tawaffaytahu minnā fatawaffahu `alal-īmān, Allāhumma lā taḥrimnā ajrah wa lā tuḍillanā ba`dah."", 'O Allah forgive our living and our dead, those who are with us and those who are absent, our young and our old, our menfolk and our womenfolk. O Allah, whomever you give life from among us give him life in Islam, and whomever you take away from us take him away in Faith. O Allah, do not forbid us their reward and do not send us astray after them.', 'Ibn Majah 1/480, Ahmad 2/368. See also Al-Albani, Sahih Ibn Majah 1/251.', 'اللهُـمِّ اغْفِـرْ لِحَيِّـنا وَمَيِّتِـنا، وَشـاهِدِنا وَغائِبِـنا ، وَصَغيـرِنا وَكَبيـرِنا ، وَذَكَـرِنا وَأُنْثـانا . اللهُـمِّ مَنْ أَحْيَيْـتَهُ مِنّا فَأَحْيِـهِ عَلى الإِسْلام ، وَمَنْ تَوَفَّـيْتَهُ مِنّا فَتَوَفَّـهُ عَلى الإِيـمان ، اللهُـمِّ لا تَحْـرِمْنـا أَجْـرَه ، وَلا تُضِـلَّنا بَعْـدَه']","['«اللَّهُمَّ اغْفِرْ لِحَيِّنَا وَمَيِّتِنَا، وَشَاهِدِنَا وَغَائِبِنَا، وَصَغِيرِنَا وَكَبيرِنَا، وَذَكَرِنَا وَأُنْثَانَا. اللَّهُمَّ مَنْ أَحْيَيْتَهُ مِنَّا فَأَحْيِهِ عَلَى الْإِسْلاَمِ، وَمَنْ تَوَفَّيْتَهُ مِنَّا فَتَوَفَّهُ عَلَى الإِيمَانِ، اللَّهُمَّ لاَ تَحْرِمْنَا أَجْرَهُ، وَلاَ تُضِلَّنَا بَعْدَهُ».', '(আল্লা-হুম্মাগফির লিহায়্যিনা ওয়া মায়্যিতিনা ওয়া শা-হিদিনা ওয়া গা-য়িবিনা ওয়া সগীরিনা ওয়া কাবীরিনা ওয়া যাকারিনা ওয়া উনসা-না। আল্লা-হুম্মা মান আহ্ইয়াইতাহু মিন্না ফা’আহয়িহি ‘আলাল-ইসলাম। ওয়ামান তাওয়াফ্\u200cফাইতাহু মিন্না ফাতাওয়াফফাহু ‘আলাল ঈমান। আল্লা-হুম্মা লা তাহরিমনা আজরাহু ওয়ালা তুদ্বিল্লান্না বা‘দাহু)।', '“হে আল্লাহ! আমাদের জীবিত ও মৃত, উপস্থিত ও অনুপস্থিত, ছোট ও বড় এবং নর ও নারীদেরকে ক্ষমা করুন। হে আল্লাহ! আপনি আমাদের মধ্যে যাদের আপনি জীবিত রাখবেন তাদেরকে ইসলামের উপর জীবিত রাখুন এবং যাদেরকে মৃত্যু দান করবেন তাদেরকে ঈমানের সাথে মৃত্যু দান করুন। হে আল্লাহ! আমাদেরকে তার (মৃত্যুতে ধৈয্যধারণের) সওয়াব থেকে বঞ্চিত করবেন না এবং তার (মৃত্যুর) পর আমাদেরকে পথভ্রষ্ট করবেন না।”[2]']"
158,55,Chapter: For the deceased at the funeral prayer,الدعاء للميت في الصلاة عليه,55.0,মৃত ব্যক্তির জন্য জানাযার সালাতে দো‘আ,"Allāhumma inna [name the person] fī dhimmatik, wa ḥabli jiwārik, faqihi min fitnati ‘l-qabri wa `adhābin-nār, wa anta ahlu ‘l-wafā'i wa ‘l-ḥaqq. Faghfir lahu warḥamh innaka anta ‘l-Ghafūrur-Raḥīm.","O Allah, surely [name the person] is under Your protection, and in the rope of Your security, so save him from the trial of the grave and from the punishment of the Fire. You fulfill promises and grant rights, so forgive him and have mercy on him. Surely You are Most Forgiving, Most Merciful.","আল্লা-হুম্মা ইন্না ফুলানাবনা ফুলা-নিন ফী যিম্মাতিকা, ওয়া হাবলি জিওয়ারিকা, ফাক্বিহি মিন ফিতনাতিল ক্বাবরি ওয়া আযা-বিন না-রি, ওয়া আনতা আহলুল ওয়াফাই ওয়াল হাক্ক, ফাগফির লাহু ওয়ারহামহু, ইন্নাকা আনতাল গাফুরুর রাহীম","“হে আল্লাহ, অমুকের পুত্র অমুক আপনার যিম্মাদারীতে, আপনার প্রতিবেশিত্বের নিরাপত্তায়; সুতরাং আপনি তাকে কবরের পরীক্ষা থেকে এবং জাহান্নামের শাস্তি থেকে রক্ষা করুন। আর আপনি প্রতিশ্রুতি পূর্ণকারী এবং প্রকৃত সত্যের অধিকারী। অতএব, আপনি তাকে ক্ষমা করুন এবং তার উপর দয়া করুন। নিশ্চয় আপনি ক্ষমাশীল, দয়ালু।”[3]",اللهُـمِّ إِنَّ فُلانَ بْنَ فُلانٍ في ذِمَّـتِك ، وَحَبْـلِ جِـوارِك ، فَقِـهِ مِنْ فِتْـنَةِ الْقَـبْرِ وَعَذابِ النّـار ، وَأَنْتَ أَهْلُ الْوَفـاءِ وَالْـحَقِّ ، فَاغْفِـرْ لَهُ وَارْحَمْـهُ ، إِنَّكَ أَنْتَ الغَـفورُ الـرَّحيم,«اللَّهُمَّ إِنَّ فُلاَنَ بْنَ فُلاَنٍ فِي ذِمَّتِكَ، وَحَبْلِ جِوَارِكَ، فَقِهِ مِنْ فِتْنَةِ الْقَبْرِ، وَعَذَابِ النَّارِ، وَأَنْتَ أَهْلُ الْوَفَاءِ وَالْحَقِّ، فَاغْفِرْ لَهُ وَارْحَمْهُ إِنَّكَ أَنْتَ الغَفُورُ الرَّحيمُ».,"Ibn Majah, Abu Dawud 3/211. See also Al Albani, Sahih Ibn Majah 1/251.",,,,exact_match,1.0,"[""Allāhumma inna [name the person] fī dhimmatik, wa ḥabli jiwārik, faqihi min fitnati ‘l-qabri wa `adhābin-nār, wa anta ahlu ‘l-wafā'i wa ‘l-ḥaqq. Faghfir lahu warḥamh innaka anta ‘l-Ghafūrur-Raḥīm."", 'O Allah, surely [name the person] is under Your protection, and in the rope of Your security, so save him from the trial of the grave and from the punishment of the Fire. You fulfill promises and grant rights, so forgive him and have mercy on him. Surely You are Most Forgiving, Most Merciful.', 'Ibn Majah, Abu Dawud 3/211. See also Al Albani, Sahih Ibn Majah 1/251.', 'اللهُـمِّ إِنَّ فُلانَ بْنَ فُلانٍ في ذِمَّـتِك ، وَحَبْـلِ جِـوارِك ، فَقِـهِ مِنْ فِتْـنَةِ الْقَـبْرِ وَعَذابِ النّـار ، وَأَنْتَ أَهْلُ الْوَفـاءِ وَالْـحَقِّ ، فَاغْفِـرْ لَهُ وَارْحَمْـهُ ، إِنَّكَ أَنْتَ الغَـفورُ الـرَّحيم']","['«اللَّهُمَّ إِنَّ فُلاَنَ بْنَ فُلاَنٍ فِي ذِمَّتِكَ، وَحَبْلِ جِوَارِكَ، فَقِهِ مِنْ فِتْنَةِ الْقَبْرِ، وَعَذَابِ النَّارِ، وَأَنْتَ أَهْلُ الْوَفَاءِ وَالْحَقِّ، فَاغْفِرْ لَهُ وَارْحَمْهُ إِنَّكَ أَنْتَ الغَفُورُ الرَّحيمُ».', '(আল্লা-হুম্মা ইন্না ফুলানাবনা ফুলা-নিন ফী যিম্মাতিকা, ওয়া হাবলি জিওয়ারিকা, ফাক্বিহি মিন ফিতনাতিল ক্বাবরি ওয়া আযা-বিন না-রি, ওয়া আনতা আহলুল ওয়াফাই ওয়াল হাক্ক, ফাগফির লাহু ওয়ারহামহু, ইন্নাকা আনতাল গাফুরুর রাহীম)।', '“হে আল্লাহ, অমুকের পুত্র অমুক আপনার যিম্মাদারীতে, আপনার প্রতিবেশিত্বের নিরাপত্তায়; সুতরাং আপনি তাকে কবরের পরীক্ষা থেকে এবং জাহান্নামের শাস্তি থেকে রক্ষা করুন। আর আপনি প্রতিশ্রুতি পূর্ণকারী এবং প্রকৃত সত্যের অধিকারী। অতএব, আপনি তাকে ক্ষমা করুন এবং তার উপর দয়া করুন। নিশ্চয় আপনি ক্ষমাশীল, দয়ালু।”[3]']"
159,55,Chapter: For the deceased at the funeral prayer,الدعاء للميت في الصلاة عليه,55.0,মৃত ব্যক্তির জন্য জানাযার সালাতে দো‘আ,"Allāhumma `abduka wabnu 'amatik iḥtāja ilā raḥmatik, wa anta ghaniyyun `an `adhābih, in kāna muḥsinan fazid fī ḥasanātih, wa in kāna musī'an fatajāwaz `anh.","O Allah, Your male slave and the child of Your female slave is in need of Your mercy, and You are not in need of his torment. If he was pious then increase his rewards and if he was a transgressor then pardon him.","আল্লা-হুম্মা ‘আবদুকা, ওয়াবনু আমাতিকা, এহতাজা ইলা রাহমাতিকা, ওয়া আনতা গানিয়্যুন ‘আন ‘আযা-বিহি, ইন কা-না মুহসিনান ফাযিদ ফী হাসানা-তিহি, ওয়া ইনকা-না মুসীআন ফা তাজা-ওয়ায ‘আনহু","“হে আল্লাহ, আপনার এক দাস, আর এক দাসীর পুত্র, আপনার অনুগ্রহের মুখাপেক্ষী, আপনি তাকে শাস্তি দেওয়া থেকে অমুখাপেক্ষী। যদি সে নেককার বান্দা হয়, তবে তার সওয়াব আরও বাড়িয়ে দিন, আর যদি বদকার বান্দা হয়, তবে তার অপরাধকর্ম এড়িয়ে যান।”[4]",اللهُـمِّ عَبْـدُكَ وَابْنُ أَمَـتِك، احْتـاجَ إِلى رَحْمَـتِك، وَأَنْتَ غَنِـيٌّ عَنْ عَذابِـه، إِنْ كانَ مُحْـسِناً فَزِدْ في حَسَـناتِه، وَإِنْ كانَ مُسـيئاً فَتَـجاوَزْ عَنْـه,«اللَّهُمَّ عَبْدُكَ وَابْنُ أَمَتِكَ احْتَاجَ إِلَى رَحْمَتِكَ، وَأَنْتَ غَنِيٌّ عَنْ عَذَابِهِ، إِنْ كَانَ مُحْسِناً فَزِدْ فِي حَسَنَاتِهِ، وَإِنْ كَانَ مُسِيئاً فَتَجَاوَزْ عَنْهُ».,"Al-Hakim 1/359 who graded it authentic and Ath-Thahabi agreed with him. See also Al-Albani, Ahkamul-Jana'iz, p. 125.","[4] হাদীসটি সংকলণ করেন, হাকেম তাঁর মুস্তাদরাকে এবং সহীহ বলেছেন, ১/৩৫৯; আর যাহাবী সেটা সমর্থন করেছেন। আরও দেখুন, আলবানী, আহকামুল জানায়েয, পৃ. ১২৫।",,,exact_match,1.0,"[""Allāhumma `abduka wabnu 'amatik iḥtāja ilā raḥmatik, wa anta ghaniyyun `an `adhābih, in kāna muḥsinan fazid fī ḥasanātih, wa in kāna musī'an fatajāwaz `anh."", 'O Allah, Your male slave and the child of Your female slave is in need of Your mercy, and You are not in need of his torment. If he was pious then increase his rewards and if he was a transgressor then pardon him.', ""Al-Hakim 1/359 who graded it authentic and Ath-Thahabi agreed with him. See also Al-Albani, Ahkamul-Jana'iz, p. 125."", 'اللهُـمِّ عَبْـدُكَ وَابْنُ أَمَـتِك، احْتـاجَ إِلى رَحْمَـتِك، وَأَنْتَ غَنِـيٌّ عَنْ عَذابِـه، إِنْ كانَ مُحْـسِناً فَزِدْ في حَسَـناتِه، وَإِنْ كانَ مُسـيئاً فَتَـجاوَزْ عَنْـه']","['«اللَّهُمَّ عَبْدُكَ وَابْنُ أَمَتِكَ احْتَاجَ إِلَى رَحْمَتِكَ، وَأَنْتَ غَنِيٌّ عَنْ عَذَابِهِ، إِنْ كَانَ مُحْسِناً فَزِدْ فِي حَسَنَاتِهِ، وَإِنْ كَانَ مُسِيئاً فَتَجَاوَزْ عَنْهُ».', '(আল্লা-হুম্মা ‘আবদুকা, ওয়াবনু আমাতিকা, এহতাজা ইলা রাহমাতিকা, ওয়া আনতা গানিয়্যুন ‘আন ‘আযা-বিহি, ইন কা-না মুহসিনান ফাযিদ ফী হাসানা-তিহি, ওয়া ইনকা-না মুসীআন ফা তাজা-ওয়ায ‘আনহু)', '“হে আল্লাহ, আপনার এক দাস, আর এক দাসীর পুত্র, আপনার অনুগ্রহের মুখাপেক্ষী, আপনি তাকে শাস্তি দেওয়া থেকে অমুখাপেক্ষী। যদি সে নেককার বান্দা হয়, তবে তার সওয়াব আরও বাড়িয়ে দিন, আর যদি বদকার বান্দা হয়, তবে তার অপরাধকর্ম এড়িয়ে যান।”[4]', '[1] মুসলিম ২/৬৬৩, নং ৯৬৩।', '[2] আবূ দাঊদ, নং ৩২০১; তিরমিযী, নং ১০২৪; নাসাঈ, নং ১৯৮৫; ইবন মাজাহ, ১/৪৮০, নং ১৪৯৮; আহমাদ ২/৩৬৮, নং ৮৮০৯। আরও দেখুন, সহীহ ইবন মাজাহ্\u200c ১/২৫১।', '[3] ইবন মাজাহ্\u200c, নং ১৪৯৯। দেখুন, সহীহ ইবন মাজাহ ১/২৫১। তাছাড়া হাদীসটি আবূ দাউদও বর্ণনা করেছেন, ৩/২১১, নং ৩২০২।', '[4] হাদীসটি সংকলণ করেন, হাকেম তাঁর মুস্তাদরাকে এবং সহীহ বলেছেন, ১/৩৫৯; আর যাহাবী সেটা সমর্থন করেছেন। আরও দেখুন, আলবানী, আহকামুল জানায়েয, পৃ. ১২৫।']"
160,56,"Chapter: When the deceased is a child, during the funeral prayer",الدعاء للفرط في الصلاة عليه,56.0,নাবালক শিশুদের জন্য জানাযার সালাতে দো‘আ,Allāhumma a`idh’hu min `adhābi ‘l-qabr [or say:,"O Allah, protect him from the torment of the grave. [It is also good to say:] O Allah, make him a precursor, a forerunner and a treasure for his parents and an answered intercessor. O Allah, make him weigh heavily in their scales (of good) and magnify their reward. Make him join the righteous of the believers. Place him in the care of Ibrahim. Save him by Your mercy from the torment of Hell. Give him a home better than his home, and a family better than his family. O Allah, forgive those who have gone (i.e. passed away) before us, our children lost (by death), and those who have preceded us in Faith.","আল্লা-হুম্মা আ‘য়িযহু মিন আযা-বিল ক্বাবরি) (আল্লা-হুম্মাজ‘আলহু ফারাত্বান ওয়া যুখরান লিওয়লিদায়হি, ওয়াশাফী‘আন মুজাবান। আল্লা-হুম্মা সাক্কিল বিহী মাওয়াযীনাহুমা, ওয়াআ‘যিম বিহী উজূরাহুমা, ওয়া আলহিক্বহু বিসা-লিহিল মু’মিনীন, ওয়াজ‘আলহু ফী কাফা-লাতি ইবরাহীমা, ওয়াক্বিহি বিরাহমাতিকা ‘আযা-বাল জাহীম, ওয়া আবদিলহু দা-রান খাইরান মিন দা-রিহি, ওয়া আহলান খায়রান মিন আহলিহি, আল্লা-হুম্মাগফির লি’আসলাফিনা ওয়া আফরাত্বিনা ওয়া মান সাবাক্বানা বিল ঈমান।",“হে আল্লাহ! এ শিশুকে কবরের আযাব থেকে রক্ষা করুন।”[1],"""اللهم أعذه من عذاب القبر "" وإن قال: ""اللهم اجعله فرطاً وذخراً لوالديه ، وشفيعاً مجاباً . اللهم ثقل به موازينها وأعظم به أجورهما ، وألحقهُ بصالح المؤمنين ، واجعلهُ في كفالة إبراهيم ، وقه برحمتك عذاب الجحيم ، وأبدله داراً خيراً من داره ، وأهلاً خيراً من أهله ، اللهم اغفر لاسلافنا ، وأفراطنا ، ومن سبقنا بالإيمان "" فحسن",«اللَّهُمَّ أَعِذْهُ مِنْ عَذَابِ القَبْرِ». «اللَّهُمَّ اجْعَلْهُ فَرَطاً وَذُخْراً لِوَالِدَيْهِ، وَشَفِيعاً مُجَاباً، اللَّهُمَّ ثَقِّلْ بِهِ مَوَازِينَهُمَا، وَأَعْظِمْ بِهِ أُجورَهُمَا، وَأَلْحِقْهُ بِصَالِحِ الْمُؤْمِنِينَ، وَاجْعَلْهُ فِي كَفَالَةِ إِبْرَاهِيمَ، وَقِهِ بِرَحْمَتِكَ عَذَابَ الْجَحِيمِ، وَأَبْدِلْهُ دَاراً خَيْراً مِنْ دَارِهِ، وَأَهْلاً خَيْراً مِنْ أَهْلِهِ، اللَّهُمَّ اغْفِرْ لِأَسْلاَفِنَا، وَأَفْرَاطِنَا، وَمَنْ سَبَقَنَا بِالْإِيمَانِ».,"Ibn Qudamah, Al-Mughni 3/416 and Ad-Duroosul-Muhimmah li-Aammatil-'Ummah, pg. 15, by Shaikh 'Abdul-'Aziz bin Baz.",,,"আর যদি নিম্নোক্ত দো‘আটি পড়া হয় তবে তাও উত্তম: “হে আল্লাহ, তাকে তার পিতা-মাতার জন্য অগ্রগামী প্রতিনিধি বা সওয়াব ও সযত্নে গচ্ছিত সওয়াব হিসেবে কবুল করুন। আর তাকে এমন শাফা‘আতকারী বানান, যার শাফা‘আত কবুল হয়। হে আল্লাহ, এ শিশুর দ্বারা তার পিতা মাতার ওজনসমূহ আরও ভারী করে দিন। আর এর দ্বারা তাদের দু’জনের সওয়াব আরও বাড়িয়ে দিন। আর তাকে নেককারদের সঙ্গী-সাথী বানান এবং তাকে ইবরাহীম আলাইহিসসালামের যিম্মায় রাখুন। আর আপনার রহমতের অসীলায় তাকে জাহান্নামের শাস্তি থেকে রক্ষা করুন। তাকে তার এ বাসস্থানের পরিবর্তে উত্তম বাসস্থান প্রদান করুন, এখানকার পরিবার-পরিজনের পরিবর্তে উত্তম পরিবার-পরিজন প্রদান করুন। হে আল্লাহ, আমাদের পূর্ববর্তী নর-নারী ও নাবালক অগ্রগামী সন্তান-সন্ততিদের মাফ করুন এবং যারা ঈমান সহকারে আমাদের পূর্বে মারা গেছে তাদেরকেও।”[2]",close_match,0.9745,"['Allāhumma a`idh’hu min `adhābi ‘l-qabr [or say:', 'O Allah, protect him from the torment of the grave. [It is also good to say:] O Allah, make him a precursor, a forerunner and a treasure for his parents and an answered intercessor. O Allah, make him weigh heavily in their scales (of good) and magnify their reward. Make him join the righteous of the believers. Place him in the care of Ibrahim. Save him by Your mercy from the torment of Hell. Give him a home better than his home, and a family better than his family. O Allah, forgive those who have gone (i.e. passed away) before us, our children lost (by death), and those who have preceded us in Faith.', ""Ibn Qudamah, Al-Mughni 3/416 and Ad-Duroosul-Muhimmah li-Aammatil-'Ummah, pg. 15, by Shaikh 'Abdul-'Aziz bin Baz."", '""اللهم أعذه من عذاب القبر "" وإن قال: ""اللهم اجعله فرطاً وذخراً لوالديه ، وشفيعاً مجاباً . اللهم ثقل به موازينها وأعظم به أجورهما ، وألحقهُ بصالح المؤمنين ، واجعلهُ في كفالة إبراهيم ، وقه برحمتك عذاب الجحيم ، وأبدله داراً خيراً من داره ، وأهلاً خيراً من أهله ، اللهم اغفر لاسلافنا ، وأفراطنا ، ومن سبقنا بالإيمان "" فحسن']","['«اللَّهُمَّ أَعِذْهُ مِنْ عَذَابِ القَبْرِ».', '(আল্লা-হুম্মা আ‘য়িযহু মিন আযা-বিল ক্বাবরি)', '“হে আল্লাহ! এ শিশুকে কবরের আযাব থেকে রক্ষা করুন।”[1]', 'আর যদি নিম্নোক্ত দো‘আটি পড়া হয় তবে তাও উত্তম:', '«اللَّهُمَّ اجْعَلْهُ فَرَطاً وَذُخْراً لِوَالِدَيْهِ، وَشَفِيعاً مُجَاباً، اللَّهُمَّ ثَقِّلْ بِهِ مَوَازِينَهُمَا، وَأَعْظِمْ بِهِ أُجورَهُمَا، وَأَلْحِقْهُ بِصَالِحِ الْمُؤْمِنِينَ، وَاجْعَلْهُ فِي كَفَالَةِ إِبْرَاهِيمَ، وَقِهِ بِرَحْمَتِكَ عَذَابَ الْجَحِيمِ، وَأَبْدِلْهُ دَاراً خَيْراً مِنْ دَارِهِ، وَأَهْلاً خَيْراً مِنْ أَهْلِهِ، اللَّهُمَّ اغْفِرْ لِأَسْلاَفِنَا، وَأَفْرَاطِنَا، وَمَنْ سَبَقَنَا بِالْإِيمَانِ».', '(আল্লা-হুম্মাজ‘আলহু ফারাত্বান ওয়া যুখরান লিওয়লিদায়হি, ওয়াশাফী‘আন মুজাবান। আল্লা-হুম্মা সাক্কিল বিহী মাওয়াযীনাহুমা, ওয়াআ‘যিম বিহী উজূরাহুমা, ওয়া আলহিক্বহু বিসা-লিহিল মু’মিনীন, ওয়াজ‘আলহু ফী কাফা-লাতি ইবরাহীমা, ওয়াক্বিহি বিরাহমাতিকা ‘আযা-বাল জাহীম, ওয়া আবদিলহু দা-রান খাইরান মিন দা-রিহি, ওয়া আহলান খায়রান মিন আহলিহি, আল্লা-হুম্মাগফির লি’আসলাফিনা ওয়া আফরাত্বিনা ওয়া মান সাবাক্বানা বিল ঈমান।)', '“হে আল্লাহ, তাকে তার পিতা-মাতার জন্য অগ্রগামী প্রতিনিধি বা সওয়াব ও সযত্নে গচ্ছিত সওয়াব হিসেবে কবুল করুন। আর তাকে এমন শাফা‘আতকারী বানান, যার শাফা‘আত কবুল হয়। হে আল্লাহ, এ শিশুর দ্বারা তার পিতা মাতার ওজনসমূহ আরও ভারী করে দিন। আর এর দ্বারা তাদের দু’জনের সওয়াব আরও বাড়িয়ে দিন। আর তাকে নেককারদের সঙ্গী-সাথী বানান এবং তাকে ইবরাহীম আলাইহিসসালামের যিম্মায় রাখুন। আর আপনার রহমতের অসীলায় তাকে জাহান্নামের শাস্তি থেকে রক্ষা করুন। তাকে তার এ বাসস্থানের পরিবর্তে উত্তম বাসস্থান প্রদান করুন, এখানকার পরিবার-পরিজনের পরিবর্তে উত্তম পরিবার-পরিজন প্রদান করুন। হে আল্লাহ, আমাদের পূর্ববর্তী নর-নারী ও নাবালক অগ্রগামী সন্তান-সন্ততিদের মাফ করুন এবং যারা ঈমান সহকারে আমাদের পূর্বে মারা গেছে তাদেরকেও।”[2]']"
161,56,"Chapter: When the deceased is a child, during the funeral prayer",الدعاء للفرط في الصلاة عليه,56.0,নাবালক শিশুদের জন্য জানাযার সালাতে দো‘আ,"Allāhumma’j`alhu lanā faraṭan, wa salafan, wa ajra.","O Allah, make him for us a precursor, a forerunner and a cause of reward.",আল্লা-হুম্মাজ‘আলহু লানা ফারাত্বান ওয়া সালাফান ওয়া আজরান,"“হে আল্লাহ, আমাদের জন্য তাকে অগ্রগামী প্রতিনিধি, অগ্রিম পূণ্য এবং সওয়াব হিসেবে নির্ধারণ করে দিন।”[3]",اللهُـمِّ اجْعَلْـهُ لَنا فَرَطـاً، وَسَلَـفاً وَأَجْـراً,«اللَّهُمَّ اجْعَلْهُ لَنَا فَرَطاً، وَسَلَفاً، وَأَجْراً».,"Al-Hasan (Al-Basri) used to recite Surat Al-Fatihah for a child's funeral and then say this. Al-Bukhari, Kitabul-Jana'iz, p. 65.","[3] হাসান বসরী রাহেমাহুল্লাহ যখন ছোট শিশুদের জানাযা পড়তেন তখন তার উপর সূরা ফাতেহা পড়তেন এবং উপরোক্ত দো‘আ বলতেন। হাদীসটি ইমাম বাগভী তার শারহুস সুন্নাহ ৫/৩৫৭ এ বর্ণনা করেছেন। আরও বর্ণনা করেছেন, আব্দুর রায্‌যাক তার মুসান্নাফে, নং ৬৫ ৮৮। তাছাড়া ইমাম বুখারী, কিতাবুল জানায়েয এর, ৬৫, বাবু কিরাআতি ফাতিহাতিল কিতাব আলাল জানাযাত ২/১১৩; ১৩৩৫ নং হাদীসের পূর্বে এটাকে তা‘লীক বা সনদ ব্যতীত বর্ণনা করেছেন।",,,exact_match,1.0,"['Allāhumma’j`alhu lanā faraṭan, wa salafan, wa ajra.', 'O Allah, make him for us a precursor, a forerunner and a cause of reward.', ""Al-Hasan (Al-Basri) used to recite Surat Al-Fatihah for a child's funeral and then say this. Al-Bukhari, Kitabul-Jana'iz, p. 65."", 'اللهُـمِّ اجْعَلْـهُ لَنا فَرَطـاً، وَسَلَـفاً وَأَجْـراً']","['«اللَّهُمَّ اجْعَلْهُ لَنَا فَرَطاً، وَسَلَفاً، وَأَجْراً».', '(আল্লা-হুম্মাজ‘আলহু লানা ফারাত্বান ওয়া সালাফান ওয়া আজরান)', '“হে আল্লাহ, আমাদের জন্য তাকে অগ্রগামী প্রতিনিধি, অগ্রিম পূণ্য এবং সওয়াব হিসেবে নির্ধারণ করে দিন।”[3]', '[1] সা‘ঈদ ইবনুল মুসাইয়্যেব বলেন, আমি আবু হুরাইরা রাদিয়াল্লাহু আনহুর পিছনে একটি শিশুর জানাযার সালাত আদায় করেছি, যে শিশু কখনও কোনো গুনাহ করে নি, তখন আমি তাকে (উপরোক্ত দো‘আটি) বলতে শুনলাম....। হাদীসটি ইমাম মালেক তার মুওয়াত্তা গ্রন্থে সংকলন করেন, ১/২৮৮; ইবন আবী শাইবাহ তার মুসান্নাফ গ্রন্থে, ৩/২১৭; বাইহাকী, ৪/৯। আর শাইখ শু‘আইব আল-আরনাউত শারহুস সুন্নাহ লিল বাগভীর তাহকীকে ৫/৩৫৭, এটার সনদকে সহীহ বলেছেন।', '[2] দেখুন, আল-মুগনী, লি ইবন কুদামা, ৩/৪১৬; আরও দেখুন, আদ-দুরুসুল মুহিম্মাহ লি ‘আম্মাতিল উম্মাহ, লিশ শাইখ আবদিল আযীয ইবন আব্দিল্লাহ ইবন বায, রাহেমাহুল্লাহ, পৃ. ১৫।', '[3] হাসান বসরী রাহেমাহুল্লাহ যখন ছোট শিশুদের জানাযা পড়তেন তখন তার উপর সূরা ফাতেহা পড়তেন এবং উপরোক্ত দো‘আ বলতেন। হাদীসটি ইমাম বাগভী তার শারহুস সুন্নাহ ৫/৩৫৭ এ বর্ণনা করেছেন। আরও বর্ণনা করেছেন, আব্দুর রায্\u200cযাক তার মুসান্নাফে, নং ৬৫ ৮৮। তাছাড়া ইমাম বুখারী, কিতাবুল জানায়েয এর, ৬৫, বাবু কিরাআতি ফাতিহাতিল কিতাব আলাল জানাযাত ২/১১৩; ১৩৩৫ নং হাদীসের পূর্বে এটাকে তা‘লীক বা সনদ ব্যতীত বর্ণনা করেছেন।']"
162,57,Chapter: Condolence,دعاء التعزية,57.0,শোকার্তদের সান্ত্বনা দেওয়ার দো‘আ,"Inna lillāhi mā akhadh, wa lahu mā a`tā, wa kullu shay'in `indahu bi ajalin musammā . . . faltaṣbir wa ‘l-taḥtasib . [Also good to say:","Surely, Allah takes what is His, and what He gives is His, and to all things He has appointed a time... so have patience and be rewarded.1 May Allah magnify your reward, and make perfect your bereavement, and forgive your departed.2","ইন্না লিল্লা-হি মা আখাযা, ওয়ালাহু মা আ‘তা, ওয়া কুল্লু শাই’ইন ‘ইনদাহু বিআজালিম মুসাম্মা, ফালতাসবির ওয়াল তাহতাসিব) (আ‘যামাল্লাহু আজরাকা, ওয়া আহসানা ‘আযা-’আকা, ওয়াগাফারা লিমাইয়্যিতিকা","“নিশ্চয় যা নিয়ে গেছেন আল্লাহ্‌ তা তাঁরই, আর যা কিছু প্রদান করেছেন তাও তাঁর। তাঁর কাছে সব কিছুর একটি নির্দিষ্ট সময় রয়েছে। কাজেই সবর করা এবং সওয়াবের আশা করা উচিৎ।”[1]","""إن لله ما أخذ وله ما أعطى . وكل شيء عنده بأجل مُسمى ... فلتصبر ولتحتسب "" وإن قال : ""أعظم الله أجرك ، وأحسن عزاءك وغفر لميتك"" فحسن",إِنَّ للَّهِ مَا أَخَذَ، وَلَهُ مَا أَعْطَى، وَكُلُّ شَيْءٍ عِنْدَهُ بِأَجَلٍ مُسَمَّى... فَلْتَصْبِرْ وَلْتَحْتَسِبْ. أَعْظَمَ اللَّهُ أَجْرَكَ، وَأَحْسَنَ عَزَاءَكَ، وَغَفَرَ لِمَيِّتِكَ.,"1 Al-Bukhari 2/80, Muslim 2/636. 2An-Nawawi, Kitabul-'Athkar, p. 126.","[1] বুখারী, ২/৮০, নং ১২৮৪; মুসলিম, ২/৬৩৬, নং ৯২৩। [2] আল-আযকার লিন নাওয়াওয়ী, পৃ. ১২৬।",,"আর নিম্নোক্ত দো‘আটি পড়াও ভালো: “আল্লাহ আপনার সওয়াব বর্ধিত করুন, আপনার (শোকার্ত মনে) সুন্দর ধৈর্য ধরার তাওফীক দিন, আর আপনার মৃতকে ক্ষমা করে দিন।”[2]",close_match,0.9395,"[""Inna lillāhi mā akhadh, wa lahu mā a`tā, wa kullu shay'in `indahu bi ajalin musammā . . . faltaṣbir wa ‘l-taḥtasib . [Also good to say:"", 'Surely, Allah takes what is His, and what He gives is His, and to all things He has appointed a time... so have patience and be rewarded.1 May Allah magnify your reward, and make perfect your bereavement, and forgive your departed.2', ""1 Al-Bukhari 2/80, Muslim 2/636. 2An-Nawawi, Kitabul-'Athkar, p. 126."", '""إن لله ما أخذ وله ما أعطى . وكل شيء عنده بأجل مُسمى ... فلتصبر ولتحتسب "" وإن قال : ""أعظم الله أجرك ، وأحسن عزاءك وغفر لميتك"" فحسن']","['إِنَّ للَّهِ مَا أَخَذَ، وَلَهُ مَا أَعْطَى، وَكُلُّ شَيْءٍ عِنْدَهُ بِأَجَلٍ مُسَمَّى... فَلْتَصْبِرْ وَلْتَحْتَسِبْ.', '(ইন্না লিল্লা-হি মা আখাযা, ওয়ালাহু মা আ‘তা, ওয়া কুল্লু শাই’ইন ‘ইনদাহু বিআজালিম মুসাম্মা, ফালতাসবির ওয়াল তাহতাসিব)', '“নিশ্চয় যা নিয়ে গেছেন আল্লাহ্\u200c তা তাঁরই, আর যা কিছু প্রদান করেছেন তাও তাঁর। তাঁর কাছে সব কিছুর একটি নির্দিষ্ট সময় রয়েছে। কাজেই সবর করা এবং সওয়াবের আশা করা উচিৎ।”[1]', 'আর নিম্নোক্ত দো‘আটি পড়াও ভালো:', 'أَعْظَمَ اللَّهُ أَجْرَكَ، وَأَحْسَنَ عَزَاءَكَ، وَغَفَرَ لِمَيِّتِكَ.', '(আ‘যামাল্লাহু আজরাকা, ওয়া আহসানা ‘আযা-’আকা, ওয়াগাফারা লিমাইয়্যিতিকা)', '“আল্লাহ আপনার সওয়াব বর্ধিত করুন, আপনার (শোকার্ত মনে) সুন্দর ধৈর্য ধরার তাওফীক দিন, আর আপনার মৃতকে ক্ষমা করে দিন।”[2]', '[1] বুখারী, ২/৮০, নং ১২৮৪; মুসলিম, ২/৬৩৬, নং ৯২৩।', '[2] আল-আযকার লিন নাওয়াওয়ী, পৃ. ১২৬।']"
163,58,Chapter: Placing the deceased in the grave,دعاء عند إدخال الميت القبر,58.0,মৃতকে কবরে প্রবেশ করানোর দো‘আ,Bismillāh wa `alā sunnati Rasūlillāh.,"With the Name of Allah, and according to the Sunnah of the Messenger of Allah.",বিসমিল্লা-হি ওয়া আলা সুন্নাতি রাসুলিল্লা-হি,“আল্লাহর নামে এবং রাসূলুল্লাহ সাল্লাল্লাহু আলাইহি ওয়াসাল্লামের নিয়মে।”[1],بِسْـمِ اللهِ وَعَلـى سُـنَّةِ رَسـولِ الله,«بِسْمِ اللَّهِ وَعَلَى سُنَّةِ رَسُولِ اللَّهِ».,"Abu Dawud 3/314 with an authentic chain. Ahmad also recorded it with the wording: With the Name of Allah, and according to the religion of the Messenger of Allah. Its chain is also authentic.","[1] আবূ দাউদ ৩/৩১৪, নং ৩২১৫ সহীহ সনদে; অনুরূপভাবে আহমাদ, নং ৫২৩৪; আর ৪৮১২ এর শব্দ হচ্ছে, ‘বিসমিল্লাহ ওয়া আলা মিল্লাতি রাসূলিল্লাহ’ অর্থাৎ ‘আল্লাহর নামে এবং রাসূলুল্লাহর মিল্লাতের উপর।’ তার সনদও বিশুদ্ধ।",,,exact_match,1.0,"['Bismillāh wa `alā sunnati Rasūlillāh.', 'With the Name of Allah, and according to the Sunnah of the Messenger of Allah.', 'Abu Dawud 3/314 with an authentic chain. Ahmad also recorded it with the wording: With the Name of Allah, and according to the religion of the Messenger of Allah. Its chain is also authentic.', 'بِسْـمِ اللهِ وَعَلـى سُـنَّةِ رَسـولِ الله']","['«بِسْمِ اللَّهِ وَعَلَى سُنَّةِ رَسُولِ اللَّهِ».', '(বিসমিল্লা-হি ওয়া আলা সুন্নাতি রাসুলিল্লা-হি)।', '“আল্লাহর নামে এবং রাসূলুল্লাহ সাল্লাল্লাহু আলাইহি ওয়াসাল্লামের নিয়মে।”[1]', '[1] আবূ দাউদ ৩/৩১৪, নং ৩২১৫ সহীহ সনদে; অনুরূপভাবে আহমাদ, নং ৫২৩৪; আর ৪৮১২ এর শব্দ হচ্ছে, ‘বিসমিল্লাহ ওয়া আলা মিল্লাতি রাসূলিল্লাহ’ অর্থাৎ ‘আল্লাহর নামে এবং রাসূলুল্লাহর মিল্লাতের উপর।’ তার সনদও বিশুদ্ধ।']"
164,59,Chapter: After burying the deceased,دعاء بعد دفن الميت,59.0,মৃতকে দাফন করার পর দো‘আ,Allāhumma’ghfir lah Allāhumma thabbit’h.,"O Allah, forgive him. O Allah, strengthen him.","আল্লা-হুম্মাগফির লাহু, আল্লা-হুম্মা সাববিতহু","“হে আল্লাহ! আপনি তাকে ক্ষমা করুন, হে আল্লাহ্‌ আপনি তাকে (প্রশ্নোত্তরের সময়) স্থির রাখুন।”[1]",اللَّهُمَّ اغْفِرْ لَهُ اللَّهُمَّ ثَبِّتْهُ,«اللَّهُمَّ اغْفِرْ لَهُ، اللَّهُمَّ ثَبِّتْهُ».,"The Prophet (ﷺ) used to stop after burying the dead and say to the people: ""Ask Allah to forgive your brother and pray for him to be strengthened, for indeed he is now being questioned."" Abu Dawud 3/315, and Al-Hakim 1/370 who graded it authentic and Ath-Thahabi agreed.","[1] নবী সাল্লাল্লাহু আলাইহি ওয়াসাল্লাম মৃত ব্যক্তিকে দাফন করার পর কবরের পাশে দাঁড়াতেন এবং বলতেন, ‘তোমাদের ভাইয়ের জন্য ক্ষমা প্রার্থনা কর, আর তার জন্য দৃঢ়তা চাও। কেননা এখনই তাকে জিজ্ঞাসা করা হবে’। আবু্দাউদ ৩/৩১৫, নং ৩২২৩; হাকেম এবং তিনি একে সহীহ বলেছেন, আর যাহাবী সমর্থন করেছেন, ১/৩৭০।",,,exact_match,1.0,"['Allāhumma’ghfir lah Allāhumma thabbit’h.', 'O Allah, forgive him. O Allah, strengthen him.', 'The Prophet (ﷺ) used to stop after burying the dead and say to the people: ""Ask Allah to forgive your brother and pray for him to be strengthened, for indeed he is now being questioned."" Abu Dawud 3/315, and Al-Hakim 1/370 who graded it authentic and Ath-Thahabi agreed.', 'اللَّهُمَّ اغْفِرْ لَهُ اللَّهُمَّ ثَبِّتْهُ']","['«اللَّهُمَّ اغْفِرْ لَهُ، اللَّهُمَّ ثَبِّتْهُ».', '(আল্লা-হুম্মাগফির লাহু, আল্লা-হুম্মা সাববিতহু)।', '“হে আল্লাহ! আপনি তাকে ক্ষমা করুন, হে আল্লাহ্\u200c আপনি তাকে (প্রশ্নোত্তরের সময়) স্থির রাখুন।”[1]', '[1] নবী সাল্লাল্লাহু আলাইহি ওয়াসাল্লাম মৃত ব্যক্তিকে দাফন করার পর কবরের পাশে দাঁড়াতেন এবং বলতেন, ‘তোমাদের ভাইয়ের জন্য ক্ষমা প্রার্থনা কর, আর তার জন্য দৃঢ়তা চাও। কেননা এখনই তাকে জিজ্ঞাসা করা হবে’। আবু্দাউদ ৩/৩১৫, নং ৩২২৩; হাকেম এবং তিনি একে সহীহ বলেছেন, আর যাহাবী সমর্থন করেছেন, ১/৩৭০।']"
165,60,Chapter: Visiting the graves,دعاء زيارة القبور,60.0,কবর যিয়ারতের দো‘আ,"Assalāmu `alaykum ahlad-diyāri minal-mu'minīna wa ‘l-muslimīn, wa innā in shā' Allāhu bikum lāḥiqūn nas'alullāha lanā wa lakumul-`āfiyah.","Peace be upon you, people of this abode, from among the believers and those who are Muslims, and we, by the Will of Allah, shall be joining you. [May Allah have mercy on the first of us and the last of us] I ask Allah to grant us and you well-being.","আস্‌সালা-মু আলাইকুম আহলাদ্দিয়ারি মিনাল মু’মিনীনা ওয়াল মুসলিমীনা, ওয়াইন্না ইনশা-আল্লা-হু বিকুম লা-হিকুনা, ওয়া ইয়ারহামুল্লাহুল মুসতাক্বদিমীনা মিন্না ওয়াল মুসতা’খিরীনা, নাসআলুল্লাহা লানা ওয়ালাকুমুল ‘আ-ফিয়াহ",“হে গৃহসমূহের অধিবাসী মুমিন ও মুসলিমগণ! তোমাদের প্রতি শান্তি বর্ষিত হোক। আর নিশ্চয় আমরা ইনশাআল্লাহ আপনাদের সাথে মিলিত হবো। [আল্লাহ আমাদের পুর্ববর্তীদের এবং পরবর্তীদের প্রতি দয়া করুন।] আমি আল্লাহ্‌র নিকট আমাদের জন্য এবং তোমাদের জন্য নিরাপত্তা প্রার্থনা করি।”[1],السَّلامُ عَلَـيْكُمْ أَهْلَ الدِّيارِ مِنَ المؤْمِنيـنَ وَالْمُسْلِمين، وَإِنّا إِنْ شاءَ اللهُ بِكُـمْ لاحِقـون، نَسْـاَلُ اللهَ لنـا وَلَكُـمْ العـافِيَة,«السَّلاَمُ عَلَيْكُمْ أَهْلَ الدِّيَارِ، مِنَ الْمُؤْمِنِينَ وَالْمُسْلِمِينَ، وَإِنَّا إِنْ شَاءَ اللَّهُ بِكُمْ لاَحِقُونَ، [وَيَرْحَمُ اللَّهُ الْمُسْتَقدِمِينَ مِنَّا وَالْمُسْتأْخِرِينَ] أَسْاَلُ اللَّهَ لَنَا وَلَكُمُ الْعَافِيَةَ».,"Muslim 2/671, Ibn Majah 1/494, the portion brackets is from Muslim 2/671.","[1] মুসলিম ২/৬৭১, নং ৯৭৫; ইবন মাজাহ্‌, ১/৪৯৪, আর শব্দ তাঁরই, নং ১৫৪৭; বুরাইদা রাদিয়াল্লাহু ‘আনহু থেকে। আর দু ব্রাকেটের মাঝখানের অংশ আয়েশা রাদিয়াল্লাহু আনহার হাদীস থেকে, যা সংকলন করেছেন, মুসলিম, ২/৬৭১, নং ৯৭৫।",,,mismatch,0.8403,"[""Assalāmu `alaykum ahlad-diyāri minal-mu'minīna wa ‘l-muslimīn, wa innā in shā' Allāhu bikum lāḥiqūn nas'alullāha lanā wa lakumul-`āfiyah."", 'Peace be upon you, people of this abode, from among the believers and those who are Muslims, and we, by the Will of Allah, shall be joining you. [May Allah have mercy on the first of us and the last of us] I ask Allah to grant us and you well-being.', 'Muslim 2/671, Ibn Majah 1/494, the portion brackets is from Muslim 2/671.', 'السَّلامُ عَلَـيْكُمْ أَهْلَ الدِّيارِ مِنَ المؤْمِنيـنَ وَالْمُسْلِمين، وَإِنّا إِنْ شاءَ اللهُ بِكُـمْ لاحِقـون، نَسْـاَلُ اللهَ لنـا وَلَكُـمْ العـافِيَة']","['«السَّلاَمُ عَلَيْكُمْ أَهْلَ الدِّيَارِ، مِنَ الْمُؤْمِنِينَ وَالْمُسْلِمِينَ، وَإِنَّا إِنْ شَاءَ اللَّهُ بِكُمْ لاَحِقُونَ، [وَيَرْحَمُ اللَّهُ الْمُسْتَقدِمِينَ مِنَّا وَالْمُسْتأْخِرِينَ] أَسْاَلُ اللَّهَ لَنَا وَلَكُمُ الْعَافِيَةَ».', '(আস্\u200cসালা-মু আলাইকুম আহলাদ্দিয়ারি মিনাল মু’মিনীনা ওয়াল মুসলিমীনা, ওয়াইন্না ইনশা-আল্লা-হু বিকুম লা-হিকুনা, ওয়া ইয়ারহামুল্লাহুল মুসতাক্বদিমীনা মিন্না ওয়াল মুসতা’খিরীনা, নাসআলুল্লাহা লানা ওয়ালাকুমুল ‘আ-ফিয়াহ)।', '“হে গৃহসমূহের অধিবাসী মুমিন ও মুসলিমগণ! তোমাদের প্রতি শান্তি বর্ষিত হোক। আর নিশ্চয় আমরা ইনশাআল্লাহ আপনাদের সাথে মিলিত হবো। [আল্লাহ আমাদের পুর্ববর্তীদের এবং পরবর্তীদের প্রতি দয়া করুন।] আমি আল্লাহ্\u200cর নিকট আমাদের জন্য এবং তোমাদের জন্য নিরাপত্তা প্রার্থনা করি।”[1]', '[1] মুসলিম ২/৬৭১, নং ৯৭৫; ইবন মাজাহ্\u200c, ১/৪৯৪, আর শব্দ তাঁরই, নং ১৫৪৭; বুরাইদা রাদিয়াল্লাহু ‘আনহু থেকে। আর দু ব্রাকেটের মাঝখানের অংশ আয়েশা রাদিয়াল্লাহু আনহার হাদীস থেকে, যা সংকলন করেছেন, মুসলিম, ২/৬৭১, নং ৯৭৫।']"
166,61,Chapter: During a wind storm,دعاء الريح,61.0,বায়ূ প্রবাহিত হলে পড়ার দো‘আ,"Allāhumma innī as'aluka khayrahā, wa a`ūdhu bika min sharrihā.","O Allah, I ask You for the good of it, and seek refuge in You against its evil.",আল্লা-হুম্মা ইন্নী আসআলুকা খাইরাহা ওা আ‘ঊযু বিকা মিন শাররিহা,“হে আল্লাহ! আমি আপনার নিকট এর কল্যাণ চাই। আর আমি আপনার নিকট এর অনিষ্ট থেকে আশ্রয় চাই।”[1],اللّهُـمَّ إِنَّـي أَسْـأَلُـكَ خَيْـرَها، وَأَعـوذُ بِكَ مِنْ شَـرِّها,«اللَّهُمَّ إِنِّي أَسْــــــأَلُكَ خَيْرَهَا، وَأَعُوذُ بِكَ مِنْ شَرِّهَا».,"Abu Dawud 4/326, Ibn Majah 2/1228. See also Al-Albani, Sahih Ibn Majah 2/305.",,,,exact_match,1.0,"[""Allāhumma innī as'aluka khayrahā, wa a`ūdhu bika min sharrihā."", 'O Allah, I ask You for the good of it, and seek refuge in You against its evil.', 'Abu Dawud 4/326, Ibn Majah 2/1228. See also Al-Albani, Sahih Ibn Majah 2/305.', 'اللّهُـمَّ إِنَّـي أَسْـأَلُـكَ خَيْـرَها، وَأَعـوذُ بِكَ مِنْ شَـرِّها']","['«اللَّهُمَّ إِنِّي أَسْــــــأَلُكَ خَيْرَهَا، وَأَعُوذُ بِكَ مِنْ شَرِّهَا».', '(আল্লা-হুম্মা ইন্নী আসআলুকা খাইরাহা ওা আ‘ঊযু বিকা মিন শাররিহা)।', '“হে আল্লাহ! আমি আপনার নিকট এর কল্যাণ চাই। আর আমি আপনার নিকট এর অনিষ্ট থেকে আশ্রয় চাই।”[1]']"
167,61,Chapter: During a wind storm,دعاء الريح,61.0,বায়ূ প্রবাহিত হলে পড়ার দো‘আ,"Allāhumma innī as'aluka khayrahā, wa khayra mā fīhā, wa khayra mā ursilat bih, wa a`ūdhu bika min sharrihā, wa sharri mā fīhā, wa sharri mā ursilat bih.","O Allah, I ask You for the good of it, for the good of what it contains, and for the good of what is sent with it. I seek refuge in You from the evil of it, from the evil of what it contains, and from the evil that is sent with it.","আল্লা-হুম্মা ইন্নী আস’আলুকা খাইরাহা ওয়া খাইরা মা-ফীহা ওয়া খাইরা মা উরসিলাত বিহী। ওয়া আ‘ঊযু বিকা মিন শাররিহা, ওয়া শাররি মা-ফীহা, ওয়া শাররি মা উরসিলাত বিহী","“হে আল্লাহ! আমি আপনার নিকট প্রার্থনা করি এর কল্যাণ, এর মধ্যকার কল্যাণ এবং যা এর সাথে প্রেরিত হয়েছে তার কল্যাণ। আর আমি আপনার আশ্রয় চাই এর অনিষ্ট থেকে, এর ভেতরে নিহিত অনিষ্ট থেকে এবং যা এর সাথে প্রেরিত হয়েছে তার অনিষ্ট থেকে।”[2]",اللّهُـمَّ إِنَّـي أَسْـأَلُـكَ خَيْـرَها، وَخَيْـرَ ما فيهـا، وَخَيْـرَ ما اُرْسِلَـتْ بِه، وَأَعـوذُ بِكَ مِنْ شَـرِّها، وَشَـرِّ ما فيهـا، وَشَـرِّ ما اُرْسِلَـتْ بِه,«اللَّهُمَّ إِنِّي أَسْأَلُكَ خَيْرَهَا، وَخَيْرَ مَا فِيهَا، وَخَيْرَ مَا أُرْسِلَتْ بِهِ، وَأَعُوذُ بِكَ مِنْ شَرِّهَا، وَشَرِّ مَا فِيهَا، وَشَرِّ مَا أُرْسِلَتْ بِهِ».,"Muslim 2/616, Al-Bukhari 4/76.","[2] মুসলিম, আর শব্দ তাঁরই, ২/৬১৬, নং ৮৯৯; বুখারী, ৪/৭৬, নং ৩২০৬ ও ৪৮২৯।",,,exact_match,1.0,"[""Allāhumma innī as'aluka khayrahā, wa khayra mā fīhā, wa khayra mā ursilat bih, wa a`ūdhu bika min sharrihā, wa sharri mā fīhā, wa sharri mā ursilat bih."", 'O Allah, I ask You for the good of it, for the good of what it contains, and for the good of what is sent with it. I seek refuge in You from the evil of it, from the evil of what it contains, and from the evil that is sent with it.', 'Muslim 2/616, Al-Bukhari 4/76.', 'اللّهُـمَّ إِنَّـي أَسْـأَلُـكَ خَيْـرَها، وَخَيْـرَ ما فيهـا، وَخَيْـرَ ما اُرْسِلَـتْ بِه، وَأَعـوذُ بِكَ مِنْ شَـرِّها، وَشَـرِّ ما فيهـا، وَشَـرِّ ما اُرْسِلَـتْ بِه']","['«اللَّهُمَّ إِنِّي أَسْأَلُكَ خَيْرَهَا، وَخَيْرَ مَا فِيهَا، وَخَيْرَ مَا أُرْسِلَتْ بِهِ، وَأَعُوذُ بِكَ مِنْ شَرِّهَا، وَشَرِّ مَا فِيهَا، وَشَرِّ مَا أُرْسِلَتْ بِهِ».', '(আল্লা-হুম্মা ইন্নী আস’আলুকা খাইরাহা ওয়া খাইরা মা-ফীহা ওয়া খাইরা মা উরসিলাত বিহী। ওয়া আ‘ঊযু বিকা মিন শাররিহা, ওয়া শাররি মা-ফীহা, ওয়া শাররি মা উরসিলাত বিহী)।', '“হে আল্লাহ! আমি আপনার নিকট প্রার্থনা করি এর কল্যাণ, এর মধ্যকার কল্যাণ এবং যা এর সাথে প্রেরিত হয়েছে তার কল্যাণ। আর আমি আপনার আশ্রয় চাই এর অনিষ্ট থেকে, এর ভেতরে নিহিত অনিষ্ট থেকে এবং যা এর সাথে প্রেরিত হয়েছে তার অনিষ্ট থেকে।”[2]', '[1] আবূ দাউদ ৪/৩২৬, নং ৫০৯৯; ইবন মাজাহ্\u200c ২/১২২৮, নং ৩৭২৭। আরও দেখুন, সহীহ ইবন মাজাহ্\u200c ২/৩০৫।', '[2] মুসলিম, আর শব্দ তাঁরই, ২/৬১৬, নং ৮৯৯; বুখারী, ৪/৭৬, নং ৩২০৬ ও ৪৮২৯।']"
168,62,Chapter: Upon hearing thunder,دعاء الرعد,62.0,মেঘের গর্জন শুনলে পড়ার দো‘আ,Subḥāna ‘l-ladhī yusabbiḥur-ra`du bi ḥamdihi wa ‘l-malā'ikatu min khīfatih.,Glory is to Him Whom thunder and angels glorify due to fear of Him.,সুবহা-নাল্লাযী ইউসাব্বিহুর –রা‘দু বিহামদিহি ওয়াল-মালা-ইকাতু মিন খীফাতিহি,"“পবিত্র-মহান সেই সত্তা, রা‘দ ফেরেশ্তা যাঁর মহিমা ও পবিত্রতা ঘোষণা করে প্রশংসার সাথে, আর ফেরেশ্তাগণও তা-ই করে যাঁর ভয়ে।”[1]",سُبْـحانَ الّذي يُسَبِّـحُ الـرَّعْدُ بِحَمْـدِهِ، وَالملائِكـةُ مِنْ خيـفَته,«سُبْحَانَ الَّذِي يُسَبِّحُ الرَّعْدُ بِحَمْدِهِ وَالْمَلاَئِكةُ مِنْ خِيفَتِهِ».,"Whenever Abdullah bin Zubair (RA) would hear thunder, he would abandon all conversation and say this supplication. See Al-Muwatta' 2/992. It was graded authentic by Al-Albani as a statement of Abdullah bin Zubayr only.","[1] ‘‘আবদুল্লাহ ইবনু যুবাইর রাদিয়াল্লাহু আনহুমা মেঘের গর্জন শুনলে কথা বলা বন্ধ করে দিতেন এবং এই দো‘আ পড়তেন...। মুওয়াত্তা ইমাম মালেক ২/৯৯২। আর আলবানী তাঁর সহীহুল কালেমিত তাইয়্যেব গ্রন্থে পৃ. ১৫৭, বলেন, “এর সনদটি মওকূফ সহীহ”। ৬৩. বৃষ্টি চাওয়ার কিছু দো‘আ ইমেইল করুন ভুল পেলে রিপোর্ট করুন",,,exact_match,1.0,"[""Subḥāna ‘l-ladhī yusabbiḥur-ra`du bi ḥamdihi wa ‘l-malā'ikatu min khīfatih."", 'Glory is to Him Whom thunder and angels glorify due to fear of Him.', ""Whenever Abdullah bin Zubair (RA) would hear thunder, he would abandon all conversation and say this supplication. See Al-Muwatta' 2/992. It was graded authentic by Al-Albani as a statement of Abdullah bin Zubayr only."", 'سُبْـحانَ الّذي يُسَبِّـحُ الـرَّعْدُ بِحَمْـدِهِ، وَالملائِكـةُ مِنْ خيـفَته']","['«سُبْحَانَ الَّذِي يُسَبِّحُ الرَّعْدُ بِحَمْدِهِ وَالْمَلاَئِكةُ مِنْ خِيفَتِهِ».', '(সুবহা-নাল্লাযী ইউসাব্বিহুর –রা‘দু বিহামদিহি ওয়াল-মালা-ইকাতু মিন খীফাতিহি)।', '“পবিত্র-মহান সেই সত্তা, রা‘দ ফেরেশ্তা যাঁর মহিমা ও পবিত্রতা ঘোষণা করে প্রশংসার সাথে, আর ফেরেশ্তাগণও তা-ই করে যাঁর ভয়ে।”[1]', '[1] ‘‘আবদুল্লাহ ইবনু যুবাইর রাদিয়াল্লাহু আনহুমা মেঘের গর্জন শুনলে কথা বলা বন্ধ করে দিতেন এবং এই দো‘আ পড়তেন...। মুওয়াত্তা ইমাম মালেক ২/৯৯২। আর আলবানী তাঁর সহীহুল কালেমিত তাইয়্যেব গ্রন্থে পৃ. ১৫৭, বলেন, “এর সনদটি মওকূফ সহীহ”।', '৬৩. বৃষ্টি চাওয়ার কিছু দো‘আ', 'ইমেইল করুন', 'ভুল পেলে রিপোর্ট করুন']"
169,63,Chapter: For rain,من أدعية الاستسقاء,62.0,মেঘের গর্জন শুনলে পড়ার দো‘আ,"Allāhumma ‘asqinā ghaythan mughīthan marī'an murī`a, nāfi`an ghayra ḍārr, `ājilan ghayra ājil.","O Allah, shower upon us abundant rain, beneficial not harmful, swiftly and not delayed.",আল্লা-হুম্মা আসক্বিনা গাইসান মুগীসান মারী’য়ান মারী‘আন না-ফি‘আন গাইরা দ্বাররিন ‘আ-জিলান গাইরা আ-জিলিন,"“হে আল্লাহ! আমাদেরকে এমন বৃষ্টির পানি দান করুন যা সাহায্যকারী, সুপেয়, উর্বরকারী; কল্যাণকর, ক্ষতিকর নয়; শীঘ্রই, বিলম্বে নয়।”[1]",اللّهُمَّ اسْقِـنا غَيْـثاً مُغيـثاً مَريئاً مُريـعاً، نافِعـاً غَيْـرَ ضار، عاجِـلاً غَـيْرَ آجِل,«اللَّهُمَّ اسْقِنَا غَيْثاً مُغِيثاً مَرِيئاً مَرِيعاً، نَافِعاً غَيْرَ ضَارٍّ، عَاجِلاً غَيْرَ آجِلٍ».,Abu Dawud 1/303. See also Al-Albani SahihAbu Dawud 1/216.,,,,exact_match,1.0,"[""Allāhumma ‘asqinā ghaythan mughīthan marī'an murī`a, nāfi`an ghayra ḍārr, `ājilan ghayra ājil."", 'O Allah, shower upon us abundant rain, beneficial not harmful, swiftly and not delayed.', 'Abu Dawud 1/303. See also Al-Albani SahihAbu Dawud 1/216.', 'اللّهُمَّ اسْقِـنا غَيْـثاً مُغيـثاً مَريئاً مُريـعاً، نافِعـاً غَيْـرَ ضار، عاجِـلاً غَـيْرَ آجِل']","['«اللَّهُمَّ اسْقِنَا غَيْثاً مُغِيثاً مَرِيئاً مَرِيعاً، نَافِعاً غَيْرَ ضَارٍّ، عَاجِلاً غَيْرَ آجِلٍ».', '(আল্লা-হুম্মা আসক্বিনা গাইসান মুগীসান মারী’য়ান মারী‘আন না-ফি‘আন গাইরা দ্বাররিন ‘আ-জিলান গাইরা আ-জিলিন)।', '“হে আল্লাহ! আমাদেরকে এমন বৃষ্টির পানি দান করুন যা সাহায্যকারী, সুপেয়, উর্বরকারী; কল্যাণকর, ক্ষতিকর নয়; শীঘ্রই, বিলম্বে নয়।”[1]']"
170,63,Chapter: For rain,من أدعية الاستسقاء,62.0,মেঘের গর্জন শুনলে পড়ার দো‘আ,"Allāhumma aghithnā, Allāhumma aghithnā, Allāhumma aghithnā.","O Allah, send us rain. O Allah, send us rain. O Allah, send us rain.","আল্লা-হুম্মা আগিসনা, আল্লা-হুম্মা আগিসনা, আল্লা-হুম্মা আগিসনা",“হে আল্লাহ! আমাদেরকে বৃষ্টি দিন। হে আল্লাহ! আমাদেরকে বৃষ্টি দিন। হে আল্লাহ! আমাদেরকে বৃষ্টি দিন।”[2],اللّهُمَّ أغِثْنـا، اللّهُمَّ أغِثْنـا، اللّهُمَّ أغِثْنـا,«اللَّهُمَّ أَغِثْنَا، اللَّهُمَّ أَغِثْنَا، اللَّهُمَّ أَغِثْنَا».,"Al-Bukhari 1/224, Muslim 2/613.",,,,exact_match,1.0,"['Allāhumma aghithnā, Allāhumma aghithnā, Allāhumma aghithnā.', 'O Allah, send us rain. O Allah, send us rain. O Allah, send us rain.', 'Al-Bukhari 1/224, Muslim 2/613.', 'اللّهُمَّ أغِثْنـا، اللّهُمَّ أغِثْنـا، اللّهُمَّ أغِثْنـا']","['«اللَّهُمَّ أَغِثْنَا، اللَّهُمَّ أَغِثْنَا، اللَّهُمَّ أَغِثْنَا».', '(আল্লা-হুম্মা আগিসনা, আল্লা-হুম্মা আগিসনা, আল্লা-হুম্মা আগিসনা)।', '“হে আল্লাহ! আমাদেরকে বৃষ্টি দিন। হে আল্লাহ! আমাদেরকে বৃষ্টি দিন। হে আল্লাহ! আমাদেরকে বৃষ্টি দিন।”[2]']"
171,63,Chapter: For rain,من أدعية الاستسقاء,62.0,মেঘের গর্জন শুনলে পড়ার দো‘আ,"Allāhumma’sqi `ibādaka wa bahā'imak, wanshur raḥmatak, wa aḥyi baladaka ‘l-mayyit","O Allah, give water to Your slaves, and Your livestock, and spread Your mercy, and revive Your dead land.",আল্লা-হুম্মাসক্বি ইবা-দাকা ওয়া বাহা-ইমাকা ওয়ানশুর রহমাতাকা ওয়া আহয়ি বালাদাকাল মায়্যিতা,"“হে আল্লাহ! আপনি আপনার বান্দাগণকে ও জীব- জন্তুগুলোকে পানি পান করান, আর আপনার রহমত বিস্তৃত করুন এবং আপনার মৃত শহরকে সজীব করুন।”[3]",اللّهُمَّ اسْقِ عِبادَكَ وَبَهـائِمَك، وَانْشُـرْ رَحْمَـتَكَ وَأَحْيِي بَلَـدَكَ المَيِّـت,«اللَّهُمَّ اسْقِ عِبَادَكَ، وَبَهَائِمَكَ، وَانْشُرْ رَحْمَتَكَ، وَأَحْيِي بَلَدَكَ الْمَيِّتَ».,Abu Dawud 1/305. Al-Albani graded it good in Sahih Abu Dawud 1/218.,"[3] আবূ দাউদ ১/৩০৫, নং ১১৭৮। আর শাইখ আলবানী তাঁর সহীহ আবি দাউদে একে হাসান বলেছেন, ১/২১৮। ৬৪. বৃষ্টি দেখলে দো‘আ ইমেইল করুন ভুল পেলে রিপোর্ট করুন",,,exact_match,1.0,"[""Allāhumma’sqi `ibādaka wa bahā'imak, wanshur raḥmatak, wa aḥyi baladaka ‘l-mayyit"", 'O Allah, give water to Your slaves, and Your livestock, and spread Your mercy, and revive Your dead land.', 'Abu Dawud 1/305. Al-Albani graded it good in Sahih Abu Dawud 1/218.', 'اللّهُمَّ اسْقِ عِبادَكَ وَبَهـائِمَك، وَانْشُـرْ رَحْمَـتَكَ وَأَحْيِي بَلَـدَكَ المَيِّـت']","['«اللَّهُمَّ اسْقِ عِبَادَكَ، وَبَهَائِمَكَ، وَانْشُرْ رَحْمَتَكَ، وَأَحْيِي بَلَدَكَ الْمَيِّتَ».', '(আল্লা-হুম্মাসক্বি ইবা-দাকা ওয়া বাহা-ইমাকা ওয়ানশুর রহমাতাকা ওয়া আহয়ি বালাদাকাল মায়্যিতা)।', '“হে আল্লাহ! আপনি আপনার বান্দাগণকে ও জীব- জন্তুগুলোকে পানি পান করান, আর আপনার রহমত বিস্তৃত করুন এবং আপনার মৃত শহরকে সজীব করুন।”[3]', '[1] আবূ দাউদ, ১/৩০৩, নং ১১৭১। আর শাইখ আলবানী সহীহ আবি দাউদে একে সহীহ বলেছেন, ১/২১৬।', '[2] বুখারী ১/২২৪, নং ১০১৪; মুসলিম ২/৬১৩, নং ৮৯৭।', '[3] আবূ দাউদ ১/৩০৫, নং ১১৭৮। আর শাইখ আলবানী তাঁর সহীহ আবি দাউদে একে হাসান বলেছেন, ১/২১৮।', '৬৪. বৃষ্টি দেখলে দো‘আ', 'ইমেইল করুন', 'ভুল পেলে রিপোর্ট করুন']"
172,64,Chapter: When it rains,الدعاء إذا رأى المطر,62.0,মেঘের গর্জন শুনলে পড়ার দো‘আ,Allāhumma ṣayyiban nāfi`a.,"O Allah, (bring) beneficial rain clouds.",আল্লা-হুম্মা সায়্যিবান নাফি‘আন,“হে আল্লাহ! মুষলধারায় উপকারী বৃষ্টি বর্ষণ করুন।”[1],اللّهُمَّ صَيِّـباً نافِـعاً,اللَّهُمَّ صَيِّباً نَافِعاً.,"Al-Bukhari, cf. Al-Asqalani, Fathul-Bari 2/518.","[1] বুখারী, (ফাতহুল বারীসহ) ২/৫১৮, নং ১০৩২। ৬৫. বৃষ্টি বর্ষণের পর যিকর ইমেইল করুন ভুল পেলে রিপোর্ট করুন",,,exact_match,1.0,"['Allāhumma ṣayyiban nāfi`a.', 'O Allah, (bring) beneficial rain clouds.', 'Al-Bukhari, cf. Al-Asqalani, Fathul-Bari 2/518.', 'اللّهُمَّ صَيِّـباً نافِـعاً']","['اللَّهُمَّ صَيِّباً نَافِعاً.', '(আল্লা-হুম্মা সায়্যিবান নাফি‘আন)।', '“হে আল্লাহ! মুষলধারায় উপকারী বৃষ্টি বর্ষণ করুন।”[1]', '[1] বুখারী, (ফাতহুল বারীসহ) ২/৫১৮, নং ১০৩২।', '৬৫. বৃষ্টি বর্ষণের পর যিকর', 'ইমেইল করুন', 'ভুল পেলে রিপোর্ট করুন']"
173,65,Chapter: After rainfall,الذكر بعد نزول المطر,62.0,মেঘের গর্জন শুনলে পড়ার দো‘আ,Muṭirnā bifaḍlillāhi wa raḥmatih.,We have been given rain by the grace and mercy of Allah.,মুতিরনা বিফাদলিল্লা-হি ওয়া রহমাতি-হি,“আল্লাহ্‌র অনুগ্রহ ও দয়ায় আমাদের উপর বৃষ্টি বর্ষিত হয়েছে।”[1],مُطِـرْنا بِفَضْـلِ اللهِ وَرَحْمَـتِه,مُطِرْنَا بِفَضْلِ اللَّهِ وَرَحْمَتِهِ.,"Al-Bukhari 1/205, Muslim 1/83.","[1] বুখারী ১/২০৫, নং ৮৪৬; মুসলিম ১/৮৩, নং ৭১। ৬৬. অতিবৃষ্টি বন্ধের জন্য কিছু দো‘আ ইমেইল করুন ভুল পেলে রিপোর্ট করুন",,,exact_match,1.0,"['Muṭirnā bifaḍlillāhi wa raḥmatih.', 'We have been given rain by the grace and mercy of Allah.', 'Al-Bukhari 1/205, Muslim 1/83.', 'مُطِـرْنا بِفَضْـلِ اللهِ وَرَحْمَـتِه']","['مُطِرْنَا بِفَضْلِ اللَّهِ وَرَحْمَتِهِ.', '(মুতিরনা বিফাদলিল্লা-হি ওয়া রহমাতি-হি)।', '“আল্লাহ্\u200cর অনুগ্রহ ও দয়ায় আমাদের উপর বৃষ্টি বর্ষিত হয়েছে।”[1]', '[1] বুখারী ১/২০৫, নং ৮৪৬; মুসলিম ১/৮৩, নং ৭১।', '৬৬. অতিবৃষ্টি বন্ধের জন্য কিছু দো‘আ', 'ইমেইল করুন', 'ভুল পেলে রিপোর্ট করুন']"
174,66,Chapter: Asking for clear skies,من أدعية الاستصحاء,62.0,মেঘের গর্জন শুনলে পড়ার দো‘আ,"Allāhumma ḥawālaynā wa lā `alaynā. Allāhumma `ala ‘l-ākāmi waẓ-ẓirāb, wa buṭūni ‘l-awdiyati, wa manābitish-shajar.","O Allah, let the rain fall around us and not upon us, O Allah, (let it fall) on the pastures, hills, valleys, and the roots of trees.",আল্লা-হুম্মা হাওয়ালাইনা ওয়ালা ‘আলাইনা। আল্লা-হুম্মা আলাল-আ-কা-মি ওয়ায্যিরা-বি ওয়াবুতূনিল আওদিয়াতি ওয়ামানা-বিতিশ শাজারি,"“হে আল্লাহ! আমাদের পার্শ্ববর্তী এলাকায় (বর্ষণ করুন), আমাদের উপর নয়। হে আল্লাহ! উঁচু ভূমিতে, পাহাড়ে, উপত্যকার কোলে ও বনাঞ্চলে (বর্ষণ করুন)।”[1]",اللّهُمَّ حَوالَيْنا وَلا عَلَيْـنا، اللّهُمَّ عَلى الآكـامِ وَالظِّـراب، وَبُطـونِ الأوْدِية، وَمَنـابِتِ الشَّجـر,اللَّهُمَّ حَوَالَيْنَا وَلاَ عَلَيْنَا، اللَّهُمَّ عَلَى الآكَامِ وَالظِّرَابِ، وَبُطُونِ الْأَوْدِيَةِ، وَمَنَابِتِ الشَّجَرِ.,"Al-Bukhari 1/224, Muslim 1/614","[1] বুখারী ১/২২৪, নং ৯৩৩; মুসলিম ২/৬১৪, নং ৮৯৭।",,,exact_match,1.0,"['Allāhumma ḥawālaynā wa lā `alaynā. Allāhumma `ala ‘l-ākāmi waẓ-ẓirāb, wa buṭūni ‘l-awdiyati, wa manābitish-shajar.', 'O Allah, let the rain fall around us and not upon us, O Allah, (let it fall) on the pastures, hills, valleys, and the roots of trees.', 'Al-Bukhari 1/224, Muslim 1/614', 'اللّهُمَّ حَوالَيْنا وَلا عَلَيْـنا، اللّهُمَّ عَلى الآكـامِ وَالظِّـراب، وَبُطـونِ الأوْدِية، وَمَنـابِتِ الشَّجـر']","['اللَّهُمَّ حَوَالَيْنَا وَلاَ عَلَيْنَا، اللَّهُمَّ عَلَى الآكَامِ وَالظِّرَابِ، وَبُطُونِ الْأَوْدِيَةِ، وَمَنَابِتِ الشَّجَرِ.', '(আল্লা-হুম্মা হাওয়ালাইনা ওয়ালা ‘আলাইনা। আল্লা-হুম্মা আলাল-আ-কা-মি ওয়ায্যিরা-বি ওয়াবুতূনিল আওদিয়াতি ওয়ামানা-বিতিশ শাজারি)', '“হে আল্লাহ! আমাদের পার্শ্ববর্তী এলাকায় (বর্ষণ করুন), আমাদের উপর নয়। হে আল্লাহ! উঁচু ভূমিতে, পাহাড়ে, উপত্যকার কোলে ও বনাঞ্চলে (বর্ষণ করুন)।”[1]', '[1] বুখারী ১/২২৪, নং ৯৩৩; মুসলিম ২/৬১৪, নং ৮৯৭।']"
175,67,Chapter: Upon sighting the crescent moon,دعاء رؤية الهلال,67.0,নতুন চাঁদ দেখে পড়ার দো‘আ,"Allāhu Akbar, Allāhumma ahillahu `alayna bi ‘l-amni wa ‘l-īmān, was-salāmati wa ‘l-'Islām, wat-tawfīqi limā tuḥibbu Rabbanā wa tarḍā, Rabbunā wa Rabbukallāh.","Allah is the Most Great. O Allah, bring us the new moon with security and Faith, with peace and in Islam, and in harmony with what our Lord loves and what pleases Him. Our Lord and your Lord is Allah.","আল্লা-হু আকবার, আল্লা-হুম্মা আহিল্লাহু ‘আলাইনা বিলআমনি ওয়ালঈমানি ওয়াস্‌সালা-মাতি ওয়াল-ইসলা-মি, ওয়াত্তাওফীকি লিমা তুহিব্বু রব্বানা ওয়া তারদ্বা, রব্বুনা ওয়া রব্বুকাল্লাহ","“আল্লাহ সবচেয়ে বড়। হে আল্লাহ! এই নতুন চাঁদকে আমাদের উপর উদিত করুন নিরাপত্তা, ঈমান, শান্তি ও ইসলামের সাথে; আর হে আমাদের রব্ব! যা আপনি পছন্দ করেন এবং যাতে আপনি সন্তুষ্ট হন তার প্রতি তাওফীক লাভের সাথে। আল্লাহ আমাদের রব্ব এবং তোমার (চাঁদের) রব্ব।”[1]",اللهُ أَكْـبَر، اللّهُمَّ أَهِلَّـهُ عَلَيْـنا بِالأمْـنِ وَالإيمـان، والسَّلامَـةِ والإسْلام، وَالتَّـوْفيـقِ لِما تُحِـبُّ رَبَّنـا وَتَـرْضـى، رَبُّنـا وَرَبُّكَ الله,اللَّهُ أَكْبَرُ، اللَّهُمَّ أَهِلَّهُ عَلَيْنَا بِالْأَمْنِ وَالْإِيمَانِ، وَالسَّلاَمَةِ وَالْإِسْلاَمِ، وَالتَّوْفِيقِ لِمَا تُحِبُّ رَبَّنَا وَتَرْضَى، رَبُّنَا وَرَبُّكَ اللَّهُ.,"At-Tirmidhi 5/504, Ad-Darimi 1/336. See also Al-Albani, Sahih At-Tirmidhi 3/157.","[1] তিরমিযী ৫/৫০৪, নং ৩৪৫১; আদ-দারিমী, শব্দ তাঁরই, ১/৩৩৬। আরও দেখুন, সহীহুত তিরমিযী, ৩/১৫৭।",,,exact_match,1.0,"[""Allāhu Akbar, Allāhumma ahillahu `alayna bi ‘l-amni wa ‘l-īmān, was-salāmati wa ‘l-'Islām, wat-tawfīqi limā tuḥibbu Rabbanā wa tarḍā, Rabbunā wa Rabbukallāh."", 'Allah is the Most Great. O Allah, bring us the new moon with security and Faith, with peace and in Islam, and in harmony with what our Lord loves and what pleases Him. Our Lord and your Lord is Allah.', 'At-Tirmidhi 5/504, Ad-Darimi 1/336. See also Al-Albani, Sahih At-Tirmidhi 3/157.', 'اللهُ أَكْـبَر، اللّهُمَّ أَهِلَّـهُ عَلَيْـنا بِالأمْـنِ وَالإيمـان، والسَّلامَـةِ والإسْلام، وَالتَّـوْفيـقِ لِما تُحِـبُّ رَبَّنـا وَتَـرْضـى، رَبُّنـا وَرَبُّكَ الله']","['اللَّهُ أَكْبَرُ، اللَّهُمَّ أَهِلَّهُ عَلَيْنَا بِالْأَمْنِ وَالْإِيمَانِ، وَالسَّلاَمَةِ وَالْإِسْلاَمِ، وَالتَّوْفِيقِ لِمَا تُحِبُّ رَبَّنَا وَتَرْضَى، رَبُّنَا وَرَبُّكَ اللَّهُ.', '(আল্লা-হু আকবার, আল্লা-হুম্মা আহিল্লাহু ‘আলাইনা বিলআমনি ওয়ালঈমানি ওয়াস্\u200cসালা-মাতি ওয়াল-ইসলা-মি, ওয়াত্তাওফীকি লিমা তুহিব্বু রব্বানা ওয়া তারদ্বা, রব্বুনা ওয়া রব্বুকাল্লাহ)', '“আল্লাহ সবচেয়ে বড়। হে আল্লাহ! এই নতুন চাঁদকে আমাদের উপর উদিত করুন নিরাপত্তা, ঈমান, শান্তি ও ইসলামের সাথে; আর হে আমাদের রব্ব! যা আপনি পছন্দ করেন এবং যাতে আপনি সন্তুষ্ট হন তার প্রতি তাওফীক লাভের সাথে। আল্লাহ আমাদের রব্ব এবং তোমার (চাঁদের) রব্ব।”[1]', '[1] তিরমিযী ৫/৫০৪, নং ৩৪৫১; আদ-দারিমী, শব্দ তাঁরই, ১/৩৩৬। আরও দেখুন, সহীহুত তিরমিযী, ৩/১৫৭।']"
176,68,Chapter: Upon breaking fast,الدعاء عند إفطار الصائم,68.0,ইফতারের সময় রোযাদারের দো‘আ,"Dhahabaẓ-ẓama', wabtallati ‘l-`urūq, wa thabata ‘l-'ajru in shā Allāh.","The thirst is gone, the veins are moistened, and the reward is confirmed, if Allah wills.",যাহাবায-যামাউ ওয়াবতাল্লাতিল ‘উরূকু ওয়া সাবাতাল আজরু ইনশা-আল্লা-হু,"“পিপাসা মিটেছে, শিরাগুলো সিক্ত হয়েছে এবং আল্লাহ্‌ চান তো সওয়াব সাব্যস্ত হয়েছে।”[1]",ذَهَـبَ الظَّمَـأُ، وَابْتَلَّـتِ العُـروق، وَثَبَـتَ الأجْـرُ إِنْ شـاءَ الله,«ذَهَبَ الظَّمَأُ وَابْتَلَّتِ العُرُوقُ، وَثَبَتَ الْأَجْرُ إِنْ شَاءَ اللَّهُ».,"Abu Dawud 2/306 and others. See also Al- Albani, Sahihul-Jami' As-Saghir 4/209.",,,,exact_match,1.0,"[""Dhahabaẓ-ẓama', wabtallati ‘l-`urūq, wa thabata ‘l-'ajru in shā Allāh."", 'The thirst is gone, the veins are moistened, and the reward is confirmed, if Allah wills.', ""Abu Dawud 2/306 and others. See also Al- Albani, Sahihul-Jami' As-Saghir 4/209."", 'ذَهَـبَ الظَّمَـأُ، وَابْتَلَّـتِ العُـروق، وَثَبَـتَ الأجْـرُ إِنْ شـاءَ الله']","['«ذَهَبَ الظَّمَأُ وَابْتَلَّتِ العُرُوقُ، وَثَبَتَ الْأَجْرُ إِنْ شَاءَ اللَّهُ».', '(যাহাবায-যামাউ ওয়াবতাল্লাতিল ‘উরূকু ওয়া সাবাতাল আজরু ইনশা-আল্লা-হু)।', '“পিপাসা মিটেছে, শিরাগুলো সিক্ত হয়েছে এবং আল্লাহ্\u200c চান তো সওয়াব সাব্যস্ত হয়েছে।”[1]']"
177,68,Chapter: Upon breaking fast,الدعاء عند إفطار الصائم,68.0,ইফতারের সময় রোযাদারের দো‘আ,Allāhumma innī as'aluka bi raḥmatika ‘l-latī wasi`at kulla shay' an taghfira lī.,"O Allah, I ask You by Your mercy, which encompasses all things, that You forgive me.",আল্লা-হুম্মা ইন্নী আসআলুকা বিরহ্‌মাতিকাল্লাতী ওয়াসি‘আত কুল্লা শাই’ইন আন তাগফিরা লী,"“হে আল্লাহ! আপনার যে রহমত সকল কিছু পরিব্যাপ্ত করে রেখেছে তার উসীলায় আবেদন করি, আপনি আমাকে ক্ষমা করুন।”[2]",اللّهُـمَّ إِنَّـي أَسْـأَلُـكَ بِرَحْمَـتِكَ الّتي وَسِـعَت كُلَّ شيء، أَنْ تَغْـفِرَ لي,«اللَّهُمَّ إِنِّي أَسْأَلُكَ بِرَحْمَتِكَ الَّتِي وَسِعَتْ كُلَّ شَيْءٍ أَنْ تَغْفِرَ لِي».,Ibn Majah 1/557 from a supplication of Abdullah bin 'Amr. Al-Hafidh graded it as good in his checking of An-Nawawi's Kitabul-'Athkdr. See Sharhul- Athkar 4/342.,"[2] হাদীসটি সংকলন করেছেন, ইবন মাজাহ্‌ ১/৫৫৭, নং ১৭৫৩; যা মূলত আবদুল্লাহ ইবন আমর রাদিয়াল্লাহু আনহুমার দো‘আ। আর হাফেয ইবন হাজার তাঁর তাখরীজুল আযকারে এটার সনদকে হাসান বলেছেন। শরহুল আযকার, ৪/৩৪২।",,,exact_match,1.0,"[""Allāhumma innī as'aluka bi raḥmatika ‘l-latī wasi`at kulla shay' an taghfira lī."", 'O Allah, I ask You by Your mercy, which encompasses all things, that You forgive me.', ""Ibn Majah 1/557 from a supplication of Abdullah bin 'Amr. Al-Hafidh graded it as good in his checking of An-Nawawi's Kitabul-'Athkdr. See Sharhul- Athkar 4/342."", 'اللّهُـمَّ إِنَّـي أَسْـأَلُـكَ بِرَحْمَـتِكَ الّتي وَسِـعَت كُلَّ شيء، أَنْ تَغْـفِرَ لي']","['«اللَّهُمَّ إِنِّي أَسْأَلُكَ بِرَحْمَتِكَ الَّتِي وَسِعَتْ كُلَّ شَيْءٍ أَنْ تَغْفِرَ لِي».', '(আল্লা-হুম্মা ইন্নী আসআলুকা বিরহ্\u200cমাতিকাল্লাতী ওয়াসি‘আত কুল্লা শাই’ইন আন তাগফিরা লী)।', '“হে আল্লাহ! আপনার যে রহমত সকল কিছু পরিব্যাপ্ত করে রেখেছে তার উসীলায় আবেদন করি, আপনি আমাকে ক্ষমা করুন।”[2]', '[1] হাদীসটি সংকলন করেছেন আবূ দাউদ ২/৩০৬, নং ২৩৫৭ ও অন্যান্য। আরও দেখুন, সহীহুল জামে‘ ৪/২০৯।', '[2] হাদীসটি সংকলন করেছেন, ইবন মাজাহ্\u200c ১/৫৫৭, নং ১৭৫৩; যা মূলত আবদুল্লাহ ইবন আমর রাদিয়াল্লাহু আনহুমার দো‘আ। আর হাফেয ইবন হাজার তাঁর তাখরীজুল আযকারে এটার সনদকে হাসান বলেছেন। শরহুল আযকার, ৪/৩৪২।']"
178,69,Chapter: Before eating,الدعاء قبل الطعام,69.0,খাওয়ার পূর্বে দো‘আ,"When anyone of you begins eating, say:","When anyone of you begins eating, say: With the Name of Allah. And if you forget then, when you remember, say: With the Name of Allah, in the beginning, and in the end.",বিসমিল্লাহ) (বিস্‌মিল্লাহি ফী আওওয়ালিহী ওয়া আখিরিহী,"“যখন তোমাদের কেউ আহার শুরু করে তখন সে যেনো বলে,",إِذَا أَكَلَ أَحَدُكُمْ طَعَاماً فَلْيَقُلْ بِسْمِ اللَّهِ، فَإِنْ نَسِيَ فِي أَوَّلِهِ فَلْيَقُلْ بسمِ اللَّهِ فِي أَوَّلِهِ وَآخِرِهِ,«بِسْمِ اللَّهِ» «بسمِ اللَّهِ فِي أَوَّلِهِ وَآخِرِهِ»,"Abu Dawud 3/347, At-Tirmidhi 4/288. See Al- Albani's Sahih At-Tirmidhi 2/167.",,,"“আল্লাহর নামে।” আর শুরুতে বলতে ভুলে গেলে যেন বলে, “এর শুরু ও শেষ আল্লাহ্‌র নামে।”[1]",mismatch,0.5636,"['When anyone of you begins eating, say:', 'When anyone of you begins eating, say: With the Name of Allah. And if you forget then, when you remember, say: With the Name of Allah, in the beginning, and in the end.', ""Abu Dawud 3/347, At-Tirmidhi 4/288. See Al- Albani's Sahih At-Tirmidhi 2/167."", 'إِذَا أَكَلَ أَحَدُكُمْ طَعَاماً فَلْيَقُلْ بِسْمِ اللَّهِ، فَإِنْ نَسِيَ فِي أَوَّلِهِ فَلْيَقُلْ بسمِ اللَّهِ فِي أَوَّلِهِ وَآخِرِهِ']","['“যখন তোমাদের কেউ আহার শুরু করে তখন সে যেনো বলে,', '«بِسْمِ اللَّهِ»', '(বিসমিল্লাহ)', '“আল্লাহর নামে।” আর শুরুতে বলতে ভুলে গেলে যেন বলে,', '«بسمِ اللَّهِ فِي أَوَّلِهِ وَآخِرِهِ»', '(বিস্\u200cমিল্লাহি ফী আওওয়ালিহী ওয়া আখিরিহী)।', '“এর শুরু ও শেষ আল্লাহ্\u200cর নামে।”[1]']"
179,69,Chapter: Before eating,الدعاء قبل الطعام,69.0,খাওয়ার পূর্বে দো‘আ,"Whomever Allah has given food, should say:","Whomever Allah has given food, should say: O Allah, bless us in it and provide us with better than it. Whomever Allah has given milk to drink, should say : O Allah, bless us in it and give us more of it.",আল্লা-হুম্মা বারিক লানা ফীহি ওয়া আত‘ইমনা খাইরাম-মিনহু) (আল্লা-হুম্মা বারিক লানা ফীহি ওয়াযিদনা মিনহু,"“যাকে আল্লাহ কোনো খাবার খাওয়ায় সে যেন বলে,","مَنْ أَطْعَمَهُ اللَّهُ الطَّعَامَ فَلْيَقُلْ: ""اللَّهُمَّ بَارِكْ لَنَا فِيهِ وَأَطْعِمْنَا خَيْراً مِنْهُ""، وَمَنْ سَقَاهُ اللَّهُ لَبَناً فَلْيَقُلْ ""اللَّهُمَّ بَارِكْ لَنَا فِيهِ وَزِدْنَا مِنْهُ""",« اللَّهُمَّ بَارِكْ لَنَا فِيهِ وَأَطْعِمْنَا خَيْراً مِنْهُ». «اللَّهُمَّ بَارِكْ لَنَا فِيهِ وَزِدْنَا مِنْهُ».,"At-Tirmidhi 5/506. See also Al-Albani, Sahih At-Tirmidhi 3/158.","[2] তিরমিযী ৫/৫০৬, নং ৩৪৫৫। আরও দেখুন, সহীহুত তিরমিযী, ৩/১৫৮।",,“হে আল্লাহ! আপনি আমাদেরকে এই খাদ্যে বরকত দিন এবং এর চেয়েও উত্তম খাদ্য আহার করান।” আর আল্লাহ্‌ কাউকে দুধ পান করালে সে যেন বলে: “হে আল্লাহ! আপনি আমাদেরকে এই খাদ্যে বরকত দিন এবং আমাদেরকে তা থেকে আরও বেশি দিন।”[2],mismatch,0.7111,"['Whomever Allah has given food, should say:', 'Whomever Allah has given food, should say: O Allah, bless us in it and provide us with better than it. Whomever Allah has given milk to drink, should say : O Allah, bless us in it and give us more of it.', 'At-Tirmidhi 5/506. See also Al-Albani, Sahih At-Tirmidhi 3/158.', 'مَنْ أَطْعَمَهُ اللَّهُ الطَّعَامَ فَلْيَقُلْ: ""اللَّهُمَّ بَارِكْ لَنَا فِيهِ وَأَطْعِمْنَا خَيْراً مِنْهُ""، وَمَنْ سَقَاهُ اللَّهُ لَبَناً فَلْيَقُلْ ""اللَّهُمَّ بَارِكْ لَنَا فِيهِ وَزِدْنَا مِنْهُ""']","['“যাকে আল্লাহ কোনো খাবার খাওয়ায় সে যেন বলে,', '« اللَّهُمَّ بَارِكْ لَنَا فِيهِ وَأَطْعِمْنَا خَيْراً مِنْهُ».', '(আল্লা-হুম্মা বারিক লানা ফীহি ওয়া আত‘ইমনা খাইরাম-মিনহু)।', '“হে আল্লাহ! আপনি আমাদেরকে এই খাদ্যে বরকত দিন এবং এর চেয়েও উত্তম খাদ্য আহার করান।”', 'আর আল্লাহ্\u200c কাউকে দুধ পান করালে সে যেন বলে:', '«اللَّهُمَّ بَارِكْ لَنَا فِيهِ وَزِدْنَا مِنْهُ».', '(আল্লা-হুম্মা বারিক লানা ফীহি ওয়াযিদনা মিনহু)।', '“হে আল্লাহ! আপনি আমাদেরকে এই খাদ্যে বরকত দিন এবং আমাদেরকে তা থেকে আরও বেশি দিন।”[2]', '[1] হাদীসটি সংকলন করেছেন আবূ দাঊদ ৩/৩৪৭, নং ৩৭৬৭; তিরমিযী, ৪/২৮৮, নং ১৮৫৮। আরও দেখুন, সহীহুত তিরমিযী, ২/১৬৭।', '[2] তিরমিযী ৫/৫০৬, নং ৩৪৫৫। আরও দেখুন, সহীহুত তিরমিযী, ৩/১৫৮।']"
180,70,Chapter: Upon completing the meal,الدعاء عند الفراغ من الطعام,70.0,আহার শেষ করার পর দো‘আ,"Alhamdu lillāhi ‘l-ladhī aṭ`amanī hādhā, wa razaqanīhi min ghayri ḥawlin minnī wa lā quwwah.","Praise is to Allah Who has given me this food, and sustained me with it though I was unable to do it and powerless.",আলহামদু লিল্লা-হিল্লাযী আত‘আমানী হা-যা ওয়া রাযাকানীহি মিন গাইরি হাউলিম মিন্নী ওয়ালা কুওয়াতিন,"“সকল প্রশংসা আল্লাহ্‌র জন্য, যিনি আমাকে এ আহার করালেন এবং এ রিযিক দিলেন যাতে ছিল না আমার পক্ষ থেকে কোনো উপায়, ছিল না কোনো শক্তি-সামর্থ্য।”[1]",الْحَمْـدُ للهِ الَّذي أَطْعَمَنـي هـذا وَرَزَقَنـيهِ مِنْ غَـيْرِ حَوْلٍ مِنِّي وَلا قُوَّة,«الْحَمْدُ لِلَّهِ الَّذِي أَطْعَمَنِي هَذَا، وَرَزَقَنِيهِ، مِنْ غَيْرِ حَوْلٍ مِنِّي وَلاَ قُوَّةٍ».,"At-Tirmidhi, Abu Dawud, and Ibn Majah. See also Al-Albani, Sahih At-Tirmidhi 3/159.",,,,exact_match,1.0,"['Alhamdu lillāhi ‘l-ladhī aṭ`amanī hādhā, wa razaqanīhi min ghayri ḥawlin minnī wa lā quwwah.', 'Praise is to Allah Who has given me this food, and sustained me with it though I was unable to do it and powerless.', 'At-Tirmidhi, Abu Dawud, and Ibn Majah. See also Al-Albani, Sahih At-Tirmidhi 3/159.', 'الْحَمْـدُ للهِ الَّذي أَطْعَمَنـي هـذا وَرَزَقَنـيهِ مِنْ غَـيْرِ حَوْلٍ مِنِّي وَلا قُوَّة']","['«الْحَمْدُ لِلَّهِ الَّذِي أَطْعَمَنِي هَذَا، وَرَزَقَنِيهِ، مِنْ غَيْرِ حَوْلٍ مِنِّي وَلاَ قُوَّةٍ».', '(আলহামদু লিল্লা-হিল্লাযী আত‘আমানী হা-যা ওয়া রাযাকানীহি মিন গাইরি হাউলিম মিন্নী ওয়ালা কুওয়াতিন)।', '“সকল প্রশংসা আল্লাহ্\u200cর জন্য, যিনি আমাকে এ আহার করালেন এবং এ রিযিক দিলেন যাতে ছিল না আমার পক্ষ থেকে কোনো উপায়, ছিল না কোনো শক্তি-সামর্থ্য।”[1]']"
181,70,Chapter: Upon completing the meal,الدعاء عند الفراغ من الطعام,70.0,আহার শেষ করার পর দো‘আ,"Alhamdu lillāhi ḥamdan kathīran tayyiban mubārakan fīh, ghayra makfiyyin wa lā muwadda`in, wa lā mustaghnan `anhu Rabbanā.","All praise is to Allah, praise in abundance, good and blessed. It cannot [be compensated for, nor can it] be left, nor can it be done without, our Lord.","আলহামদু লিল্লা-হি হামদান কাসীরান তায়্যিবান মুবা-রাকান ফীহি, গাইরা মাকফিয়্যিন ওয়ালা মুয়াদ্দা‘ইন, ওয়ালা মুসতাগনান ‘আনহু রব্বানা","“আল্লাহর জন্যই সকল প্রশংসা; এমন প্রশংসা যা অঢেল, পবিত্র ও যাতে রয়েছে বরকত; [যা যথেষ্ট করা হয় নি], যা বিদায় দিতে পারব না, আর যা থেকে বিমুখ হতে পারব না, হে আমাদের রব্ব!”[2]",الْحَمْـدُ للهِ حَمْـداً كَثـيراً طَيِّـباً مُبـارَكاً فيه، غَيْرَ مَكْفِيٍّ وَلا مُوَدَّعٍ وَلا مُسْتَغْـنىً عَنْـهُ رَبَّـنا,«الْحَمْدُ لِلَّهِ حَمْداً كَثِيراً طَيِّباً مُبَارَكاً فِيهِ، غَيْرَ [مَكْفِيٍّ وَلاَ ] مُوَدَّعٍ، وَلاَ مُسْتَغْنَىً عَنْهُ رَبَّنَا».,"Al-Bukhari 6/214, At-Tirmidhi 5/507.","[2] বুখারী ৬/২১৪, হাদীস নং ৫৪৫৮; তিরমিযী, আর শব্দটি তাঁরই, ৫/৫০৭, নং ৩৪৫৬।",,,exact_match,1.0,"['Alhamdu lillāhi ḥamdan kathīran tayyiban mubārakan fīh, ghayra makfiyyin wa lā muwadda`in, wa lā mustaghnan `anhu Rabbanā.', 'All praise is to Allah, praise in abundance, good and blessed. It cannot [be compensated for, nor can it] be left, nor can it be done without, our Lord.', 'Al-Bukhari 6/214, At-Tirmidhi 5/507.', 'الْحَمْـدُ للهِ حَمْـداً كَثـيراً طَيِّـباً مُبـارَكاً فيه، غَيْرَ مَكْفِيٍّ وَلا مُوَدَّعٍ وَلا مُسْتَغْـنىً عَنْـهُ رَبَّـنا']","['«الْحَمْدُ لِلَّهِ حَمْداً كَثِيراً طَيِّباً مُبَارَكاً فِيهِ، غَيْرَ [مَكْفِيٍّ وَلاَ ] مُوَدَّعٍ، وَلاَ مُسْتَغْنَىً عَنْهُ رَبَّنَا».', '(আলহামদু লিল্লা-হি হামদান কাসীরান তায়্যিবান মুবা-রাকান ফীহি, গাইরা মাকফিয়্যিন ওয়ালা মুয়াদ্দা‘ইন, ওয়ালা মুসতাগনান ‘আনহু রব্বানা)।', '“আল্লাহর জন্যই সকল প্রশংসা; এমন প্রশংসা যা অঢেল, পবিত্র ও যাতে রয়েছে বরকত; [যা যথেষ্ট করা হয় নি], যা বিদায় দিতে পারব না, আর যা থেকে বিমুখ হতে পারব না, হে আমাদের রব্ব!”[2]', '[1] হাদীসটি নাসাঈ ব্যতীত সকল সুনান গ্রন্থকারগণ সংকলন করেছেন। আবূ দাউদ, নং ৪০২৫; তিরমিযী, নং ৩৪৫৮; ইবন মাজাহ, নং ৩২৮৫। আরও দেখুন, সহীহুত তিরমিযী ৩/১৫৯।', '[2] বুখারী ৬/২১৪, হাদীস নং ৫৪৫৮; তিরমিযী, আর শব্দটি তাঁরই, ৫/৫০৭, নং ৩৪৫৬।']"
182,71,Chapter: Of the guest for the host,دعاء الضيف لصاحب الطعام,71.0,আহারের আয়োজনকারীর জন্য মেহমানের দো‘আ,"Allāhumma bārik lahum fī mā razaqtahum, wagh’fir lahum warḥamhum.","O Allah, bless them in what You have provided for them, and forgive them and have mercy on them.",আল্লা-হুম্মা বা-রিক লাহুম ফীমা রাযাক্তাহুম ওয়াগফির লাহুম ওয়ারহামহুম,"“হে আল্লাহ! আপনি তাদেরকে যে রিযিক দান করেছেন তাতে তাদের জন্য বরকত দিন এবং তাদের গুনাহ মাফ করুন, আর তাদের প্রতি দয়া করুন।”[1]",اللّهُـمَّ بارِكْ لَهُمْ فيما رَزَقْـتَهُم، وَاغْفِـرْ لَهُـمْ وَارْحَمْهُمْ,«اللَّهُمَّ بَارِكْ لَهُمْ فِيمَا رَزَقْتَهُم، وَاغْفِرْ لَهُمْ وَارْحَمْهُمْ».,Muslim 3/1615.,"[1] মুসলিম ৩/১৬১৫, নং ২০৪২।",,,exact_match,1.0,"['Allāhumma bārik lahum fī mā razaqtahum, wagh’fir lahum warḥamhum.', 'O Allah, bless them in what You have provided for them, and forgive them and have mercy on them.', 'Muslim 3/1615.', 'اللّهُـمَّ بارِكْ لَهُمْ فيما رَزَقْـتَهُم، وَاغْفِـرْ لَهُـمْ وَارْحَمْهُمْ']","['«اللَّهُمَّ بَارِكْ لَهُمْ فِيمَا رَزَقْتَهُم، وَاغْفِرْ لَهُمْ وَارْحَمْهُمْ».', '(আল্লা-হুম্মা বা-রিক লাহুম ফীমা রাযাক্তাহুম ওয়াগফির লাহুম ওয়ারহামহুম)।', '“হে আল্লাহ! আপনি তাদেরকে যে রিযিক দান করেছেন তাতে তাদের জন্য বরকত দিন এবং তাদের গুনাহ মাফ করুন, আর তাদের প্রতি দয়া করুন।”[1]', '[1] মুসলিম ৩/১৬১৫, নং ২০৪২।']"
183,72,Chapter: To one who intends to give food or drink,الدعاء إذا أراد الطعام أو الشراب,72.0,দো‘আর মাধ্যমে খাবার বা পানীয় চাওয়ার ইঙ্গিত করা,Allāhumma aṭ`im man aṭ`amanī wasqi man saqānī.,"O Allah, feed the one who has fed me, and give drink to the one who has given me drink.",আল্লা-হুম্মা আত্ব‘ইম মান আত্ব‘আমানী ওয়াসক্বি মান সাক্বা-নী,“হে আল্লাহ! যে আমাকে আহার করাবে আপনি তাদেরকে আহার করান এবং যে আমাকে পান করাবে আপনি তাদেরকে পান করান।”[1],اللّهُـمَّ أَطْعِمْ مَن أَطْعَمَني، وَاسْقِ مَن سقاني,«اللَّهُمَّ أَطْعِمْ مَنْ أَطْعَمَنِي، وَاسْقِ مَنْ سَقَانِي».,Muslim 3/126.,"[1] মুসলিম ৩/১৬২৬, নং ২০৫৫।",,,exact_match,1.0,"['Allāhumma aṭ`im man aṭ`amanī wasqi man saqānī.', 'O Allah, feed the one who has fed me, and give drink to the one who has given me drink.', 'Muslim 3/126.', 'اللّهُـمَّ أَطْعِمْ مَن أَطْعَمَني، وَاسْقِ مَن سقاني']","['«اللَّهُمَّ أَطْعِمْ مَنْ أَطْعَمَنِي، وَاسْقِ مَنْ سَقَانِي».', '(আল্লা-হুম্মা আত্ব‘ইম মান আত্ব‘আমানী ওয়াসক্বি মান সাক্বা-নী)।', '“হে আল্লাহ! যে আমাকে আহার করাবে আপনি তাদেরকে আহার করান এবং যে আমাকে পান করাবে আপনি তাদেরকে পান করান।”[1]', '[1] মুসলিম ৩/১৬২৬, নং ২০৫৫।']"
184,73,Chapter: When breaking fast in someone’s home,الدعاء إذا أفطر عند أهل بيت,73.0,কোনো পরিবারের কাছে ইফতার করলে তাদের জন্য দো‘আ,"Afṭara `indakumuṣ-ṣā'imūn, wa akala ṭa`āmakumu ‘l-'abrār, wa ṣallat `alaykumu ‘l-malā'ikah.","With you, those who are fasting have broken their fast, you have fed those who are righteous, and the angels recite their prayers upon you.","আফত্বারা ইন্দাকুমুস সা-ইমূন, ওয়া আকালা ত্বা‘আ-মাকুমুল আবরা-রু, ওয়াসাল্লাত আলাইকুমুল মালা-ইকাহ","“আপনাদের কাছে রোযাদাররা ইফতার করুন, আপনাদের খাবার যেন সৎলোকেরা খায়, আর আপনাদের জন্য ফিরিশতারা ক্ষমা প্রার্থনা করুন।”[1]",أَفْطَـرَ عِنْدَكُم الصّـائِمونَ وَأَكَلَ طَعامَـكُمُ الأبْـرار، وَصَلَّـتْ عَلَـيْكُمُ الملائِكَـة,«أَفْطَرَ عِنْدَكُمُ الصَّائِمُونَ، وَأَكَلَ طَعَامَكُمُ الْأَبْرَارُ، وَصَلَّتْ عَلَيْكُمُ الْمَلاَئِكَةُ».,"Abu Dawud 3/367, Ibn Majah 1/556, An-Nasa'i, 'Amalul-Yawm wal-Laylah 296-8. Al-Albani graded it authentic in Sahih Abu Dawud 2/730.","[1] সুনান আবি দাউদ ৩/৩৬৭, নং ৩৮৫৬; ইবন মাজাহ ১/৫৫৬, নং ১৭৪৭; নাসাঈ, আমালুল ইয়াওমি ওয়াল লাইলাহ, নং ২৯৬-২৯৮। আর সেখানে স্পষ্টভাবে বর্ণিত আছে যে রাসূলুল্লাহ সাল্লাল্লাহু আলাইহি ওয়াসাল্লাম যখন তার পরিবারের কাছে ইফতার করতেন তখন তা বলতেন। আর শাইখ আলবানী তাঁর সহীহ আবি দাউদে একে সহীহ বলেছেন, ২/৭৩০।",,,exact_match,1.0,"[""Afṭara `indakumuṣ-ṣā'imūn, wa akala ṭa`āmakumu ‘l-'abrār, wa ṣallat `alaykumu ‘l-malā'ikah."", 'With you, those who are fasting have broken their fast, you have fed those who are righteous, and the angels recite their prayers upon you.', ""Abu Dawud 3/367, Ibn Majah 1/556, An-Nasa'i, 'Amalul-Yawm wal-Laylah 296-8. Al-Albani graded it authentic in Sahih Abu Dawud 2/730."", 'أَفْطَـرَ عِنْدَكُم الصّـائِمونَ وَأَكَلَ طَعامَـكُمُ الأبْـرار، وَصَلَّـتْ عَلَـيْكُمُ الملائِكَـة']","['«أَفْطَرَ عِنْدَكُمُ الصَّائِمُونَ، وَأَكَلَ طَعَامَكُمُ الْأَبْرَارُ، وَصَلَّتْ عَلَيْكُمُ الْمَلاَئِكَةُ».', '(আফত্বারা ইন্দাকুমুস সা-ইমূন, ওয়া আকালা ত্বা‘আ-মাকুমুল আবরা-রু, ওয়াসাল্লাত আলাইকুমুল মালা-ইকাহ)', '“আপনাদের কাছে রোযাদাররা ইফতার করুন, আপনাদের খাবার যেন সৎলোকেরা খায়, আর আপনাদের জন্য ফিরিশতারা ক্ষমা প্রার্থনা করুন।”[1]', '[1] সুনান আবি দাউদ ৩/৩৬৭, নং ৩৮৫৬; ইবন মাজাহ ১/৫৫৬, নং ১৭৪৭; নাসাঈ, আমালুল ইয়াওমি ওয়াল লাইলাহ, নং ২৯৬-২৯৮। আর সেখানে স্পষ্টভাবে বর্ণিত আছে যে রাসূলুল্লাহ সাল্লাল্লাহু আলাইহি ওয়াসাল্লাম যখন তার পরিবারের কাছে ইফতার করতেন তখন তা বলতেন। আর শাইখ আলবানী তাঁর সহীহ আবি দাউদে একে সহীহ বলেছেন, ২/৭৩০।']"
185,74,Chapter: By one fasting when presented with food and does not break his fast,دعاء الصائم إذا حضر الطعام ولم يفطر,74.0,"রোযাদারের নিকট যদি খাবার উপস্থিত হয়, আর সে রোযা না ভাঙ্গে তখন তার দো‘আ করা",--,"When you are invited (to eat) then reply to the invitation. If you are fasting then invoke Allah's blessings (on your host), and if you are not fasting then eat.",,"“যদি কাউকে খাবারের দাওয়াত দেওয়া হয় সে যেন তাতে সাড়া দেয়; তারপর যদি সে রোযাদার হয়, তবে যেন সে তার (খাবার ওয়ালার) জন্য দো‘আ করে, আর যদি রোযা ভঙ্গকারী হয়, তবে যেন সে খায়।”[1]",(إِذَا دُعِيَ أَحَدُكُمْ فَلْيُجِبْ، فَإِنْ كَانَ صَائِماً فَلْيُصَلِّ، وَإِنْ كَانَ مُفْطِراً فَلْيَطْعَمْ) ، وَمَعْنَى فَلْيُصَلِّ أَيْ فَلْيَدْعُ.,,Muslim 2/1054.,"[1] মুসলিম, ২/১০৫৪, নং ১১৫০।",,,one_missing,,"['--', ""When you are invited (to eat) then reply to the invitation. If you are fasting then invoke Allah's blessings (on your host), and if you are not fasting then eat."", 'Muslim 2/1054.', '(إِذَا دُعِيَ أَحَدُكُمْ فَلْيُجِبْ، فَإِنْ كَانَ صَائِماً فَلْيُصَلِّ، وَإِنْ كَانَ مُفْطِراً فَلْيَطْعَمْ) ، وَمَعْنَى فَلْيُصَلِّ أَيْ فَلْيَدْعُ.']","['“যদি কাউকে খাবারের দাওয়াত দেওয়া হয় সে যেন তাতে সাড়া দেয়; তারপর যদি সে রোযাদার হয়, তবে যেন সে তার (খাবার ওয়ালার) জন্য দো‘আ করে, আর যদি রোযা ভঙ্গকারী হয়, তবে যেন সে খায়।”[1]', '[1] মুসলিম, ২/১০৫৪, নং ১১৫০।']"
186,75,Chapter: When insulted while fasting,ما يقول الصائم إذا سابه أحد,75.0,রোযাদারকে কেউ গালি দিলে যা বলবে,"Innī ṣā'im, innī ṣā'im.",I am fasting. I am fasting.,"ইন্নি সা‘ইমুন, ইন্নি সা’ইমুন","“নিশ্চয় আমি রোযাদার, নিশ্চয় আমি রোযাদার।”[1]",إِنِّي صَائِمٌ، إِنِّي صَائِمٌ,«إِنِّي صَائِمٌ، إِنِّي صَائِمٌ».,"Al-Bukhari, cf. Al-Asqalani, Fathul-BAri 4/103, Muslim 2/806.","[1] বুখারী, (ফাতহুল বারীসহ) ৪/১০৩, নং ১৮৯৪; মুসলিম, ২/৮০৬, নং ১১৫১।",,,exact_match,1.0,"[""Innī ṣā'im, innī ṣā'im."", 'I am fasting. I am fasting.', 'Al-Bukhari, cf. Al-Asqalani, Fathul-BAri 4/103, Muslim 2/806.', 'إِنِّي صَائِمٌ، إِنِّي صَائِمٌ']","['«إِنِّي صَائِمٌ، إِنِّي صَائِمٌ».', '(ইন্নি সা‘ইমুন, ইন্নি সা’ইমুন)', '“নিশ্চয় আমি রোযাদার, নিশ্চয় আমি রোযাদার।”[1]', '[1] বুখারী, (ফাতহুল বারীসহ) ৪/১০৩, নং ১৮৯৪; মুসলিম, ২/৮০৬, নং ১১৫১।']"
187,76,Chapter: Upon seeing the early or premature fruit,الدعاء عند رؤية باكورة الثمر,76.0,ফলের কলি দেখলে পড়ার দো‘আ,"Allahumma bārik lanā fī thamarinā, wa bārik lanā fī madīnatinā wa bārik lanā fī ṣā`inā, wa bārik lanā fī muddinā.","O Allah, bless us in our dates and bless us in our town, bless us in our Sa' and in our Mudd.","আল্লা-হুম্মা বা-রিক লানা ফী সামারিনা, ওয়াবা-রিক লানা ফী মাদ্বীনাতিনা, ওয়াবা-রিক লানা ফী সা‘ইনা, ওয়াবা-রিক লানা ফী মুদ্দিনা","“হে আল্লাহ, আপনি আমাদের ফল-ফলাদিতে বরকত দিন, আমাদের শহরে বরকত দিন, আমাদের সা‘ তথা বড় পরিমাপক যন্ত্রে বরকত দিন, আমাদের মুদ্দ তথা ছোট পরিমাপক যন্ত্রে বরকত দিন।”[1]",اللّهُـمَّ بارِكْ لَنا في ثَمَـرِنا، وَبارِكْ لَنا في مَدينَتِنـا، وَبارِكْ لَنا في صاعِنـا، وَبارِكْ لَنا في مُدِّنا,«اللَّهُمَّ بَارِكْ لَنَا فِي ثَمَرِنَا، وَبَارِكْ لَنَا فِي مَدِينَتِنَا، وَبَارِكْ لَنَا فِي صَاعِنَا، وَبَارِكْ لَنَا فِي مُدِّنَا».,"Muslim 2/1000 (Sa' and Mudd are both dry measures used for agricultural produce by the Arabs in the Prophet's time. Of the two, the So.' was the larger measure.) (Translator)","[1] মুসলিম, ২/১০০০, নং ১৩৭৩।",,,exact_match,1.0,"['Allahumma bārik lanā fī thamarinā, wa bārik lanā fī madīnatinā wa bārik lanā fī ṣā`inā, wa bārik lanā fī muddinā.', ""O Allah, bless us in our dates and bless us in our town, bless us in our Sa' and in our Mudd."", ""Muslim 2/1000 (Sa' and Mudd are both dry measures used for agricultural produce by the Arabs in the Prophet's time. Of the two, the So.' was the larger measure.) (Translator)"", 'اللّهُـمَّ بارِكْ لَنا في ثَمَـرِنا، وَبارِكْ لَنا في مَدينَتِنـا، وَبارِكْ لَنا في صاعِنـا، وَبارِكْ لَنا في مُدِّنا']","['«اللَّهُمَّ بَارِكْ لَنَا فِي ثَمَرِنَا، وَبَارِكْ لَنَا فِي مَدِينَتِنَا، وَبَارِكْ لَنَا فِي صَاعِنَا، وَبَارِكْ لَنَا فِي مُدِّنَا».', '(আল্লা-হুম্মা বা-রিক লানা ফী সামারিনা, ওয়াবা-রিক লানা ফী মাদ্বীনাতিনা, ওয়াবা-রিক লানা ফী সা‘ইনা, ওয়াবা-রিক লানা ফী মুদ্দিনা)', '“হে আল্লাহ, আপনি আমাদের ফল-ফলাদিতে বরকত দিন, আমাদের শহরে বরকত দিন, আমাদের সা‘ তথা বড় পরিমাপক যন্ত্রে বরকত দিন, আমাদের মুদ্দ তথা ছোট পরিমাপক যন্ত্রে বরকত দিন।”[1]', '[1] মুসলিম, ২/১০০০, নং ১৩৭৩।']"
188,77,Chapter: Upon sneezing,دعاء العطاس,77.0,হাঁচির দো‘আ,"When you sneeze , then say :","When you sneeze, then say: All praises and thanks are to Allah. Your companion should say: May Allah have mercy upon you. When someone says Yarḥamukallāh to you then you should say: May Allah guide you and set your affairs in order.",আলহামদু লিল্লা-হি) (ইয়ারহামুকাল্লা-হ) (ইয়াহ্‌দীকুমুল্লা-হু ওয়া ইউসলিহু বা-লাকুম,"তোমাদের কেউ হাঁচি দিলে বলবে,",إِذَا عَطَسَ أَحَدُكُم فَلْيَقُلِ (الْحَمْدُ لِلَّهِ)، وَلْيَقُلْ لَهُ أَخُوهُ أَوْ صَاحِبُهُ: (يَرْحَمُكَ اللَّهُ)، فَإِذَا قَالَ لَهُ: (يَرحَمُكَ اللَّهُ)، فَلْيَقُلْ: (يَهْدِيكُمُ اللَّهُ وَيُصْلِحُ بَالَكُمْ),«الْحَمْدُ لِلَّهِ» « يَرْحَمُكَ اللَّهُ » « يَهْدِيكُمُ اللَّهُ وَيُصْلِحُ بَالَكُمْ».,Al-Bukhari 7/125.,"[1] বুখারী ৭/১২৫, নং ৫৮৭০।",,"“সকল প্রশংসা আল্লাহ্‌র” এবং তার মুসলিম ভাই বা সাথী যেন অবশ্যই বলে, “আল্লাহ আপনাকে রহমত করুন”। যখন তাকে ইয়ারহামুকাল্লাহ বলা হয়, তখন হাঁচিদাতা যেন তার উত্তরে বলে, “আল্লাহ আপনাদেরকে সৎপথ প্রদর্শন করুন এবং আপনাদের অবস্থা উন্নত করুন।”[1]",mismatch,0.55,"['When you sneeze , then say :', 'When you sneeze, then say: All praises and thanks are to Allah. Your companion should say: May Allah have mercy upon you. When someone says Yarḥamukallāh to you then you should say: May Allah guide you and set your affairs in order.', 'Al-Bukhari 7/125.', 'إِذَا عَطَسَ أَحَدُكُم فَلْيَقُلِ (الْحَمْدُ لِلَّهِ)، وَلْيَقُلْ لَهُ أَخُوهُ أَوْ صَاحِبُهُ: (يَرْحَمُكَ اللَّهُ)، فَإِذَا قَالَ لَهُ: (يَرحَمُكَ اللَّهُ)، فَلْيَقُلْ: (يَهْدِيكُمُ اللَّهُ وَيُصْلِحُ بَالَكُمْ)']","['তোমাদের কেউ হাঁচি দিলে বলবে,', '«الْحَمْدُ لِلَّهِ»', '(আলহামদু লিল্লা-হি)', '“সকল প্রশংসা আল্লাহ্\u200cর” এবং তার মুসলিম ভাই বা সাথী যেন অবশ্যই বলে,', '« يَرْحَمُكَ اللَّهُ »', '(ইয়ারহামুকাল্লা-হ)', '“আল্লাহ আপনাকে রহমত করুন”। যখন তাকে ইয়ারহামুকাল্লাহ বলা হয়, তখন হাঁচিদাতা যেন তার উত্তরে বলে,', '« يَهْدِيكُمُ اللَّهُ وَيُصْلِحُ بَالَكُمْ».', '(ইয়াহ্\u200cদীকুমুল্লা-হু ওয়া ইউসলিহু বা-লাকুম)', '“আল্লাহ আপনাদেরকে সৎপথ প্রদর্শন করুন এবং আপনাদের অবস্থা উন্নত করুন।”[1]', '[1] বুখারী ৭/১২৫, নং ৫৮৭০।']"
189,78,Chapter: When a disbeliever praises Allah after sneezing,ما يقالُ للكافر إذا عطس فحمد الله,78.0,কাফের ব্যক্তি হাঁচি দিয়ে আলহামদুলিল্লাহ বললে তার জবাবে যা বলা হবে,Yahdīkumullāhu wa yuṣliḥu bālakum.,May Allah guide you and set your affairs in order,ইয়াহদীকুমুল্লাহু ওয়া ইউসলিহু বা-লাকুম,“আল্লাহ আপনাদেরকে সৎপথ প্রদর্শন করুন এবং আপনাদের অবস্থা উন্নত করুন।”[1],يَهْـديكُـمُ اللهُ وَيُصْـلِحُ بالَـكُم,«يَهْدِيكُمُ اللَّهُ وَيُصْلِحُ بَالَكُمْ».,"At-Tirmidhi 5/82, Ahmad 4/400, Abu Dawud 4/ 308. See also Al-Albani, Sahih At-Tirmidhi 2/354.","[1] তিরমিযী ৫/৮২, নং ২৭৪১; আহমাদ ৪/৪০০, নং ১৯৫৮৬; আবু দাউদ, ৪/৩০৮, নং ৫০৪০। আরও দেখুন, সহীহুত তিরমিযী, ২/৩৫৪।",,,exact_match,1.0,"['Yahdīkumullāhu wa yuṣliḥu bālakum.', 'May Allah guide you and set your affairs in order', 'At-Tirmidhi 5/82, Ahmad 4/400, Abu Dawud 4/ 308. See also Al-Albani, Sahih At-Tirmidhi 2/354.', 'يَهْـديكُـمُ اللهُ وَيُصْـلِحُ بالَـكُم']","['«يَهْدِيكُمُ اللَّهُ وَيُصْلِحُ بَالَكُمْ».', '(ইয়াহদীকুমুল্লাহু ওয়া ইউসলিহু বা-লাকুম)।', '“আল্লাহ আপনাদেরকে সৎপথ প্রদর্শন করুন এবং আপনাদের অবস্থা উন্নত করুন।”[1]', '[1] তিরমিযী ৫/৮২, নং ২৭৪১; আহমাদ ৪/৪০০, নং ১৯৫৮৬; আবু দাউদ, ৪/৩০৮, নং ৫০৪০। আরও দেখুন, সহীহুত তিরমিযী, ২/৩৫৪।']"
190,79,Chapter: To the newlywed,الدعاء للمتزوج,79.0,নব বিবাহিতের জন্য দো‘আ,"Bārakallāhu lak, wa bāraka `alayk, wa jama`a baynakumā fī khayr.","May Allah bless you, and shower His blessings upon you, and join you together in goodness.",বা-রাকাল্লা-হু লাকা ওয়াবা-রাকা ‘আলাইকা ওয়া জামা‘আ বাইনাকুমা ফী খাইরিন্,"“আল্লাহ আপনার জন্য বরকতদান করুন, আপনার উপর বরকত নাযিল করুন এবং কল্যাণের সাথে আপনাদের উভয়কে একত্রিত করুন।”[1]",بارَكَ اللّهُ لَك، وَبارَكَ عَلَـيْك، وَجَمَعَ بَيْـنَكُما في خَـيْر,«بَارَكَ اللَّهُ لَكَ، وَبَارَكَ عَلَيْكَ، وَجَمَعَ بَيْنَكُمَا فِي خَيْرٍ».,"Abu Dawud, Ibn Majah and At-Tirmidhi. See also Al-Albani, Sahih At-Tirmidhi 1/316.","[1] হাদীসটি নাসাঈ ব্যতীত সকল সুনানগ্রন্থকারগণই সংকলন করেছেন। আবু দাঊদ, নং ২১৩০; তিরমিযী, নং ১০৯১; ইবন মাজাহ, নং ১৯০৫; নাসাঈ, আমালুল ইয়াওমি ওয়াল-লাইলাহ, নং ২৫৯। আরও দেখুন, সহীহুত তিরমিযী ১/৩১৬।",,,exact_match,1.0,"['Bārakallāhu lak, wa bāraka `alayk, wa jama`a baynakumā fī khayr.', 'May Allah bless you, and shower His blessings upon you, and join you together in goodness.', 'Abu Dawud, Ibn Majah and At-Tirmidhi. See also Al-Albani, Sahih At-Tirmidhi 1/316.', 'بارَكَ اللّهُ لَك، وَبارَكَ عَلَـيْك، وَجَمَعَ بَيْـنَكُما في خَـيْر']","['«بَارَكَ اللَّهُ لَكَ، وَبَارَكَ عَلَيْكَ، وَجَمَعَ بَيْنَكُمَا فِي خَيْرٍ».', '(বা-রাকাল্লা-হু লাকা ওয়াবা-রাকা ‘আলাইকা ওয়া জামা‘আ বাইনাকুমা ফী খাইরিন্)।', '“আল্লাহ আপনার জন্য বরকতদান করুন, আপনার উপর বরকত নাযিল করুন এবং কল্যাণের সাথে আপনাদের উভয়কে একত্রিত করুন।”[1]', '[1] হাদীসটি নাসাঈ ব্যতীত সকল সুনানগ্রন্থকারগণই সংকলন করেছেন। আবু দাঊদ, নং ২১৩০; তিরমিযী, নং ১০৯১; ইবন মাজাহ, নং ১৯০৫; নাসাঈ, আমালুল ইয়াওমি ওয়াল-লাইলাহ, নং ২৫৯। আরও দেখুন, সহীহুত তিরমিযী ১/৩১৬।']"
191,80,Chapter: On the wedding night or when buying an animal,دعاء المتزوج لنفسه ودعاء شراء الدابة,80.0,বিবাহিত ব্যক্তির দো‘আ এবং বাহন ক্রয়ের পর দো‘আ,When any of you marries a woman or purchases a maid-servant then let him say:,"When any of you marries a woman or purchases a maid-servant then let him say : O Allah, I ask You for the goodness of her, and the goodness upon which You have created her, and I seek refuge in You from the evil of her, and from the evil upon which You have created her. If you purchase a camel then take hold of the top of its hump and say the same.","আল্লা-হুম্মা ইন্নি আসআলুকা খাইরাহা ওয়া খাইরা মা জাবালতাহা ‘আলাইহি, ওয়া আ‘ঊযু বিকা মিন শাররিহা ওয়া শাররি মা জাবালতাহা ‘আলাইহি","“যখন তোমাদের কেউ কোনো মেয়েকে বিয়ে করে, অথবা কোনো খাদেম গ্রহণ করে, তখন যেন সে বলে,",إِذَا تَزَوَّجَ أَحَدُكُمُ امْرَأَةً، أَوْ إِذَا اشْتَرَى خَادِماً فَلْيَقُلْ: (اللَّهُمَّ إِنِّي أَسْأَلُكَ خَيْرَهَا، وَخَيْرَ مَا جَبَلْتَهَا عَلَيْهِ، وَأَعُوذُ بِكَ مِنْ شَرِّهَا، وَشَرِّ مَا جَبَلْتَهَا عَلَيْهِ)، وَإِذَا اشْتَرَى بَعِيراً فَلْيَأْخُذْ بِذِرْوَةِ سَنَامِهِ وَلْيَقُلْ مِثْلَ ذَلِكَ.,«اللَّهُمَّ إِنِّي أَسْأَلُكَ خَيْرَهَا، وَخَيْرَ مَا جَبَلْتَهَا عَلَيْهِ، وَأَعُوذُ بِكَ مِنْ شَرِّهَا، وَشَرِّ مَا جَبَلْتَهَا عَلَيْهِ، وَإِذَا اشْتَرَى بَعِيراً فَلْيَأْخُذْ بِذِرْوَةِ سَنَامِهِ وَلْيَقُلْ مِثْلَ ذَلِكَ».,"Abu Dawud 2/248 and Ibn Majah 1/617. See also Al-Albani, Sahih Ibn Majah 1/324.","[1] আবু দাঊদ-২/২৪৮, নং ২১৬০; ইবন মাজাহ্‌ ১/৬১৭, নং ১৯১৮। আরও দেখুন, সহীহ ইবন মাজাহ, ১/৩২৪।",,"“হে আল্লাহ, আমি এর যত কল্যাণ রয়েছে এবং যত কল্যাণ তার স্বভাবে আপনি দিয়েছেন তা চাই। আর এর যত অকল্যাণ রয়েছে এবং যত অকল্যাণ ওর স্বভাব-চরিত্রে আপনি রেখেছেন তা থেকে আপনার আশ্রয় চাই।” “আর যখন কোনো উট তথা বাহন খরিদ করে, তখন যেন সে তার কুঁজের সর্বোচ্চ স্থানে হাত রাখে এবং অনুরূপ বলে।[1]",mismatch,0.8467,"['When any of you marries a woman or purchases a maid-servant then let him say:', 'When any of you marries a woman or purchases a maid-servant then let him say : O Allah, I ask You for the goodness of her, and the goodness upon which You have created her, and I seek refuge in You from the evil of her, and from the evil upon which You have created her. If you purchase a camel then take hold of the top of its hump and say the same.', 'Abu Dawud 2/248 and Ibn Majah 1/617. See also Al-Albani, Sahih Ibn Majah 1/324.', 'إِذَا تَزَوَّجَ أَحَدُكُمُ امْرَأَةً، أَوْ إِذَا اشْتَرَى خَادِماً فَلْيَقُلْ: (اللَّهُمَّ إِنِّي أَسْأَلُكَ خَيْرَهَا، وَخَيْرَ مَا جَبَلْتَهَا عَلَيْهِ، وَأَعُوذُ بِكَ مِنْ شَرِّهَا، وَشَرِّ مَا جَبَلْتَهَا عَلَيْهِ)، وَإِذَا اشْتَرَى بَعِيراً فَلْيَأْخُذْ بِذِرْوَةِ سَنَامِهِ وَلْيَقُلْ مِثْلَ ذَلِكَ.']","['“যখন তোমাদের কেউ কোনো মেয়েকে বিয়ে করে, অথবা কোনো খাদেম গ্রহণ করে, তখন যেন সে বলে,', '«اللَّهُمَّ إِنِّي أَسْأَلُكَ خَيْرَهَا، وَخَيْرَ مَا جَبَلْتَهَا عَلَيْهِ، وَأَعُوذُ بِكَ مِنْ شَرِّهَا، وَشَرِّ مَا جَبَلْتَهَا عَلَيْهِ، وَإِذَا اشْتَرَى بَعِيراً فَلْيَأْخُذْ بِذِرْوَةِ سَنَامِهِ وَلْيَقُلْ مِثْلَ ذَلِكَ».', '(আল্লা-হুম্মা ইন্নি আসআলুকা খাইরাহা ওয়া খাইরা মা জাবালতাহা ‘আলাইহি, ওয়া আ‘ঊযু বিকা মিন শাররিহা ওয়া শাররি মা জাবালতাহা ‘আলাইহি)', '“হে আল্লাহ, আমি এর যত কল্যাণ রয়েছে এবং যত কল্যাণ তার স্বভাবে আপনি দিয়েছেন তা চাই। আর এর যত অকল্যাণ রয়েছে এবং যত অকল্যাণ ওর স্বভাব-চরিত্রে আপনি রেখেছেন তা থেকে আপনার আশ্রয় চাই।”', '“আর যখন কোনো উট তথা বাহন খরিদ করে, তখন যেন সে তার কুঁজের সর্বোচ্চ স্থানে হাত রাখে এবং অনুরূপ বলে।[1]', '[1] আবু দাঊদ-২/২৪৮, নং ২১৬০; ইবন মাজাহ্\u200c ১/৬১৭, নং ১৯১৮। আরও দেখুন, সহীহ ইবন মাজাহ, ১/৩২৪।']"
192,81,Chapter: Before sexual intercourse with the wife,الدعاء قبل إتيان الزوجة,81.0,স্ত্রী-সহবাসের পুর্বের দো‘আ,"Bismillāh. Allāhumma jannibnash-Shayṭān, wa jannibish-Shayṭāna mā razaqtanā.","With the Name of Allah. O Allah, keep the Devil away from us, and keep the Devil away from that which You provide for us.",বিসমিল্লাহি আল্লা-হুম্মা জান্নিবনাশ্-শাইত্বানা ওয়া জান্নিবিশ্-শাইত্বানা মা রযাকতানা,“আল্লাহ্‌র নামে। হে আল্লাহ! আপনি আমাদের থেকে শয়তানকে দূরে রাখুন এবং আমাদেরকে আপনি যে সন্তান দান করবেন তার থেকেও শয়তানকে দূরে রাখুন।”[1],بِسْمِ الله اللّهُـمَّ جَنِّبْنا الشَّيْـطانَ، وَجَنِّبِ الشَّـيْطانَ ما رَزَقْـتَنا,«بِسْمِ اللَّهِ، اللَّهُمَّ جَنِّبْنَا الشَّيْطَانَ، وَجَنِّبِ الشَّيْطَانَ مَا رَزَقْتَنَا».,"Al-Bukhari 6/141, Muslim 2/1028.","[1] বুখারী ৬/১৪১, নং ১৪১; মুসলিম ২/১০২৮, নং ১৪৩৪।",,,exact_match,1.0,"['Bismillāh. Allāhumma jannibnash-Shayṭān, wa jannibish-Shayṭāna mā razaqtanā.', 'With the Name of Allah. O Allah, keep the Devil away from us, and keep the Devil away from that which You provide for us.', 'Al-Bukhari 6/141, Muslim 2/1028.', 'بِسْمِ الله اللّهُـمَّ جَنِّبْنا الشَّيْـطانَ، وَجَنِّبِ الشَّـيْطانَ ما رَزَقْـتَنا']","['«بِسْمِ اللَّهِ، اللَّهُمَّ جَنِّبْنَا الشَّيْطَانَ، وَجَنِّبِ الشَّيْطَانَ مَا رَزَقْتَنَا».', '(বিসমিল্লাহি আল্লা-হুম্মা জান্নিবনাশ্-শাইত্বানা ওয়া জান্নিবিশ্-শাইত্বানা মা রযাকতানা)।', '“আল্লাহ্\u200cর নামে। হে আল্লাহ! আপনি আমাদের থেকে শয়তানকে দূরে রাখুন এবং আমাদেরকে আপনি যে সন্তান দান করবেন তার থেকেও শয়তানকে দূরে রাখুন।”[1]', '[1] বুখারী ৬/১৪১, নং ১৪১; মুসলিম ২/১০২৮, নং ১৪৩৪।']"
193,82,Chapter: When angry,دعاء الغضب,82.0,ক্রোধ দমনের দো‘আ,A`ūdhu billāhi minash-Shayṭānir-rajīm.,I seek refuge in Allah from Satan the outcast.,আ‘ঊযু বিল্লাহি মিনাশ্-শাইত্বা-নির রাজীম,“আল্লাহ্‌র নিকট আশ্রয় চাই বিতাড়িত শয়তান থেকে।”[1],أَعـوذُ بِاللهِ مِنَ الشَّيْـطانِ الرَّجيـم,«أَعُوذُ بِاللَّهِ مِنَ الشَّيْطَانِ الرَّجِيمِ».,"Al-Bukhari 7/99, Muslim 4/2015.","[1] বুখারী ৭/৯৯, নং ৩২৮২; মুসলিম ৪/২০১৫, নং ২৬১০।",,,exact_match,1.0,"['A`ūdhu billāhi minash-Shayṭānir-rajīm.', 'I seek refuge in Allah from Satan the outcast.', 'Al-Bukhari 7/99, Muslim 4/2015.', 'أَعـوذُ بِاللهِ مِنَ الشَّيْـطانِ الرَّجيـم']","['«أَعُوذُ بِاللَّهِ مِنَ الشَّيْطَانِ الرَّجِيمِ».', '(আ‘ঊযু বিল্লাহি মিনাশ্-শাইত্বা-নির রাজীম)।', '“আল্লাহ্\u200cর নিকট আশ্রয় চাই বিতাড়িত শয়তান থেকে।”[1]', '[1] বুখারী ৭/৯৯, নং ৩২৮২; মুসলিম ৪/২০১৫, নং ২৬১০।']"
194,83,Chapter: Upon seeing someone in trial or tribulation,دعاء من رأى مبتلى,83.0,বিপন্ন লোক দেখলে পড়ার দো‘আ,Alhamdu lillāhi ‘l-ladhī `āfānī mimmab-talāka bihi wa faḍḍalanī `alā kathīrin mimman khalaqa tafḍīlā.,"Praise is to Allah Who has spared me what He has afflicted you with, and preferred me greatly above much of what He has created.","আলহামদু লিল্লা-হিল্লাযী ‘আ-ফানী মিম্মাবতালা-কা বিহী, ওয়া ফাদ্দালানী ‘আলা কাসীরিম মিম্মান খালাক্বা তাফদ্বীলা","“সকল প্রশংসা আল্লাহ্‌র জন্য, যিনি আপনাকে যে পরীক্ষায় ফেলেছেন তা থেকে আমাকে নিরাপদ রেখেছেন এবং তার সৃষ্টির অনেকের উপরে আমাকে অধিক সম্মানিত করেছেন।”[1]",الْحَمْـدُ للهِ الّذي عافاني مِمّا ابْتَـلاكَ بِهِ، وَفَضَّلَـني عَلى كَثيـرٍ مِمَّنْ خَلَـقَ تَفْضـيلا,«الْحَمْدُ لِلَّهِ الَّذِي عَافَانِي مِمَّا ابْتَلاَكَ بِهِ، وَفَضَّلَنِي عَلَى كَثِيرٍ مِمَّنْ خَلَقَ تَفْضِيلاً».,"At-Tirmidhi 5/493,4. See also Al-Albani, Sahih At-Tirmidhi 3/153.","[1] তিরমিযী ৫/৪৯৪, ৫/৪৯৩, নং ৩৪৩২। আরও দেখুন, সহীহুত তিরমিযী, ৩/১৫৩।",,,exact_match,1.0,"['Alhamdu lillāhi ‘l-ladhī `āfānī mimmab-talāka bihi wa faḍḍalanī `alā kathīrin mimman khalaqa tafḍīlā.', 'Praise is to Allah Who has spared me what He has afflicted you with, and preferred me greatly above much of what He has created.', 'At-Tirmidhi 5/493,4. See also Al-Albani, Sahih At-Tirmidhi 3/153.', 'الْحَمْـدُ للهِ الّذي عافاني مِمّا ابْتَـلاكَ بِهِ، وَفَضَّلَـني عَلى كَثيـرٍ مِمَّنْ خَلَـقَ تَفْضـيلا']","['«الْحَمْدُ لِلَّهِ الَّذِي عَافَانِي مِمَّا ابْتَلاَكَ بِهِ، وَفَضَّلَنِي عَلَى كَثِيرٍ مِمَّنْ خَلَقَ تَفْضِيلاً».', '(আলহামদু লিল্লা-হিল্লাযী ‘আ-ফানী মিম্মাবতালা-কা বিহী, ওয়া ফাদ্দালানী ‘আলা কাসীরিম মিম্মান খালাক্বা তাফদ্বীলা)।', '“সকল প্রশংসা আল্লাহ্\u200cর জন্য, যিনি আপনাকে যে পরীক্ষায় ফেলেছেন তা থেকে আমাকে নিরাপদ রেখেছেন এবং তার সৃষ্টির অনেকের উপরে আমাকে অধিক সম্মানিত করেছেন।”[1]', '[1] তিরমিযী ৫/৪৯৪, ৫/৪৯৩, নং ৩৪৩২। আরও দেখুন, সহীহুত তিরমিযী, ৩/১৫৩।']"
195,84,Chapter: At a sitting or gathering,ما يقال في المجلس,84.0,মজলিসে যা বলতে হয়,Ibn Umar (ra) said:,"Ibn Umar (ra) said: Allah's Messenger (ﷺ) used to repeat in a single sitting: My Lord, forgive me, and accept my repentance, You are the Ever-Relenting, the All-Forgiving.","রব্বিগফির লী ওয়াতুব ‘আলাইয়্যা, ইন্নাকা আনতাত্ তাউওয়া-বুল গাফূর",“হে আমার রব্ব! আপনি আমাকে মাফ করুন এবং তাওবাহ কবুল করুন; নিশ্চয় আপনিই তওবা কবুলকারী ক্ষমাশীল।”[1],"عن ابن عمر قال : كان يعد لرسول الله صلى الله عليه وسلم في المجلس الواحد مائة مرة من قبل أن يقوم ""رب اغفر لي وتب علي إنك أنت التواب الغفور""",«رَبِّ اغْفِرْ لِي، وَتُبْ عَلَيَّ، إِنَّكَ أَنْتَ التَّوَّابُ الغَفُورُ».,"Sahih Ibn Majah 2/321. See also Al-Albani, Sahih At-Tirmidhi 3/153.","[1] তিরমিযী, নং ৩৪৩৪; ইবন মাজাহ, নং ৩৮১৪। আরও দেখুন, সহীহুত তিরমিযী, ৩/১৫৩; সহীহু ইবনি মাজাহ, ২/৩২১। আর শব্দটি তিরমিযীর।",,,mismatch,0.4598,"['Ibn Umar (ra) said:', ""Ibn Umar (ra) said: Allah's Messenger (ﷺ) used to repeat in a single sitting: My Lord, forgive me, and accept my repentance, You are the Ever-Relenting, the All-Forgiving."", 'Sahih Ibn Majah 2/321. See also Al-Albani, Sahih At-Tirmidhi 3/153.', 'عن ابن عمر قال : كان يعد لرسول الله صلى الله عليه وسلم في المجلس الواحد مائة مرة من قبل أن يقوم ""رب اغفر لي وتب علي إنك أنت التواب الغفور""']","['«رَبِّ اغْفِرْ لِي، وَتُبْ عَلَيَّ، إِنَّكَ أَنْتَ التَّوَّابُ الغَفُورُ».', '(রব্বিগফির লী ওয়াতুব ‘আলাইয়্যা, ইন্নাকা আনতাত্ তাউওয়া-বুল গাফূর)।', '“হে আমার রব্ব! আপনি আমাকে মাফ করুন এবং তাওবাহ কবুল করুন; নিশ্চয় আপনিই তওবা কবুলকারী ক্ষমাশীল।”[1]', '[1] তিরমিযী, নং ৩৪৩৪; ইবন মাজাহ, নং ৩৮১৪। আরও দেখুন, সহীহুত তিরমিযী, ৩/১৫৩; সহীহু ইবনি মাজাহ, ২/৩২১। আর শব্দটি তিরমিযীর।']"
196,85,"Chapter: For the expiation of sins, said at the conclusion of a sitting or gathering",كفارة المجلس,85.0,বৈঠকের কাফ্‌ফারা (ক্ষতিপূরণ),"Subhānaka Allāhumma wa biḥamdik, ash-hadu an lā ilāha illā ant, astaghfiruka wa atību ilayk.","Glory is to You, O Allah, and praise is to You. I bear witness that there is none worthy of worship but You. I seek Your forgiveness and repent to You.",সুব্‌হা-নাকাল্লা-হুম্মা ওয়া বিহামদিকা আশহাদু আল্লা ইলাহা ইল্লা আনতা আস্তাগফিরুকা ওয়া আতূবু ইলাইকা,"“হে আল্লাহ! আমি আপনার প্রশংসা সহকারে আপনার পবিত্রতা ঘোষণা করি। আমি সাক্ষ্য দেই যে, আপনি ছাড়া হক্ব কোনো ইলাহ নেই। আমি আপনার নিকট ক্ষমা প্রার্থনা করি এবং আপনার নিকট তওবা করি।”[1]",سُبْحـانَكَ اللّهُـمَّ وَبِحَمدِك، أَشْهَـدُ أَنْ لا إِلهَ إِلاّ أَنْتَ أَسْتَغْفِرُكَ وَأَتوبُ إِلَـيْك,«سُبْحَانَكَ اللَّهُمَّ وَبِحَمْدِكَ، أَشْهَدُ أَنْ لاَ إِلَهَ إِلاَّ أَنْتَ، أَسْتَغْفِرُكَ وَأَتُوبُ إِلَيْكَ».,"Abu Dawud, Ibn Majah, At-Tirmidhi and An-Nasa'i. See also Al-Albani, Sahih At-Tirmidhi 3/ 153. Aishah (RA) said: ""Allah's Messenger (ﷺ) did not sit in a gathering, and did not recite the Qur'an, and did not perform any prayer without concluding by saying ... (then she quoted the above)."" This was reported by An-Nasa'i in 'Amalul-Yawm wal-Laylah (no.308), and Dr. Farooq Hamadah graded it authentic in his checking of the same book, p. 273. See also Ahmad 6/77","[1] হাদীসটি সুনান গ্রন্থকারগণ সবাই সংকলন করেছেন। আবু দাঊদ, নং ৪৮৫৮; তিরমিযী, নং ৩৪৩৩; নাসাঈ, নং ১৩৪৪। আরও দেখুন, সহীহুত তিরমিযী ৩/১৫৩। তাছাড়া এটাও প্রমাণিত হয়েছে যে, আয়েশা রাদিয়াল্লাহু আনহা বলেন, রাসূলুল্লাহ সাল্লাল্লাহু ‘আলাইহি ওয়াসাল্লাম যখনই কোনো মজলিসে বসেছেন, অথবা কুরআন তেলাওয়াত করেছেন, অথবা সালাত আদায় করেছেন, তখনই একে কিছু বাক্যের মাধ্যমে সম্পন্ন করেছেন। ...। হাদীসটি নাসাঈ তাঁর আমালুল ইয়াওমি ওয়াল-লাইলাহ গ্রন্থে নং ৩০৮ এ বর্ণনা করেছেন। অনুরূপভাবে আহমাদ, ৬/৭৭, নং ২৪৪৮৬। আর ড. ফারূক হাম্মাদাহ, ইমাম নাসাঈ এর আমালুল ইয়াওমি ওয়াল-লাইলাহ গ্রন্থের তাহকীকের সময় এ হাদীসটিকে সহীহ বলেছেন। পৃ. ২৭৩।",,,exact_match,1.0,"['Subhānaka Allāhumma wa biḥamdik, ash-hadu an lā ilāha illā ant, astaghfiruka wa atību ilayk.', 'Glory is to You, O Allah, and praise is to You. I bear witness that there is none worthy of worship but You. I seek Your forgiveness and repent to You.', 'Abu Dawud, Ibn Majah, At-Tirmidhi and An-Nasa\'i. See also Al-Albani, Sahih At-Tirmidhi 3/ 153. Aishah (RA) said: ""Allah\'s Messenger (ﷺ) did not sit in a gathering, and did not recite the Qur\'an, and did not perform any prayer without concluding by saying ... (then she quoted the above)."" This was reported by An-Nasa\'i in \'Amalul-Yawm wal-Laylah (no.308), and Dr. Farooq Hamadah graded it authentic in his checking of the same book, p. 273. See also Ahmad 6/77', 'سُبْحـانَكَ اللّهُـمَّ وَبِحَمدِك، أَشْهَـدُ أَنْ لا إِلهَ إِلاّ أَنْتَ أَسْتَغْفِرُكَ وَأَتوبُ إِلَـيْك']","['«سُبْحَانَكَ اللَّهُمَّ وَبِحَمْدِكَ، أَشْهَدُ أَنْ لاَ إِلَهَ إِلاَّ أَنْتَ، أَسْتَغْفِرُكَ وَأَتُوبُ إِلَيْكَ».', '(সুব্\u200cহা-নাকাল্লা-হুম্মা ওয়া বিহামদিকা আশহাদু আল্লা ইলাহা ইল্লা আনতা আস্তাগফিরুকা ওয়া আতূবু ইলাইকা)।', '“হে আল্লাহ! আমি আপনার প্রশংসা সহকারে আপনার পবিত্রতা ঘোষণা করি। আমি সাক্ষ্য দেই যে, আপনি ছাড়া হক্ব কোনো ইলাহ নেই। আমি আপনার নিকট ক্ষমা প্রার্থনা করি এবং আপনার নিকট তওবা করি।”[1]', '[1] হাদীসটি সুনান গ্রন্থকারগণ সবাই সংকলন করেছেন। আবু দাঊদ, নং ৪৮৫৮; তিরমিযী, নং ৩৪৩৩; নাসাঈ, নং ১৩৪৪। আরও দেখুন, সহীহুত তিরমিযী ৩/১৫৩। তাছাড়া এটাও প্রমাণিত হয়েছে যে, আয়েশা রাদিয়াল্লাহু আনহা বলেন, রাসূলুল্লাহ সাল্লাল্লাহু ‘আলাইহি ওয়াসাল্লাম যখনই কোনো মজলিসে বসেছেন, অথবা কুরআন তেলাওয়াত করেছেন, অথবা সালাত আদায় করেছেন, তখনই একে কিছু বাক্যের মাধ্যমে সম্পন্ন করেছেন। ...। হাদীসটি নাসাঈ তাঁর আমালুল ইয়াওমি ওয়াল-লাইলাহ গ্রন্থে নং ৩০৮ এ বর্ণনা করেছেন। অনুরূপভাবে আহমাদ, ৬/৭৭, নং ২৪৪৮৬। আর ড. ফারূক হাম্মাদাহ, ইমাম নাসাঈ এর আমালুল ইয়াওমি ওয়াল-লাইলাহ গ্রন্থের তাহকীকের সময় এ হাদীসটিকে সহীহ বলেছেন। পৃ. ২৭৩।']"
197,86,Chapter: Returning a supplication of forgiveness,الدعاء لمن قال غفر الله لك,86.0,"কেউ যদি বলে, ‘আল্লাহ আপনাকে ক্ষমা করুন’, তার জন্য দো‘আ",Walaka,And you.,ওয়া লাকা,“আর আপনাকেও।”[1],وَلَكَ,«وَلَكَ».,"Ahmad 5/82, and An-Nasa'i in 'Amalul-Yawm wal-Laylah p. 218, with checking by Dr. Farooq Hamadah.","[1] আহমাদ ৫/৮২, নং ২০৭৭৮; আন-নাসাঈ, আমালুল ইয়াওমি ওয়াল লাইলাহ, পৃ. ২১৮, নং ৪২১। তাহকীক, ড. ফারূক হাম্মাদাহ।",,,exact_match,1.0,"['Walaka', 'And you.', ""Ahmad 5/82, and An-Nasa'i in 'Amalul-Yawm wal-Laylah p. 218, with checking by Dr. Farooq Hamadah."", 'وَلَكَ']","['«وَلَكَ».', '(ওয়া লাকা)', '“আর আপনাকেও।”[1]', '[1] আহমাদ ৫/৮২, নং ২০৭৭৮; আন-নাসাঈ, আমালুল ইয়াওমি ওয়াল লাইলাহ, পৃ. ২১৮, নং ৪২১। তাহকীক, ড. ফারূক হাম্মাদাহ।']"
198,87,Chapter: To one who does you a favour,الدعاء لمن صنع إليك معروفاً,87.0,কেউ আপনার সাথে সদাচারণ করলে তার জন্য দো‘আ,Jazākallāhu khayra.,May Allah reward you with good.,জাযা-কাল্লা-হু খাইরান,“আল্লাহ আপনাকে উত্তম বিনিময় দান করুন।”[1],جَزاكَ اللهُ خَـيْراً,«جَزَاكَ اللَّهُ خَيْراً».,"At-Tirmidhi (no. 2035). See also Al-Albani, Sahih At-Tirmidhi 2/200 and Sahihul-Jami' (no. 6244).","[1] তিরমিযী, হাদিস নং ২০৩৫। আরও দেখুন, সহীহুল জামে‘ ৬২৪৪; সহীহুত তিরমিযী, ২/২০০।",,,exact_match,1.0,"['Jazākallāhu khayra.', 'May Allah reward you with good.', ""At-Tirmidhi (no. 2035). See also Al-Albani, Sahih At-Tirmidhi 2/200 and Sahihul-Jami' (no. 6244)."", 'جَزاكَ اللهُ خَـيْراً']","['«جَزَاكَ اللَّهُ خَيْراً».', '(জাযা-কাল্লা-হু খাইরান)।', '“আল্লাহ আপনাকে উত্তম বিনিময় দান করুন।”[1]', '[1] তিরমিযী, হাদিস নং ২০৩৫। আরও দেখুন, সহীহুল জামে‘ ৬২৪৪; সহীহুত তিরমিযী, ২/২০০।']"
199,88,Chapter: Protection from the Dajjal,الذكر الذي يعصم الله به من الدجال,88.0,আল্লাহ যা দ্বারা দাজ্জাল থেকে হেফাযত করবেন,--,"Whoever memorizes ten 'Ayat (Verses) from the beginning of Surat Al-Kahf, will be protected from the False Messiah 1 if he recites in every prayer after the final Tashahhud before ending the prayer, seeking the protection of Allah from the trials of the False Messiah.",,"“যে ব্যক্তি সূরা কাহফের প্রথম দশটি আয়াত মুখস্থ করবে, তাকে দাজ্জাল থেকে রক্ষা করা হবে।”[1]",.(مَنْ حَفِظَ عَشْرَ آيَاتٍ مِنْ أَوَّلِ سُورَةِ الْكَهْفِ عُصِمَ مِنَ الدَّجَّالِ) ، وَالْاسْتِعَاذَةُ بِاللَّهِ مِنْ فِتْنَتِهِ عَقِبَ التَّشَهُّدِ الْأَخِيرِ مِنْ كُلِّ صَلاَةٍ.,,"1 Muslim 1/555, another version mentions the last ten 'Ayat, Muslim 1/556. 2 See invocations no. 55 and 56 of this book.","[1] মুসলিম ১/৫৫৫, নং ৮০৯; অন্য বর্ণনায় এসেছে, সূরা কাহাফের শেষাংশ, ১/৫৫৬, নং ৮০৯। [2] দেখুন, এ গ্রন্থের হাদীস নং ৫৫, ও হাদীস নং ৫৬, পৃ. ।",,অনুরূপভাবে প্রতি নামাযের শেষ বৈঠকে তাশাহহুদের পর তার (দাজ্জালের) বিপর্যয় থেকে রক্ষা পাবার জন্য আল্লাহ্‌র নিকট আশ্রয় প্রার্থনা করতে হবে।”[2],one_missing,,"['--', ""Whoever memorizes ten 'Ayat (Verses) from the beginning of Surat Al-Kahf, will be protected from the False Messiah 1 if he recites in every prayer after the final Tashahhud before ending the prayer, seeking the protection of Allah from the trials of the False Messiah."", ""1 Muslim 1/555, another version mentions the last ten 'Ayat, Muslim 1/556. 2 See invocations no. 55 and 56 of this book."", '.(مَنْ حَفِظَ عَشْرَ آيَاتٍ مِنْ أَوَّلِ سُورَةِ الْكَهْفِ عُصِمَ مِنَ الدَّجَّالِ) ، وَالْاسْتِعَاذَةُ بِاللَّهِ مِنْ فِتْنَتِهِ عَقِبَ التَّشَهُّدِ الْأَخِيرِ مِنْ كُلِّ صَلاَةٍ.']","['“যে ব্যক্তি সূরা কাহফের প্রথম দশটি আয়াত মুখস্থ করবে, তাকে দাজ্জাল থেকে রক্ষা করা হবে।”[1]', 'অনুরূপভাবে প্রতি নামাযের শেষ বৈঠকে তাশাহহুদের পর তার (দাজ্জালের) বিপর্যয় থেকে রক্ষা পাবার জন্য আল্লাহ্\u200cর নিকট আশ্রয় প্রার্থনা করতে হবে।”[2]', '[1] মুসলিম ১/৫৫৫, নং ৮০৯; অন্য বর্ণনায় এসেছে, সূরা কাহাফের শেষাংশ, ১/৫৫৬, নং ৮০৯।', '[2] দেখুন, এ গ্রন্থের হাদীস নং ৫৫, ও হাদীস নং ৫৬, পৃ. ।']"
200,89,"Chapter: To one who pronounces his love for you, for Allah’s sake",الدعاء لمن قال إني أحبك في الله,89.0,"যে ব্যক্তি বলবে, ‘আমি আপনাকে আল্লাহ্‌র জন্য ভালোবাসি’— তার জন্য দো‘আ",Aḥabbaka ‘lladhī aḥbabtanī lah.,"May He for Whose sake you love me, love you.",আহাব্বাকাল্লাযী আহ্বাবতানী লাহু,"“যাঁর জন্য আপনি আমাকে ভালোবেসেছেন, তিনি আপনাকে ভালোবাসুন।”[1]",أَحَبَّـكَ الّذي أَحْبَبْـتَني لَه,«أَحَبَّكَ الَّذِي أَحْبَبْتَنِي لَهُ».,Abu Dawud 4/333. Al-Albani graded it good in Sahih Abu Dawud 3/965.,"[1] হাদীসটি সংকলন করেছেন, আবু দাঊদ ৪/৩৩৩, নং ৫১২৫। আর শাইখ আলবানী একে সহীহ আবি দাউদে হাসান বলেছেন, ৩/৯৬৫।",,,exact_match,1.0,"['Aḥabbaka ‘lladhī aḥbabtanī lah.', 'May He for Whose sake you love me, love you.', 'Abu Dawud 4/333. Al-Albani graded it good in Sahih Abu Dawud 3/965.', 'أَحَبَّـكَ الّذي أَحْبَبْـتَني لَه']","['«أَحَبَّكَ الَّذِي أَحْبَبْتَنِي لَهُ».', '(আহাব্বাকাল্লাযী আহ্বাবতানী লাহু)।', '“যাঁর জন্য আপনি আমাকে ভালোবেসেছেন, তিনি আপনাকে ভালোবাসুন।”[1]', '[1] হাদীসটি সংকলন করেছেন, আবু দাঊদ ৪/৩৩৩, নং ৫১২৫। আর শাইখ আলবানী একে সহীহ আবি দাউদে হাসান বলেছেন, ৩/৯৬৫।']"
201,90,Chapter: To one who has offered you some of his wealth,الدعاء لمن عرض عليك ماله,90.0,আপনাকে কেউ তার সম্পদ দান করার জন্য পেশ করলে তার জন্য দো‘আ,Bārakallāhu laka fī ahlika wa mālik.,May Allah bless you in your family and your property.,বা-রাকাল্লা-হু লাকা ফী আহলিকা ওয়া মা-লিকা,“আল্লাহ আপনার পরিবারে ও সম্পদে বরকত দান করুন।”[1],بارَكَ اللهُ لَكَ في أَهْلِكَ وَمالِك,«بَارَكَ اللَّهُ لَكَ فِي أَهْلِكَ وَمَالِكَ».,"Al-Bukhari, cf. Al-Asqalani, Fathul-BAri 4/88.","[1] বুখারী, (ফাতহুল বারীসহ) ৪/২৮৮, হাদীস নং ২০৪৯।",,,exact_match,1.0,"['Bārakallāhu laka fī ahlika wa mālik.', 'May Allah bless you in your family and your property.', 'Al-Bukhari, cf. Al-Asqalani, Fathul-BAri 4/88.', 'بارَكَ اللهُ لَكَ في أَهْلِكَ وَمالِك']","['«بَارَكَ اللَّهُ لَكَ فِي أَهْلِكَ وَمَالِكَ».', '(বা-রাকাল্লা-হু লাকা ফী আহলিকা ওয়া মা-লিকা)।', '“আল্লাহ আপনার পরিবারে ও সম্পদে বরকত দান করুন।”[1]', '[1] বুখারী, (ফাতহুল বারীসহ) ৪/২৮৮, হাদীস নং ২০৪৯।']"
202,91,Chapter: To the debtor when his debt is settled,الدعاء لمن أقرض عند القضاء,91.0,কেউ ঋণ দিলে তা পরিশোধের সময় দো‘আ,"Bārakallāhu laka fī ahlika wa mālik, innamā jazā'us-salafi ‘l-ḥamdu wa‘l-adā'.","May Allah bless you in your family and your wealth, surely the reward for a loan is praise and returning (what was borrowed).","বা-রাকাল্লা-হু লাকা ফী আহলিকা ওয়া মা-লিকা, ইন্নামা জাযা-উস সালাফে আল-হামদু ওয়াল আদা-উ",“আল্লাহ আপনার পরিবারে ও সম্পদে বরকত দান করুন। ঋণের প্রতিদান তো কৃতজ্ঞতা প্রকাশ ও (ঠিকভাবে) আদায়।”[1],بارَكَ اللهُ لَكَ في أَهْلِكَ وَمالِك، إِنَّما جَـزاءُ السَّلَفِ الْحَمْدُ والأَداء,«بارَكَ اللَّهُ لَكَ فِي أَهْلِكَ وَمَالِكَ، إِنَّمَا جَزَاءُ السَّلَفِ الْحَمْدُ وَالأَدَاءُ».,"An-Nasa'i, 'Amalul-Yawm wal-Laylahp. 300, Ibn Majah 2/809. See also Al-Albani, Sahih Ibn Majah2/55.","[1] হাদীসটি সংকলন করেছেন, নাসাঈ, তাঁর আমালুল ইয়াওমি ওয়াল-লাইলাহ গ্রন্থে, পৃ. ৩০০; ইবন মাজাহ, ২/৮০৯, নং ২৪২৪। আরও দেখুন, সহীহ ইবন মাজাহ, ২/৫৫।",,,exact_match,1.0,"[""Bārakallāhu laka fī ahlika wa mālik, innamā jazā'us-salafi ‘l-ḥamdu wa‘l-adā'."", 'May Allah bless you in your family and your wealth, surely the reward for a loan is praise and returning (what was borrowed).', ""An-Nasa'i, 'Amalul-Yawm wal-Laylahp. 300, Ibn Majah 2/809. See also Al-Albani, Sahih Ibn Majah2/55."", 'بارَكَ اللهُ لَكَ في أَهْلِكَ وَمالِك، إِنَّما جَـزاءُ السَّلَفِ الْحَمْدُ والأَداء']","['«بارَكَ اللَّهُ لَكَ فِي أَهْلِكَ وَمَالِكَ، إِنَّمَا جَزَاءُ السَّلَفِ الْحَمْدُ وَالأَدَاءُ».', '(বা-রাকাল্লা-হু লাকা ফী আহলিকা ওয়া মা-লিকা, ইন্নামা জাযা-উস সালাফে আল-হামদু ওয়াল আদা-উ)', '“আল্লাহ আপনার পরিবারে ও সম্পদে বরকত দান করুন। ঋণের প্রতিদান তো কৃতজ্ঞতা প্রকাশ ও (ঠিকভাবে) আদায়।”[1]', '[1] হাদীসটি সংকলন করেছেন, নাসাঈ, তাঁর আমালুল ইয়াওমি ওয়াল-লাইলাহ গ্রন্থে, পৃ. ৩০০; ইবন মাজাহ, ২/৮০৯, নং ২৪২৪। আরও দেখুন, সহীহ ইবন মাজাহ, ২/৫৫।']"
203,92,Chapter: For fear of shirk,دعاء الخوف من الشرك,,,"Allāhumma innī a`ūdhu bika an ushrika bika wa anā a`lam, wa astaghfiruka limā lā a`lam.","O Allah, I seek refuge in You lest I associate anything with You knowingly, and I seek Your forgiveness for what I know not.",,,اللّهُـمَّ إِنّـي أَعـوذُبِكَ أَنْ أُشْـرِكَ بِكَ وَأَنا أَعْـلَمْ، وَأَسْتَـغْفِرُكَ لِما لا أَعْـلَم,,"Ahmad 4/403. See also Al-Albani, Sahihul-Jami' As-Saghir 3/233 and Sahihut-Targhib wat- Tarhib 1/19.",,,,one_missing,,"['Allāhumma innī a`ūdhu bika an ushrika bika wa anā a`lam, wa astaghfiruka limā lā a`lam.', 'O Allah, I seek refuge in You lest I associate anything with You knowingly, and I seek Your forgiveness for what I know not.', ""Ahmad 4/403. See also Al-Albani, Sahihul-Jami' As-Saghir 3/233 and Sahihut-Targhib wat- Tarhib 1/19."", 'اللّهُـمَّ إِنّـي أَعـوذُبِكَ أَنْ أُشْـرِكَ بِكَ وَأَنا أَعْـلَمْ، وَأَسْتَـغْفِرُكَ لِما لا أَعْـلَم']",
204,93,"Chapter: To someone who says ""May Allah bless you""",الدعاء لمن قال بارك الله فيك,93.0,"কেউ যদি বলে, ‘আল্লাহ আপনার উপর বরকত দিন’, তার জন্য দো‘আ",Wafīka bārakallāh.,And may Allah bless you.,ওয়াফীকা বা-রাকাল্লা-হ,“আর আপনার মধ্যেও আল্লাহ বরকত দিন।”[1],وَفيكَ بارَكَ الله,«وَفِيكَ بَارَكَ اللَّهُ».,"Ibn As-Sunni, p. 138, (no. 278). See also Ibn Al-Qayyim, Al-Wdbil As-Sayyib, p. 304, with checking by Basheer Muhammad ?Uyoon.","[1] হাদীসটি ইবনুস সুন্নী সংকলন করেছেন, পৃ. ১৩৮, নং ২৭৮। আরও দেখুন, ইবনুল কাইয়্যেমের আল-ওয়াবিলুস সাইয়্যেব, পৃ. ৩০৪। তাহকীক, বশীর মুহাম্মাদ উয়ূন।",,,exact_match,1.0,"['Wafīka bārakallāh.', 'And may Allah bless you.', 'Ibn As-Sunni, p. 138, (no. 278). See also Ibn Al-Qayyim, Al-Wdbil As-Sayyib, p. 304, with checking by Basheer Muhammad ?Uyoon.', 'وَفيكَ بارَكَ الله']","['«وَفِيكَ بَارَكَ اللَّهُ».', '(ওয়াফীকা বা-রাকাল্লা-হ)', '“আর আপনার মধ্যেও আল্লাহ বরকত দিন।”[1]', '[1] হাদীসটি ইবনুস সুন্নী সংকলন করেছেন, পৃ. ১৩৮, নং ২৭৮। আরও দেখুন, ইবনুল কাইয়্যেমের আল-ওয়াবিলুস সাইয়্যেব, পৃ. ৩০৪। তাহকীক, বশীর মুহাম্মাদ উয়ূন।']"
205,94,Chapter: The scorn of ascribing things to evil omens,دعاء كراهية الطيرة,94.0,অশুভ লক্ষণ গ্রহণকে অপছন্দ করে দো‘আ,"Allāhumma lā ṭayra illā ṭayruk, wa lā khayra illā khayruk, wa lā ilāha ghayruk.","O Allah there is no portent other than Your portent, no goodness other than Your goodness, and none worthy of worship other than You.",আল্লা-হুম্মা লা ত্বাইরা ইল্লা ত্বাইরুকা ওয়ালা খাইরা ইল্লা খাইরুকা ওয়ালা ইলা-হা গাইরুকা,“হে আল্লাহ! আপনার পক্ষ থেকে অশুভ মঞ্জুর না হলে অশুভ বলে কিছু নেই। আপনার কল্যাণ ছাড়া কোনো কল্যাণ নেই। আর আপনি ছাড়া কোনো হক্ব ইলাহ নেই।”[1],اللّهُـمَّ لا طَيْـرَ إِلاّ طَيْـرُك، وَلا خَـيْرَ إِلاّ خَـيْرُك، وَلا إِلهَ غَيْـرُك,«اللَّهُمَّ لاَ طَيْرَ إِلاَّ طَيْرُكَ، وَلاَ خَيْرَ إِلاَّ خَيْرُكَ، وَلاَ إِلَهَ غَيْرُكَ».,"Ahmad 2/220, Ibn As-Sunni (no. 292). See also Al-Albani, Silsilatul-'Ahadlth As-Sahihah 3/54, (no. 1065). As for bodings of good, these used to please the Prophet (ﷺ) and so when he heard good words from someone, he used to say: ""We have taken from you a good portent from your mouth,"" Abu Dawud, Ahmad. See also Al-Albani, Silsilatul-'Ahadith As-Sahihah 2/363, and it is with Abu Ash-Shaikh Al-Asfahani in 'Akhlaqun-Nabiyy, pg. 270.","[1] আহমাদ ২/২২০, নং ৭০৪৫; ইবনুস সুন্নী, হাদীস নং ২৯২। আর শাইখ আলবানী তাঁর সিলসিলাতুল আহাদীসিস সহীহায় ৩/৫৪, নং ১০৬৫, একে সহীহ বলেছেন। তবে সুলক্ষণ নেওয়া রাসূলুল্লাহ সাল্লাল্লাহু ‘আলাইহি ওয়াসাল্লাম পছন্দ করতেন। সে জন্য যখন তিনি কোনো মানুষ থেকে কোনো ভালো বাক্য বা সুবচন শুনতেন, তখন সেটা তাঁর কাছে ভালো লাগত এবং বলতেন, “তোমার মুখ থেকে তোমার সুলক্ষণ গ্রহণ করেছি”। আবু দাউদ, নং ৩৭১৯; আহমাদ, নং ৯০৪০। আর শাইখ আলবানী তাঁর সিলসিলাতুস সহীহায় একে সহীহ বলেছেন, ২/৩৬৩; আবুশ শাইখ, আখলাকুন নবী সাল্লাল্লাহু ‘আলাইহি ওয়াসাল্লাম, পৃ. ২৭০।",,,exact_match,1.0,"['Allāhumma lā ṭayra illā ṭayruk, wa lā khayra illā khayruk, wa lā ilāha ghayruk.', 'O Allah there is no portent other than Your portent, no goodness other than Your goodness, and none worthy of worship other than You.', 'Ahmad 2/220, Ibn As-Sunni (no. 292). See also Al-Albani, Silsilatul-\'Ahadlth As-Sahihah 3/54, (no. 1065). As for bodings of good, these used to please the Prophet (ﷺ) and so when he heard good words from someone, he used to say: ""We have taken from you a good portent from your mouth,"" Abu Dawud, Ahmad. See also Al-Albani, Silsilatul-\'Ahadith As-Sahihah 2/363, and it is with Abu Ash-Shaikh Al-Asfahani in \'Akhlaqun-Nabiyy, pg. 270.', 'اللّهُـمَّ لا طَيْـرَ إِلاّ طَيْـرُك، وَلا خَـيْرَ إِلاّ خَـيْرُك، وَلا إِلهَ غَيْـرُك']","['«اللَّهُمَّ لاَ طَيْرَ إِلاَّ طَيْرُكَ، وَلاَ خَيْرَ إِلاَّ خَيْرُكَ، وَلاَ إِلَهَ غَيْرُكَ».', '(আল্লা-হুম্মা লা ত্বাইরা ইল্লা ত্বাইরুকা ওয়ালা খাইরা ইল্লা খাইরুকা ওয়ালা ইলা-হা গাইরুকা)।', '“হে আল্লাহ! আপনার পক্ষ থেকে অশুভ মঞ্জুর না হলে অশুভ বলে কিছু নেই। আপনার কল্যাণ ছাড়া কোনো কল্যাণ নেই। আর আপনি ছাড়া কোনো হক্ব ইলাহ নেই।”[1]', '[1] আহমাদ ২/২২০, নং ৭০৪৫; ইবনুস সুন্নী, হাদীস নং ২৯২। আর শাইখ আলবানী তাঁর সিলসিলাতুল আহাদীসিস সহীহায় ৩/৫৪, নং ১০৬৫, একে সহীহ বলেছেন। তবে সুলক্ষণ নেওয়া রাসূলুল্লাহ সাল্লাল্লাহু ‘আলাইহি ওয়াসাল্লাম পছন্দ করতেন। সে জন্য যখন তিনি কোনো মানুষ থেকে কোনো ভালো বাক্য বা সুবচন শুনতেন, তখন সেটা তাঁর কাছে ভালো লাগত এবং বলতেন, “তোমার মুখ থেকে তোমার সুলক্ষণ গ্রহণ করেছি”। আবু দাউদ, নং ৩৭১৯; আহমাদ, নং ৯০৪০। আর শাইখ আলবানী তাঁর সিলসিলাতুস সহীহায় একে সহীহ বলেছেন, ২/৩৬৩; আবুশ শাইখ, আখলাকুন নবী সাল্লাল্লাহু ‘আলাইহি ওয়াসাল্লাম, পৃ. ২৭০।']"
206,95,Chapter: When mounting an animal or any means of transport,دعاء ركوب الدابة أو ما يقوم مقامها,95.0,বাহনে আরোহণের দো‘আ,"Bismillāh, walḥamdulillāh. Subḥāna ‘lladhī sakhkhara lanā hādhā wa mā kunnā lahu muqrinīn. Wa innā ilā Rabbinā lamunqalibūn. Alḥamdulillāh, alḥamdulillāh, alḥamdulillāh, Allāhu Akbar, Allāhu Akbar, Allāhu Akbar, Subḥānaka ‘llāhumma innī ẓalamtu nafsī, faghfir lī, fa innahu lā yaghfirudh-dhunūba illā ant.","With the Name of Allah. Praise is to Allah. Glory is to Him Who has provided this for us though we could never have had it by our efforts. Surely, unto our Lord, we are returning. Praise is to Allah. Praise is to Allah. Praise is to Allah. Allah is the Most Great. Allah is the Most Great. Allah is the Most Great. Glory is to You. O Allah, I have wronged my own soul. Forgive me, for surely none forgives sins but You.","বিস্‌মিল্লা-হি, আলহাম্‌দু লিল্লা-হি, সুব্‌হা-নাল্লাযী সাখখারা লানা হা-যা ওয়ামা কুন্না লাহু মুক্বরিনীন। ওয়া ইন্না ইলা রব্বিনা লামুনক্বালিবূন, আলহামদুলিল্লা-হ, আলহামদুলিল্লা-হ, আলহামদুলিল্লা-হ, আল্লা-হু আকবার, আল্লা-হু আকবার, আল্লা-হু আকবার, সুবহা-নাকাল্লা-হুম্মা ইন্নী যালামতু নাফসী ফাগফির লী। ফাইন্নাহু লা ইয়াগফিরুয্যুনূবা ইল্লা আনতা","“আল্লাহ্‌র নামে; আর সকল প্রশংসা আল্লাহ্‌র জন্য। পবিত্র মহান সেই সত্তা, যিনি একে আমাদের জন্য বশীভূত করে দিয়েছেন, অন্যথায় আমরা একে বশীভূত করতে সক্ষম ছিলাম না। আর আমরা অবশ্যই প্রত্যাবর্তন করবো আমাদের রব্বের দিকে। সকল প্রশংসা আল্লাহ্‌র জন্য, সকল প্রশংসা আল্লাহ্‌র জন্য, সকল প্রশংসা আল্লাহ্‌র জন্য। আল্লাহ সবচেয়ে বড়, আল্লাহ সবচেয়ে বড়, আল্লাহ সবচেয়ে বড়। হে আল্লাহ! আপনি পবিত্র-মহান; আমি আমার নিজের উপর যুলুম করেছি, সুতরাং আপনি আমাকে মাফ করে দিন। কেননা, আপনি ছাড়া গুনাহ মাফ করার আর কেউ নেই।”[1]",بِسْـمِ اللهِ وَالْحَمْـدُ لله، ﴿سُبْحَانَ الَّذِي سَخَّرَ لَنَا هَذَا وَمَا كُنَّا لَهُ مُقْرِنِينَ * وَإِنَّا إِلَى رَبِّنَا لَمُنقَلِبُونَ﴾ الحَمْـدُ لله، الحَمْـدُ لله، الحَمْـدُ لله، اللهُ أكْـبَر، اللهُ أكْـبَر، اللهُ أكْـبَر، سُـبْحانَكَ اللّهُـمَّ إِنّي ظَلَـمْتُ نَفْسي فَاغْـفِرْ لي، فَإِنَّهُ لا يَغْفِـرُ الذُّنوبَ إِلاّ أَنْـت,«بِسْمِ اللَّهِ، وَالْحَمْدُ للَّهِ ﴿سُبْحَانَ الَّذِي سَخَّرَ لَنَا هَذَا وَمَا كُنَّا لَهُ مُقْرِنِينَ، وَإِنَّا إِلَى رَبِّنَا لَمُنقَلِبُونَ﴾، «الْحَمْدُ لِلَّهِ، الْحَمْدُ لِلَّهِ، الْحَمْدُ لِلَّهِ، اللَّهُ أَكْبَرُ، اللَّهُ أَكْبَرُ، اللَّهُ أَكْبَرُ، سُبْحَانَكَ اللَّهُمَّ إِنِّي ظَلَمْتُ نَفْسِي فَاغْفِرْ لِي؛ فَإِنَّهُ لاَ يَغْفِرُ الذُّنُوبَ إِلاَّ أَنْتَ».,"Abu Dawud 3/34, At-Tirmidhi 5/501. See also Al-Albani, Sahih At-Tirmidhi3/156.","[1] আবু দাঊদ ৩/৩৪, ২৬০২; তিরমিযী ৫/৫০১, নং ৩৪৪৬। আরও দেখুন, সহীহুত তিরমিযী ৩/১৫৬। আর আয়াত দু’টি হচ্ছে, সূরা আয-যুখরুফের ১৩-১৪।",,,near_exact,0.9929,"['Bismillāh, walḥamdulillāh. Subḥāna ‘lladhī sakhkhara lanā hādhā wa mā kunnā lahu muqrinīn. Wa innā ilā Rabbinā lamunqalibūn. Alḥamdulillāh, alḥamdulillāh, alḥamdulillāh, Allāhu Akbar, Allāhu Akbar, Allāhu Akbar, Subḥānaka ‘llāhumma innī ẓalamtu nafsī, faghfir lī, fa innahu lā yaghfirudh-dhunūba illā ant.', 'With the Name of Allah. Praise is to Allah. Glory is to Him Who has provided this for us though we could never have had it by our efforts. Surely, unto our Lord, we are returning. Praise is to Allah. Praise is to Allah. Praise is to Allah. Allah is the Most Great. Allah is the Most Great. Allah is the Most Great. Glory is to You. O Allah, I have wronged my own soul. Forgive me, for surely none forgives sins but You.', 'Abu Dawud 3/34, At-Tirmidhi 5/501. See also Al-Albani, Sahih At-Tirmidhi3/156.', 'بِسْـمِ اللهِ وَالْحَمْـدُ لله، ﴿سُبْحَانَ الَّذِي سَخَّرَ لَنَا هَذَا وَمَا كُنَّا لَهُ مُقْرِنِينَ * وَإِنَّا إِلَى رَبِّنَا لَمُنقَلِبُونَ﴾ الحَمْـدُ لله، الحَمْـدُ لله، الحَمْـدُ لله، اللهُ أكْـبَر، اللهُ أكْـبَر، اللهُ أكْـبَر، سُـبْحانَكَ اللّهُـمَّ إِنّي ظَلَـمْتُ نَفْسي فَاغْـفِرْ لي، فَإِنَّهُ لا يَغْفِـرُ الذُّنوبَ إِلاّ أَنْـت']","['«بِسْمِ اللَّهِ، وَالْحَمْدُ للَّهِ ﴿سُبْحَانَ الَّذِي سَخَّرَ لَنَا هَذَا وَمَا كُنَّا لَهُ مُقْرِنِينَ، وَإِنَّا إِلَى رَبِّنَا لَمُنقَلِبُونَ﴾، «الْحَمْدُ لِلَّهِ، الْحَمْدُ لِلَّهِ، الْحَمْدُ لِلَّهِ، اللَّهُ أَكْبَرُ، اللَّهُ أَكْبَرُ، اللَّهُ أَكْبَرُ، سُبْحَانَكَ اللَّهُمَّ إِنِّي ظَلَمْتُ نَفْسِي فَاغْفِرْ لِي؛ فَإِنَّهُ لاَ يَغْفِرُ الذُّنُوبَ إِلاَّ أَنْتَ».', '(বিস্\u200cমিল্লা-হি, আলহাম্\u200cদু লিল্লা-হি, সুব্\u200cহা-নাল্লাযী সাখখারা লানা হা-যা ওয়ামা কুন্না লাহু মুক্বরিনীন। ওয়া ইন্না ইলা রব্বিনা লামুনক্বালিবূন, আলহামদুলিল্লা-হ, আলহামদুলিল্লা-হ, আলহামদুলিল্লা-হ, আল্লা-হু আকবার, আল্লা-হু আকবার, আল্লা-হু আকবার, সুবহা-নাকাল্লা-হুম্মা ইন্নী যালামতু নাফসী ফাগফির লী। ফাইন্নাহু লা ইয়াগফিরুয্যুনূবা ইল্লা আনতা)।', '“আল্লাহ্\u200cর নামে; আর সকল প্রশংসা আল্লাহ্\u200cর জন্য। পবিত্র মহান সেই সত্তা, যিনি একে আমাদের জন্য বশীভূত করে দিয়েছেন, অন্যথায় আমরা একে বশীভূত করতে সক্ষম ছিলাম না। আর আমরা অবশ্যই প্রত্যাবর্তন করবো আমাদের রব্বের দিকে। সকল প্রশংসা আল্লাহ্\u200cর জন্য, সকল প্রশংসা আল্লাহ্\u200cর জন্য, সকল প্রশংসা আল্লাহ্\u200cর জন্য। আল্লাহ সবচেয়ে বড়, আল্লাহ সবচেয়ে বড়, আল্লাহ সবচেয়ে বড়। হে আল্লাহ! আপনি পবিত্র-মহান; আমি আমার নিজের উপর যুলুম করেছি, সুতরাং আপনি আমাকে মাফ করে দিন। কেননা, আপনি ছাড়া গুনাহ মাফ করার আর কেউ নেই।”[1]', '[1] আবু দাঊদ ৩/৩৪, ২৬০২; তিরমিযী ৫/৫০১, নং ৩৪৪৬। আরও দেখুন, সহীহুত তিরমিযী ৩/১৫৬। আর আয়াত দু’টি হচ্ছে, সূরা আয-যুখরুফের ১৩-১৪।']"
207,96,Chapter: For travel,دعاء السفر,96.0,সফরের দো‘আ,"Allāhu Akbar, Allāhu Akbar, Allāhu Akbar, Subḥāna ‘l-ladhi sakhkhara lanā hādhā wa mā kunnā lahu muqrinīn. Wa innā ilā Rabbinā lamunqalibūn. Allāhumma innā nas'aluka fī safarinā hādha ‘l-birra wat-taqwā, Wa mina ‘l-`amali mā tarḍā, Allāhumma hawwin `alaynā safaranā hādhā waṭwi `annā bu`dah, Allāhumma antas-sāḥibu fis-safar, wa ‘l-khalīfatu fil-ahl, Allāhumma innī a`ūdhu bika min wa`thā'is-safar, wa ka'ābati ‘l-manẓar, wa sū'il-munqalabi fil-māli wa ‘l-ahl. (Upon returning recite the same again adding):","Allah is the Most Great. Allah is the Most Great. Allah is the Most Great. Glory is to Him Who has provided this for us though we could never have had it by our efforts. Surely, unto our Lord we are returning. O Allah, we ask You on this our journey for goodness and piety, and for works that are pleasing to You. O Allah, lighten this journey for us and make its distance easy for us. O Allah, You are our Companion on the road and the One in Whose care we leave our family. O Allah, I seek refuge in You from this journey's hardships, and from the wicked sights in store and from finding our family and property in misfortune upon returning. (Upon returning recite the same again adding :) We return repentant to our Lord, worshipping our Lord, and praising our Lord.","আল্লা-হু আকবার আল্লা-হু আকবার আল্লা-হু আকবার। সুব্‌হা-নাল্লাযী সাখখারা লানা হা-যা ওয়ামা কুন্না লাহু মুক্বরিনীনা। ওয়া ইন্না ইলা রব্বিনা লামুনক্বালিবূন। আল্লা-হুম্মা ইন্না নাস’আলুকা ফী সাফারিনা হা-যাল-বিররা ওয়াত্তাকওয়া, ওয়ামিনাল ‘আমালি মা তারদ্বা। আল্লা-হুম্মা হাউইন ‘আলাইনা সাফারানা হা-যা ওয়াতউই ‘আন্না বু‘দাহু। আল্লা-হুম্মা আনতাস সা-হিবু ফিস সাফারি ওয়াল-খালীফাতু ফিল আহ্‌লি। আল্লা-হুম্মা ইন্নী আ‘ঊযু বিকা মিন ওয়া‘আসা-ইস্ সাফারি ওয়া কা’আবাতিল মানযারি ওয়া সূ-ইল মুনক্বালাবি ফিল মা-লি ওয়াল আহল) (আ-ইবূনা তা-ইবূনা ‘আ-বিদূনা, লিরব্বিনা হা-মিদূন","“আল্লাহ সবচেয়ে বড়, আল্লাহ সবচেয়ে বড়, আল্লাহ সবচেয়ে বড়। পবিত্র মহান সেই সত্তা, যিনি আমাদের জন্য একে বশীভূত করে দিয়েছেন, অন্যথায় আমরা একে বশীভূত করতে সক্ষম ছিলাম না। আর আমরা অবশ্যই আমাদের রব্বের নিকট প্রত্যাবর্তন করব।","""اللَّهُ أَكْبَرُ، اللَّهُ أَكْبَرُ، اللَّهُ أَكْبَرُ، ﴿سُبْحَانَ الَّذِي سَخَّرَ لَنَا هَذَا وَمَا كُنَّا لَهُ مُقْرِنِينَ * وَإِنَّا إِلَى رَبِّنَا لَمُنقَلِبُونَ﴾ اللَّهُمَّ إِنّا نَسْأَلُكَ فِي سَفَرِنَا هَذَا البِرَّ وَالتَّقْوَى، وَمِنَ الْعَمَلِ مَا تَرْضَى، اللَّهُمَّ هَوِّنْ عَلَيْنَا سَفَرَنَا هَذَا وَاطْوِ عَنَّا بُعْدَهُ، اللَّهُمَّ أَنْتَ الصَّاحِبُ فِي السَّفَرِ، وَالْخَليفَةُ فِي الْأَهْلِ، اللَّهُمَّ إِنِّي أَعُوذُ بِكَ مِنْ وَعْثَاءِ السَّفَرِ، وَكَآبَةِ الْمَنْظَرِ، وَسُوءِ الْمُنْقَلَبِ فِي الْمَالِ وَالْأَهْلِ""، وإذا رَجَعَ قَالَهُنَّ وَزَادَ فِيهِنَّ: ""آيِبُونَ، تائِبُونَ، عَابِدُونَ، لِرَبِّنَا حَامِدُونَ"".",اللَّهُ أَكْبَرُ، اللَّهُ أَكْبَرُ، اللَّهُ أَكْبَرُ، ﴿سُبْحَانَ الَّذِي سَخَّرَ لَنَا هَذَا وَمَا كُنَّا لَهُ مُقْرِنِينَ * وَإِنَّا إِلَى رَبِّنَا لَمُنقَلِبُونَ﴾ «اللَّهُمَّ إِنّا نَسْأَلُكَ فِي سَفَرِنَا هَذَا البِرَّ وَالتَّقْوَى، وَمِنَ الْعَمَلِ مَا تَرْضَى، اللَّهُمَّ هَوِّنْ عَلَيْنَا سَفَرَنَا هَذَا وَاطْوِ عَنَّا بُعْدَهُ، اللَّهُمَّ أَنْتَ الصَّاحِبُ فِي السَّفَرِ، وَالْخَليفَةُ فِي الْأَهْلِ، اللَّهُمَّ إِنِّي أَعُوذُ بِكَ مِنْ وَعْثَاءِ السَّفَرِ، وَكَآبَةِ الْمَنْظَرِ، وَسُوءِ الْمُنْقَلَبِ فِي الْمَالِ وَالْأَهْلِ» «آيِبُونَ، تائِبُونَ، عَابِدُونَ، لِرَبِّنَا حَامِدُونَ».,Muslim 2/978.,"[1] মুসলিম ২/৯৭৮, হাদীস নং ১৩৪২।",,"হে আল্লাহ! আমরা এই সফরে আপনার কাছে চাই পূণ্য ও তাকওয়া এবং এমন কাজ যা আপনি পছন্দ করেন। হে আল্লাহ! আমাদের জন্য এই সফরকে সহজ করে দিন এবং এর দুরত্বকে আমাদের জন্য কমিয়ে দিন। হে আল্লাহ্! আপনিই সফরে আমাদের সাথী এবং আমাদের পরিবার-পরিজনের তত্ত্বাবধায়ণকারী। হে আল্লাহ! আমরা আপনার আশ্রয় প্রার্থনা করি সফরের কষ্ট-ক্লেশ থেকে, অবাঞ্ছিত অবস্থার দৃশ্য থেকে এবং সম্পদ ও পরিবারে অনিষ্টকর প্রত্যাবর্তন থেকে।” আর নবী সাল্লাল্লাহু আলাইহি ওয়াসাল্লাম সফর থেকে ফেরার সময়ও তা পড়তেন এবং তাতে যোগ করতেন, “আমরা প্রত্যাবর্তনকারী, তওবাকারী, ইবাদতকারী এবং আমাদের রব্বের প্রশংসাকারী।”[1]",mismatch,0.888,"[""Allāhu Akbar, Allāhu Akbar, Allāhu Akbar, Subḥāna ‘l-ladhi sakhkhara lanā hādhā wa mā kunnā lahu muqrinīn. Wa innā ilā Rabbinā lamunqalibūn. Allāhumma innā nas'aluka fī safarinā hādha ‘l-birra wat-taqwā, Wa mina ‘l-`amali mā tarḍā, Allāhumma hawwin `alaynā safaranā hādhā waṭwi `annā bu`dah, Allāhumma antas-sāḥibu fis-safar, wa ‘l-khalīfatu fil-ahl, Allāhumma innī a`ūdhu bika min wa`thā'is-safar, wa ka'ābati ‘l-manẓar, wa sū'il-munqalabi fil-māli wa ‘l-ahl. (Upon returning recite the same again adding):"", ""Allah is the Most Great. Allah is the Most Great. Allah is the Most Great. Glory is to Him Who has provided this for us though we could never have had it by our efforts. Surely, unto our Lord we are returning. O Allah, we ask You on this our journey for goodness and piety, and for works that are pleasing to You. O Allah, lighten this journey for us and make its distance easy for us. O Allah, You are our Companion on the road and the One in Whose care we leave our family. O Allah, I seek refuge in You from this journey's hardships, and from the wicked sights in store and from finding our family and property in misfortune upon returning. (Upon returning recite the same again adding :) We return repentant to our Lord, worshipping our Lord, and praising our Lord."", 'Muslim 2/978.', '""اللَّهُ أَكْبَرُ، اللَّهُ أَكْبَرُ، اللَّهُ أَكْبَرُ، ﴿سُبْحَانَ الَّذِي سَخَّرَ لَنَا هَذَا وَمَا كُنَّا لَهُ مُقْرِنِينَ * وَإِنَّا إِلَى رَبِّنَا لَمُنقَلِبُونَ﴾ اللَّهُمَّ إِنّا نَسْأَلُكَ فِي سَفَرِنَا هَذَا البِرَّ وَالتَّقْوَى، وَمِنَ الْعَمَلِ مَا تَرْضَى، اللَّهُمَّ هَوِّنْ عَلَيْنَا سَفَرَنَا هَذَا وَاطْوِ عَنَّا بُعْدَهُ، اللَّهُمَّ أَنْتَ الصَّاحِبُ فِي السَّفَرِ، وَالْخَليفَةُ فِي الْأَهْلِ، اللَّهُمَّ إِنِّي أَعُوذُ بِكَ مِنْ وَعْثَاءِ السَّفَرِ، وَكَآبَةِ الْمَنْظَرِ، وَسُوءِ الْمُنْقَلَبِ فِي الْمَالِ وَالْأَهْلِ""، وإذا رَجَعَ قَالَهُنَّ وَزَادَ فِيهِنَّ: ""آيِبُونَ، تائِبُونَ، عَابِدُونَ، لِرَبِّنَا حَامِدُونَ"".']","['اللَّهُ أَكْبَرُ، اللَّهُ أَكْبَرُ، اللَّهُ أَكْبَرُ، ﴿سُبْحَانَ الَّذِي سَخَّرَ لَنَا هَذَا وَمَا كُنَّا لَهُ مُقْرِنِينَ * وَإِنَّا إِلَى رَبِّنَا لَمُنقَلِبُونَ﴾ «اللَّهُمَّ إِنّا نَسْأَلُكَ فِي سَفَرِنَا هَذَا البِرَّ وَالتَّقْوَى، وَمِنَ الْعَمَلِ مَا تَرْضَى، اللَّهُمَّ هَوِّنْ عَلَيْنَا سَفَرَنَا هَذَا وَاطْوِ عَنَّا بُعْدَهُ، اللَّهُمَّ أَنْتَ الصَّاحِبُ فِي السَّفَرِ، وَالْخَليفَةُ فِي الْأَهْلِ، اللَّهُمَّ إِنِّي أَعُوذُ بِكَ مِنْ وَعْثَاءِ السَّفَرِ، وَكَآبَةِ الْمَنْظَرِ، وَسُوءِ الْمُنْقَلَبِ فِي الْمَالِ وَالْأَهْلِ»', '(আল্লা-হু আকবার আল্লা-হু আকবার আল্লা-হু আকবার। সুব্\u200cহা-নাল্লাযী সাখখারা লানা হা-যা ওয়ামা কুন্না লাহু মুক্বরিনীনা। ওয়া ইন্না ইলা রব্বিনা লামুনক্বালিবূন। আল্লা-হুম্মা ইন্না নাস’আলুকা ফী সাফারিনা হা-যাল-বিররা ওয়াত্তাকওয়া, ওয়ামিনাল ‘আমালি মা তারদ্বা। আল্লা-হুম্মা হাউইন ‘আলাইনা সাফারানা হা-যা ওয়াতউই ‘আন্না বু‘দাহু। আল্লা-হুম্মা আনতাস সা-হিবু ফিস সাফারি ওয়াল-খালীফাতু ফিল আহ্\u200cলি। আল্লা-হুম্মা ইন্নী আ‘ঊযু বিকা মিন ওয়া‘আসা-ইস্ সাফারি ওয়া কা’আবাতিল মানযারি ওয়া সূ-ইল মুনক্বালাবি ফিল মা-লি ওয়াল আহল)।', '“আল্লাহ সবচেয়ে বড়, আল্লাহ সবচেয়ে বড়, আল্লাহ সবচেয়ে বড়। পবিত্র মহান সেই সত্তা, যিনি আমাদের জন্য একে বশীভূত করে দিয়েছেন, অন্যথায় আমরা একে বশীভূত করতে সক্ষম ছিলাম না। আর আমরা অবশ্যই আমাদের রব্বের নিকট প্রত্যাবর্তন করব।', 'হে আল্লাহ! আমরা এই সফরে আপনার কাছে চাই পূণ্য ও তাকওয়া এবং এমন কাজ যা আপনি পছন্দ করেন। হে আল্লাহ! আমাদের জন্য এই সফরকে সহজ করে দিন এবং এর দুরত্বকে আমাদের জন্য কমিয়ে দিন। হে আল্লাহ্! আপনিই সফরে আমাদের সাথী এবং আমাদের পরিবার-পরিজনের তত্ত্বাবধায়ণকারী। হে আল্লাহ! আমরা আপনার আশ্রয় প্রার্থনা করি সফরের কষ্ট-ক্লেশ থেকে, অবাঞ্ছিত অবস্থার দৃশ্য থেকে এবং সম্পদ ও পরিবারে অনিষ্টকর প্রত্যাবর্তন থেকে।”', 'আর নবী সাল্লাল্লাহু আলাইহি ওয়াসাল্লাম সফর থেকে ফেরার সময়ও তা পড়তেন এবং তাতে যোগ করতেন,', '«آيِبُونَ، تائِبُونَ، عَابِدُونَ، لِرَبِّنَا حَامِدُونَ».', '(আ-ইবূনা তা-ইবূনা ‘আ-বিদূনা, লিরব্বিনা হা-মিদূন)।', '“আমরা প্রত্যাবর্তনকারী, তওবাকারী, ইবাদতকারী এবং আমাদের রব্বের প্রশংসাকারী।”[1]', '[1] মুসলিম ২/৯৭৮, হাদীস নং ১৩৪২।']"
208,97,Chapter: Upon entering a town or village,دعاء دخول القرية أو البلدة,97.0,গ্রাম বা শহরে প্রবেশের দো‘আ,"Allāhumma Rabbas-samāwātis-sab`i wa mā aẓlaln, Wa Rabba ‘l-arāḍīnas-sab`i wa mā aqlaln, wa Rabbash-shayāṭīni wa mā aḍlaln, wa Rabbar-riyāḥi wa mā dharayn. As'aluka khayra hādhihi ‘l-qaryah, wa khayra ahlihā, wa khayra māfīhā, wa a`ūdhu bika min sharrihā, wa sharri ahlihā, wa sharri mā fīhā.","O Allah, Lord of the seven heavens and all they overshadow, Lord of the seven worlds and all they uphold, Lord of the devils and all they lead astray, Lord of the winds and all they scatter. I ask You for the goodness of this town, and for the goodness of its people, and for the goodness it contains. I seek refuge in You from its evil, from the evil of its people, and from the evil it contains.","আল্লা-হুম্মা রব্বাস্ সামা-ওয়া-তিস্ সাব‘ঈ ওয়ামা আযলালনা, ওয়ারব্বাল আরাদ্বীনাস সাব‘ঈ ওয়ামা আক্বলালনা, ওয়া রব্বাশ শাইয়া-তী-নি ওয়ামা আদ্বলালনা, ওয়া রব্বাররিয়া-হি ওয়ামা যারাইনা, আস’আলুকা খাইরা হা-যিহিল কারইয়াতি ওয়া খাইরা আহলিহা ওয়া খাইরা মা ফীহা। ওয়া আ‘ঊযু বিকা মিন শাররিহা ওয়া শাররি আহলিহা ওয়া শাররি মা ফীহা","“হে আল্লাহ! সাত আসমান এবং তা যা কিছু ছায়া দিয়ে রেখেছে তার রব্ব! সাত যমীন এবং তা যা ধারণ করে রেখেছে তার রব্ব! শয়তানদের এবং ওদের দ্বারা পথভ্রষ্টদের রব্ব! বাতাসসমূহ এবং তা যা উড়িয়ে নেয় তার রব্ব! আমি আপনার নিকট চাই এ জনপদের কল্যাণ, এ জনপদবাসীর কল্যাণ এবং এর মাঝে যা আছে তার কল্যাণ। আর আমি আপনার নিকট আশ্রয় চাই এ জনপদের অনিষ্ট থেকে, তাতে বসবাসকারীদের অনিষ্ট থেকে এবং এর মাঝে যা আছে তার অনিষ্ট থেকে।”[1]",أللّـهُمَّ رَبَّ السَّـمواتِ السّـبْعِ وَما أَظْلَلَـن، وَرَبَّ الأَراضيـنَ السّـبْعِ وَما أقْلَلْـن، وَرَبَّ الشَّيـاطينِ وَما أَضْلَلْـن، وَرَبَّ الرِّياحِ وَما ذَرَيْـن، أَسْـأَلُـكَ خَيْـرَ هذهِ الْقَـرْيَةِ وَخَيْـرَ أَهْلِـها، وَخَيْـرَ ما فيها، وَأَعـوذُ بِكَ مِنْ شَـرِّها وَشَـرِّ أَهْلِـها، وَشَـرِّ ما فيها,«اللَّهُمَّ رَبَّ السَّمَوَاتِ السَّبْعِ وَمَا أَظْلَلْنَ، وَرَبَّ الأَرَضِينَ السَّبْعِ وَمَا أَقْلَلْنَ، وَرَبَّ الشَّياطِينِ وَمَا أَضْلَلْنَ، وَرَبَّ الرِّيَاحِ وَمَا ذَرَيْنَ، أَسْأَلُكَ خَيْرَ هَذِهِ الْقَرْيَةِ، وَخَيْرَ أَهْلِهَا، وَخَيْرَ مَا فِيهَا، وَأَعُوذُ بِكَ مِنْ شَرِّهَا، وَشَرِّ أَهْلِهَا، وَشَرِّ مَا فِيهَا».,"Al-Hakim who graded it authentic and Ath-Tfaahabi agreed 2/100, and Ibn As-Sunni (no. 524). Al-Hafidh graded it good in his checking of Al-'Athkdr 5/154. Ibn Baz said in Tuhfatul-'Akhydr p. 37, that An-Nasa'i recorded it with a good chain of narration.","[1] হাকেম, আর তিনি একে সহীহ বলেছেন এবং ইমাম যাহাবী সেটা সমর্থন করেছেন ২/১০০; ইবনুস সুন্নী, নং ৫২৪। তাছাড়া হাফেয ইবন হাজার তাঁর তাখরীজুল আযকার ৫/১৫৪, একে হাসান বলেছেন। আল্লামা ইবন বায রাহেমাহুল্লাহ বলেন, ‘হাদীসটি নাসাঈ হাসান সনদে বর্ণনা করেছেন।’ দেখুন, তুহফাতুল আখইয়ার, পৃ. ৩৭। ৯৮.বাজারে প্রবেশের দো‘আ ইমেইল করুন ভুল পেলে রিপোর্ট করুন",,,near_exact,0.9973,"[""Allāhumma Rabbas-samāwātis-sab`i wa mā aẓlaln, Wa Rabba ‘l-arāḍīnas-sab`i wa mā aqlaln, wa Rabbash-shayāṭīni wa mā aḍlaln, wa Rabbar-riyāḥi wa mā dharayn. As'aluka khayra hādhihi ‘l-qaryah, wa khayra ahlihā, wa khayra māfīhā, wa a`ūdhu bika min sharrihā, wa sharri ahlihā, wa sharri mā fīhā."", 'O Allah, Lord of the seven heavens and all they overshadow, Lord of the seven worlds and all they uphold, Lord of the devils and all they lead astray, Lord of the winds and all they scatter. I ask You for the goodness of this town, and for the goodness of its people, and for the goodness it contains. I seek refuge in You from its evil, from the evil of its people, and from the evil it contains.', ""Al-Hakim who graded it authentic and Ath-Tfaahabi agreed 2/100, and Ibn As-Sunni (no. 524). Al-Hafidh graded it good in his checking of Al-'Athkdr 5/154. Ibn Baz said in Tuhfatul-'Akhydr p. 37, that An-Nasa'i recorded it with a good chain of narration."", 'أللّـهُمَّ رَبَّ السَّـمواتِ السّـبْعِ وَما أَظْلَلَـن، وَرَبَّ الأَراضيـنَ السّـبْعِ وَما أقْلَلْـن، وَرَبَّ الشَّيـاطينِ وَما أَضْلَلْـن، وَرَبَّ الرِّياحِ وَما ذَرَيْـن، أَسْـأَلُـكَ خَيْـرَ هذهِ الْقَـرْيَةِ وَخَيْـرَ أَهْلِـها، وَخَيْـرَ ما فيها، وَأَعـوذُ بِكَ مِنْ شَـرِّها وَشَـرِّ أَهْلِـها، وَشَـرِّ ما فيها']","['«اللَّهُمَّ رَبَّ السَّمَوَاتِ السَّبْعِ وَمَا أَظْلَلْنَ، وَرَبَّ الأَرَضِينَ السَّبْعِ وَمَا أَقْلَلْنَ، وَرَبَّ الشَّياطِينِ وَمَا أَضْلَلْنَ، وَرَبَّ الرِّيَاحِ وَمَا ذَرَيْنَ، أَسْأَلُكَ خَيْرَ هَذِهِ الْقَرْيَةِ، وَخَيْرَ أَهْلِهَا، وَخَيْرَ مَا فِيهَا، وَأَعُوذُ بِكَ مِنْ شَرِّهَا، وَشَرِّ أَهْلِهَا، وَشَرِّ مَا فِيهَا».', '(আল্লা-হুম্মা রব্বাস্ সামা-ওয়া-তিস্ সাব‘ঈ ওয়ামা আযলালনা, ওয়ারব্বাল আরাদ্বীনাস সাব‘ঈ ওয়ামা আক্বলালনা, ওয়া রব্বাশ শাইয়া-তী-নি ওয়ামা আদ্বলালনা, ওয়া রব্বাররিয়া-হি ওয়ামা যারাইনা, আস’আলুকা খাইরা হা-যিহিল কারইয়াতি ওয়া খাইরা আহলিহা ওয়া খাইরা মা ফীহা। ওয়া আ‘ঊযু বিকা মিন শাররিহা ওয়া শাররি আহলিহা ওয়া শাররি মা ফীহা)।', '“হে আল্লাহ! সাত আসমান এবং তা যা কিছু ছায়া দিয়ে রেখেছে তার রব্ব! সাত যমীন এবং তা যা ধারণ করে রেখেছে তার রব্ব! শয়তানদের এবং ওদের দ্বারা পথভ্রষ্টদের রব্ব! বাতাসসমূহ এবং তা যা উড়িয়ে নেয় তার রব্ব! আমি আপনার নিকট চাই এ জনপদের কল্যাণ, এ জনপদবাসীর কল্যাণ এবং এর মাঝে যা আছে তার কল্যাণ। আর আমি আপনার নিকট আশ্রয় চাই এ জনপদের অনিষ্ট থেকে, তাতে বসবাসকারীদের অনিষ্ট থেকে এবং এর মাঝে যা আছে তার অনিষ্ট থেকে।”[1]', '[1] হাকেম, আর তিনি একে সহীহ বলেছেন এবং ইমাম যাহাবী সেটা সমর্থন করেছেন ২/১০০; ইবনুস সুন্নী, নং ৫২৪। তাছাড়া হাফেয ইবন হাজার তাঁর তাখরীজুল আযকার ৫/১৫৪, একে হাসান বলেছেন। আল্লামা ইবন বায রাহেমাহুল্লাহ বলেন, ‘হাদীসটি নাসাঈ হাসান সনদে বর্ণনা করেছেন।’ দেখুন, তুহফাতুল আখইয়ার, পৃ. ৩৭।', '৯৮.বাজারে প্রবেশের দো‘আ', 'ইমেইল করুন', 'ভুল পেলে রিপোর্ট করুন']"
209,98,Chapter: When entering the market,دعاء دخول السوق,97.0,গ্রাম বা শহরে প্রবেশের দো‘আ,"Lā ilāha illallāh waḥdahu lā sharīka lah, Lahu ‘l-mulku wa lahu ‘l-ḥamd, Yuḥyī wa yumīt, wa huwa ḥayyun lā yamūt, Biyadihi ‘l-khayr, wa huwa `alā kulli shay'in Qadīr.","None has the right to be worshipped but Allah alone, Who has no partner. His is the dominion and His is the praise. He brings life and He causes death, and He is living and does not die. In His Hand is all good, and He is Able to do all things.",লা ইলা-হা ইল্লাল্লা-হু ওয়াহ্‌দাহু লা শারীকালাহু লাহুল-মুলকু ওয়ালাহুল হামদু ইয়ুহঈ ওয়াইয়ুমীতু ওয়াহুয়া হায়্যুন লা ইয়ামূতু বিয়াদিহিল খাইরু ওয়া হুওয়া ‘আলা কুল্লি শাই’ইন ক্বাদীর,"“একমাত্র আল্লাহ ছাড়া কোনো হক্ব ইলাহ নেই, তাঁর কোনো শরিক নেই, রাজত্ব তাঁরই, প্রশংসা মাত্রই তাঁর। তিনিই জীবন দান করেন এবং তিনিই মারেন। আর তিনি চিরঞ্জীব, মারা যাবেন না। সকল প্রকার কল্যাণ তাঁর হাতে নিহিত। তিনি সব কিছুর উপর ক্ষমতাবান।”[1]",لا إلهَ إلاّ اللّه وحدَهُ لا شريكَ لهُ، لهُ المُلْـكُ ولهُ الحَمْـد، يُحْيـي وَيُميـتُ وَهُوَ حَيٌّ لا يَمـوت، بِيَـدِهِ الْخَـيْرُ وَهوَ على كلّ شيءٍ قدير,«لاَ إِلَهَ إِلاَّ اللَّهُ وَحْدَهُ لاَ شَرِيكَ لَهُ، لَهُ الْمُلْكُ، وَلَهُ الْحَمْدُ، يُحْيِي وَيُمِيتُ، وَهُوَ حَيٌّ لاِ يَمُوتُ، بِيَدِهِ الْخَيْرُ، وَهُوَ عَلَى كُلِّ شَيْءٍ قَدِيرٌ».,"At-Tirmidhi 5/291, and Al-Hakim 1/538. Al-Albani graded it good in Sahih Ibn Majah 2/21 and Sahih At-Tirmidhi 3/152.","[1] তিরমিযী, নং ৩৪২৮; ইবন মাজাহ, ৫/২৯১, নং ৩৮৬০; হাকেম ১/৫৩৮। আর শাইখ আলবানী হাদীসটিকে সহীহ ইবন মাজাহ্‌ ২/২১; সহীহুত তিরমিযী, ৩/১৫২ হাসান হাদীস বলেছেন।",,,exact_match,1.0,"[""Lā ilāha illallāh waḥdahu lā sharīka lah, Lahu ‘l-mulku wa lahu ‘l-ḥamd, Yuḥyī wa yumīt, wa huwa ḥayyun lā yamūt, Biyadihi ‘l-khayr, wa huwa `alā kulli shay'in Qadīr."", 'None has the right to be worshipped but Allah alone, Who has no partner. His is the dominion and His is the praise. He brings life and He causes death, and He is living and does not die. In His Hand is all good, and He is Able to do all things.', 'At-Tirmidhi 5/291, and Al-Hakim 1/538. Al-Albani graded it good in Sahih Ibn Majah 2/21 and Sahih At-Tirmidhi 3/152.', 'لا إلهَ إلاّ اللّه وحدَهُ لا شريكَ لهُ، لهُ المُلْـكُ ولهُ الحَمْـد، يُحْيـي وَيُميـتُ وَهُوَ حَيٌّ لا يَمـوت، بِيَـدِهِ الْخَـيْرُ وَهوَ على كلّ شيءٍ قدير']","['«لاَ إِلَهَ إِلاَّ اللَّهُ وَحْدَهُ لاَ شَرِيكَ لَهُ، لَهُ الْمُلْكُ، وَلَهُ الْحَمْدُ، يُحْيِي وَيُمِيتُ، وَهُوَ حَيٌّ لاِ يَمُوتُ، بِيَدِهِ الْخَيْرُ، وَهُوَ عَلَى كُلِّ شَيْءٍ قَدِيرٌ».', '(লা ইলা-হা ইল্লাল্লা-হু ওয়াহ্\u200cদাহু লা শারীকালাহু লাহুল-মুলকু ওয়ালাহুল হামদু ইয়ুহঈ ওয়াইয়ুমীতু ওয়াহুয়া হায়্যুন লা ইয়ামূতু বিয়াদিহিল খাইরু ওয়া হুওয়া ‘আলা কুল্লি শাই’ইন ক্বাদীর)।', '“একমাত্র আল্লাহ ছাড়া কোনো হক্ব ইলাহ নেই, তাঁর কোনো শরিক নেই, রাজত্ব তাঁরই, প্রশংসা মাত্রই তাঁর। তিনিই জীবন দান করেন এবং তিনিই মারেন। আর তিনি চিরঞ্জীব, মারা যাবেন না। সকল প্রকার কল্যাণ তাঁর হাতে নিহিত। তিনি সব কিছুর উপর ক্ষমতাবান।”[1]', '[1] তিরমিযী, নং ৩৪২৮; ইবন মাজাহ, ৫/২৯১, নং ৩৮৬০; হাকেম ১/৫৩৮। আর শাইখ আলবানী হাদীসটিকে সহীহ ইবন মাজাহ্\u200c ২/২১; সহীহুত তিরমিযী, ৩/১৫২ হাসান হাদীস বলেছেন।']"
210,99,Chapter: When the mounted animal (or mean of transport) stumbles,الدعاء إذا تعس المركوب,99.0,বাহন হোঁচট খেলে পড়ার দো‘আ,Bismillāh.,With the Name of Allah.,বিসমিল্লা-হ,“আল্লাহ্‌র নামে।”[1],بِسْـمِ اللهِ,«بِسْمِ اللَّهِ».,Abu Dawud 4/296. Al-Albani graded it authentic in Sahih Abu Dawud 3/941.,"[1] আবূ দাউদ, ৪/২৯৬, নং ৪৯৮২। আর শাইখ আলবানী একে সহীহ বলেছেন, সহীহ আবি দাউদে, ৩/৯৪১।",,,exact_match,1.0,"['Bismillāh.', 'With the Name of Allah.', 'Abu Dawud 4/296. Al-Albani graded it authentic in Sahih Abu Dawud 3/941.', 'بِسْـمِ اللهِ']","['«بِسْمِ اللَّهِ».', '(বিসমিল্লা-হ)', '“আল্লাহ্\u200cর নামে।”[1]', '[1] আবূ দাউদ, ৪/২৯৬, নং ৪৯৮২। আর শাইখ আলবানী একে সহীহ বলেছেন, সহীহ আবি দাউদে, ৩/৯৪১।']"
211,100,Chapter: Supplication of the traveller for the resident,دعاء المسافر للمقيم,100.0,মুক্বীম বা অবস্থানকারীদের জন্য মুসাফিরের দো‘আ,Astawdi`ukumu ‘llāha ‘l-ladhi lā taḍī`u wadā'i`uh.,"I place you in the trust of Allah, whose trust is never misplaced.",আস্তাউদি‘উ কুমুল্লা-হাল্লাযী লা তাদ্বী‘উ ওয়াদা-ই‘উহু,"“আমি তোমাদেরকে আল্লাহ্‌র হেফাযতে রেখে যাচ্ছি, যাঁর কাছে রাখা আমানতসমূহ কখনও বিনষ্ট হয় না।”[1]",أَسْتَـوْدِعُكُـمُ اللَّهَ الَّذي لا تَضـيعُ وَدائِعُـه,«أَسْتَوْدِعُكُمُ اللَّهَ الَّذِي لاَ تَضِيعُ وَدَائِعُهُ».,"Ahmad 2/403, Ibn Majah 2/943. See also Al-Albani, Sahih Ibn Majah 2/133.","[1] আহমাদ ২/৪০৩, নং ৯২৩০; ইবন মাজাহ্‌, ২/৯৪৩, নং ২৮২৫। আরও দেখুন, সহীহ ইবন মাজাহ্‌ ২/১৩৩।",,,exact_match,1.0,"[""Astawdi`ukumu ‘llāha ‘l-ladhi lā taḍī`u wadā'i`uh."", 'I place you in the trust of Allah, whose trust is never misplaced.', 'Ahmad 2/403, Ibn Majah 2/943. See also Al-Albani, Sahih Ibn Majah 2/133.', 'أَسْتَـوْدِعُكُـمُ اللَّهَ الَّذي لا تَضـيعُ وَدائِعُـه']","['«أَسْتَوْدِعُكُمُ اللَّهَ الَّذِي لاَ تَضِيعُ وَدَائِعُهُ».', '(আস্তাউদি‘উ কুমুল্লা-হাল্লাযী লা তাদ্বী‘উ ওয়াদা-ই‘উহু)।', '“আমি তোমাদেরকে আল্লাহ্\u200cর হেফাযতে রেখে যাচ্ছি, যাঁর কাছে রাখা আমানতসমূহ কখনও বিনষ্ট হয় না।”[1]', '[1] আহমাদ ২/৪০৩, নং ৯২৩০; ইবন মাজাহ্\u200c, ২/৯৪৩, নং ২৮২৫। আরও দেখুন, সহীহ ইবন মাজাহ্\u200c ২/১৩৩।']"
212,101,Chapter: Supplication of the resident for the traveller,دعاء المقيم للمسافر,101.0,মুসাফিরের জন্য মুক্বীম বা অবস্থানকারীর দো‘আ,"Astawdi`ullāha dīnak, wa amānatak, wa khawātīma `amalik.","I leave your religion in the care of Allah, as well as your safety, and the last of your deeds.",আস্তাউদি‘উল্লা-হা দ্বীনাকা ওয়া আমা-নাতাকা ওয়া খাওয়া-তীমা ‘আমালিকা,"“আমি আপনার দ্বীন, আপনার আমানত (পরিবার-পরিজন ও ধন-সম্পদ) এবং আপনার সর্বশেষ আমলকে আল্লাহ্‌র হেফাযতে রাখছি।”[1]",أَسْتَـوْدِعُ اللَّهَ ديـنَكَ وَأَمانَتَـكَ، وَخَـواتيـمَ عَمَـلِك,أَسْتَوْدِعُ اللَّهَ دِينَكَ، وَأَمَانَتَكَ، وَخَوَاتِيمَ عَمَلِكَ».,"Ahmad 2/7, At-Tirmidhi 5/499. See also Al-Albani, Sahih At-Tirmidhi 2/155.",,,,exact_match,1.0,"['Astawdi`ullāha dīnak, wa amānatak, wa khawātīma `amalik.', 'I leave your religion in the care of Allah, as well as your safety, and the last of your deeds.', 'Ahmad 2/7, At-Tirmidhi 5/499. See also Al-Albani, Sahih At-Tirmidhi 2/155.', 'أَسْتَـوْدِعُ اللَّهَ ديـنَكَ وَأَمانَتَـكَ، وَخَـواتيـمَ عَمَـلِك']","['أَسْتَوْدِعُ اللَّهَ دِينَكَ، وَأَمَانَتَكَ، وَخَوَاتِيمَ عَمَلِكَ».', '(আস্তাউদি‘উল্লা-হা দ্বীনাকা ওয়া আমা-নাতাকা ওয়া খাওয়া-তীমা ‘আমালিকা)।', '“আমি আপনার দ্বীন, আপনার আমানত (পরিবার-পরিজন ও ধন-সম্পদ) এবং আপনার সর্বশেষ আমলকে আল্লাহ্\u200cর হেফাযতে রাখছি।”[1]']"
213,101,Chapter: Supplication of the resident for the traveller,دعاء المقيم للمسافر,101.0,মুসাফিরের জন্য মুক্বীম বা অবস্থানকারীর দো‘আ,"Zawwadaka ‘llāhut-taqwā, wa ghafara dhanbak, wa yassara laka ‘l-khayra ḥaythu mā kunt.","May Allah give you piety as your provision, forgive your sins, and make goodness easy for you wherever you are.","যাওয়াদাকাল্লাহুত তাক্বওয়া, ওয়াগাফারা যানবাকা, ওয়া ইয়াসসারা লাকাল খাইরা হাইসু মা কুনতা","“আল্লাহ আপনাকে তাকওয়ার পাথেয় প্রদান করুন, আপনার গুনাহ ক্ষমা করুন, আর যেখানেই থাকুন না কেন আপনার জন্য কল্যাণকে সহজ করে দিন।”[2]",زَوَّدَكَ اللَّهُ التقْوى، وَغَفَـرَذَنْـبَكَ، وَيَسَّـرَ لَكَ الخَـيْرَ حَيْـثُما كُنْـت,«زَوَّدَكَ اللَّهُ التَّقْوَى، وَغَفَرَ ذَنْبَكَ، وَيَسَّرَ لَكَ الخَيْرَ حَيْثُ ما كُنْتَ».,"At-Tirmidhi. See Al-Albani, Sahih At-Tirmidhi, 3/155.","[2] তিরমিযী, নং ৩৪৪৪; আরও দেখুন, সহীহুত তিরমিযী, ৩/১৫৫।",,,near_exact,0.98,"['Zawwadaka ‘llāhut-taqwā, wa ghafara dhanbak, wa yassara laka ‘l-khayra ḥaythu mā kunt.', 'May Allah give you piety as your provision, forgive your sins, and make goodness easy for you wherever you are.', 'At-Tirmidhi. See Al-Albani, Sahih At-Tirmidhi, 3/155.', 'زَوَّدَكَ اللَّهُ التقْوى، وَغَفَـرَذَنْـبَكَ، وَيَسَّـرَ لَكَ الخَـيْرَ حَيْـثُما كُنْـت']","['«زَوَّدَكَ اللَّهُ التَّقْوَى، وَغَفَرَ ذَنْبَكَ، وَيَسَّرَ لَكَ الخَيْرَ حَيْثُ ما كُنْتَ».', '(যাওয়াদাকাল্লাহুত তাক্বওয়া, ওয়াগাফারা যানবাকা, ওয়া ইয়াসসারা লাকাল খাইরা হাইসু মা কুনতা)।', '“আল্লাহ আপনাকে তাকওয়ার পাথেয় প্রদান করুন, আপনার গুনাহ ক্ষমা করুন, আর যেখানেই থাকুন না কেন আপনার জন্য কল্যাণকে সহজ করে দিন।”[2]', '[1] আহমাদ ২/৭, ৪৫২৪, তিরমিযী ৫/৪৯৯, নং ৩৪৪৩। আর শাইখ আলবানী একে সহীহু সুনানিত তিরমিযীতে ৩/৪১৯ সহীহ হাদীস বলেছেন।', '[2] তিরমিযী, নং ৩৪৪৪; আরও দেখুন, সহীহুত তিরমিযী, ৩/১৫৫।']"
214,102,Chapter: Takbir and Tasbih during travel,التكبير والتسبيح في سير السفر,102.0,সফরে চলার সময় তাকবীর ও তাসবীহ,--,"Jabir (ra), said:",,"‘জাবের রাদিয়াল্লাহু ‘আনহু বলেন, “আমরা যখন উঁচুতে আরোহণ করতাম তখন ‘আল্লাহু আকবার’ বলতাম, আর যখন নীচের দিকে নামতাম তখন ‘সুবহানাল্লাহ’ বলতাম।”[1]",قَالَ جَابِرٌ رضي الله عنه: (كُنَّا إِذَا صَعَدْنَا كَبَّرْنَا، وَإِذَا نَزَلْنَا سَبَّحْنَا),,"Al-Bukhari, cf. Al-Asqalani, Fathul-Bari 6/135.","[1] বুখারী, (ফাতহুল বারীসহ) ৬/১৩৫, নং ২৯৯৩।",,,one_missing,,"['--', 'Jabir (ra), said:', 'Al-Bukhari, cf. Al-Asqalani, Fathul-Bari 6/135.', 'قَالَ جَابِرٌ رضي الله عنه: (كُنَّا إِذَا صَعَدْنَا كَبَّرْنَا، وَإِذَا نَزَلْنَا سَبَّحْنَا)']","['‘জাবের রাদিয়াল্লাহু ‘আনহু বলেন, “আমরা যখন উঁচুতে আরোহণ করতাম তখন ‘আল্লাহু আকবার’ বলতাম, আর যখন নীচের দিকে নামতাম তখন ‘সুবহানাল্লাহ’ বলতাম।”[1]', '[1] বুখারী, (ফাতহুল বারীসহ) ৬/১৩৫, নং ২৯৯৩।']"
215,103,Chapter: Prayer of the traveller as dawn approaches,دعاء المسافر إذا أسحر,103.0,রাত্রির শেষ প্রহরে মুসাফিরের দো‘আ,"Sami`a sāmi`un biḥamdillāhi wa ḥusni balā'ihi `alaynā. Rabbanā ṣāḥibnā, wa afḍil `alaynā, `ā'idhan billāhi minan-nār.","He Who listens has heard that we praise Allah for the good things He gives us. Our Lord, be with us and bestow Your favor upon us. I seek the protection of Allah from the Fire.","সাম্মা‘আ সা-মি‘উন বিহামদিল্লা-হ, ওয়া হুসনি বালা-ইহী ‘আলাইনা, রাব্বানা সা-হিবনা, ওয়া আফদিল ‘আলাইনা, ‘আ-ইযান বিল্লা-হি মিনান না-রী","“আমরা যে আল্লাহ্‌র প্রশংসা করলাম, আর আমাদের উপর তাঁর উত্তম নেয়ামতের ঘোষণা দিলাম, তা একজন শ্রোতা আমার এ কথা শুনে অন্যের কাছে পৌঁছে দিক। হে আমাদের রব! আপনি আমাদের সাথী হোন, আর আমাদের উপর অনুগ্রহ বর্ষণ করুন। আগুন থেকে আল্লাহ্‌র কাছে আশ্রয়প্রার্থী হয়ে (এ দো‘আ করছি)।”[1]",سَمِـعَ سـامِعٌ بِحَمْـدِ اللهِ وَحُسْـنِ بَلائِـهِ عَلَيْـنا. رَبَّنـا صـاحِبْـنا وَأَفْـضِل عَلَيْـنا عائِذاً باللهِ مِنَ النّـار,«سَمَّعَ سَامِعٌ بِحَمْدِ اللَّهِ، وَحُسْنِ بَلاَئِهِ عَلَيْنَا، رَبَّنَا صاحِبْنَا، وَأَفْضِلْ عَلَيْنَا، عَائِذاً بِاللَّهِ مِنَ النَّارِ».,"Muslim 4/2086, the meaning of sami`a sāmi`un (who listens has heard) is that 'a witness has witnessed our praise of Allah due to His blessings and favor upon us.' It could also be read samma`a sāmi`un, in which case it means 'one who has heard this statement of mine will convey it to another and he will say it as well.' This is due to the attention given to the Thikr (remembrance of Allah) and supplications made during the early morning hours. The meaning of his saying 'Our Lord, be with us and bestow Your favor upon us' is: 'Our Lord, protect us and guard us. Bless us with Your numerous bounties, and avert from us every evil.' See An-Nawawi, Sharh Sahih Muslim 17/39.","[1] মুসলিম, ৪/২০৮৬, নং ২৭১৮। আর হাদীসে ব্যবহৃত سَمِعَ سامِعٌ শব্দের অর্থ, ‘একজন সাক্ষ্যদাতা সাক্ষ্য প্রদান করুন যে, আমরা আল্লাহর প্রশংসা করেছি তার যাবতীয় নেয়ামতের উপর, তাঁর উত্তম দান-দয়ার উপর।’ আর যদি হাদীসে ব্যবহৃত শব্দটিকে سَمَّعَ سامِعٌ ধরা হয়, তখন অর্থ হবে, ‘একজন শ্রোতা আমার এ কথা শুনে তা অন্যের কাছে পৌঁছে দিক।’ আর এ-কথাটি তিনি বলেছেন শেষ রাত্রির দো‘আ ও যিকর সম্পর্কে সচেতন করার জন্য। শারহুন নাওয়াওয়ী ‘আলা সহীহ মুসলিম, ১৭/৩৯।",,,exact_match,1.0,"[""Sami`a sāmi`un biḥamdillāhi wa ḥusni balā'ihi `alaynā. Rabbanā ṣāḥibnā, wa afḍil `alaynā, `ā'idhan billāhi minan-nār."", 'He Who listens has heard that we praise Allah for the good things He gives us. Our Lord, be with us and bestow Your favor upon us. I seek the protection of Allah from the Fire.', ""Muslim 4/2086, the meaning of sami`a sāmi`un (who listens has heard) is that 'a witness has witnessed our praise of Allah due to His blessings and favor upon us.' It could also be read samma`a sāmi`un, in which case it means 'one who has heard this statement of mine will convey it to another and he will say it as well.' This is due to the attention given to the Thikr (remembrance of Allah) and supplications made during the early morning hours. The meaning of his saying 'Our Lord, be with us and bestow Your favor upon us' is: 'Our Lord, protect us and guard us. Bless us with Your numerous bounties, and avert from us every evil.' See An-Nawawi, Sharh Sahih Muslim 17/39."", 'سَمِـعَ سـامِعٌ بِحَمْـدِ اللهِ وَحُسْـنِ بَلائِـهِ عَلَيْـنا. رَبَّنـا صـاحِبْـنا وَأَفْـضِل عَلَيْـنا عائِذاً باللهِ مِنَ النّـار']","['«سَمَّعَ سَامِعٌ بِحَمْدِ اللَّهِ، وَحُسْنِ بَلاَئِهِ عَلَيْنَا، رَبَّنَا صاحِبْنَا، وَأَفْضِلْ عَلَيْنَا، عَائِذاً بِاللَّهِ مِنَ النَّارِ».', '(সাম্মা‘আ সা-মি‘উন বিহামদিল্লা-হ, ওয়া হুসনি বালা-ইহী ‘আলাইনা, রাব্বানা সা-হিবনা, ওয়া আফদিল ‘আলাইনা, ‘আ-ইযান বিল্লা-হি মিনান না-রী)', '“আমরা যে আল্লাহ্\u200cর প্রশংসা করলাম, আর আমাদের উপর তাঁর উত্তম নেয়ামতের ঘোষণা দিলাম, তা একজন শ্রোতা আমার এ কথা শুনে অন্যের কাছে পৌঁছে দিক। হে আমাদের রব! আপনি আমাদের সাথী হোন, আর আমাদের উপর অনুগ্রহ বর্ষণ করুন। আগুন থেকে আল্লাহ্\u200cর কাছে আশ্রয়প্রার্থী হয়ে (এ দো‘আ করছি)।”[1]', '[1] মুসলিম, ৪/২০৮৬, নং ২৭১৮। আর হাদীসে ব্যবহৃত سَمِعَ سامِعٌ শব্দের অর্থ, ‘একজন সাক্ষ্যদাতা সাক্ষ্য প্রদান করুন যে, আমরা আল্লাহর প্রশংসা করেছি তার যাবতীয় নেয়ামতের উপর, তাঁর উত্তম দান-দয়ার উপর।’ আর যদি হাদীসে ব্যবহৃত শব্দটিকে سَمَّعَ سامِعٌ ধরা হয়, তখন অর্থ হবে, ‘একজন শ্রোতা আমার এ কথা শুনে তা অন্যের কাছে পৌঁছে দিক।’ আর এ-কথাটি তিনি বলেছেন শেষ রাত্রির দো‘আ ও যিকর সম্পর্কে সচেতন করার জন্য। শারহুন নাওয়াওয়ী ‘আলা সহীহ মুসলিম, ১৭/৩৯।']"
216,104,Chapter: Stopping or lodging somewhere in travel and otherwise,الدعاء إذا نزل منزلا في سفر أو غيره,104.0,সফরে বা অন্য অবস্থায় কোনো ঘরে নামলে পড়ার দো‘আ,A`ūdhu bikalimāti ‘llāhit-tāmmāti min sharri mā khalaq.,I seek refuge in the Perfect Words of Allah from the evil of what He has created.,আ‘ঊযু বি কালিমা-তিল্লা-হিত তা-ম্মা-তি মিন শাররি মা খালাক্ব,“আল্লাহ্‌র পরিপূর্ণ কালেমাসমূহের ওসিলায় আমি তাঁর নিকট তাঁর সৃষ্টির ক্ষতি থেকে আশ্রয় চাই।”[1],أَعـوذُ بِكَلِـماتِ اللّهِ التّـامّاتِ مِنْ شَـرِّ ما خَلَـق,«أَعُوذُ بِكَلِمَاتِ اللَّهِ التَّامَّاتِ مِنْ شَرِّ مَا خَلَقَ».,Muslim 4/2080.,"[1] মুসলিম, ৪/২০৮০, নং ২৭০৯।",,,exact_match,1.0,"['A`ūdhu bikalimāti ‘llāhit-tāmmāti min sharri mā khalaq.', 'I seek refuge in the Perfect Words of Allah from the evil of what He has created.', 'Muslim 4/2080.', 'أَعـوذُ بِكَلِـماتِ اللّهِ التّـامّاتِ مِنْ شَـرِّ ما خَلَـق']","['«أَعُوذُ بِكَلِمَاتِ اللَّهِ التَّامَّاتِ مِنْ شَرِّ مَا خَلَقَ».', '(আ‘ঊযু বি কালিমা-তিল্লা-হিত তা-ম্মা-তি মিন শাররি মা খালাক্ব)', '“আল্লাহ্\u200cর পরিপূর্ণ কালেমাসমূহের ওসিলায় আমি তাঁর নিকট তাঁর সৃষ্টির ক্ষতি থেকে আশ্রয় চাই।”[1]', '[1] মুসলিম, ৪/২০৮০, নং ২৭০৯।']"
217,105,Chapter: While returning from travel,ذكر الرجوع من السفر,105.0,সফর থেকে ফেরার যিক্‌র,"From every elevated point say Allāhu Akbar (three times), and then recite:","From every elevated point say Allāhu Akbar (Allah is the Most Great) three times and then recite: None has the right to be worshipped but Allah alone, Who has no partner. His is the dominion and His is the praise, and He is Able to do all things. We return repentant to our Lord, worshipping our Lord, and praising our Lord. He fulfilled His Promise, He aided His slave, and He alone defeated the Confederates.","লা ইলা-হা ইল্লাল্লা-হু ওয়াহদাহু লা শারীকা লাহু, লাহুল মুলকু ওয়া লাহুল হামদু, ওয়াহুয়া ‘আলা কুল্লি শাই’ইন ক্বাদীর, আ-ইবূনা, তা-ইবূনা, ‘আ-বিদূনা, লি রাব্বিনা হা-মিদূন। সাদাক্বাল্লা-হু ওয়া‘দাহু, ওয়া নাসারা ‘আবদাহু ওয়া হাযামাল আহযাবা ওয়াহদাহু","প্রতিটি উঁচু স্থানে তিন বার তাকবীর দিবে, তারপর বলবে,",يُكَبِّرُ عَلَى كُلِّ شَرَفٍ ثَلاَثَ تَكْبِيرَاتٍ ثُمَّ يَقُولُ: لاَ إِلَهَ إِلاَّ اللَّهُ وَحْدَهُ لاَ شَرِيكَ لَهُ، لَهُ الْمُلْكُ، وَلَهُ الْحَمْدُ، وَهُوَ عَلَى كُلِّ شَيْءٍ قَدِيرٌ، آيِبُونَ، تَائِبُونَ، عَابِدُونَ، لِرَبِّنا حَامِدُونَ، صَدَقَ اللَّهُ وَعْدَهُ، وَنَصَرَ عَبْدَهُ، وَهَزَمَ الْأَحْزابَ وَحْدَهُ,« لاَ إِلَهَ إِلاَّ اللَّهُ وَحْدَهُ لاَ شَرِيكَ لَهُ، لَهُ الْمُلْكُ، وَلَهُ الْحَمْدُ، وَهُوَ عَلَى كُلِّ شَيْءٍ قَدِيرٌ، آيِبُونَ، تَائِبُونَ، عَابِدُونَ، لِرَبِّنا حَامِدُونَ، صَدَقَ اللَّهُ وَعْدَهُ، وَنَصَرَ عَبْدَهُ، وَهَزَمَ الْأَحْزابَ وَحْدَهُ».,"Bukhari 7/163, Muslim 2/980. The Prophet (ﷺ) used to say this when returning from a campaign or from Hajj.","[1] নবী সাল্লাল্লাহু আলাইহি ওয়াসাল্লাম যখন কোনো যুদ্ধ অথবা হজ্জ থেকে ফিরতেন, তখন এগুলো বলতেন। বুখারী, ৭/১৬৩, নং ১৭৯৭; মুসলিম, ২/৯৮০, নং ১৩৪৪।",,"“একমাত্র আল্লাহ ছাড়া কোনো হক্ব ইলাহ নেই, তাঁর কোনো শরীক নেই; রাজত্ব তাঁরই, সমস্ত প্রশংসাও তাঁর; আর তিনি সকল কিছুর উপর ক্ষমতাবান। আমরা প্রত্যাবর্তনকারী, তওবাকারী, ইবাদতকারী এবং আমাদের রব্বের প্রশংসাকারী। আল্লাহ তাঁর ওয়াদা বাস্তবায়ন করেছেন, তিনি তাঁর বান্দাকে সাহায্য করেছেন, আর তিনি সকল বিরোধী দল-গোষ্ঠীকে একাই পরাস্ত করেছেন।”[1]",mismatch,0.8869,"['From every elevated point say Allāhu Akbar (three times), and then recite:', 'From every elevated point say Allāhu Akbar (Allah is the Most Great) three times and then recite: None has the right to be worshipped but Allah alone, Who has no partner. His is the dominion and His is the praise, and He is Able to do all things. We return repentant to our Lord, worshipping our Lord, and praising our Lord. He fulfilled His Promise, He aided His slave, and He alone defeated the Confederates.', 'Bukhari 7/163, Muslim 2/980. The Prophet (ﷺ) used to say this when returning from a campaign or from Hajj.', 'يُكَبِّرُ عَلَى كُلِّ شَرَفٍ ثَلاَثَ تَكْبِيرَاتٍ ثُمَّ يَقُولُ: لاَ إِلَهَ إِلاَّ اللَّهُ وَحْدَهُ لاَ شَرِيكَ لَهُ، لَهُ الْمُلْكُ، وَلَهُ الْحَمْدُ، وَهُوَ عَلَى كُلِّ شَيْءٍ قَدِيرٌ، آيِبُونَ، تَائِبُونَ، عَابِدُونَ، لِرَبِّنا حَامِدُونَ، صَدَقَ اللَّهُ وَعْدَهُ، وَنَصَرَ عَبْدَهُ، وَهَزَمَ الْأَحْزابَ وَحْدَهُ']","['প্রতিটি উঁচু স্থানে তিন বার তাকবীর দিবে, তারপর বলবে,', '« لاَ إِلَهَ إِلاَّ اللَّهُ وَحْدَهُ لاَ شَرِيكَ لَهُ، لَهُ الْمُلْكُ، وَلَهُ الْحَمْدُ، وَهُوَ عَلَى كُلِّ شَيْءٍ قَدِيرٌ، آيِبُونَ، تَائِبُونَ، عَابِدُونَ، لِرَبِّنا حَامِدُونَ، صَدَقَ اللَّهُ وَعْدَهُ، وَنَصَرَ عَبْدَهُ، وَهَزَمَ الْأَحْزابَ وَحْدَهُ».', '(লা ইলা-হা ইল্লাল্লা-হু ওয়াহদাহু লা শারীকা লাহু, লাহুল মুলকু ওয়া লাহুল হামদু, ওয়াহুয়া ‘আলা কুল্লি শাই’ইন ক্বাদীর, আ-ইবূনা, তা-ইবূনা, ‘আ-বিদূনা, লি রাব্বিনা হা-মিদূন। সাদাক্বাল্লা-হু ওয়া‘দাহু, ওয়া নাসারা ‘আবদাহু ওয়া হাযামাল আহযাবা ওয়াহদাহু)', '“একমাত্র আল্লাহ ছাড়া কোনো হক্ব ইলাহ নেই, তাঁর কোনো শরীক নেই; রাজত্ব তাঁরই, সমস্ত প্রশংসাও তাঁর; আর তিনি সকল কিছুর উপর ক্ষমতাবান। আমরা প্রত্যাবর্তনকারী, তওবাকারী, ইবাদতকারী এবং আমাদের রব্বের প্রশংসাকারী। আল্লাহ তাঁর ওয়াদা বাস্তবায়ন করেছেন, তিনি তাঁর বান্দাকে সাহায্য করেছেন, আর তিনি সকল বিরোধী দল-গোষ্ঠীকে একাই পরাস্ত করেছেন।”[1]', '[1] নবী সাল্লাল্লাহু আলাইহি ওয়াসাল্লাম যখন কোনো যুদ্ধ অথবা হজ্জ থেকে ফিরতেন, তখন এগুলো বলতেন। বুখারী, ৭/১৬৩, নং ১৭৯৭; মুসলিম, ২/৯৮০, নং ১৩৪৪।']"
218,106,Chapter: What to say upon receiving pleasing or displeasing news,ما يقول من أتاه أمر يسره أو يكرهه,106.0,আনন্দদায়ক অথবা অপছন্দনীয় কিছুর সম্মুখীন হলে যা বলবে,"When something happened that pleased him, the Prophet (ﷺ) used to say:","When something happened that pleased him, the Prophet (ﷺ) used to say: Praise is to Allah Who by His blessings all good things are perfected. And if something happened that displeased him, he used to say: Praise is to Allah in all circumstances.",আলহামদু লিল্লা-হিল্লাযী বিনি‘মাতিহী তাতিম্মুস সা-লিহা-ত) (আলহামদুলিল্লা-হি ‘আলা কুল্লি হাল,"নবী সাল্লাল্লাহু আলাইহি ওয়াসাল্লামের কাছে যখন আনন্দায়ক কোনো বিষয় আসত তখন তিনি বলতেন,",كَانَ النَّبِيُّ صلى الله عليه وسلم إِذَا أَتَاهُ الْأَمْرُ يَسُرُّهُ قَالَ: (الْحَمْدُ لِلَّهِ الَّذِي بِنِعْمَتِهِ تَتِمُّ الصَّالِحَاتُ) وَإِذَا أَتَاهُ الْأَمْرُ يَكْرَهُهُ قَالَ: (الْحَمْدُ لِلَّهِ عَلَى كُلِّ حَالٍ),«الْحَمْدُ لِلَّهِ الَّذِي بِنِعْمَتِهِ تَتِمُّ الصَّالِحَاتُ» «الْحَمْدُ لِلَّهِ عَلَى كُلِّ حَالٍ».,"Ibn As-Sunni, 'Amalul-Yawm wal-Laylah, and Al-Hakim who graded it authentic 1/499. See also Al-Albani, Sahihul-Jami' As-Saghir 4/201.","[1] হাদীসটি সংকলন করেছেন, ইবনুস সুন্নী, আমালুল ইয়াওমি ওয়াল-লাইলাহ, নং ৩৭৭; হাকেম এবং তিনি একে সহীহ বলেছেন, ১/৪৯৯। আর শাইখ আলবানী তাঁর সহীহুল জামে‘ ৪/২০১।",,"“আল্লাহ্‌র জন্য সমস্ত প্রশংসা, যাঁর নেয়ামত দ্বারা সকল ভাল কিছু পরিপূর্ণ হয়।” আর যখন তার কাছে অপছন্দনীয় বিষয় আসত, তখন তিনি বলতেন, “সকল অবস্থায় যাবতীয় প্রশংসা আল্লাহ্‌র জন্য।”[1]",mismatch,0.582,"['When something happened that pleased him, the Prophet (ﷺ) used to say:', 'When something happened that pleased him, the Prophet (ﷺ) used to say: Praise is to Allah Who by His blessings all good things are perfected. And if something happened that displeased him, he used to say: Praise is to Allah in all circumstances.', ""Ibn As-Sunni, 'Amalul-Yawm wal-Laylah, and Al-Hakim who graded it authentic 1/499. See also Al-Albani, Sahihul-Jami' As-Saghir 4/201."", 'كَانَ النَّبِيُّ صلى الله عليه وسلم إِذَا أَتَاهُ الْأَمْرُ يَسُرُّهُ قَالَ: (الْحَمْدُ لِلَّهِ الَّذِي بِنِعْمَتِهِ تَتِمُّ الصَّالِحَاتُ) وَإِذَا أَتَاهُ الْأَمْرُ يَكْرَهُهُ قَالَ: (الْحَمْدُ لِلَّهِ عَلَى كُلِّ حَالٍ)']","['নবী সাল্লাল্লাহু আলাইহি ওয়াসাল্লামের কাছে যখন আনন্দায়ক কোনো বিষয় আসত তখন তিনি বলতেন,', '«الْحَمْدُ لِلَّهِ الَّذِي بِنِعْمَتِهِ تَتِمُّ الصَّالِحَاتُ»', '(আলহামদু লিল্লা-হিল্লাযী বিনি‘মাতিহী তাতিম্মুস সা-লিহা-ত)।', '“আল্লাহ্\u200cর জন্য সমস্ত প্রশংসা, যাঁর নেয়ামত দ্বারা সকল ভাল কিছু পরিপূর্ণ হয়।”', 'আর যখন তার কাছে অপছন্দনীয় বিষয় আসত, তখন তিনি বলতেন,', '«الْحَمْدُ لِلَّهِ عَلَى كُلِّ حَالٍ».', '(আলহামদুলিল্লা-হি ‘আলা কুল্লি হাল)', '“সকল অবস্থায় যাবতীয় প্রশংসা আল্লাহ্\u200cর জন্য।”[1]', '[1] হাদীসটি সংকলন করেছেন, ইবনুস সুন্নী, আমালুল ইয়াওমি ওয়াল-লাইলাহ, নং ৩৭৭; হাকেম এবং তিনি একে সহীহ বলেছেন, ১/৪৯৯। আর শাইখ আলবানী তাঁর সহীহুল জামে‘ ৪/২০১।']"
219,107,Chapter: Excellence of sending prayers upon the Prophet (saws),فضل الصلاة على النبي ﷺ,107.0,নবী সাল্লাল্লাহু আলাইহি ওয়াসাল্লাম-এর উপর দরূদ পাঠের ফযীলত,--,The Prophet (ﷺ) said:,,"নবী সাল্লাল্লাহু আলাইহি ওয়াসাল্লাম বলেন, “যে ব্যক্তি আমার উপর একবার দরূদ পাঠ করবে, তার বিনিময়ে আল্লাহ্ তার উপর দশবার দরুদ পাঠ করবেন।”[1]",قَالَ النَّبِيُّ صلى الله عليه وسلم: (مَنْ صَلَّى عَلَيَّ صَلاَةً صَلَّى اللَّهُ عَلَيْهِ بِهَا عَشْراً),,Muslim 1/288.,,,,one_missing,,"['--', 'The Prophet (ﷺ) said:', 'Muslim 1/288.', 'قَالَ النَّبِيُّ صلى الله عليه وسلم: (مَنْ صَلَّى عَلَيَّ صَلاَةً صَلَّى اللَّهُ عَلَيْهِ بِهَا عَشْراً)']","['নবী সাল্লাল্লাহু আলাইহি ওয়াসাল্লাম বলেন, “যে ব্যক্তি আমার উপর একবার দরূদ পাঠ করবে, তার বিনিময়ে আল্লাহ্ তার উপর দশবার দরুদ পাঠ করবেন।”[1]']"
220,107,Chapter: Excellence of sending prayers upon the Prophet (saws),فضل الصلاة على النبي ﷺ,107.0,নবী সাল্লাল্লাহু আলাইহি ওয়াসাল্লাম-এর উপর দরূদ পাঠের ফযীলত,--,The Prophet (ﷺ) said:,,"নবী সাল্লাল্লাহু আলাইহি ওয়াসাল্লাম আরও বলেন, “তোমরা আমার কবরকে ঈদ তথা সম্মিলনস্থলে পরিণত করবে না, আর তোমরা আমার উপর দরূদ পাঠ কর; কেননা তোমাদের দরূদ আমার কাছে পৌঁছে যায়, তোমরা যেখানেই থাক না কেন।”[2]",وَقَالَ صلى الله عليه وسلم: (لاَ تَجْعَلُوا قَبْرِي عِيداً وَصَلُّوا عَلَيَّ؛ فَإِنَّ صَلاَتَكُم تَبْلُغُنِي حَيْثُ كُنْتُمْ),,"Abu Dawud 2/218, Ahmad 2/367. Al-Albani graded it authentic in Sahih Abu Dawud 2/383.",,,,one_missing,,"['--', 'The Prophet (ﷺ) said:', 'Abu Dawud 2/218, Ahmad 2/367. Al-Albani graded it authentic in Sahih Abu Dawud 2/383.', 'وَقَالَ صلى الله عليه وسلم: (لاَ تَجْعَلُوا قَبْرِي عِيداً وَصَلُّوا عَلَيَّ؛ فَإِنَّ صَلاَتَكُم تَبْلُغُنِي حَيْثُ كُنْتُمْ)']","['নবী সাল্লাল্লাহু আলাইহি ওয়াসাল্লাম আরও বলেন, “তোমরা আমার কবরকে ঈদ তথা সম্মিলনস্থলে পরিণত করবে না, আর তোমরা আমার উপর দরূদ পাঠ কর; কেননা তোমাদের দরূদ আমার কাছে পৌঁছে যায়, তোমরা যেখানেই থাক না কেন।”[2]']"
221,107,Chapter: Excellence of sending prayers upon the Prophet (saws),فضل الصلاة على النبي ﷺ,107.0,নবী সাল্লাল্লাহু আলাইহি ওয়াসাল্লাম-এর উপর দরূদ পাঠের ফযীলত,--,The Prophet (ﷺ) said:,,"নবী সাল্লাল্লাহু আলাইহি ওয়াসাল্লাম আরও বলেন, “যার সামনে আমার নাম উল্লেখ করা হলো অতঃপর সে আমার উপর দরূদ পড়লো না, সে-ই কৃপণ।”[3]",وَقَالَ صلى الله عليه وسلم: (الْبَخِيلُ مَنْ ذُكِرْتُ عِنْدَهُ فَلَمْ يُصَلِّ عَلَيَّ),,"At-Tirmidhi 5/551 and others. See also Al-Albani, Sahih At-Tirmidhi 3/177 and Sahihul-Jarai' As-Saghir 3/25.",,,,one_missing,,"['--', 'The Prophet (ﷺ) said:', ""At-Tirmidhi 5/551 and others. See also Al-Albani, Sahih At-Tirmidhi 3/177 and Sahihul-Jarai' As-Saghir 3/25."", 'وَقَالَ صلى الله عليه وسلم: (الْبَخِيلُ مَنْ ذُكِرْتُ عِنْدَهُ فَلَمْ يُصَلِّ عَلَيَّ)']","['নবী সাল্লাল্লাহু আলাইহি ওয়াসাল্লাম আরও বলেন, “যার সামনে আমার নাম উল্লেখ করা হলো অতঃপর সে আমার উপর দরূদ পড়লো না, সে-ই কৃপণ।”[3]']"
222,107,Chapter: Excellence of sending prayers upon the Prophet (saws),فضل الصلاة على النبي ﷺ,107.0,নবী সাল্লাল্লাহু আলাইহি ওয়াসাল্লাম-এর উপর দরূদ পাঠের ফযীলত,--,The Prophet (ﷺ) said:,,"রাসূলুল্লাহ সাল্লাল্লাহু আলাইহি ওয়াসাল্লাম আরও বলেন, “পৃথিবীতে আল্লাহর একদল ভ্রাম্যমাণ ফেরেশতা রয়েছে যারা উম্মতের পক্ষ থেকে প্রেরিত সালাম আমার কাছে পৌঁছিয়ে দেয়।”[4]",وَقَالَ صلى الله عليه وسلم:(إِنَّ لِلَّهِ مَلاَئِكَةً سَيَّاحِينَ فِي الْأَرْضِ يُبَلِّغُونِي مِنْ أُمَّتِي السَّلاَمَ),,"An-Nasa'i, Al-Hakim 2/421. Al-Albani graded it authentic in Sahih An-Nasa'i 1/274.",,,,one_missing,,"['--', 'The Prophet (ﷺ) said:', ""An-Nasa'i, Al-Hakim 2/421. Al-Albani graded it authentic in Sahih An-Nasa'i 1/274."", 'وَقَالَ صلى الله عليه وسلم:(إِنَّ لِلَّهِ مَلاَئِكَةً سَيَّاحِينَ فِي الْأَرْضِ يُبَلِّغُونِي مِنْ أُمَّتِي السَّلاَمَ)']","['রাসূলুল্লাহ সাল্লাল্লাহু আলাইহি ওয়াসাল্লাম আরও বলেন, “পৃথিবীতে আল্লাহর একদল ভ্রাম্যমাণ ফেরেশতা রয়েছে যারা উম্মতের পক্ষ থেকে প্রেরিত সালাম আমার কাছে পৌঁছিয়ে দেয়।”[4]']"
223,107,Chapter: Excellence of sending prayers upon the Prophet (saws),فضل الصلاة على النبي ﷺ,107.0,নবী সাল্লাল্লাহু আলাইহি ওয়াসাল্লাম-এর উপর দরূদ পাঠের ফযীলত,--,The Prophet (ﷺ) said:,,"রাসুলুল্লাহ্ সাল্লাল্লাহু আলাইহি ওয়াসাল্লাম আরও বলেন, “যখন কোনো ব্যক্তি আমাকে সালাম দেয়, তখন আল্লাহ আমার রূহ ফিরিয়ে দেন, যাতে আমি সালামের জবাব দিতে পারি।”[5]",وَقَالَ صلى الله عليه وسلم: (مَا مِنْ أَحَدٍ يُسَلِّمُ عَلَيَّ إِلاَّ رَدَّ اللَّهُ عَلَيَّ رُوحِيَ حَتَّى أَرُدَّ عَلَيْهِ السَّلاَمَ),,Abu Dawud (no. 2041). Al-Albani graded it good in Sahih Abu Dawud 1/383.,"[5] আবূ দাউদ, নং ২০৪১। আর শাইখ আলবানী সহীহ আবি দাউদে ১/৩৮৩, একে হাসান হাদীস বলেছেন।",,,one_missing,,"['--', 'The Prophet (ﷺ) said:', 'Abu Dawud (no. 2041). Al-Albani graded it good in Sahih Abu Dawud 1/383.', 'وَقَالَ صلى الله عليه وسلم: (مَا مِنْ أَحَدٍ يُسَلِّمُ عَلَيَّ إِلاَّ رَدَّ اللَّهُ عَلَيَّ رُوحِيَ حَتَّى أَرُدَّ عَلَيْهِ السَّلاَمَ)']","['রাসুলুল্লাহ্ সাল্লাল্লাহু আলাইহি ওয়াসাল্লাম আরও বলেন, “যখন কোনো ব্যক্তি আমাকে সালাম দেয়, তখন আল্লাহ আমার রূহ ফিরিয়ে দেন, যাতে আমি সালামের জবাব দিতে পারি।”[5]', '[1] হাদীসটি সংকলন করেছেন, মুসলিম ১/২৮৮, নং ৩৮৪।', '[2] আবূ দাউদ ২/২১৮, নং ২০৪৪; আহমাদ ২/৩৬৭, নং ৮৮০৪। আর শাইখ আলবানী একে সহীহ আবি দাঊদে ২/৩৮৩, সহীহ বলেছেন।', '[3] তিরমিযী, ৫/৫৫১, নং ৩৫৪৬, ইত্যাদি। আরও দেখুন, সহীহুল জামে‘ ৩/২৫; সহীহুত তিরমিযী, ৩/১৭৭।', '[4] নাসাঈ, ৩/৪৩, নং ১২৮২; হাকেম, ২/৪২১। আর শাইখ আলবানী একে সহীহুন নাসাঈ ১/২৭৪, সহীহ বলেছেন।', '[5] আবূ দাউদ, নং ২০৪১। আর শাইখ আলবানী সহীহ আবি দাউদে ১/৩৮৩, একে হাসান হাদীস বলেছেন।']"
224,108,Chapter: Excellence of spreading the Islamic greeting,إفشاء السلام,108.0,সালামের প্রসার,--,The Prophet (ﷺ) said:,১,"রাসূলুল্লাহ সাল্লাল্লাহু আলাইহি ওয়াসাল্লাম বলেন, “তোমরা ঈমানদার না হওয়া পর্যন্ত জান্নাতে প্রবেশ করতে পারবে না। আর তোমরা পরস্পরকে না ভালোবাসা পর্যন্ত মুমিন হতে পারবে না। আমি কি তোমাদের এমন কিছু শিখিয়ে দিবো না যা করলে তোমরা পরস্পরকে ভালবাসবে? (তা হলো) তোমরা নিজেদের মধ্যে সালামের ব্যাপক প্রসার ঘটাও।”[1]",قَالَ رَسُولُ اللَّهِ صلى الله عليه وسلم: (لاَ تَدْخُلُوا الْجَنَّةَ حَتَّى تُؤْمِنُوا، وَلاَ تُؤْمِنُوا حَتَّى تَحَابُّوا، أَوَلاَ أَدُلُّكُم عَلَى شَيْءٍ إِذَا فَعَلْتُمُوهُ تَحَابَبْتُم، أَفْشُوا السَّلاَمَ بَيْنَكُمْ),,Muslim 1/74 and others.,,,,one_missing,,"['--', 'The Prophet (ﷺ) said:', 'Muslim 1/74 and others.', 'قَالَ رَسُولُ اللَّهِ صلى الله عليه وسلم: (لاَ تَدْخُلُوا الْجَنَّةَ حَتَّى تُؤْمِنُوا، وَلاَ تُؤْمِنُوا حَتَّى تَحَابُّوا، أَوَلاَ أَدُلُّكُم عَلَى شَيْءٍ إِذَا فَعَلْتُمُوهُ تَحَابَبْتُم، أَفْشُوا السَّلاَمَ بَيْنَكُمْ)']","['(১)', 'রাসূলুল্লাহ সাল্লাল্লাহু আলাইহি ওয়াসাল্লাম বলেন, “তোমরা ঈমানদার না হওয়া পর্যন্ত জান্নাতে প্রবেশ করতে পারবে না। আর তোমরা পরস্পরকে না ভালোবাসা পর্যন্ত মুমিন হতে পারবে না। আমি কি তোমাদের এমন কিছু শিখিয়ে দিবো না যা করলে তোমরা পরস্পরকে ভালবাসবে? (তা হলো) তোমরা নিজেদের মধ্যে সালামের ব্যাপক প্রসার ঘটাও।”[1]']"
225,108,Chapter: Excellence of spreading the Islamic greeting,إفشاء السلام,108.0,সালামের প্রসার,,"Three characteristics, whoever combines them, has completed his faith:",২,"“তিনটি জিনিস যে ব্যক্তি একত্রিত করতে পারবে সে ঈমান একত্রিত করল, (১) নিজের ব্যাপারেও ইনসাফ করা, (২) জগতের সকলকে সালাম দেওয়া, আর (৩) অল্প সম্পদ থাকা সত্ত্বেও তা থেকে ব্যয় করা।”[2]",ثَلاَثٌ مَنْ جَمَعَهُنَّ فَقَدْ جَمَعَ الْإِيمَانَ: الْإِنْصَافُ مِنْ نَفْسِكَ، وَبَذْلُ السَّلاَمِ لِلْعَالَمِ، وَالْإِنْفَاقُ مِنَ الإِقْتَارِ,,"Al-Bukhari, cf. Al-Asqalani, Fathul-Bari 1/82 as a statement of the Companion 'Ammar (RA).",,,,one_missing,,"['Three characteristics, whoever combines them, has completed his faith:', ""Al-Bukhari, cf. Al-Asqalani, Fathul-Bari 1/82 as a statement of the Companion 'Ammar (RA)."", 'ثَلاَثٌ مَنْ جَمَعَهُنَّ فَقَدْ جَمَعَ الْإِيمَانَ: الْإِنْصَافُ مِنْ نَفْسِكَ، وَبَذْلُ السَّلاَمِ لِلْعَالَمِ، وَالْإِنْفَاقُ مِنَ الإِقْتَارِ']","['(২)', '“তিনটি জিনিস যে ব্যক্তি একত্রিত করতে পারবে সে ঈমান একত্রিত করল, (১) নিজের ব্যাপারেও ইনসাফ করা, (২) জগতের সকলকে সালাম দেওয়া, আর (৩) অল্প সম্পদ থাকা সত্ত্বেও তা থেকে ব্যয় করা।”[2]']"
226,108,Chapter: Excellence of spreading the Islamic greeting,إفشاء السلام,108.0,সালামের প্রসার,--,`Abdullah bin `Umar (RA) said:,৩,"‘আবদুল্লাহ ইবন ‘আমর রাদিয়াল্লাহু ‘আনহুমা থেকে বর্ণিত, এক ব্যক্তি নবী সাল্লাল্লাহু আলাইহি ওয়াসাল্লামকে জিজ্ঞেস করলো, ইসলামের কোন কাজটি শ্রেষ্ঠ? নবী সাল্লাল্লাহু আলাইহি ওয়াসাল্লাম বললেন, “তুমি খাবার খাওয়াবে এবং তোমার পরিচিত-অপরিচিত সকলকে সালাম দিবে।”[3]",وَعَنْ عَبْدِ اللَّهِ بْنِ عُمَرَ رَضِيَ اللَّهُ عَنْهُمَا: أنَّ رَجُلاً سَأَلَ النَّبِيَّ صلى الله عليه وسلم أيُّ الْإِسْلاَمِ خَيْرٌ قَالَ: (تُطْعِمُ الطَّعَامَ، وَتَقْرأُ السَّلاَمَ عَلَى مَنْ عَرَفْتَ وَمَنْ لَمْ تَعْرِفْ),,"Al-Bukhari, cf. Al-Asqalani, Fathul-Bari 1/55, Muslim 1/65.","[3] বুখারী, (ফাতহুল বারীসহ) ১/৫৫, নং ১২; মুসলিম ১/৬৫, নং ৩৯।",,,one_missing,,"['--', '`Abdullah bin `Umar (RA) said:', 'Al-Bukhari, cf. Al-Asqalani, Fathul-Bari 1/55, Muslim 1/65.', 'وَعَنْ عَبْدِ اللَّهِ بْنِ عُمَرَ رَضِيَ اللَّهُ عَنْهُمَا: أنَّ رَجُلاً سَأَلَ النَّبِيَّ صلى الله عليه وسلم أيُّ الْإِسْلاَمِ خَيْرٌ قَالَ: (تُطْعِمُ الطَّعَامَ، وَتَقْرأُ السَّلاَمَ عَلَى مَنْ عَرَفْتَ وَمَنْ لَمْ تَعْرِفْ)']","['(৩)', '‘আবদুল্লাহ ইবন ‘আমর রাদিয়াল্লাহু ‘আনহুমা থেকে বর্ণিত, এক ব্যক্তি নবী সাল্লাল্লাহু আলাইহি ওয়াসাল্লামকে জিজ্ঞেস করলো, ইসলামের কোন কাজটি শ্রেষ্ঠ? নবী সাল্লাল্লাহু আলাইহি ওয়াসাল্লাম বললেন, “তুমি খাবার খাওয়াবে এবং তোমার পরিচিত-অপরিচিত সকলকে সালাম দিবে।”[3]', '[1] মুসলিম ১/৭৪, নং ৫৪; আহমাদ, নং ১৪৩০; আর শব্দ তাঁরই। মুসলিমের শব্দ হচ্ছে, “লা তাদখুলূনা...” ‘তোমরা প্রবেশ করবে না...’।', '[2] বুখারী, (ফাতহুল বারীসহ) ১/৮২, নং ২৮; আম্মার রাদিয়াল্লাহু আনহু থেকে মাওকূফ ও মু‘আল্লাক হিসেবে।', '[3] বুখারী, (ফাতহুল বারীসহ) ১/৫৫, নং ১২; মুসলিম ১/৬৫, নং ৩৯।']"
227,109,Chapter: Returning a greeting to a disbeliever,كيف يرد السلام على الكافر إذا سلم,109.0,কাফের সালাম দিলে কীভাবে জবাব দিবে,"If one of the People of the Scripture (i.e. Christians and Jews) greets you, saying As-Salāmu `alaykum, then say (to him):","If one of the People of the Scripture (i.e. Christians and Jews) greets you saying As-Salaamu `alaykum, then say (to him): And upon you .",ওয়া ‘আলাইকুম।,"“আহলে কিতাব তথা ইয়াহূদী ও নাসারারা যখন তোমাদেরকে সালাম দিবে, তখন তোমরা বলবে,",إذَا سَلَّمَ عَلَيْكُمْ أَهْلُ الْكِتَابِ فَقُولُوا: وَعَلَيْكُمْ,«وَعَلَيْكُمْ»,"Al-Bukhari, cf. Al-Asqalani, Fathul-Bari 11/42, Muslim 4/1705.","[1] বুখারী, (ফাতহুল বারীসহ) ১১/৪২, নং ৬২৫৮; মুসলিম ৪/১৭০৫, নং ২১৬৩।",,“আর তোমাদেরও উপর।”[1],mismatch,0.2727,"['If one of the People of the Scripture (i.e. Christians and Jews) greets you, saying As-Salāmu `alaykum, then say (to him):', 'If one of the People of the Scripture (i.e. Christians and Jews) greets you saying As-Salaamu `alaykum, then say (to him): And upon you .', 'Al-Bukhari, cf. Al-Asqalani, Fathul-Bari 11/42, Muslim 4/1705.', 'إذَا سَلَّمَ عَلَيْكُمْ أَهْلُ الْكِتَابِ فَقُولُوا: وَعَلَيْكُمْ']","['“আহলে কিতাব তথা ইয়াহূদী ও নাসারারা যখন তোমাদেরকে সালাম দিবে, তখন তোমরা বলবে,', '«وَعَلَيْكُمْ»', '(ওয়া ‘আলাইকুম।)', '“আর তোমাদেরও উপর।”[1]', '[1] বুখারী, (ফাতহুল বারীসহ) ১১/৪২, নং ৬২৫৮; মুসলিম ৪/১৭০৫, নং ২১৬৩।']"
228,110,Chapter: Upon hearing a rooster crow or the braying of a donkey,دعاء عند سماع صياح الديك ونهيق الحمار,110.0,মোরগের ডাক ও গাধার স্বর শুনলে পড়ার দো‘আ,--,"When you hear the cock's crow, ask Allah for His favor upon you for surely it has seen an angel. When you hear the bray of a donkey, seek refuge in Allah from Satan, for surely it has seen a devil.",,"“যখন তোমরা মোরগের ডাক শুনবে, তখন তোমরা আল্লাহ্‌র অনুগ্রহ চাইবে, কেননা সে একটি ফেরেশতা দেখেছে। আর যখন তোমরা কোনো গাধার স্বর শুনবে, তখন শয়তান থেকে আল্লাহ্‌র কাছে আশ্রয় চাইবে; কেননা সে শয়তান দেখেছে।”[1]",إِذَا سَمِعْتُمْ صِيَاحَ الدِّيَكَةِ فَاسْأَلُوا اللَّهَ مِنْ فَضْلِهِ؛ فَإِنَّهَا رَأَتْ مَلَكاً وَإِذَا سَمِعْتُمْ نَهِيقَ الْحِمَارِ فَتَعَوَّذُوا بِاللَّهِ مِنَ الشَّيطَانِ؛ فَإِنَّهُ رَأَى شَيْطَاناً,,"Al-Bukhari, cf. Al-Asqalani, Fathul-Bari 6/350, Muslim 4/2092.","[1] বুখারী (ফাতহুল বারীসহ), ৬/৩৫০, নং ৩৩০৩; মুসলিম, ৪/২০৯২, নং ২৭২৯।",,,one_missing,,"['--', ""When you hear the cock's crow, ask Allah for His favor upon you for surely it has seen an angel. When you hear the bray of a donkey, seek refuge in Allah from Satan, for surely it has seen a devil."", 'Al-Bukhari, cf. Al-Asqalani, Fathul-Bari 6/350, Muslim 4/2092.', 'إِذَا سَمِعْتُمْ صِيَاحَ الدِّيَكَةِ فَاسْأَلُوا اللَّهَ مِنْ فَضْلِهِ؛ فَإِنَّهَا رَأَتْ مَلَكاً وَإِذَا سَمِعْتُمْ نَهِيقَ الْحِمَارِ فَتَعَوَّذُوا بِاللَّهِ مِنَ الشَّيطَانِ؛ فَإِنَّهُ رَأَى شَيْطَاناً']","['“যখন তোমরা মোরগের ডাক শুনবে, তখন তোমরা আল্লাহ্\u200cর অনুগ্রহ চাইবে, কেননা সে একটি ফেরেশতা দেখেছে। আর যখন তোমরা কোনো গাধার স্বর শুনবে, তখন শয়তান থেকে আল্লাহ্\u200cর কাছে আশ্রয় চাইবে; কেননা সে শয়তান দেখেছে।”[1]', '[1] বুখারী (ফাতহুল বারীসহ), ৬/৩৫০, নং ৩৩০৩; মুসলিম, ৪/২০৯২, নং ২৭২৯।']"
229,111,Chapter: Upon hearing the barking of dogs at night,دعاء عند سماع نباح الكلاب بالليل,111.0,রাতের বেলায় কুকুরের ডাক শুনলে দো‘আ,,"When you hear a dog barking or a donkey braying in the night, then seek refuge in Allah from them, for surely they have seen what you see not.",,"“যখন তোমরা রাত্রিবেলা কুকুরের ডাক ও গাধার স্বর শুনবে, তখন তোমরা সেগুলো থেকে আল্লাহ্‌র কাছে আশ্রয় চাও; কেননা সেগুলো তা দেখে তোমরা যা দেখতে পাও না।”[1]",إِذَا سَمِعْتُمْ نُبَاحَ الْكِلاَبِ وَنَهِيقَ الْحَمِيرِ بِاللَّيْلِ فَتَعَوَّذُوا بِاللَّهِ مِنْهُنَّ؛ فَإِنَّهُنَّ يَرَيْنَ مَا لاَ تَرَوْنَ,,"Abu Dawud 4/327, Ahmad 3/306. Al-Albani graded it authentic in Sahih Abu Dawud 3/961.","[1] আবূ দাঊদ ৪/৩২৭, নং ৫১০৫; আহমাদ ৩/৩০৬, নং ১৪২৮৩। আর শাইখ আলবানী একে সহীহ আবি দাউদে ৩/৯৬১, সহীহ বলেছেন।",,,one_missing,,"['When you hear a dog barking or a donkey braying in the night, then seek refuge in Allah from them, for surely they have seen what you see not.', 'Abu Dawud 4/327, Ahmad 3/306. Al-Albani graded it authentic in Sahih Abu Dawud 3/961.', 'إِذَا سَمِعْتُمْ نُبَاحَ الْكِلاَبِ وَنَهِيقَ الْحَمِيرِ بِاللَّيْلِ فَتَعَوَّذُوا بِاللَّهِ مِنْهُنَّ؛ فَإِنَّهُنَّ يَرَيْنَ مَا لاَ تَرَوْنَ']","['“যখন তোমরা রাত্রিবেলা কুকুরের ডাক ও গাধার স্বর শুনবে, তখন তোমরা সেগুলো থেকে আল্লাহ্\u200cর কাছে আশ্রয় চাও; কেননা সেগুলো তা দেখে তোমরা যা দেখতে পাও না।”[1]', '[1] আবূ দাঊদ ৪/৩২৭, নং ৫১০৫; আহমাদ ৩/৩০৬, নং ১৪২৮৩। আর শাইখ আলবানী একে সহীহ আবি দাউদে ৩/৯৬১, সহীহ বলেছেন।']"
230,112,Chapter: For one you have insulted,الدعاء لمن سببته,112.0,যাকে আপনি গালি দিয়েছেন তার জন্য দো‘আ,Allāhumma fa'ayyumā mu'minin sababtuhu faj`al dhālika lahu qurbatan ilayka yawma ‘l-qiyāmah.,"O Allah, whomever of the believers I have abused, give him the reward of a sacrificial slaughter for it on the Day of Resurrection.",আল্লা-হুম্মা ফাআইয়্যূমা মু’মিনিন্ সাবাবতুহু ফাজ্‘আল যা-লিকা লাহু কুরবাতান ইলাইকা ইয়াউমাল ক্বিয়া-মাতি,"রাসূলুল্লাহ্‌ সাল্লাল্লাহু আলাইহি ওয়াসাল্লাম বলেন,","قال صلى الله عليه وسلم: ""اللَّهُم فأيما مؤمن سببته فاجعل ذلك له قربة إليك يوم القيامة""",«اللَّهُمَّ فَأَيُّمَا مُؤْمِنٍ سَبَبْتُهُ فَاجْعَلْ ذَلِكَ لَهُ قُرْبَةً إِلَيْكَ يَوْمَ الْقِيَامَةِ».,"Al-Bukhari, cf. Al-Asqalani, Fathul-Bari 11/171, Muslim 4/2007. The wording in Muslim's report is: 'make it a purification for him and a source of mercy.","[1] বুখারী (ফাতহুল বারীসহ) ১১/১৭১, নং ৬৩৬১; মুসলিম ৪/২০০৭, নং ৩৯৬, আর তার শব্দ হচ্ছে, “ফাজ‘আলহা লাহূ যাকাতান ও রাহমাতান”। অর্থাৎ ‘সেটা তার জন্য পবিত্রতা ও রহমত বানিয়ে দিন’।",,"“হে আল্লাহ! যে মুমিনকেই আমি গালি দিয়েছি, তা তার জন্য কিয়ামতের দিন আপনার নৈকট্যের মাধ্যম করে দিন।”[1]",mismatch,0.8321,"[""Allāhumma fa'ayyumā mu'minin sababtuhu faj`al dhālika lahu qurbatan ilayka yawma ‘l-qiyāmah."", 'O Allah, whomever of the believers I have abused, give him the reward of a sacrificial slaughter for it on the Day of Resurrection.', ""Al-Bukhari, cf. Al-Asqalani, Fathul-Bari 11/171, Muslim 4/2007. The wording in Muslim's report is: 'make it a purification for him and a source of mercy."", 'قال صلى الله عليه وسلم: ""اللَّهُم فأيما مؤمن سببته فاجعل ذلك له قربة إليك يوم القيامة""']","['রাসূলুল্লাহ্\u200c সাল্লাল্লাহু আলাইহি ওয়াসাল্লাম বলেন,', '«اللَّهُمَّ فَأَيُّمَا مُؤْمِنٍ سَبَبْتُهُ فَاجْعَلْ ذَلِكَ لَهُ قُرْبَةً إِلَيْكَ يَوْمَ الْقِيَامَةِ».', '(আল্লা-হুম্মা ফাআইয়্যূমা মু’মিনিন্ সাবাবতুহু ফাজ্‘আল যা-লিকা লাহু কুরবাতান ইলাইকা ইয়াউমাল ক্বিয়া-মাতি)।', '“হে আল্লাহ! যে মুমিনকেই আমি গালি দিয়েছি, তা তার জন্য কিয়ামতের দিন আপনার নৈকট্যের মাধ্যম করে দিন।”[1]', '[1] বুখারী (ফাতহুল বারীসহ) ১১/১৭১, নং ৬৩৬১; মুসলিম ৪/২০০৭, নং ৩৯৬, আর তার শব্দ হচ্ছে, “ফাজ‘আলহা লাহূ যাকাতান ও রাহমাতান”। অর্থাৎ ‘সেটা তার জন্য পবিত্রতা ও রহমত বানিয়ে দিন’।']"
231,113,Chapter: The etiquette of praising a fellow Muslim,ما يقول المسلم إذا مدح المسلم,113.0,কোনো মুসলিম অপর মুসলিমকে প্রশংসা করলে যা বলবে,If any of you praises his companion then let him say:,"If any of you praises his companion then let him say: I consider (such and such a person), and Allah is his Assessor, (meaning: and I cannot claim anyone to be pious before Allah) if you know of this (good character trait in the person) to be such and such (saying what he thinks is praiseworthy in that person).",,"রাসূলুল্লাহ সাল্লাল্লাহু আলাইহি ওয়াসাল্লাম বলেন, “যখন তোমাদের মধ্যে কেউ কারো প্রশংসা করতেই হয়, তখন যেন সে বলে,","قال صلى الله عليه وسلم: ""إِذَا كَانَ أَحَدُكُم مَادِحاً صَاحِبَهُ لاَ مَحَالَةَ فَلْيَقُلْ: أَحْسِبُ فُلاَناً وَاللَّهُ حَسِيبُهُ، وَلاَ أُزَكِّي عَلَى اللَّهِ أَحَداً، أَحْسِبُهُ – إِنْ كَانَ يَعْلَمُ ذَاكَ – كَذَا وَكَذَا""",« أَحْسِبُ فُلاَناً وَاللَّهُ حَسِيبُهُ، وَلاَ أُزَكِّي عَلَى اللَّهِ أَحَداً، أَحْسِبُهُ – إِنْ كَانَ يَعْلَمُ ذَاكَ – كَذَا وَكَذَا».,Muslim 4/2296.,"[1] মুসলিম, ৪/২২৯৬, নং ৩০০০।",,"“অমুক প্রসঙ্গে আমি এ ধারণা রাখি, আর আল্লাহই তার ব্যাপারে সঠিক হিসাবকারী, আল্লাহ্‌র উপর (তাঁর জ্ঞানের উপরে উঠে) কারও প্রশংসা করছি না। আমি মনে করি, সে এ ধরনের, ও ধরনের -যদি তার সম্পর্কে তা জানা থাকে-।”[1]",mismatch,0.7143,"['If any of you praises his companion then let him say:', 'If any of you praises his companion then let him say: I consider (such and such a person), and Allah is his Assessor, (meaning: and I cannot claim anyone to be pious before Allah) if you know of this (good character trait in the person) to be such and such (saying what he thinks is praiseworthy in that person).', 'Muslim 4/2296.', 'قال صلى الله عليه وسلم: ""إِذَا كَانَ أَحَدُكُم مَادِحاً صَاحِبَهُ لاَ مَحَالَةَ فَلْيَقُلْ: أَحْسِبُ فُلاَناً وَاللَّهُ حَسِيبُهُ، وَلاَ أُزَكِّي عَلَى اللَّهِ أَحَداً، أَحْسِبُهُ – إِنْ كَانَ يَعْلَمُ ذَاكَ – كَذَا وَكَذَا""']","['রাসূলুল্লাহ সাল্লাল্লাহু আলাইহি ওয়াসাল্লাম বলেন, “যখন তোমাদের মধ্যে কেউ কারো প্রশংসা করতেই হয়, তখন যেন সে বলে,', '« أَحْسِبُ فُلاَناً وَاللَّهُ حَسِيبُهُ، وَلاَ أُزَكِّي عَلَى اللَّهِ أَحَداً، أَحْسِبُهُ – إِنْ كَانَ يَعْلَمُ ذَاكَ – كَذَا وَكَذَا».', '“অমুক প্রসঙ্গে আমি এ ধারণা রাখি, আর আল্লাহই তার ব্যাপারে সঠিক হিসাবকারী, আল্লাহ্\u200cর উপর (তাঁর জ্ঞানের উপরে উঠে) কারও প্রশংসা করছি না। আমি মনে করি, সে এ ধরনের, ও ধরনের -যদি তার সম্পর্কে তা জানা থাকে-।”[1]', '[1] মুসলিম, ৪/২২৯৬, নং ৩০০০।']"
232,114,Chapter: For the one that have been praised,ما يقول المسلم إذا زكي,114.0,কোনো মুসলিমের প্রশংসা করা হলে সে যা বলবে,"Allāhumma lā tu'ākhidhnī bimā yaqūlūn, waghfir lī mā lā ya`lamūn [waj`alnī khayran mimmā yaẓunnūn].","O Allah, do not call me to account for what they say and forgive me for what they have no knowledge of [and make me better than they imagine].","আল্লা-হুম্মা লা-তু’আ-খিযনী বিমা ইয়াক্বূলূনা, ওয়াগফিরলী মা-লা ইয়া‘লামূনা, [ওয়াজ‘আলনী খাইরাম মিম্মা ইয়াযুন্নূনা]","“হে আল্লাহ, তারা যা বলছে তার জন্য আমাকে পাকড়াও করবেন না, তারা (আমার ব্যাপারে) যা জানে না সে ব্যাপারে আমাকে ক্ষমা করুন, [আর তারা যা ধারণা করে তার চাইতেও আমাকে উত্তম বানান]।”[1]",,«اللَّهُمَّ لاَ تُؤَاخِذْنِي بِمَا يَقُولُونَ، وَاغْفِرْ لِي مَا لاَ يَعْلَمُونَ، [وَاجْعَلْنِي خَيْراً مِمَّا يَظُّنُّونَ]».,"Al-Bukhari, Al-'Adabul-Mufrad no. 761. See Al-Albani, Sahih Al-'Adabul-Mufrad (no. 585). The portion between brackets if from Al-Bayhaqi, Shu'ab Al-Iman 4/228, and comes another account.","[1] বুখারী, আল-আদাবুল মুফরাদ, নং ৭৬১। আর শাইখ আলবানী তাঁর সহীহুল আদাবিল মুফরাদ গ্রন্থে নং ৫৮৫, সেটার সনদকে সহীহ বলেছেন। আর দু’ ব্রাকেটের মাঝখানের অংশ বাইহাকীর শু‘আবুল ঈমান গ্রন্থ থেকে নেওয়া হয়েছে, ৪/২২৮, যা অন্য পদ্ধতিতে এসেছে।",,,one_missing,,"[""Allāhumma lā tu'ākhidhnī bimā yaqūlūn, waghfir lī mā lā ya`lamūn [waj`alnī khayran mimmā yaẓunnūn]."", 'O Allah, do not call me to account for what they say and forgive me for what they have no knowledge of [and make me better than they imagine].', ""Al-Bukhari, Al-'Adabul-Mufrad no. 761. See Al-Albani, Sahih Al-'Adabul-Mufrad (no. 585). The portion between brackets if from Al-Bayhaqi, Shu'ab Al-Iman 4/228, and comes another account.""]","['«اللَّهُمَّ لاَ تُؤَاخِذْنِي بِمَا يَقُولُونَ، وَاغْفِرْ لِي مَا لاَ يَعْلَمُونَ، [وَاجْعَلْنِي خَيْراً مِمَّا يَظُّنُّونَ]».', '(আল্লা-হুম্মা লা-তু’আ-খিযনী বিমা ইয়াক্বূলূনা, ওয়াগফিরলী মা-লা ইয়া‘লামূনা, [ওয়াজ‘আলনী খাইরাম মিম্মা ইয়াযুন্নূনা])', '“হে আল্লাহ, তারা যা বলছে তার জন্য আমাকে পাকড়াও করবেন না, তারা (আমার ব্যাপারে) যা জানে না সে ব্যাপারে আমাকে ক্ষমা করুন, [আর তারা যা ধারণা করে তার চাইতেও আমাকে উত্তম বানান]।”[1]', '[1] বুখারী, আল-আদাবুল মুফরাদ, নং ৭৬১। আর শাইখ আলবানী তাঁর সহীহুল আদাবিল মুফরাদ গ্রন্থে নং ৫৮৫, সেটার সনদকে সহীহ বলেছেন। আর দু’ ব্রাকেটের মাঝখানের অংশ বাইহাকীর শু‘আবুল ঈমান গ্রন্থ থেকে নেওয়া হয়েছে, ৪/২২৮, যা অন্য পদ্ধতিতে এসেছে।']"
233,115,Chapter: The Talbiya for the one doing Hajj or 'Umrah,كيف يلبي المحرم في الحج أو العمرة,115.0,হজ্জ বা উমরায় মুহরিম ব্যক্তি কিভাবে তালবিয়াহ পড়বে,"Labbayk-Allāhumma labbayk, labbayka lā sharīka laka labbayk, inna ‘l-ḥamda, wanni`mata, laka wa ‘l-mulk, lā sharīka lak.","I am here at Your service, O Allah, I am here at Your service. I am here at Your service, You have no partner, I am here at Your service. Surely the praise, and blessings are Yours, and the dominion. You have no partner.","লাব্বাইকাল্লা-হুম্মা লাব্বাইকা, লাব্বাইকা লা শারীকা লাকা লাব্বাইক। ইন্নাল-হামদা ওয়ান-নি‘মাতা লাকা ওয়াল মুলক, লা শারীকা লাকা","“আমি আপনার দরবারে হাযির, হে আল্লাহ! আমি আপনার দরবারে উপস্থিত। আমি আপনার দরবারে হাযির, আপনার কোনো শরীক নেই, আমি আপনার দরবারে উপস্থিত। নিশ্চয় সকল প্রশংসা ও নেয়ামত আপনার, আর রাজত্বও। আপনার কোনো শরীক নেই।”[1]",لَبَّيْكَ اللَّهُمَّ لَبَّيْكَ، لَبَّيْكَ لاَ شَرِيكَ لَكَ لَبَّيْكَ، إِنَّ الْحَمْدَ والنِّعْمَة لَكَ والمُلْكُ، لَا شَرِيكَ لَكَ,«لَبَّيْكَ اللَّهُمَّ لَبَّيْكَ، لَبَّيْكَ لاَ شَرِيكَ لَكَ لَبَّيْكَ، إِنَّ الْحَمْدَ، وَالنِّعْمَةَ، لَكَ وَالْمُلْكَ، لاَ شَرِيكَ لَكَ».,"Al-Bukhari, cf. Al-Asqalani, Fathul-Bari 3/408, Muslim 2/841.","[1] বুখারী ৩/৪০৮, নং ১৫৪৯; মুসলিম ২/৮৪১, নং ১১৮৪।",,,exact_match,1.0,"['Labbayk-Allāhumma labbayk, labbayka lā sharīka laka labbayk, inna ‘l-ḥamda, wanni`mata, laka wa ‘l-mulk, lā sharīka lak.', 'I am here at Your service, O Allah, I am here at Your service. I am here at Your service, You have no partner, I am here at Your service. Surely the praise, and blessings are Yours, and the dominion. You have no partner.', 'Al-Bukhari, cf. Al-Asqalani, Fathul-Bari 3/408, Muslim 2/841.', 'لَبَّيْكَ اللَّهُمَّ لَبَّيْكَ، لَبَّيْكَ لاَ شَرِيكَ لَكَ لَبَّيْكَ، إِنَّ الْحَمْدَ والنِّعْمَة لَكَ والمُلْكُ، لَا شَرِيكَ لَكَ']","['«لَبَّيْكَ اللَّهُمَّ لَبَّيْكَ، لَبَّيْكَ لاَ شَرِيكَ لَكَ لَبَّيْكَ، إِنَّ الْحَمْدَ، وَالنِّعْمَةَ، لَكَ وَالْمُلْكَ، لاَ شَرِيكَ لَكَ».', '(লাব্বাইকাল্লা-হুম্মা লাব্বাইকা, লাব্বাইকা লা শারীকা লাকা লাব্বাইক। ইন্নাল-হামদা ওয়ান-নি‘মাতা লাকা ওয়াল মুলক, লা শারীকা লাকা)।', '“আমি আপনার দরবারে হাযির, হে আল্লাহ! আমি আপনার দরবারে উপস্থিত। আমি আপনার দরবারে হাযির, আপনার কোনো শরীক নেই, আমি আপনার দরবারে উপস্থিত। নিশ্চয় সকল প্রশংসা ও নেয়ামত আপনার, আর রাজত্বও। আপনার কোনো শরীক নেই।”[1]', '[1] বুখারী ৩/৪০৮, নং ১৫৪৯; মুসলিম ২/৮৪১, নং ১১৮৪।']"
234,116,Chapter: The Takbîr passing the black stone,التكبير إذا أتي الركن الأسود,116.0,হাজরে আসওয়াদের কাছে আসলে তাকবীর বলা,--,"The Prophet (ﷺ) performed Tawaf riding a camel. Every time he passed the corner (containing the Black Stone), he would point to it with something that he was holding and say:",,"রাসূলুল্লাহ্‌ সাল্লাল্লাহু আলাইহি ওয়াসাল্লাম উটের উপর আরোহণ করে কা‘বা ঘর তাওয়াফ করলেন; যখনই তিনি হাজরে আসওয়াদের কাছে পৌছতেন, তখনই সেদিকে তার নিকটস্থ কিছু দিয়ে ইঙ্গিত করতেন এবং ‘আল্লাহু আকবার’ বলতেন’[1]।",طَافَ النَّبيُّ صلى الله عليه وسلم بِالْبَيْتِ عَلَى بَعِيرٍ كُلَّمَا أَتَى الرُّكْنَ أَشَارَ إِلَيْهِ بِشَيْءٍ عِنْدَهُ وَكَبَّرَ,,"Al-Bukhari, cf. Al-Asqalani, Fathul-Bari 3/476. See also 472. The 'something' that was referred to in this Hadith was a cane.","[1] বুখারী, (ফাতহুল বারীসহ) ৩/৪৭৬, নং ১৬১৩। আর ‘কোনো কিছু’ বলে এখানে বাঁকা লাঠি বোঝানো হয়েছে। দেখুন, বুখারী, (ফাতহুল বারীসহ), ৩/৪৭২।",,,one_missing,,"['--', 'The Prophet (ﷺ) performed Tawaf riding a camel. Every time he passed the corner (containing the Black Stone), he would point to it with something that he was holding and say:', ""Al-Bukhari, cf. Al-Asqalani, Fathul-Bari 3/476. See also 472. The 'something' that was referred to in this Hadith was a cane."", 'طَافَ النَّبيُّ صلى الله عليه وسلم بِالْبَيْتِ عَلَى بَعِيرٍ كُلَّمَا أَتَى الرُّكْنَ أَشَارَ إِلَيْهِ بِشَيْءٍ عِنْدَهُ وَكَبَّرَ']","['রাসূলুল্লাহ্\u200c সাল্লাল্লাহু আলাইহি ওয়াসাল্লাম উটের উপর আরোহণ করে কা‘বা ঘর তাওয়াফ করলেন; যখনই তিনি হাজরে আসওয়াদের কাছে পৌছতেন, তখনই সেদিকে তার নিকটস্থ কিছু দিয়ে ইঙ্গিত করতেন এবং ‘আল্লাহু আকবার’ বলতেন’[1]।', '[1] বুখারী, (ফাতহুল বারীসহ) ৩/৪৭৬, নং ১৬১৩। আর ‘কোনো কিছু’ বলে এখানে বাঁকা লাঠি বোঝানো হয়েছে। দেখুন, বুখারী, (ফাতহুল বারীসহ), ৩/৪৭২।']"
235,117,Chapter: Between the Yemeni corner and the black stone,الدعاء بين الركن اليماني والحجر الأسود,117.0,রুকনে ইয়ামানী ও হাজরে আসওয়াদের মাঝে দো‘আ,Rabbanā ātinā fid-dunyā ḥasanah wa fi ‘l-ākhirati ḥasanah wa qinā `adhāban-nār.,"Our Lord, grant us the good things in this world, and the good things in the next life, and save us from the punishment of the Fire.",রব্বানা আ-তিনা ফিদ্দুনিয়া হাসানাতাওঁ ওয়াফিল আ-খিরাতি হাসানাতাওঁ ওয়াকিনা ‘আযা-বান্না-র,“হে আমাদের রব্ব! আমাদেরকে দুনিয়াতে কল্যাণ দিন এবং আখেরাতেও কল্যাণ দিন এবং আমাদেরকে আগুনের শাস্তি থেকে রক্ষা করুন।”[1],﴿رَبَّنَا آتِنَا في الدُّنْيَا حسَنَةً وفي الآخِرَةِ حسَنةً وقِنَا عذَابَ النَّارِ﴾,«﴿ رَبَّنَآ اٰتِنَا فِي الدُّنْيَا حَسَنَةً وَّفِي الْاٰخِرَةِ حَسَـنَةً وَّقِنَا عَذَابَ النَّارِ ٢٠١؁ ﴾».,"Abu Dawud 2/179, Ahmad 3/411, Al-Baghawi, Sharhus-Sunnah 7/128. Al-Albani graded it good in Sahih Abu Dawud 1/354. The Ayat is from Surat Al-Baqarah, 2:201.","[1] আবূ দাউদ ২/১৭৯, নং ১৮৯৪; মুসনাদে আহমাদ ৩/৪১১, নং ১৫৩৯৮; আল-বাগভী ফী শারহিস সুন্নাহ, ৭/১২৮। আর শাইখ আলবানী সহীহ আবি দাউদে ১/৩৫৪ একে সহীহ বলেছেন। আয়াতটি সূরা আল-বাকারাহ্‌র আয়াত নং ২০১।",,,close_match,0.9431,"['Rabbanā ātinā fid-dunyā ḥasanah wa fi ‘l-ākhirati ḥasanah wa qinā `adhāban-nār.', 'Our Lord, grant us the good things in this world, and the good things in the next life, and save us from the punishment of the Fire.', 'Abu Dawud 2/179, Ahmad 3/411, Al-Baghawi, Sharhus-Sunnah 7/128. Al-Albani graded it good in Sahih Abu Dawud 1/354. The Ayat is from Surat Al-Baqarah, 2:201.', '﴿رَبَّنَا آتِنَا في الدُّنْيَا حسَنَةً وفي الآخِرَةِ حسَنةً وقِنَا عذَابَ النَّارِ﴾']","['«﴿ رَبَّنَآ اٰتِنَا فِي الدُّنْيَا حَسَنَةً وَّفِي الْاٰخِرَةِ حَسَـنَةً وَّقِنَا عَذَابَ النَّارِ ٢٠١\u0601 ﴾».', '(রব্বানা আ-তিনা ফিদ্দুনিয়া হাসানাতাওঁ ওয়াফিল আ-খিরাতি হাসানাতাওঁ ওয়াকিনা ‘আযা-বান্না-র)।', '“হে আমাদের রব্ব! আমাদেরকে দুনিয়াতে কল্যাণ দিন এবং আখেরাতেও কল্যাণ দিন এবং আমাদেরকে আগুনের শাস্তি থেকে রক্ষা করুন।”[1]', '[1] আবূ দাউদ ২/১৭৯, নং ১৮৯৪; মুসনাদে আহমাদ ৩/৪১১, নং ১৫৩৯৮; আল-বাগভী ফী শারহিস সুন্নাহ, ৭/১২৮। আর শাইখ আলবানী সহীহ আবি দাউদে ১/৩৫৪ একে সহীহ বলেছেন। আয়াতটি সূরা আল-বাকারাহ্\u200cর আয়াত নং ২০১।']"
236,118,Chapter: When at Mount Safa and Mount Marwah,دعاء الوقوف على الصفا والمروة,118.0,সাফা ও মারওয়ায় দাঁড়িয়ে যা পড়বে,"Whenever the Prophet (ﷺ) approached Mount Safa, he would recite:","Whenever the Prophet (ﷺ) approached Mount Safa, he would recite: Surely Safa and Marwah are among the signs of Allah. I begin by that which Allah began. He began (his Sa'y) at Mount Safa climbing it until he could see the House. He then faced the Qiblah repeating the words: There is none worthy of worship but Allah, and Allah is the Most Great. Then he said: None has the right to be worshipped but Allah alone, Who has no partner, His is the dominion and His is the praise, and He is Able to do all things. None has the right to be worshipped but Allah alone, He fulfilled His Promise, He aided His slave, and He alone defeated Confederates. Then he would ask Allah for what he liked, repeating the same thing like this three times. He did at Mount Marwah as he did at Mount Safa.","ইন্নাস্‌সাফা ওয়াল-মারওয়াতা মিন শা‘আ-ইরিল্লা-হ) (লা ইলা-হা ইল্লাল্লা-হু ওয়াহ্‌দাহু লা শারীকা লাহু, লাহুল মুলকু ওয়া লাহুল হামদু, ওয়া হুয়া ‘আলা কুল্লি শাই’ইন ক্বাদীর। লা ইলাহা ইল্লাল্লা-হু ওয়াহদাহু, আনজাযা ওয়া‘দাহু, ওয়ানাসারা ‘আবদাহু, ওয়া হাযামাল-আহযা-বা ওয়াহদাহু","যখন নবী সাল্লাল্লাহু আলাইহি ওয়াসাল্লাম সাফা পর্বতের নিকটবর্তী হলেন, তখন এই আয়াত পড়লেনঃ","(لَمَّا دَنَا النَّبِيُّ صلى الله عليه وسلم مِنَ الصَّفَا قَرَأَ: ﴿إِنَّ الصَّفَا وَالْمَرْوَةَ مِنْ شَعَآئِرِ اللَّهِ﴾ ""أَبْدَأُ بِمَا بَدَأَ اللَّهُ بِهِ"" فَبَدَأَ بِالصَّفَا فَرَقِيَ عَلَيْهِ حَتَّى رَأَى الْبَيْتَ، فَاسْتَقْبَلَ الْقِبْلَةَ، فَوَحَّدَ اللَّهَ وَكبَّرَهُ وَقَالَ: لاَ إِلَهَ إِلاَّ اللَّهُ وَحْدَهُ لاَ شَرِيكَ لَهُ، لَهُ الْمُلْكُ وَلَهُ الْحَمْدُ وَهُوَ عَلَى كُلِّ شَيْءٍ قَدِيرٌ، لاَ إِلَهَ إِلاَّ اللَّهُ وَحْدَهُ، أَنْجَزَ وَعْدَهُ، وَنَصَرَ عَبْدَهُ، وَهَزَمَ الْأَحْزَابَ وَحْدَهُ، ثُمَّ دَعَا بَيْنَ ذلكَ. قَالَ مِثْلَ هَذَا ثَلاَثَ مَرَّاتٍ) الْحَدِيثُ. وَفِيهِ: (فَفَعَلَ عَلَى الْمَرْوَةِ كَمَا فَعَلَ عَلَى الصَّفَا)",«﴿إِنَّ الصَّفَا وَالْمَرْوَةَ مِنْ شَعَآئِرِ اللَّهِ﴾» «لاَ إِلَهَ إِلاَّ اللَّهُ وَحْدَهُ لاَ شَرِيكَ لَهُ، لَهُ الْمُلْكُ وَلَهُ الْحَمْدُ وَهُوَ عَلَى كُلِّ شَيْءٍ قَدِيرٌ، لاَ إِلَهَ إِلاَّ اللَّهُ وَحْدَهُ، أَنْجَزَ وَعْدَهُ، وَنَصَرَ عَبْدَهُ، وَهَزَمَ الْأَحْزَابَ وَحْدَهُ».,Muslim 2/888.,"[1] মুসলিম ২/৮৮৮, নং ১২১৮; আর আয়াতটি সূরা আল-বাকারার আয়াত নং ১৫৮।",,"“নিশ্চয়ই সাফা ও মারওয়া আল্লাহ্‌র নিদর্শনসমূহের অন্তর্ভুক্ত।” আর বলেন, “আল্লাহ্‌ যেখান থেকে শুরু করেছেন আমিও সেখান থেকে শুরু করব।” অতঃপর তিনি সাফা পর্বতে আরোহণ করতে লাগলেন যতক্ষণ না কা‘বা দেখলেন, অতঃপর কিবলামুখী হলেন, তারপর আল্লাহ্‌র তাওহীদ (লা ইলাহা ইল্লাল্লাহ) ঘোষণা করেন এবং তাকবীর (আল্লাহু আকবার) বলেন, অতঃপর এই দো‘আ পড়েন, “একমাত্র আল্লাহ ছাড়া কোনো হক্ব ইলাহ নেই, তাঁর কোনো শরীক নেই; রাজত্ব তাঁরই, সমস্ত প্রশংসাও তাঁর; আর তিনি সকল কিছুর উপর ক্ষমতাবান। একমাত্র আল্লাহ ছাড়া কোনো হক্ব ইলাহ নেই, তিনি তাঁর ওয়াদা পূর্ণ করেছেন, তিনি তাঁর বান্দাকে সাহায্য করেছেন, আর তিনি সকল বিরোধী দল-গোষ্ঠীকে একাই পরাস্ত করেছেন।” এভাবে তিনি এর মধ্যবর্তী স্থানেও দো‘আ করতে থাকেন। এই দো‘আ তিনবার পাঠ করেন। হাদীসটিতে আরও আছে, “তিনি সাফা পাহাড়ে যেমন করেছিলেন মারওয়াতেও অনুরূপ করেন।”[1]",mismatch,0.5934,"['Whenever the Prophet (ﷺ) approached Mount Safa, he would recite:', ""Whenever the Prophet (ﷺ) approached Mount Safa, he would recite: Surely Safa and Marwah are among the signs of Allah. I begin by that which Allah began. He began (his Sa'y) at Mount Safa climbing it until he could see the House. He then faced the Qiblah repeating the words: There is none worthy of worship but Allah, and Allah is the Most Great. Then he said: None has the right to be worshipped but Allah alone, Who has no partner, His is the dominion and His is the praise, and He is Able to do all things. None has the right to be worshipped but Allah alone, He fulfilled His Promise, He aided His slave, and He alone defeated Confederates. Then he would ask Allah for what he liked, repeating the same thing like this three times. He did at Mount Marwah as he did at Mount Safa."", 'Muslim 2/888.', '(لَمَّا دَنَا النَّبِيُّ صلى الله عليه وسلم مِنَ الصَّفَا قَرَأَ: ﴿إِنَّ الصَّفَا وَالْمَرْوَةَ مِنْ شَعَآئِرِ اللَّهِ﴾ ""أَبْدَأُ بِمَا بَدَأَ اللَّهُ بِهِ"" فَبَدَأَ بِالصَّفَا فَرَقِيَ عَلَيْهِ حَتَّى رَأَى الْبَيْتَ، فَاسْتَقْبَلَ الْقِبْلَةَ، فَوَحَّدَ اللَّهَ وَكبَّرَهُ وَقَالَ: لاَ إِلَهَ إِلاَّ اللَّهُ وَحْدَهُ لاَ شَرِيكَ لَهُ، لَهُ الْمُلْكُ وَلَهُ الْحَمْدُ وَهُوَ عَلَى كُلِّ شَيْءٍ قَدِيرٌ، لاَ إِلَهَ إِلاَّ اللَّهُ وَحْدَهُ، أَنْجَزَ وَعْدَهُ، وَنَصَرَ عَبْدَهُ، وَهَزَمَ الْأَحْزَابَ وَحْدَهُ، ثُمَّ دَعَا بَيْنَ ذلكَ. قَالَ مِثْلَ هَذَا ثَلاَثَ مَرَّاتٍ) الْحَدِيثُ. وَفِيهِ: (فَفَعَلَ عَلَى الْمَرْوَةِ كَمَا فَعَلَ عَلَى الصَّفَا)']","['যখন নবী সাল্লাল্লাহু আলাইহি ওয়াসাল্লাম সাফা পর্বতের নিকটবর্তী হলেন, তখন এই আয়াত পড়লেনঃ', '«﴿إِنَّ الصَّفَا وَالْمَرْوَةَ مِنْ شَعَآئِرِ اللَّهِ﴾»', '(ইন্নাস্\u200cসাফা ওয়াল-মারওয়াতা মিন শা‘আ-ইরিল্লা-হ)।', '“নিশ্চয়ই সাফা ও মারওয়া আল্লাহ্\u200cর নিদর্শনসমূহের অন্তর্ভুক্ত।”', 'আর বলেন, “আল্লাহ্\u200c যেখান থেকে শুরু করেছেন আমিও সেখান থেকে শুরু করব।” অতঃপর তিনি সাফা পর্বতে আরোহণ করতে লাগলেন যতক্ষণ না কা‘বা দেখলেন, অতঃপর কিবলামুখী হলেন, তারপর আল্লাহ্\u200cর তাওহীদ (লা ইলাহা ইল্লাল্লাহ) ঘোষণা করেন এবং তাকবীর (আল্লাহু আকবার) বলেন, অতঃপর এই দো‘আ পড়েন,', '«لاَ إِلَهَ إِلاَّ اللَّهُ وَحْدَهُ لاَ شَرِيكَ لَهُ، لَهُ الْمُلْكُ وَلَهُ الْحَمْدُ وَهُوَ عَلَى كُلِّ شَيْءٍ قَدِيرٌ، لاَ إِلَهَ إِلاَّ اللَّهُ وَحْدَهُ، أَنْجَزَ وَعْدَهُ، وَنَصَرَ عَبْدَهُ، وَهَزَمَ الْأَحْزَابَ وَحْدَهُ».', '(লা ইলা-হা ইল্লাল্লা-হু ওয়াহ্\u200cদাহু লা শারীকা লাহু, লাহুল মুলকু ওয়া লাহুল হামদু, ওয়া হুয়া ‘আলা কুল্লি শাই’ইন ক্বাদীর। লা ইলাহা ইল্লাল্লা-হু ওয়াহদাহু, আনজাযা ওয়া‘দাহু, ওয়ানাসারা ‘আবদাহু, ওয়া হাযামাল-আহযা-বা ওয়াহদাহু)।', '“একমাত্র আল্লাহ ছাড়া কোনো হক্ব ইলাহ নেই, তাঁর কোনো শরীক নেই; রাজত্ব তাঁরই, সমস্ত প্রশংসাও তাঁর; আর তিনি সকল কিছুর উপর ক্ষমতাবান। একমাত্র আল্লাহ ছাড়া কোনো হক্ব ইলাহ নেই, তিনি তাঁর ওয়াদা পূর্ণ করেছেন, তিনি তাঁর বান্দাকে সাহায্য করেছেন, আর তিনি সকল বিরোধী দল-গোষ্ঠীকে একাই পরাস্ত করেছেন।” এভাবে তিনি এর মধ্যবর্তী স্থানেও দো‘আ করতে থাকেন। এই দো‘আ তিনবার পাঠ করেন।', 'হাদীসটিতে আরও আছে, “তিনি সাফা পাহাড়ে যেমন করেছিলেন মারওয়াতেও অনুরূপ করেন।”[1]', '[1] মুসলিম ২/৮৮৮, নং ১২১৮; আর আয়াতটি সূরা আল-বাকারার আয়াত নং ১৫৮।']"
237,119,Chapter: The Day of 'Arafah,الدعاء يوم عرفة,119.0,আরাফাতের দিনে দো‘আ,"Lā 'ilāha 'illallāhu waḥdahu lā sharīka lahu, lahul-mulku wa lahul-ḥamdu wa huwa `alā kulli shay'in qadīr.","None has the right to be worshipped but Allah Alone, Who has no partner. His is the dominion and His is the praise, and He is Able to do all things.","লা ইলা-হা ইল্লাল্লা-হু ওয়াহদাহু লা শারীকা লাহু, লাহুল মূলকু ওয়া লাহুল হামদু, ওয়া হুয়া ‘আলা কুল্লি শাই’ইন ক্বাদীর","নবী সাল্লাল্লাহু আলাইহি ওয়াসাল্লাম বলেন, “শ্রেষ্ঠ দো‘আ হচ্ছে আরাফাত দিবসের দো‘আ। আর আমি এবং আমার পূর্ববর্তী নবীগণ যা বলেছি তার মধ্যে শ্রেষ্ঠ হচ্ছে:",خير الدعاء دعاء يوم عرفة ، وخيرُ ما قلت أنا والنبيُّون من قبلي : لا إله إلا الله وحدهُ لا شريك لهُ ، لهُ الملكُ ولهُ الحمدُ وهو على كل شيء قدير.,« لاَ إِلَهَ إِلاَّ اللَّهُ وَحْدَهُ لاَ شَرِيكَ لَهُ، لَهُ الْمُلْكُ وَلَهُ الْحَمْدُ وَهُوَ عَلَى كُلِّ شَيْءٍ قَدِيرٌ».,"At-Tirmidhi. Al-Albani graded it good in Sahih At-Tirmidhi 3/184, and also Silsilatul-'Ahadith As-Sahihah 4/6.","[1] তিরমিযী নং ৩৫৮৫; আর শাইখুল আলবানী সহীহুত তিরমিযীতে হাদীসটিকে হাসান বলেছেন, ৩/১৮৪; অনুরূপভাবে সিলসিলা সহীহায় ৪/৬।",,"একমাত্র আল্লাহ ছাড়া কোনো হক্ব ইলাহ নেই, তাঁর কোনো শরীক নেই; রাজত্ব তাঁরই, সমস্ত প্রশংসাও তাঁর; আর তিনি সকল কিছুর উপর ক্ষমতাবান।”[1]",mismatch,0.7071,"[""Lā 'ilāha 'illallāhu waḥdahu lā sharīka lahu, lahul-mulku wa lahul-ḥamdu wa huwa `alā kulli shay'in qadīr."", 'None has the right to be worshipped but Allah Alone, Who has no partner. His is the dominion and His is the praise, and He is Able to do all things.', ""At-Tirmidhi. Al-Albani graded it good in Sahih At-Tirmidhi 3/184, and also Silsilatul-'Ahadith As-Sahihah 4/6."", 'خير الدعاء دعاء يوم عرفة ، وخيرُ ما قلت أنا والنبيُّون من قبلي : لا إله إلا الله وحدهُ لا شريك لهُ ، لهُ الملكُ ولهُ الحمدُ وهو على كل شيء قدير.']","['নবী সাল্লাল্লাহু আলাইহি ওয়াসাল্লাম বলেন, “শ্রেষ্ঠ দো‘আ হচ্ছে আরাফাত দিবসের দো‘আ। আর আমি এবং আমার পূর্ববর্তী নবীগণ যা বলেছি তার মধ্যে শ্রেষ্ঠ হচ্ছে:', '« لاَ إِلَهَ إِلاَّ اللَّهُ وَحْدَهُ لاَ شَرِيكَ لَهُ، لَهُ الْمُلْكُ وَلَهُ الْحَمْدُ وَهُوَ عَلَى كُلِّ شَيْءٍ قَدِيرٌ».', '(লা ইলা-হা ইল্লাল্লা-হু ওয়াহদাহু লা শারীকা লাহু, লাহুল মূলকু ওয়া লাহুল হামদু, ওয়া হুয়া ‘আলা কুল্লি শাই’ইন ক্বাদীর)।', 'একমাত্র আল্লাহ ছাড়া কোনো হক্ব ইলাহ নেই, তাঁর কোনো শরীক নেই; রাজত্ব তাঁরই, সমস্ত প্রশংসাও তাঁর; আর তিনি সকল কিছুর উপর ক্ষমতাবান।”[1]', '[1] তিরমিযী নং ৩৫৮৫; আর শাইখুল আলবানী সহীহুত তিরমিযীতে হাদীসটিকে হাসান বলেছেন, ৩/১৮৪; অনুরূপভাবে সিলসিলা সহীহায় ৪/৬।']"
238,120,Chapter: Remembrance at Muzdalifa,الذكر عند المشعر الحرام,120.0,মাশ‘আরুল হারাম তথা মুযদালিফায় যিক্‌র,,"'He (ﷺ) rode Al-Qaswa until he reached Al-MashAAar Al-Haram, he then faced the qiblah, supplicated to Allah, and extoled His greatness and oneness. He stood until the sun shone but left before it rose.'",,"“নবী সাল্লাল্লাহু আলাইহি ওয়াসাল্লাম ‘কাসওয়া’ নামক উষ্ট্রীতে আরোহণ করলেন, অবশেষে তিনি যখন মাশ‘আরুল হারামে (মুযদালিফার একটি স্থানে) আসেন, তখন তিনি কিবলামুখী হয়ে দো‘আ করেন এবং তাকবীর বলেন, লা ইলাহা ইল্লাল্লাহু পাঠ করেন এবং তাঁর তাওহীদ বা একত্ব ঘোষণা করেন। তারপর তিনি (আকাশ) পূর্ণ ফর্সা না হওয়া পর্যন্ত সেখানেই অবস্থান করেন। অতঃপর সূর্য উদিত হওয়ার পূর্বেই তিনি মুযদালিফা ত্যাগ করেন।”[1]",رَكِبَ صلى الله عليه وسلم الْقَصْوَاءَ حَتَّى أَتَى الْمَشْعَرَ الْحَرَامَ فَاسْتَقْبَلَ الْقِبْلَةَ (فَدَعَاهُ، وَكَبَّرَهُ، وَهَللَّهُ، وَوَحَّدَهُ) فَلَمْ يَزَلْ وَاقِفاً حَتَّى أَسْفَرَ جِدَّاً فَدَفَعَ قَبْلَ أَنْ تَطْلُعَ الشَّمسُ.,,Muslim 2/891.,"[1] মুসলিম ২/৮৯১, নং ১২১৮।",,,one_missing,,"[""'He (ﷺ) rode Al-Qaswa until he reached Al-MashAAar Al-Haram, he then faced the qiblah, supplicated to Allah, and extoled His greatness and oneness. He stood until the sun shone but left before it rose.'"", 'Muslim 2/891.', 'رَكِبَ صلى الله عليه وسلم الْقَصْوَاءَ حَتَّى أَتَى الْمَشْعَرَ الْحَرَامَ فَاسْتَقْبَلَ الْقِبْلَةَ (فَدَعَاهُ، وَكَبَّرَهُ، وَهَللَّهُ، وَوَحَّدَهُ) فَلَمْ يَزَلْ وَاقِفاً حَتَّى أَسْفَرَ جِدَّاً فَدَفَعَ قَبْلَ أَنْ تَطْلُعَ الشَّمسُ.']","['“নবী সাল্লাল্লাহু আলাইহি ওয়াসাল্লাম ‘কাসওয়া’ নামক উষ্ট্রীতে আরোহণ করলেন, অবশেষে তিনি যখন মাশ‘আরুল হারামে (মুযদালিফার একটি স্থানে) আসেন, তখন তিনি কিবলামুখী হয়ে দো‘আ করেন এবং তাকবীর বলেন, লা ইলাহা ইল্লাল্লাহু পাঠ করেন এবং তাঁর তাওহীদ বা একত্ব ঘোষণা করেন। তারপর তিনি (আকাশ) পূর্ণ ফর্সা না হওয়া পর্যন্ত সেখানেই অবস্থান করেন। অতঃপর সূর্য উদিত হওয়ার পূর্বেই তিনি মুযদালিফা ত্যাগ করেন।”[1]', '[1] মুসলিম ২/৮৯১, নং ১২১৮।']"
239,121,Chapter: Takbir when throwing each pebble at the Jamarat,التكبير عند رمي الجمار مع كل حصاة,121.0,জামরাসমূহে প্রত্যেক কংকর নিক্ষেপকালে তাকবীর বলা,--,"The Prophet (ﷺ) said Allāhu Akbar (Allah is the Most Great) with each pebble he threw at the three pillars. Then he went forward, stood facing the Qiblah, and raised his hands and called upon Allah. That was after (stoning) the first and second pillars. As for the third, he stoned it and called out Allāhu Akbar with every pebble he threw, but when he was finished he left without standing at it (for supplications).",,"“[রাসূল সাল্লাল্লাহু আলাইহি ওয়াসাল্লাম] তিনটি জামরায় প্রতিটি কংকর নিক্ষেপের সময় ‘আল্লাহু আকবার’ বলতেন, অতঃপর কিছুটা অগ্রসর হয়ে কিবলামুখী হয়ে দাঁড়াতেন এবং প্রথম জামরা ও দ্বিতীয় জামরায় দুই হাত উঁচু করে দো‘আ করতেন। কিন্তু জামরাতুল ‘আক্বাবায় প্রতিটি কংকর নিক্ষেপের সময় ‘আল্লাহু আকবার’ বলতেন এবং সেখানে অবস্থান না করে ফিরে আসতেন।[1]",يُكَبِّرُ كُلَّمَا رَمَى بِحَصَاةٍ عِنْدَ الْجِمَارِ الثَّلاَثِ، ثُمَّ يَتَقَدَّمُ، ويَقِفُ يَدْعُو مُسْتَقْبِلَ الْقِبلَةِ، رَافِعاً يَدَيْهِ بَعْدَ الْجَمْرَةِ الْأُولَى وَالثَّانِيَةِ. أَمَّا جَمْرَةُ الْعَقَبَةِ فَيَرْمِيهَا وَيُكَبِّرُ عِنْدَ كُلِّ حَصَاةٍ وَيَنْصَرِفُ وَلاَ يَقِفُ عِنْدَهَا,,"Al-Bukhari, cf. Al-Asqalani, Fathul-Bari 3/581, 3, 4, and Muslim","[1] বুখারী, (ফাতহুল বারীসহ) ৩/৫৮৩, নং ১৭৫১; সেখানে তার শব্দ দেখুন, আরও দেখুন, বুখারী, (ফাতহুল বারীসহ) ৩/৫৮৩, ৩/৫৮৪, ৩/৫৮১ নং ১৭৫৩; অনুরূপ মুসলিম নং ১২১৮।",,,one_missing,,"['--', 'The Prophet (ﷺ) said Allāhu Akbar (Allah is the Most Great) with each pebble he threw at the three pillars. Then he went forward, stood facing the Qiblah, and raised his hands and called upon Allah. That was after (stoning) the first and second pillars. As for the third, he stoned it and called out Allāhu Akbar with every pebble he threw, but when he was finished he left without standing at it (for supplications).', 'Al-Bukhari, cf. Al-Asqalani, Fathul-Bari 3/581, 3, 4, and Muslim', 'يُكَبِّرُ كُلَّمَا رَمَى بِحَصَاةٍ عِنْدَ الْجِمَارِ الثَّلاَثِ، ثُمَّ يَتَقَدَّمُ، ويَقِفُ يَدْعُو مُسْتَقْبِلَ الْقِبلَةِ، رَافِعاً يَدَيْهِ بَعْدَ الْجَمْرَةِ الْأُولَى وَالثَّانِيَةِ. أَمَّا جَمْرَةُ الْعَقَبَةِ فَيَرْمِيهَا وَيُكَبِّرُ عِنْدَ كُلِّ حَصَاةٍ وَيَنْصَرِفُ وَلاَ يَقِفُ عِنْدَهَا']","['“[রাসূল সাল্লাল্লাহু আলাইহি ওয়াসাল্লাম] তিনটি জামরায় প্রতিটি কংকর নিক্ষেপের সময় ‘আল্লাহু আকবার’ বলতেন, অতঃপর কিছুটা অগ্রসর হয়ে কিবলামুখী হয়ে দাঁড়াতেন এবং প্রথম জামরা ও দ্বিতীয় জামরায় দুই হাত উঁচু করে দো‘আ করতেন। কিন্তু জামরাতুল ‘আক্বাবায় প্রতিটি কংকর নিক্ষেপের সময় ‘আল্লাহু আকবার’ বলতেন এবং সেখানে অবস্থান না করে ফিরে আসতেন।[1]', '[1] বুখারী, (ফাতহুল বারীসহ) ৩/৫৮৩, নং ১৭৫১; সেখানে তার শব্দ দেখুন, আরও দেখুন, বুখারী, (ফাতহুল বারীসহ) ৩/৫৮৩, ৩/৫৮৪, ৩/৫৮১ নং ১৭৫৩; অনুরূপ মুসলিম নং ১২১৮।']"
240,122,Chapter: At times of amazement and that which delights,ما يقول عند التعجب والأمر السار,122.0,আশ্চর্যজনক ও আনন্দজনক বিষয়ের পর দো‘আ,Subḥānallāh!,(Glory is to Allah).,সুবহা-নাল্লা-হ,“আল্লাহ পবিত্র-মহান।”[1],سُـبْحانَ الله,«سُبْحَانَ اللَّهِ!».,"Al-Bukhari, cf. Al-Asqalani, Fathul-Bari 1/210, 390, 414 and Muslim 4/1857.",,,,exact_match,1.0,"['Subḥānallāh!', '(Glory is to Allah).', 'Al-Bukhari, cf. Al-Asqalani, Fathul-Bari 1/210, 390, 414 and Muslim 4/1857.', 'سُـبْحانَ الله']","['«سُبْحَانَ اللَّهِ!».', '(সুবহা-নাল্লা-হ)', '“আল্লাহ পবিত্র-মহান।”[1]']"
241,122,Chapter: At times of amazement and that which delights,ما يقول عند التعجب والأمر السار,122.0,আশ্চর্যজনক ও আনন্দজনক বিষয়ের পর দো‘আ,Allāhu Akbar!,(Allah is the Most Great),আল্লা-হু আকবার,“আল্লাহ সবচেয়ে বড়।”[2],اللهُ أَكْـبَر,«اللَّهُ أَكْبَرُ!».,"Al-Bukhari, cf. Al-Asqalani, Fathul-Bari 8/441. See also Al-Albani, Sahih At-Tirmidhi 2/103, 235, Ahmad 5/218.","[2] বুখারী, (ফাতহুল বারীসহ) ৮/৪৪১, নং ৪৭৪১; তিরমিযী নং ২১৮০; আন- নাসাঈ ফিল কুবরা, নং ১১১৮৫। আরও দেখুন, সহীহুত তিরমিযী ২/১০৩, ২/২৩৫, আহমাদ-৫/২১৮, নং ২১৯০০।",,,exact_match,1.0,"['Allāhu Akbar!', '(Allah is the Most Great)', 'Al-Bukhari, cf. Al-Asqalani, Fathul-Bari 8/441. See also Al-Albani, Sahih At-Tirmidhi 2/103, 235, Ahmad 5/218.', 'اللهُ أَكْـبَر']","['«اللَّهُ أَكْبَرُ!».', '(আল্লা-হু আকবার)', '“আল্লাহ সবচেয়ে বড়।”[2]', '[1] বুখারী, (ফাতহুল বারীসহ) ১/২১০, ৩৯০, ৪১৪, নং ১১৫, ৩৫৯৯, ৬২১৮; মুসলিম ৪/১৮৫৭, নং ১৬৭৪।', '[2] বুখারী, (ফাতহুল বারীসহ) ৮/৪৪১, নং ৪৭৪১; তিরমিযী নং ২১৮০; আন- নাসাঈ ফিল কুবরা, নং ১১১৮৫। আরও দেখুন, সহীহুত তিরমিযী ২/১০৩, ২/২৩৫, আহমাদ-৫/২১৮, নং ২১৯০০।']"
242,123,Chapter: Upon receiving pleasant news,ما يفعل من أتاه أمر يسره,123.0,আনন্দদায়ক কোনো সংবাদ আসলে যা করবে,,"The Prophet (ﷺ), upon receiving news which pleased him or which caused pleasure, would prostrate in gratitude to Allah blessed and exalted.",,“নবী সাল্লাল্লাহু আলাইহি ওয়াসাল্লামের নিকট কোনো আনন্দদায়ক সংবাদ এলে মহান ও বরকতময় আল্লাহ তা‘আলার শুকরিয়া আদায়স্বরূপ সিজদায় পড়ে যেতেন।”[1],كَانَ النَّبيُّ صلى الله عليه وسلم إِذَا أَتَاهُ أَمْرٌ يَسُرُّهُ أَوْ يُسَرُّ بِهِ خَرَّ سَاجِداً شُكْراً لِلَّهِ تَبَارَكَ وَتَعَالَى,,"Abu Dawud, Ibn Majah, At-Tirmidhi. See also Al-Albani, Sahih Ibn Majah 1/233, and 'Irwa'ul-Ghalil 2/226.","[1] হাদীসটি নাসাঈ ব্যতীত অপরাপর সুনান গ্রন্থকারগণ উদ্ধৃত করেছেন। আবূ দাউদ নং ২৭৭৪; তিরমিযী নং ১৫৭৮; ইবন মাজাহ্‌ ১৩৯৪। আরও দেখুন, সহীহ ইবন মাজাহ ১/২৩৩; ইরওয়াউল গালীল, ২/২২৬।",,,one_missing,,"['The Prophet (ﷺ), upon receiving news which pleased him or which caused pleasure, would prostrate in gratitude to Allah blessed and exalted.', ""Abu Dawud, Ibn Majah, At-Tirmidhi. See also Al-Albani, Sahih Ibn Majah 1/233, and 'Irwa'ul-Ghalil 2/226."", 'كَانَ النَّبيُّ صلى الله عليه وسلم إِذَا أَتَاهُ أَمْرٌ يَسُرُّهُ أَوْ يُسَرُّ بِهِ خَرَّ سَاجِداً شُكْراً لِلَّهِ تَبَارَكَ وَتَعَالَى']","['“নবী সাল্লাল্লাহু আলাইহি ওয়াসাল্লামের নিকট কোনো আনন্দদায়ক সংবাদ এলে মহান ও বরকতময় আল্লাহ তা‘আলার শুকরিয়া আদায়স্বরূপ সিজদায় পড়ে যেতেন।”[1]', '[1] হাদীসটি নাসাঈ ব্যতীত অপরাপর সুনান গ্রন্থকারগণ উদ্ধৃত করেছেন। আবূ দাউদ নং ২৭৭৪; তিরমিযী নং ১৫৭৮; ইবন মাজাহ্\u200c ১৩৯৪। আরও দেখুন, সহীহ ইবন মাজাহ ১/২৩৩; ইরওয়াউল গালীল, ২/২২৬।']"
243,124,Chapter: When feeling some pain in the body,ما يفعل ويقول من أحس وجعاً في جسده,124.0,শরীরে কোনো ব্যথা অনুভব করলে যা করবে ও বলবে,Put your hand on the place where you feel pain and say:,Put your hand on the place where you feel pain and say: With the Name of Allah (three times). Then say seven times: I seek refuge in Allah and in His Power from the evil of what I find and of what I guard against.,বিসমিল্লাহ) (আ‘ঊযু বিল্লা-হি ওয়া ক্বুদরাতিহী মিন শাররি মা আজিদু ওয়া উহা-যিরু,"“আপনার দেহের যে স্থানে আপনি ব্যথা অনুভব করছেন, সেখানে আপনার হাত রেখে তিনবার বলুন,","ضَعْ يَدَكَ عَلَى الَّذِي تَألَّمَ مِنْ جَسَدِكَ وَقُلْ: ""بِسْمِ اللَّهِ"" ثَلاَثاً، وَقُلْ سَبْعَ مَرَّاتٍ: ""أَعُوذُ بِاللَّهِ وَقُدْرَتِهِ مِنْ شَرِّ مَا أَجِدُ وَأُحَاذِرُ""",«بِسْمِ اللَّهِ» «أَعُوذُ بِاللَّهِ وَقُدْرَتِهِ مِنْ شَرِّ مَا أَجِدُ وَأُحَاذِرُ».,Muslim 4/1728.,"[1] মুসলিম ৪/১৭২৮, নং ২২০২।",,"“আল্লাহর নামে।” আর সাতবার বলুন, “এই যে ব্যথা আমি অনুভব করছি এবং যার আমি আশঙ্কা করছি, তা থেকে আমি আল্লাহ্‌র এবং তাঁর কুদরতের আশ্রয় প্রার্থনা করছি।”[1]",mismatch,0.6389,"['Put your hand on the place where you feel pain and say:', 'Put your hand on the place where you feel pain and say: With the Name of Allah (three times). Then say seven times: I seek refuge in Allah and in His Power from the evil of what I find and of what I guard against.', 'Muslim 4/1728.', 'ضَعْ يَدَكَ عَلَى الَّذِي تَألَّمَ مِنْ جَسَدِكَ وَقُلْ: ""بِسْمِ اللَّهِ"" ثَلاَثاً، وَقُلْ سَبْعَ مَرَّاتٍ: ""أَعُوذُ بِاللَّهِ وَقُدْرَتِهِ مِنْ شَرِّ مَا أَجِدُ وَأُحَاذِرُ""']","['“আপনার দেহের যে স্থানে আপনি ব্যথা অনুভব করছেন, সেখানে আপনার হাত রেখে তিনবার বলুন,', '«بِسْمِ اللَّهِ»', '(বিসমিল্লাহ)', '“আল্লাহর নামে।” আর সাতবার বলুন,', '«أَعُوذُ بِاللَّهِ وَقُدْرَتِهِ مِنْ شَرِّ مَا أَجِدُ وَأُحَاذِرُ».', '(আ‘ঊযু বিল্লা-হি ওয়া ক্বুদরাতিহী মিন শাররি মা আজিদু ওয়া উহা-যিরু)।', '“এই যে ব্যথা আমি অনুভব করছি এবং যার আমি আশঙ্কা করছি, তা থেকে আমি আল্লাহ্\u200cর এবং তাঁর কুদরতের আশ্রয় প্রার্থনা করছি।”[1]', '[1] মুসলিম ৪/১৭২৮, নং ২২০২।']"
244,125,Chapter: When in fear of afflicting something with an (evil) eye from oneself,ما يقول من خشي أن يصيب شيئاً بعينه,125.0,কোনো কিছুর উপর নিজের চোখ লাগার ভয় থাকলে দো‘আ,,"If you see something from your brother, yourself or wealth which you find impressing, then invoke blessings for it, for the evil eye is indeed true.",,"“যখন তোমাদের কেউ তার ভাইয়ের, অথবা নিজের কোনো বিষয়ে, অথবা নিজের কোনো সম্পদে এমন কিছু দেখে যা তাকে চমৎকৃত করে, [তখন সে যেন সেটার জন্য বরকতের দো‘আ করে;] কারণ, চোখ লাগার (বদ নজরের) বিষয়টি সত্য।”[1]",,,"Ahmad 4/447, Ibn Majah, Malik. Al-Albani graded it authentic in Sahihul-Jami' As-Saghir 1/212. Also see Al-Arna'ut's checking of Ibn Al-Qayyim's Zadul-Ma'ad 4/170.","[1] মুসনাদে আহমাদ ৪/৪৪৭, নং ১৫৭০০; ইবন মাজাহ্, নং ৩৫০৮; মালেক ৩/১১৮-১১৯। আর শাইখুল আলবানী, সহীহুল জামে‘ গ্রন্থে সহীহ বলেছেন, ১/২১২; আরও দেখুন, আরনাঊতের এর যাদুল মা‘আদ এর তাহকীক ৪/১৭০।",,,both_missing,,"['If you see something from your brother, yourself or wealth which you find impressing, then invoke blessings for it, for the evil eye is indeed true.', ""Ahmad 4/447, Ibn Majah, Malik. Al-Albani graded it authentic in Sahihul-Jami' As-Saghir 1/212. Also see Al-Arna'ut's checking of Ibn Al-Qayyim's Zadul-Ma'ad 4/170.""]","['“যখন তোমাদের কেউ তার ভাইয়ের, অথবা নিজের কোনো বিষয়ে, অথবা নিজের কোনো সম্পদে এমন কিছু দেখে যা তাকে চমৎকৃত করে, [তখন সে যেন সেটার জন্য বরকতের দো‘আ করে;] কারণ, চোখ লাগার (বদ নজরের) বিষয়টি সত্য।”[1]', '[1] মুসনাদে আহমাদ ৪/৪৪৭, নং ১৫৭০০; ইবন মাজাহ্, নং ৩৫০৮; মালেক ৩/১১৮-১১৯। আর শাইখুল আলবানী, সহীহুল জামে‘ গ্রন্থে সহীহ বলেছেন, ১/২১২; আরও দেখুন, আরনাঊতের এর যাদুল মা‘আদ এর তাহকীক ৪/১৭০।']"
245,126,Chapter: When startled,ما يقال عند الفزع,126.0,ভীত অবস্থায় যা বলবে,Lā ilāha illallāh!,There is none worthy of worship but Allah!,লা ইলা-হা ইল্লাল্লা-হ !,“আল্লাহ ব্যতীত কোনো হক্ব উপাস্য নেই!”[1],لا إلهَ إلاّ اللّهُ,«لاَ إِلَهَ إِلاَّ اللَّهُ!».,"Al-Bukhari, cf. Al-Asqalani, Fathul-Bari 6/181, Muslim 4/2208.","[1] বুখারী, (ফাতহুল বারীসহ) ৬/৩৮১, নং ৩৩৪৬; মুসলিম ৪/২২০৮, নং ২৮৮০।",,,exact_match,1.0,"['Lā ilāha illallāh!', 'There is none worthy of worship but Allah!', 'Al-Bukhari, cf. Al-Asqalani, Fathul-Bari 6/181, Muslim 4/2208.', 'لا إلهَ إلاّ اللّهُ']","['«لاَ إِلَهَ إِلاَّ اللَّهُ!».', '(লা ইলা-হা ইল্লাল্লা-হ !)', '“আল্লাহ ব্যতীত কোনো হক্ব উপাস্য নেই!”[1]', '[1] বুখারী, (ফাতহুল বারীসহ) ৬/৩৮১, নং ৩৩৪৬; মুসলিম ৪/২২০৮, নং ২৮৮০।']"
246,127,Chapter: When slaughtering or offering a sacrifice,ما يقول عند الذبح أو النحر,127.0,পশু যবেহ বা নাহর করার সময় যা বলবে,Bismillāh wallāhu Akbar [Allāhumma minka wa lak] Allāhumma taqabbal minnī.,"With the Name of Allah, Allah is the Most Great! [O Allah, from You and to You.] O Allah, accept it from me.","বিসমিল্লা-হি ওয়াল্লা-হু আকবার, [আল্লা-হুম্মা মিনকা ওয়ালাকা], আল্লা-হুম্মা তাকাব্বাল মিন্নী","“আল্লাহ্‌র নামে, আর আল্লাহ সবচেয়ে বড়। [হে আল্লাহ! এটা আপনার নিকট থেকে প্রাপ্ত এবং আপনার জন্যই।] হে আল্লাহ! আপনি আমার তরফ থেকে তা কবুল করুন।”[1]",,«بِسْمِ اللَّهِ وَاللَّهُ أَكْبَرُ [اللَّهُمَّ مِنْكَ وَلَكَ] اللَّهُمَّ تَقَبَّلْ مِنِّي».,"Muslim 3/ 1557, Al-Bayhaqi 9/287.","[1] মুসলিম ৩/১৫৫৭, নং ১৯৬৭; বায়হাকী ৯/২৮৭, দু ব্রাকেটের মাঝখানের অংশ বাইহাকী থেকে, ৯/২৮৭, ইত্যাদি। তবে সর্বশেষ বাক্যটি ইমাম মুসলিমের বর্ণনা থেকে অর্থ হিসেবে গৃহীত।",,,one_missing,,"['Bismillāh wallāhu Akbar [Allāhumma minka wa lak] Allāhumma taqabbal minnī.', 'With the Name of Allah, Allah is the Most Great! [O Allah, from You and to You.] O Allah, accept it from me.', 'Muslim 3/ 1557, Al-Bayhaqi 9/287.']","['«بِسْمِ اللَّهِ وَاللَّهُ أَكْبَرُ [اللَّهُمَّ مِنْكَ وَلَكَ] اللَّهُمَّ تَقَبَّلْ مِنِّي».', '(বিসমিল্লা-হি ওয়াল্লা-হু আকবার, [আল্লা-হুম্মা মিনকা ওয়ালাকা], আল্লা-হুম্মা তাকাব্বাল মিন্নী)', '“আল্লাহ্\u200cর নামে, আর আল্লাহ সবচেয়ে বড়। [হে আল্লাহ! এটা আপনার নিকট থেকে প্রাপ্ত এবং আপনার জন্যই।] হে আল্লাহ! আপনি আমার তরফ থেকে তা কবুল করুন।”[1]', '[1] মুসলিম ৩/১৫৫৭, নং ১৯৬৭; বায়হাকী ৯/২৮৭, দু ব্রাকেটের মাঝখানের অংশ বাইহাকী থেকে, ৯/২৮৭, ইত্যাদি। তবে সর্বশেষ বাক্যটি ইমাম মুসলিমের বর্ণনা থেকে অর্থ হিসেবে গৃহীত।']"
247,128,Chapter: To ward off the plot of the rebellious devils,ما يقول لرد كيد مردة الشياطين,128.0,দুষ্ট শয়তানদের ষড়যন্ত্র প্রতিহত করতে যা বলবে,"A`ūdhu bikalimāti ‘llāhit-tāmmāti ‘llatī lā yujāwizuhunna barrun wa lā fājirun min sharri mā khalaq, wa bara'a wa dhara', wa min sharri mā yanzilu minas-samā', wa min sharri mā ya`ruju fīhā, wa min sharri mā dhara'a fi ‘l-arḍ, wa min sharri ma yakhruju minhā, wa min sharri fitani ‘llayli wannahār, wa min sharri kulli ṭāriqin illā ṭāriqan yaṭruqu bikhayr yā Rahmān.","I seek refuge in the Perfect Words of Allah -which neither the upright nor the corrupt may overcome - from the evil of what He created, of what He made, and of what He scattered, from the evil of what descends from the heavens, and of what rises up to them, from the evil of what He scattered in the earth, and of what emerges from it, from the evil trials of night and day, and from the evil of every night visitor, except the night visitor who comes with good. O Merciful One.","আ‘ঊযু বিকালিমা-তিল্লা-হিত্-তা-ম্মা-তিল্লাতী লা ইয়ুজাউইযুহুন্না বাররুন ওয়ালা ফা-জিরুম মিন শাররি মা খালাক্বা, ওয়া বারা’আ, ওয়া যারা’আ, ওয়ামিন শাররি মা ইয়ানযিলু মিনাস্ সামা-য়ি, ওয়ামিন শাররি মা যারাআ ফিল আরদ্বি, ওয়ামিন শাররি মা ইয়াখরুজু মিনহা, ওয়ামিন শাররি ফিতানিল-লাইলি ওয়ান-নাহা-রি, ওয়ামিন শাররি কুল্লি ত্বা-রিকিন ইল্লা ত্বা-রিকান ইয়াত্বরুকু বিখাইরিন, ইয়া রহ্‌মানু",,أَعُوذُ بكَلِمَاتِ اللهِ التَّامَّاتِ الَّتِي لَا يُجَاوِزُهُنَّ بَرٌّ ولَا فَاجرٌ مِنْ شّرِّ مَا خَلقَ، وبَرَأَ وذَرَأَ، ومِنْ شَرِّ مَا يَنْزِلُ مِنَ السَّمَاءِ وِمنْ شَرِّ مَا يَعْرُجُ فيهَا، ومِن شَرِّ مَا ذَرَأَ في الأَرْضِ ومِنْ شَرِّ مَا يَخْرُجُ مِنْهَا، وِمنْ شَرِّ فِتَنِ اللَّيْلِ والنَّهارِ، ومِنْ شَرِّ كُلِّ طارِقٍ إِلَّا طَارِقاً يَطْرُقُ بخَيْرٍ يَا رَحْمَنُ,«أَعُوذُ بكَلِمَاتِ اللَّهِ التَّامَّاتِ الَّتِي لاَ يُجَاوِزُهُنَّ بَرٌّ وَلاَ فَاجِرٌ: مِنْ شَرِّ مَا خَلَقَ، وَبَرَأَ وَذَرَأَ، وَمِنْ شَرِّ مَا يَنْزِلُ مِنَ السَّمَاءِ، وَمِنْ شَرِّ مَا يَعْرُجُ فيهَا، وَمِنْ شَرِّ مَا ذَرَأَ فِي الْأَرْضِ، وَمِنْ شَرِّ مَا يَخْرُجُ مِنْهَا، وَمِنْ شَرِّ فِتَنِ اللَّيْلِ وَالنَّهَارِ، وَمِنْ شَرِّ كُلِّ طَارِقٍ إِلاَّ طَارِقاً يَطْرُقُ بِخَيْرٍ يَا رَحْمَنُ».,"Ahmad 3/419, with an authentic chain of narration, and Ibn As-Sunni (no. 637). Al-Arna'ut, graded its chain authentic in his checking of Al-'Aqidah At-Tahawiyyah p. 133. See also Majma'uz-Zawa'id, 10/127.","[1] আহমাদ ৩/৪১৯, নং ১৫৪৬১, সহীহ সনদে। আর ইবনুস সুন্নী, নং ৬৩৭; আরনাঊত তার ত্বাহাভীয়ার তাখরীজে এর সনদকে বিশুদ্ধ বলেছেন, পৃ.১৩৩। আরও দেখুন, মাজমা‘উয যাওয়ায়েদ ১০/১২৭।",,,exact_match,1.0,"[""A`ūdhu bikalimāti ‘llāhit-tāmmāti ‘llatī lā yujāwizuhunna barrun wa lā fājirun min sharri mā khalaq, wa bara'a wa dhara', wa min sharri mā yanzilu minas-samā', wa min sharri mā ya`ruju fīhā, wa min sharri mā dhara'a fi ‘l-arḍ, wa min sharri ma yakhruju minhā, wa min sharri fitani ‘llayli wannahār, wa min sharri kulli ṭāriqin illā ṭāriqan yaṭruqu bikhayr yā Rahmān."", 'I seek refuge in the Perfect Words of Allah -which neither the upright nor the corrupt may overcome - from the evil of what He created, of what He made, and of what He scattered, from the evil of what descends from the heavens, and of what rises up to them, from the evil of what He scattered in the earth, and of what emerges from it, from the evil trials of night and day, and from the evil of every night visitor, except the night visitor who comes with good. O Merciful One.', ""Ahmad 3/419, with an authentic chain of narration, and Ibn As-Sunni (no. 637). Al-Arna'ut, graded its chain authentic in his checking of Al-'Aqidah At-Tahawiyyah p. 133. See also Majma'uz-Zawa'id, 10/127."", 'أَعُوذُ بكَلِمَاتِ اللهِ التَّامَّاتِ الَّتِي لَا يُجَاوِزُهُنَّ بَرٌّ ولَا فَاجرٌ مِنْ شّرِّ مَا خَلقَ، وبَرَأَ وذَرَأَ، ومِنْ شَرِّ مَا يَنْزِلُ مِنَ السَّمَاءِ وِمنْ شَرِّ مَا يَعْرُجُ فيهَا، ومِن شَرِّ مَا ذَرَأَ في الأَرْضِ ومِنْ شَرِّ مَا يَخْرُجُ مِنْهَا، وِمنْ شَرِّ فِتَنِ اللَّيْلِ والنَّهارِ، ومِنْ شَرِّ كُلِّ طارِقٍ إِلَّا طَارِقاً يَطْرُقُ بخَيْرٍ يَا رَحْمَنُ']","['«أَعُوذُ بكَلِمَاتِ اللَّهِ التَّامَّاتِ الَّتِي لاَ يُجَاوِزُهُنَّ بَرٌّ وَلاَ فَاجِرٌ: مِنْ شَرِّ مَا خَلَقَ، وَبَرَأَ وَذَرَأَ، وَمِنْ شَرِّ مَا يَنْزِلُ مِنَ السَّمَاءِ، وَمِنْ شَرِّ مَا يَعْرُجُ فيهَا، وَمِنْ شَرِّ مَا ذَرَأَ فِي الْأَرْضِ، وَمِنْ شَرِّ مَا يَخْرُجُ مِنْهَا، وَمِنْ شَرِّ فِتَنِ اللَّيْلِ وَالنَّهَارِ، وَمِنْ شَرِّ كُلِّ طَارِقٍ إِلاَّ طَارِقاً يَطْرُقُ بِخَيْرٍ يَا رَحْمَنُ».', '(আ‘ঊযু বিকালিমা-তিল্লা-হিত্-তা-ম্মা-তিল্লাতী লা ইয়ুজাউইযুহুন্না বাররুন ওয়ালা ফা-জিরুম মিন শাররি মা খালাক্বা, ওয়া বারা’আ, ওয়া যারা’আ, ওয়ামিন শাররি মা ইয়ানযিলু মিনাস্ সামা-য়ি, ওয়ামিন শাররি মা যারাআ ফিল আরদ্বি, ওয়ামিন শাররি মা ইয়াখরুজু মিনহা, ওয়ামিন শাররি ফিতানিল-লাইলি ওয়ান-নাহা-রি, ওয়ামিন শাররি কুল্লি ত্বা-রিকিন ইল্লা ত্বা-রিকান ইয়াত্বরুকু বিখাইরিন, ইয়া রহ্\u200cমানু)।২৪৭- “আমি আল্লাহ্\u200cর ঐ সকল পরিপূর্ণ বাণীসমূহের সাহায্যে আশ্রয় চাই যা কোনো সৎলোক বা অসৎলোক অতিক্রম করতে পারে না— আল্লাহ যা সৃষ্টি করেছেন, অস্তিত্বে এনেছেন এবং তৈরি করেছেন তার অনিষ্ট থেকে, আসমান থেকে যা নেমে আসে তার অনিষ্ট থেকে, যা আকাশে উঠে তার অনিষ্ট থেকে, যা পৃথিবীতে তিনি সৃষ্টি করেছেন তার অনিষ্ট থেকে, যা পৃথিবী থেকে বেরিয়ে আসে তার অনিষ্ট থেকে, দিনে-রাতে সংঘটিত ফেতনার অনিষ্ট থেকে, আর রাত্রিবেলা হঠাৎ করে আগত অনিষ্ট থেকে, তবে রাতে আগত যে বিষয় কল্যাণ নিয়ে আসে তা ব্যতীত; হে দয়াময়!”[1]', '[1] আহমাদ ৩/৪১৯, নং ১৫৪৬১, সহীহ সনদে। আর ইবনুস সুন্নী, নং ৬৩৭; আরনাঊত তার ত্বাহাভীয়ার তাখরীজে এর সনদকে বিশুদ্ধ বলেছেন, পৃ.১৩৩। আরও দেখুন, মাজমা‘উয যাওয়ায়েদ ১০/১২৭।']"
248,129,Chapter: Seeking forgiveness and repentance,الاستغفار والتوبة,129.0,ক্ষমাপ্রার্থনা ও তাওবা করা,--,Allah's Messenger (ﷺ) said:,,"রাসুলুল্লাহ সাল্লাল্লাহু আলাইহি ওয়াসাল্লাম বলেন, “আল্লাহ্‌র শপথ, নিশ্চয় আমি দৈনিক সত্তর -এর অধিকবার আল্লাহ্‌র কাছে ক্ষমা চাই এবং তাওবা করি।”[1]","قَالَ رَسُولُ اللَّهِ صلى الله عليه وسلم: ""وَاللَّهِ إِنِّي لأَسْتَغفِرُ اللَّهَ وَأَتُوبُ إِلَيْهِ فِي الْيَوْمِ أَكْثَرَ مِنْ سَبْعِينَ مَرَّةٍ""",,"Al-Bukhari, cf. Al-Asqalani, Fathul-Bari 11/101.",,,,one_missing,,"['--', ""Allah's Messenger (ﷺ) said:"", 'Al-Bukhari, cf. Al-Asqalani, Fathul-Bari 11/101.', 'قَالَ رَسُولُ اللَّهِ صلى الله عليه وسلم: ""وَاللَّهِ إِنِّي لأَسْتَغفِرُ اللَّهَ وَأَتُوبُ إِلَيْهِ فِي الْيَوْمِ أَكْثَرَ مِنْ سَبْعِينَ مَرَّةٍ""']","['রাসুলুল্লাহ সাল্লাল্লাহু আলাইহি ওয়াসাল্লাম বলেন, “আল্লাহ্\u200cর শপথ, নিশ্চয় আমি দৈনিক সত্তর -এর অধিকবার আল্লাহ্\u200cর কাছে ক্ষমা চাই এবং তাওবা করি।”[1]']"
249,129,Chapter: Seeking forgiveness and repentance,الاستغفار والتوبة,129.0,ক্ষমাপ্রার্থনা ও তাওবা করা,--,Allah's Messenger (ﷺ) said:,,"রাসুলুল্লাহ সাল্লাল্লাহু আলাইহি ওয়াসাল্লাম আরও বলেন, “হে মানুষ, তোমরা আল্লাহ্‌র কাছে তাওবা কর, নিশ্চয় আমি আল্লাহ্‌র কাছে দৈনিক একশত বার তাওবা করি।”[2]",وَقَالَ صلى الله عليه وسلم: (يَا أَيُّهَا النَّاسُ تُوبُوا إِلَى اللَّهِ فَإِنِّي أَتُوبُ فِي الْيَوْمِ إِلَيْهِ مِائَةَ مَرَّةٍ),,Muslim 4/2076.,,,,one_missing,,"['--', ""Allah's Messenger (ﷺ) said:"", 'Muslim 4/2076.', 'وَقَالَ صلى الله عليه وسلم: (يَا أَيُّهَا النَّاسُ تُوبُوا إِلَى اللَّهِ فَإِنِّي أَتُوبُ فِي الْيَوْمِ إِلَيْهِ مِائَةَ مَرَّةٍ)']","['রাসুলুল্লাহ সাল্লাল্লাহু আলাইহি ওয়াসাল্লাম আরও বলেন, “হে মানুষ, তোমরা আল্লাহ্\u200cর কাছে তাওবা কর, নিশ্চয় আমি আল্লাহ্\u200cর কাছে দৈনিক একশত বার তাওবা করি।”[2]']"
250,129,Chapter: Seeking forgiveness and repentance,الاستغفار والتوبة,129.0,ক্ষমাপ্রার্থনা ও তাওবা করা,Allah's Messenger (ﷺ) said:,"Allah's Messenger (ﷺ) said: Whoever says: I seek the forgiveness of Allah the Mighty, Whom there is none worthy of worship except Him, the Living, the Eternal, and I repent to Him, Allah will forgive him even if he has deserted the army's ranks.",আস্তাগফিরুল্লা-হাল ‘আযীমল্লাযী লা ইলা-হা ইল্লা হুয়াল হাইয়্যুল কায়্যূমু ওয়া আতূবু ইলাইহি,"রাসূলুল্লাহ সাল্লাল্লাহু আলাইহি ওয়াসাল্লাম আরও বলেন, “যে ব্যক্তি বলবে,",وَقَالَ صلى الله عليه وسلم: مَنْ قَالَ (أَسْتَغْفِرُ اللَّهَ الْعَظيمَ الَّذِي لاَ إِلَهَ إِلاَّ هُوَ الْحَيُّ القَيّوُمُ وَأَتُوبُ إِلَيهِ)، غَفَرَ اللَّهُ لَهُ وَإِنْ كَانَ فَرَّ مِنَ الزَّحْفِ.,«أَسْتَغْفِرُ اللَّهَ الْعَظيمَ الَّذِي لاَ إِلَهَ إِلاَّ هُوَ الْحَيُّ القَيّوُمُ وَأَتُوبُ إِلَيهِ».,"Abu Dawud 2/85, At-Tirmidhi 5/569, and Al-Hakim who declared it authentic and Ath-Thahabi agreed with him 1/511. Al-Albani graded it authentic in Sahih At-Tirmidhi 3/182. See also Jami'ul-'Usool li-'Ahdaith Ar-Rasool 4/ 389-90 checked by Al-Arna'ut.",,,"‘আমি মহামহিম আল্লাহ্‌র নিকট ক্ষমা চাই, যিনি ছাড়া আর কোনো হক্ব ইলাহ নেই, তিনি চিরস্থায়ী, সর্বসত্তার ধারক। আর আমি তাঁরই নিকট তওবা করছি।’ আল্লাহ তাকে মাফ করে দিবেন যদিও সে যুদ্ধক্ষেত্র থেকে পলায়নকারী হয়।”[3]",mismatch,0.6557,"[""Allah's Messenger (ﷺ) said:"", ""Allah's Messenger (ﷺ) said: Whoever says: I seek the forgiveness of Allah the Mighty, Whom there is none worthy of worship except Him, the Living, the Eternal, and I repent to Him, Allah will forgive him even if he has deserted the army's ranks."", ""Abu Dawud 2/85, At-Tirmidhi 5/569, and Al-Hakim who declared it authentic and Ath-Thahabi agreed with him 1/511. Al-Albani graded it authentic in Sahih At-Tirmidhi 3/182. See also Jami'ul-'Usool li-'Ahdaith Ar-Rasool 4/ 389-90 checked by Al-Arna'ut."", 'وَقَالَ صلى الله عليه وسلم: مَنْ قَالَ (أَسْتَغْفِرُ اللَّهَ الْعَظيمَ الَّذِي لاَ إِلَهَ إِلاَّ هُوَ الْحَيُّ القَيّوُمُ وَأَتُوبُ إِلَيهِ)، غَفَرَ اللَّهُ لَهُ وَإِنْ كَانَ فَرَّ مِنَ الزَّحْفِ.']","['রাসূলুল্লাহ সাল্লাল্লাহু আলাইহি ওয়াসাল্লাম আরও বলেন, “যে ব্যক্তি বলবে,', '«أَسْتَغْفِرُ اللَّهَ الْعَظيمَ الَّذِي لاَ إِلَهَ إِلاَّ هُوَ الْحَيُّ القَيّوُمُ وَأَتُوبُ إِلَيهِ».', '(আস্তাগফিরুল্লা-হাল ‘আযীমল্লাযী লা ইলা-হা ইল্লা হুয়াল হাইয়্যুল কায়্যূমু ওয়া আতূবু ইলাইহি)।', '‘আমি মহামহিম আল্লাহ্\u200cর নিকট ক্ষমা চাই, যিনি ছাড়া আর কোনো হক্ব ইলাহ নেই, তিনি চিরস্থায়ী, সর্বসত্তার ধারক। আর আমি তাঁরই নিকট তওবা করছি।’ আল্লাহ তাকে মাফ করে দিবেন যদিও সে যুদ্ধক্ষেত্র থেকে পলায়নকারী হয়।”[3]']"
251,129,Chapter: Seeking forgiveness and repentance,الاستغفار والتوبة,129.0,ক্ষমাপ্রার্থনা ও তাওবা করা,--,Allah's Messenger (ﷺ) said:,,"রাসূলুল্লাহ সাল্লাল্লাহু আলাইহি ওয়াসাল্লাম আরও বলেন, “রব একজন বান্দার সবচেয়ে বেশি নিকটবর্তী হয় রাতের শেষ প্রান্তে, সুতরাং যদি তুমি যদি সে সময়ে আল্লাহ্‌র যিক্‌রকারীদের অন্তর্ভুক্ত হতে সক্ষম হও, তবে তা-ই হও।”[4]",وَقَالَ صلى الله عليه وسلم: أَقْرَبُ مَا يَكُونُ الرَّبُّ مِنَ الْعَبْدِ فِي جَوْفِ اللَّيْلِ الآخِرِ فَإِنِ اسْتَطَعْتَ أَنْ تَكُونَ مِمَّنْ يَذْكُرُ اللَّهَ فِي تِلْكَ السَّاعَةِ فَكُنْ,,"At-Tirmidhi, An-Nasa'i 1/279 and Al-Hakim. See also Al-Albani, Sahih At-Tirmidhi 3/183, and Jdmi'ul-'Usool with Al-Arna'ut's checking 4/144.",,,,one_missing,,"['--', ""Allah's Messenger (ﷺ) said:"", ""At-Tirmidhi, An-Nasa'i 1/279 and Al-Hakim. See also Al-Albani, Sahih At-Tirmidhi 3/183, and Jdmi'ul-'Usool with Al-Arna'ut's checking 4/144."", 'وَقَالَ صلى الله عليه وسلم: أَقْرَبُ مَا يَكُونُ الرَّبُّ مِنَ الْعَبْدِ فِي جَوْفِ اللَّيْلِ الآخِرِ فَإِنِ اسْتَطَعْتَ أَنْ تَكُونَ مِمَّنْ يَذْكُرُ اللَّهَ فِي تِلْكَ السَّاعَةِ فَكُنْ']","['রাসূলুল্লাহ সাল্লাল্লাহু আলাইহি ওয়াসাল্লাম আরও বলেন, “রব একজন বান্দার সবচেয়ে বেশি নিকটবর্তী হয় রাতের শেষ প্রান্তে, সুতরাং যদি তুমি যদি সে সময়ে আল্লাহ্\u200cর যিক্\u200cরকারীদের অন্তর্ভুক্ত হতে সক্ষম হও, তবে তা-ই হও।”[4]']"
252,129,Chapter: Seeking forgiveness and repentance,الاستغفار والتوبة,129.0,ক্ষমাপ্রার্থনা ও তাওবা করা,--,Allah's Messenger (ﷺ) said:,,"রাসূলুল্লাহ সাল্লাল্লাহু আলাইহি ওয়াসাল্লাম আরও বলেন, “একজন বান্দা তার রবের সবচেয়ে কাছে তখনই থাকে, যখন সে সিজদায় যায়, সুতরাং তোমরা তখন বেশি বেশি করে দো‘আ কর।”[5]",.وَقَالَ صلى الله عليه وسلم: أَقْرَبُ مَا يَكُونُ الْعَبْدُ مِنْ رَبِّهِ وَهُوَ سَاجِدٌ فَأَكثِرُوا الدُّعَاءَ.,,Muslim 1/350.,,,,one_missing,,"['--', ""Allah's Messenger (ﷺ) said:"", 'Muslim 1/350.', '.وَقَالَ صلى الله عليه وسلم: أَقْرَبُ مَا يَكُونُ الْعَبْدُ مِنْ رَبِّهِ وَهُوَ سَاجِدٌ فَأَكثِرُوا الدُّعَاءَ.']","['রাসূলুল্লাহ সাল্লাল্লাহু আলাইহি ওয়াসাল্লাম আরও বলেন, “একজন বান্দা তার রবের সবচেয়ে কাছে তখনই থাকে, যখন সে সিজদায় যায়, সুতরাং তোমরা তখন বেশি বেশি করে দো‘আ কর।”[5]']"
253,129,Chapter: Seeking forgiveness and repentance,الاستغفار والتوبة,129.0,ক্ষমাপ্রার্থনা ও তাওবা করা,--,Allah's Messenger (ﷺ) said:,,"রাসূলুল্লাহ সাল্লাল্লাহু আলাইহি ওয়াসাল্লাম আরও বলেন, “নিশ্চয় আমার অন্তরেও ঢাকনা এসে পড়ে, আর আমি দৈনিক আল্লাহ্‌র কাছে একশত বার ক্ষমা প্রার্থনা করি।”[6]",.وَقَالَ صلى الله عليه وسلم: إِنَّهُ لَيُغَانُ عَلَى قَلْبِي وَإِنِّي لأَسْتَغْفِرُ اللَّهَ فِي الْيَوْمِ مِائَةَ مَرَّةٍ.,,"Muslim 4/2075. Ibn 'Athir explains that the Prophet (ﷺ) was always vigilant in his remembrance and drawing near to Allah, and if he forgot to do any of what he normally did from time to time, or it slipped his mind, he felt as if he had wronged himself and so he would begin to seek the forgiveness of Allah. See Jami'ul-'Usool 4/386.","[6] মুসলিম, ৪/২০৭৫, নং ২৭০২। ইবনুল আসীর বলেন, «ليُغان على قلبي» এর অর্থ হচ্ছে, ঢাকা পড়ে যায়, পর্দাবৃত হয়ে যায়। উদ্দেশ্য ভুলে যাওয়া; কারণ রাসূলুল্লাহ সাল্লাল্লাহু আলাইহি ওয়াসাল্লাম সর্বদা যিক্‌র, নৈকট্য ও সার্বিক তত্ত্বাবধানে থাকতেন। তাই যখন কোনো সময় এ ব্যাপারে সামান্যতম ব্যাঘাত ঘটত অথবা ভুলে যেতেন, তখনি তিনি এটাকে নিজের জন্য গুনাহ মনে করতেন, সাথে সাথে তিনি ইস্তেগফার বা ক্ষমাপ্রার্থনার দিকে দ্রুত ধাবিত হতেন। দেখুন, জামে‘উল উসূল ৪/৩৮৬।",,,one_missing,,"['--', ""Allah's Messenger (ﷺ) said:"", ""Muslim 4/2075. Ibn 'Athir explains that the Prophet (ﷺ) was always vigilant in his remembrance and drawing near to Allah, and if he forgot to do any of what he normally did from time to time, or it slipped his mind, he felt as if he had wronged himself and so he would begin to seek the forgiveness of Allah. See Jami'ul-'Usool 4/386."", '.وَقَالَ صلى الله عليه وسلم: إِنَّهُ لَيُغَانُ عَلَى قَلْبِي وَإِنِّي لأَسْتَغْفِرُ اللَّهَ فِي الْيَوْمِ مِائَةَ مَرَّةٍ.']","['রাসূলুল্লাহ সাল্লাল্লাহু আলাইহি ওয়াসাল্লাম আরও বলেন, “নিশ্চয় আমার অন্তরেও ঢাকনা এসে পড়ে, আর আমি দৈনিক আল্লাহ্\u200cর কাছে একশত বার ক্ষমা প্রার্থনা করি।”[6]', '[1] বুখারী, ফাতহুল বারীসহ, ১১/১০১, নং ৬৩০৭।', '[2] মুসলিম, ৪/২০৭৬, নং ২৭০২।', '[3] আবূ দাউদ ২/৮৫, নং ১৫১৭; তিরমিযী ৫/৫৬৯, নং ৩৫৭৭; আল-হাকিম এবং সহীহ বলেছেন, তার সাথে ইমাম যাহাবী ঐকমত্য পোষণ করেছেন, ১/৫১১, আর শাইখুল আলবানীও সহীহ বলেছেন। দেখুন, সহীহুত তিরমিযী ৩/১৮২, জামেউল উসূল লি আহাদীসির রাসূল সাল্লাল্লাহু আলাইহি ওয়াসাল্লাম ৪/৩৮৯-৩৯০, আরনাঊত এর সম্পাদনাসহ।', '[4] তিরমিযী নং ৩৫৭৯, নাসায়ী, ১/২৭৯ নং ৫৭২; হাকেম ১/৩০৯। আরও দেখুন, সহীহুত তিরমিযী, ৩/১৮৩; জামে‘উল উসূল, আরনাউতের তাহকীকসহ ৪/১৪৪।', '[5] মুসলিম, ১/৩৫০; নং ৪৮২।', '[6] মুসলিম, ৪/২০৭৫, নং ২৭০২। ইবনুল আসীর বলেন, «ليُغان على قلبي» এর অর্থ হচ্ছে, ঢাকা পড়ে যায়, পর্দাবৃত হয়ে যায়। উদ্দেশ্য ভুলে যাওয়া; কারণ রাসূলুল্লাহ সাল্লাল্লাহু আলাইহি ওয়াসাল্লাম সর্বদা যিক্\u200cর, নৈকট্য ও সার্বিক তত্ত্বাবধানে থাকতেন। তাই যখন কোনো সময় এ ব্যাপারে সামান্যতম ব্যাঘাত ঘটত অথবা ভুলে যেতেন, তখনি তিনি এটাকে নিজের জন্য গুনাহ মনে করতেন, সাথে সাথে তিনি ইস্তেগফার বা ক্ষমাপ্রার্থনার দিকে দ্রুত ধাবিত হতেন। দেখুন, জামে‘উল উসূল ৪/৩৮৬।']"
254,130,"Chapter: Excellence of Tasbih, Tahmid, Tahlil, and Takbir",من فضل التسبيح والتحميد ، والتهليل ، والتكبير,130.0,"তাসবীহ, তাহমীদ, তাহলীল ও তাকবীর -এর ফযীলত",Allah's Messenger (ﷺ) said:,"Allah's Messenger (ﷺ) said: Whoever says: Glorified is Allah and praised is He. one hundred times a day, will have his sins forgiven even if they are like the foam of the sea.",সুব্‌হানাল্লা-হি ওয়াবিহামদিহী,"রাসূলুল্লাহ সাল্লাল্লাহু ‘আলাইহি ওয়াসাল্লাম বলেন, “যে ব্যক্তি দৈনিক ১০০ বার বলে,",قَالَ صلى الله عليه وسلم: مَنْ قَالَ (سُبْحَانَ اللَّهِ وَبِحَمْدِهِ) فِي يَوْمٍ مِائَةَ مَرَّةٍ حُطَّتْ خَطَايَاهُ وَلَوْ كَانَتْ مِثْلَ زَبَدِ الْبَحْر.,«سُبْحَانَ اللَّهِ وَبِحَمْدِهِ».,"Al-Bukhari 7/168, Muslim 4/2071, see also invocation no. 91 of this book.",,,"‘আমি আল্লাহর সপ্রশংস পবিত্রতা ঘোষণা করছি’, তার পাপসমূহ মুছে ফেলা হয়, যদিও তা সাগরের ফেনারাশির সমান হয়ে থাকে।”[1]",mismatch,0.2982,"[""Allah's Messenger (ﷺ) said:"", ""Allah's Messenger (ﷺ) said: Whoever says: Glorified is Allah and praised is He. one hundred times a day, will have his sins forgiven even if they are like the foam of the sea."", 'Al-Bukhari 7/168, Muslim 4/2071, see also invocation no. 91 of this book.', 'قَالَ صلى الله عليه وسلم: مَنْ قَالَ (سُبْحَانَ اللَّهِ وَبِحَمْدِهِ) فِي يَوْمٍ مِائَةَ مَرَّةٍ حُطَّتْ خَطَايَاهُ وَلَوْ كَانَتْ مِثْلَ زَبَدِ الْبَحْر.']","['রাসূলুল্লাহ সাল্লাল্লাহু ‘আলাইহি ওয়াসাল্লাম বলেন, “যে ব্যক্তি দৈনিক ১০০ বার বলে,', '«سُبْحَانَ اللَّهِ وَبِحَمْدِهِ».', '(সুব্\u200cহানাল্লা-হি ওয়াবিহামদিহী)', '‘আমি আল্লাহর সপ্রশংস পবিত্রতা ঘোষণা করছি’, তার পাপসমূহ মুছে ফেলা হয়, যদিও তা সাগরের ফেনারাশির সমান হয়ে থাকে।”[1]']"
255,130,"Chapter: Excellence of Tasbih, Tahmid, Tahlil, and Takbir",من فضل التسبيح والتحميد ، والتهليل ، والتكبير,130.0,"তাসবীহ, তাহমীদ, তাহলীল ও তাকবীর -এর ফযীলত",Allah's Messenger (ﷺ) said:,"Allah's Messenger (ﷺ) said: Whoever says: None has the right to be worshipped but Allah alone, Who has no partner. His is the dominion and His is the praise, and He is Able to do all things. ten times, will have the reward for freeing four slaves from the Children of Isma'il.",লা ইলা-হা ইল্লাল্লা-হু ওয়াহদাহু লা শারীকা লাহু লাহুল মুলকু ওয়া লাহুল হামদু ওয়া হুয়া ‘আলা কুল্লি শাই’ইন ক্বাদীর,"রাসূলুল্লাহ সাল্লাল্লাহু আলাইহি ওয়াসাল্লাম আরও বলেন, যে ব্যক্তি নিম্নোক্ত বাণীটি ১০ বার বলবে,",وَقَالَ صلى الله عليه وسلم: مَنْ قَالَ (لاَ إِلَهَ إِلاَّ اللَّهُ وَحْدَهُ لاَ شَرِيكَ لَهُ، لَهُ الْمُلْكُ، وَلَهُ الْحَمْدُ، وَهُوَ عَلَى كُلِّ شَيْءٍ قَدِيرٌ) عَشْرَ مِرَارٍ، كَانَ كَمَنْ أَعْتَقَ أَرْبَعَةَ أَنْفُسٍ مِنْ وَلَدِ إِسْمَاعِيلَ,«لاَ إِلَهَ إِلاَّ اللَّهُ وَحْدَهُ لاَ شَرِيكَ لَهُ، لَهُ الْمُلْكُ، وَلَهُ الْحَمْدُ، وَهُوَ عَلَى كُلِّ شَيْءٍ قَدِيرٌ».,"Al-Bukhari 7/67, Muslim 4/2071, see also invocation no. 93 of this book.",,,"“একমাত্র আল্লাহ ছাড়া কোনো হক্ব ইলাহ নেই, তাঁর কোনো শরীক নেই; রাজত্ব তাঁরই, সমস্ত প্রশংসাও তাঁর; আর তিনি সকল কিছুর উপর ক্ষমতাবান।” এটা তার জন্য এমন হবে যেন সে ইসমাঈলের সন্তানদের চারজনকে দাসত্ব থেকে মুক্ত করল।”[2]",mismatch,0.6393,"[""Allah's Messenger (ﷺ) said:"", ""Allah's Messenger (ﷺ) said: Whoever says: None has the right to be worshipped but Allah alone, Who has no partner. His is the dominion and His is the praise, and He is Able to do all things. ten times, will have the reward for freeing four slaves from the Children of Isma'il."", 'Al-Bukhari 7/67, Muslim 4/2071, see also invocation no. 93 of this book.', 'وَقَالَ صلى الله عليه وسلم: مَنْ قَالَ (لاَ إِلَهَ إِلاَّ اللَّهُ وَحْدَهُ لاَ شَرِيكَ لَهُ، لَهُ الْمُلْكُ، وَلَهُ الْحَمْدُ، وَهُوَ عَلَى كُلِّ شَيْءٍ قَدِيرٌ) عَشْرَ مِرَارٍ، كَانَ كَمَنْ أَعْتَقَ أَرْبَعَةَ أَنْفُسٍ مِنْ وَلَدِ إِسْمَاعِيلَ']","['রাসূলুল্লাহ সাল্লাল্লাহু আলাইহি ওয়াসাল্লাম আরও বলেন, যে ব্যক্তি নিম্নোক্ত বাণীটি ১০ বার বলবে,', '«لاَ إِلَهَ إِلاَّ اللَّهُ وَحْدَهُ لاَ شَرِيكَ لَهُ، لَهُ الْمُلْكُ، وَلَهُ الْحَمْدُ، وَهُوَ عَلَى كُلِّ شَيْءٍ قَدِيرٌ».', '(লা ইলা-হা ইল্লাল্লা-হু ওয়াহদাহু লা শারীকা লাহু লাহুল মুলকু ওয়া লাহুল হামদু ওয়া হুয়া ‘আলা কুল্লি শাই’ইন ক্বাদীর)।', '“একমাত্র আল্লাহ ছাড়া কোনো হক্ব ইলাহ নেই, তাঁর কোনো শরীক নেই; রাজত্ব তাঁরই, সমস্ত প্রশংসাও তাঁর; আর তিনি সকল কিছুর উপর ক্ষমতাবান।” এটা তার জন্য এমন হবে যেন সে ইসমাঈলের সন্তানদের চারজনকে দাসত্ব থেকে মুক্ত করল।”[2]']"
256,130,"Chapter: Excellence of Tasbih, Tahmid, Tahlil, and Takbir",من فضل التسبيح والتحميد ، والتهليل ، والتكبير,130.0,"তাসবীহ, তাহমীদ, তাহলীল ও তাকবীর -এর ফযীলত",Allah's Messenger (ﷺ) said:,"Allah's Messenger (ﷺ) said: Two words are light on the tongue, weigh heavily in the balance, and are loved by the Most Merciful One: Glorified is Allah and praised is He, Glorified is Allah the Most Great.","সুব্‌হানাল্লা-হি ওয়া বিহামদিহী, সুব্‌হানাল্লা-হিল ‘আযীম","রাসূলুল্লাহ সাল্লাল্লাহু আলাইহি ওয়াসাল্লাম বলেছেন, “দুটি বাক্য এমন রয়েছে, যা যবানে সহজ, মীযানের পাল্লায় ভারী এবং করুণাময় আল্লাহ্‌র নিকট অতি প্রিয়। আর তা হচ্ছে,",وَقَالَ صلى الله عليه وسلم: كَلِمَتَانِ خَفِيفَتَانِ عَلَى اللِّسَانِ، ثَقِيلَتَانِ فِي الْمِيزَانِ، حَبِيبَتَانِ إِلَى الرَّحْمَنِ: (سُبْحَانَ اللَّهِ وَبِحَمْدِهِ)، (سُبْحانَ اللَّهِ الْعَظِيمِ),«سُبْحَانَ اللَّهِ وَبِحَمْدِهِ، سُبْحانَ اللَّهِ الْعَظِيمِ».,"Al-Bukhari 7/168, Muslim 4/2072.",,,‘আল্লাহ্‌র প্রশংসাসহকারে তাঁর পবিত্রতা ও মহিমা বর্ণনা করছি। মহান আল্লাহর পবিত্রতা ও মহিমা ঘোষণা করছি’।”[3],mismatch,0.443,"[""Allah's Messenger (ﷺ) said:"", ""Allah's Messenger (ﷺ) said: Two words are light on the tongue, weigh heavily in the balance, and are loved by the Most Merciful One: Glorified is Allah and praised is He, Glorified is Allah the Most Great."", 'Al-Bukhari 7/168, Muslim 4/2072.', 'وَقَالَ صلى الله عليه وسلم: كَلِمَتَانِ خَفِيفَتَانِ عَلَى اللِّسَانِ، ثَقِيلَتَانِ فِي الْمِيزَانِ، حَبِيبَتَانِ إِلَى الرَّحْمَنِ: (سُبْحَانَ اللَّهِ وَبِحَمْدِهِ)، (سُبْحانَ اللَّهِ الْعَظِيمِ)']","['রাসূলুল্লাহ সাল্লাল্লাহু আলাইহি ওয়াসাল্লাম বলেছেন, “দুটি বাক্য এমন রয়েছে, যা যবানে সহজ, মীযানের পাল্লায় ভারী এবং করুণাময় আল্লাহ্\u200cর নিকট অতি প্রিয়। আর তা হচ্ছে,', '«سُبْحَانَ اللَّهِ وَبِحَمْدِهِ، سُبْحانَ اللَّهِ الْعَظِيمِ».', '(সুব্\u200cহানাল্লা-হি ওয়া বিহামদিহী, সুব্\u200cহানাল্লা-হিল ‘আযীম)।', '‘আল্লাহ্\u200cর প্রশংসাসহকারে তাঁর পবিত্রতা ও মহিমা বর্ণনা করছি। মহান আল্লাহর পবিত্রতা ও মহিমা ঘোষণা করছি’।”[3]']"
257,130,"Chapter: Excellence of Tasbih, Tahmid, Tahlil, and Takbir",من فضل التسبيح والتحميد ، والتهليل ، والتكبير,130.0,"তাসবীহ, তাহমীদ, তাহলীল ও তাকবীর -এর ফযীলত",Allah's Messenger (ﷺ) said:,"Allah's Messenger (ﷺ) said: For me to say: Glory is to Allah, and praise is to Allah, and there is none worthy of worship but Allah, and Allah is the Most Great. is dearer to me than all that the sun rises upon (i.e. the whole world).",,"রাসূলুল্লাহ সাল্লাল্লাহু আলাইহি ওয়াসাল্লাম বলেন, “সুবহানাল্লাহ, আলহামদুলিল্লাহ, লা ইলাহা ইল্লাল্লাহ, আল্লাহু আকবার— সূর্য যা কিছুর উপর উদিত হয় তার চেয়ে এগুলো বলা আমার কাছে অধিক প্রিয়।”[4]",وَقَالَ صلى الله عليه وسلم: لَأَنْ أَقُولَ (سُبْحَانَ اللَّهِ، وَالْحَمْدُ لِلَّهِ، وَلاَ إِلَهَ إِلاَّ اللَّهُ، وَاللَّهُ أَكْبَرُ)، أَحَبُّ إِلَيَّ مِمَّا طَلَعَتْ عَلَيْهِ الشَّمسُ.,,Muslim 4/2072.,,,,one_missing,,"[""Allah's Messenger (ﷺ) said:"", ""Allah's Messenger (ﷺ) said: For me to say: Glory is to Allah, and praise is to Allah, and there is none worthy of worship but Allah, and Allah is the Most Great. is dearer to me than all that the sun rises upon (i.e. the whole world)."", 'Muslim 4/2072.', 'وَقَالَ صلى الله عليه وسلم: لَأَنْ أَقُولَ (سُبْحَانَ اللَّهِ، وَالْحَمْدُ لِلَّهِ، وَلاَ إِلَهَ إِلاَّ اللَّهُ، وَاللَّهُ أَكْبَرُ)، أَحَبُّ إِلَيَّ مِمَّا طَلَعَتْ عَلَيْهِ الشَّمسُ.']","['রাসূলুল্লাহ সাল্লাল্লাহু আলাইহি ওয়াসাল্লাম বলেন, “সুবহানাল্লাহ, আলহামদুলিল্লাহ, লা ইলাহা ইল্লাল্লাহ, আল্লাহু আকবার— সূর্য যা কিছুর উপর উদিত হয় তার চেয়ে এগুলো বলা আমার কাছে অধিক প্রিয়।”[4]']"
258,130,"Chapter: Excellence of Tasbih, Tahmid, Tahlil, and Takbir",من فضل التسبيح والتحميد ، والتهليل ، والتكبير,130.0,"তাসবীহ, তাহমীদ, তাহলীল ও তাকবীর -এর ফযীলত",--,Allah's Messenger (ﷺ) said:,,"রাসূলুল্লাহ সাল্লাল্লাহু আলাইহি ওয়াসাল্লাম বলেন, “তোমাদের কেউ কি প্রতিদিন এক হাজার সওয়াব অর্জন করতে অপারগ?” তাঁর সাথীদের মধ্যে একজন প্রশ্ন করে বলল, আমাদের কেউ কী করে এক হাজার সওয়াব অর্জন করতে পারে? নবী সাল্লাল্লাহু আলাইহি ওয়াসাল্লাম বললেন, “যে ব্যক্তি ১০০ বার ‘সুবহানাল্লাহ’ বলবে, তার জন্য এক হাজার সওয়াব লেখা হবে অথবা তার এক হাজার পাপ মুছে ফেলা হবে।”[5]",وَقَالَ صلى الله عليه وسلم: أَيَعْجِزُ أَحَدُكُم أَنْ يَكْسِبَ كُلَّ يَوْمٍ أَلْفَ حَسَنَةٍ؟ فَسَأَلَهُ سَائِلٌ مِنْ جُلَسَائِهِ كَيْفَ يَكْسِبُ أَحَدُنَا أَلْفَ حَسَنَةٍ؟ قَالَ: يُسَبِّحُ مِائَةَ تَسْبِيحَةٍ، فَيُكتَبُ لَهُ أَلْفُ حَسَنَةٍ أَوْ يُحَطُّ عَنْهُ أَلْفُ خَطِيئَةٍ.,,Muslim 4/2073.,,,,one_missing,,"['--', ""Allah's Messenger (ﷺ) said:"", 'Muslim 4/2073.', 'وَقَالَ صلى الله عليه وسلم: أَيَعْجِزُ أَحَدُكُم أَنْ يَكْسِبَ كُلَّ يَوْمٍ أَلْفَ حَسَنَةٍ؟ فَسَأَلَهُ سَائِلٌ مِنْ جُلَسَائِهِ كَيْفَ يَكْسِبُ أَحَدُنَا أَلْفَ حَسَنَةٍ؟ قَالَ: يُسَبِّحُ مِائَةَ تَسْبِيحَةٍ، فَيُكتَبُ لَهُ أَلْفُ حَسَنَةٍ أَوْ يُحَطُّ عَنْهُ أَلْفُ خَطِيئَةٍ.']","['রাসূলুল্লাহ সাল্লাল্লাহু আলাইহি ওয়াসাল্লাম বলেন, “তোমাদের কেউ কি প্রতিদিন এক হাজার সওয়াব অর্জন করতে অপারগ?” তাঁর সাথীদের মধ্যে একজন প্রশ্ন করে বলল, আমাদের কেউ কী করে এক হাজার সওয়াব অর্জন করতে পারে? নবী সাল্লাল্লাহু আলাইহি ওয়াসাল্লাম বললেন, “যে ব্যক্তি ১০০ বার ‘সুবহানাল্লাহ’ বলবে, তার জন্য এক হাজার সওয়াব লেখা হবে অথবা তার এক হাজার পাপ মুছে ফেলা হবে।”[5]']"
259,130,"Chapter: Excellence of Tasbih, Tahmid, Tahlil, and Takbir",من فضل التسبيح والتحميد ، والتهليل ، والتكبير,130.0,"তাসবীহ, তাহমীদ, তাহলীল ও তাকবীর -এর ফযীলত",Whoever says:,Whoever says: Glorified is Allah the Most Great and praised is He. will have a date palm planted for him in Paradise.,সুব্‌হানাল্লা-হিল ‘আযীম ওয়াবিহামদিহী,"“যে ব্যক্তি বলবে,",مَنْ قَالَ (سُبْحَانَ اللَّهِ الْعَظِيمِ وَبِحَمْدِهِ) غُرِسَتْ لَهُ نَخْلَةٌ فِي الْجَنَّةِ,« سُبْحَانَ اللَّهِ الْعَظِيمِ وَبِحَمْدِهِ ».,"At-Tirmidhi 5/511, and Al-Hakim who graded it authentic and Ath-Thahabi agreed 1/501. See also Al-Albani, Sahihul-Jami' As-Saghir 5/531 and Sahih At-Tirmidhi3/160.",,,‘মহান আল্লাহর প্রশংসার সাথে তাঁর পবিত্রতা ও মহিমা ঘোষণা করছি’— তার জন্য জান্নাতে একটি খেজুর গাছ রোপণ করা হবে।”[6],mismatch,0.6234,"['Whoever says:', 'Whoever says: Glorified is Allah the Most Great and praised is He. will have a date palm planted for him in Paradise.', ""At-Tirmidhi 5/511, and Al-Hakim who graded it authentic and Ath-Thahabi agreed 1/501. See also Al-Albani, Sahihul-Jami' As-Saghir 5/531 and Sahih At-Tirmidhi3/160."", 'مَنْ قَالَ (سُبْحَانَ اللَّهِ الْعَظِيمِ وَبِحَمْدِهِ) غُرِسَتْ لَهُ نَخْلَةٌ فِي الْجَنَّةِ']","['“যে ব্যক্তি বলবে,', '« سُبْحَانَ اللَّهِ الْعَظِيمِ وَبِحَمْدِهِ ».', '(সুব্\u200cহানাল্লা-হিল ‘আযীম ওয়াবিহামদিহী)।', '‘মহান আল্লাহর প্রশংসার সাথে তাঁর পবিত্রতা ও মহিমা ঘোষণা করছি’— তার জন্য জান্নাতে একটি খেজুর গাছ রোপণ করা হবে।”[6]']"
260,130,"Chapter: Excellence of Tasbih, Tahmid, Tahlil, and Takbir",من فضل التسبيح والتحميد ، والتهليل ، والتكبير,130.0,"তাসবীহ, তাহমীদ, তাহলীল ও তাকবীর -এর ফযীলত",Allah's Messenger (ﷺ) said:,"Allah's Messenger (ﷺ) said: ""O Abdullah bin Qais, should I not point you to one of the treasures of Paradise?"" I said, ""Yes, O Messenger of Allah."" So he told me to say: There is no power and no might except by Allah.",লা হাউলা ওয়ালা কূওয়াতা ইল্লা বিল্লা-হ,"রাসূলুল্লাহ সাল্লাল্লাহু আলাইহি ওয়াসাল্লাম বলেন, “ওহে আব্দুল্লাহ ইবন কায়েস! আমি কি জান্নাতের এক রত্নভাণ্ডার সম্পর্কে তোমাকে অবহিত করব না?” আমি বললাম, নিশ্চয়ই হে আল্লাহর রাসূল। তিনি বললেন, “তুমি বল,",وَقَالَ صلى الله عليه وسلم: يَا عَبْدَ اللَّهِ بْنَ قَيْسٍ أَلاَ أَدُلُّكَ عَلَى كَنْزٍ مِنْ كُنُوزِ الْجَنَّةِ؟ فَقُلْتُ: بَلَى يَا رَسُولَ اللَّهِ، قَالَ: قُلْ (لاَ حَوْلَ وَلاَ قُوَّةَ إِلاَّ بِاللَّهِ).,«لاَ حَوْلَ وَلاَ قُوَّةَ إِلاَّ بِاللَّهِ».,"Al-Bukhari, cf. Al-Asqalani, Fathul-Bari 11/213, Muslim 4/2076.",,,“আল্লাহর সাহায্য ছাড়া (পাপ কাজ থেকে দূরে থাকার) কোনো উপায় এবং (সৎকাজ করার) কোনো শক্তি কারো নেই।”[7],mismatch,0.3179,"[""Allah's Messenger (ﷺ) said:"", 'Allah\'s Messenger (ﷺ) said: ""O Abdullah bin Qais, should I not point you to one of the treasures of Paradise?"" I said, ""Yes, O Messenger of Allah."" So he told me to say: There is no power and no might except by Allah.', 'Al-Bukhari, cf. Al-Asqalani, Fathul-Bari 11/213, Muslim 4/2076.', 'وَقَالَ صلى الله عليه وسلم: يَا عَبْدَ اللَّهِ بْنَ قَيْسٍ أَلاَ أَدُلُّكَ عَلَى كَنْزٍ مِنْ كُنُوزِ الْجَنَّةِ؟ فَقُلْتُ: بَلَى يَا رَسُولَ اللَّهِ، قَالَ: قُلْ (لاَ حَوْلَ وَلاَ قُوَّةَ إِلاَّ بِاللَّهِ).']","['রাসূলুল্লাহ সাল্লাল্লাহু আলাইহি ওয়াসাল্লাম বলেন, “ওহে আব্দুল্লাহ ইবন কায়েস! আমি কি জান্নাতের এক রত্নভাণ্ডার সম্পর্কে তোমাকে অবহিত করব না?” আমি বললাম, নিশ্চয়ই হে আল্লাহর রাসূল। তিনি বললেন, “তুমি বল,', '«لاَ حَوْلَ وَلاَ قُوَّةَ إِلاَّ بِاللَّهِ».', '(লা হাউলা ওয়ালা কূওয়াতা ইল্লা বিল্লা-হ)।', '“আল্লাহর সাহায্য ছাড়া (পাপ কাজ থেকে দূরে থাকার) কোনো উপায় এবং (সৎকাজ করার) কোনো শক্তি কারো নেই।”[7]']"
261,130,"Chapter: Excellence of Tasbih, Tahmid, Tahlil, and Takbir",من فضل التسبيح والتحميد ، والتهليل ، والتكبير,130.0,"তাসবীহ, তাহমীদ, তাহলীল ও তাকবীর -এর ফযীলত",Allah's Messenger (ﷺ) said:,"Allah's Messenger (ﷺ) said: The most beloved words to Allah are four: Glorified is Allah, and The praise is for Allah, and There is none worthy of worship but Allah, and Allah is the Most Great.",সুবহানাল্লা-হি ওয়ালহাম্‌দু লিল্লা-হি ওয়ালা ইলা-হা ইল্লাল্লা-হু ওয়াল্লা-হু আকবার,"রাসূলুল্লাহ সাল্লাল্লাহু আলাইহি ওয়াসাল্লাম বলেন, “আল্লাহ্‌র নিকট সর্বাধিক প্রিয় বাক্য চারটি, তার যে কোনটি দিয়েই শুরু করাতে তোমার কোনো ক্ষতি নেই। আর তা হলো,",وَقَالَ صلى الله عليه وسلم: أَحَبُّ الْكَلاَمِ إِلَى اللَّهِ أَرْبَعٌ: (سُبْحَانَ اللَّهِ)، وَ(الْحَمْدُ لِلَّهِ)، وَ(لاَ إِلَهَ إِلاَّ اللَّهُ)، وَ(اللَّهُ أَكْبَرُ)، لاَ يَضُرُّكَ بِأَيِّهِنَّ بَدَأتَ,«سُبْحَانَ اللَّهِ، وَالْحَمْدُ لِلَّهِ، وَلاَ إِلَهَ إِلاَّ اللَّهُ، وَاللَّهُ أَكْبَرُ».,Muslim 3/1685.,,,“আল্লাহ পবিত্র-মহান। সকল হামদ-প্রশংসা আল্লাহর। আল্লাহ ছাড়া কোনো হক্ব ইলাহ নেই। আল্লাহ সবচেয়ে বড়।”[8],mismatch,0.5799,"[""Allah's Messenger (ﷺ) said:"", ""Allah's Messenger (ﷺ) said: The most beloved words to Allah are four: Glorified is Allah, and The praise is for Allah, and There is none worthy of worship but Allah, and Allah is the Most Great."", 'Muslim 3/1685.', 'وَقَالَ صلى الله عليه وسلم: أَحَبُّ الْكَلاَمِ إِلَى اللَّهِ أَرْبَعٌ: (سُبْحَانَ اللَّهِ)، وَ(الْحَمْدُ لِلَّهِ)، وَ(لاَ إِلَهَ إِلاَّ اللَّهُ)، وَ(اللَّهُ أَكْبَرُ)، لاَ يَضُرُّكَ بِأَيِّهِنَّ بَدَأتَ']","['রাসূলুল্লাহ সাল্লাল্লাহু আলাইহি ওয়াসাল্লাম বলেন, “আল্লাহ্\u200cর নিকট সর্বাধিক প্রিয় বাক্য চারটি, তার যে কোনটি দিয়েই শুরু করাতে তোমার কোনো ক্ষতি নেই। আর তা হলো,', '«سُبْحَانَ اللَّهِ، وَالْحَمْدُ لِلَّهِ، وَلاَ إِلَهَ إِلاَّ اللَّهُ، وَاللَّهُ أَكْبَرُ».', '(সুবহানাল্লা-হি ওয়ালহাম্\u200cদু লিল্লা-হি ওয়ালা ইলা-হা ইল্লাল্লা-হু ওয়াল্লা-হু আকবার)।', '“আল্লাহ পবিত্র-মহান। সকল হামদ-প্রশংসা আল্লাহর। আল্লাহ ছাড়া কোনো হক্ব ইলাহ নেই। আল্লাহ সবচেয়ে বড়।”[8]']"
262,130,"Chapter: Excellence of Tasbih, Tahmid, Tahlil, and Takbir",من فضل التسبيح والتحميد ، والتهليل ، والتكبير,130.0,"তাসবীহ, তাহমীদ, তাহলীল ও তাকবীর -এর ফযীলত","A desert Arab came to Allah's Messenger (ﷺ) and said, ""Teach me a word that I can say. "" The Prophet told him to say:","A desert Arab came to Allah's Messenger (ﷺ) and said, ""Teach me a word that I can say. "" The Prophet told him to say: There is none worthy of worship but Allah, Who has no partner, Allah is the Great, the Most Great, and praise is to Allah in abundance, glory is to Allah, Lord of the worlds. There is no power and no might but by Allah the Mighty, the Wise. He said, ""That is for my Lord, but what about me?"" The Prophet (ﷺ) told him to say: O Allah forgive me, and have mercy on me and guide me, and provide for me.","লা ইলা-হা ইল্লাল্লা-হু ওয়াহদাহু লা শারীকা লাহু, আল্লা-হু আকবার কাবীরান, ওয়ালহামদুলিল্লা-হি কাসীরান, সুবহা-নাল্লা-হি রাব্বিল আ-লামীন, লা হাউলা ওয়ালা কূওয়াতা ইল্লা বিল্লা-হিল ‘আযীযিল হাকীম।) (আল্লা-হুম্মাগফির লী, ওয়ারহামনী, ওয়াহদিনী, ওয়ারযুক্বনী","এক বেদুঈন রাসূলুল্লাহ সাল্লাল্লাহু আলাইহি ওয়াসাল্লামের কাছে এসে জিজ্ঞেস করল, আমাকে একটি কালেমা শিক্ষা দিন যা আমি বলব। তখন রাসূল বললেন, “বল,",جَاءَ أَعْرَابِيٌّ إِلَى رَسُولِ اللَّهِ صلى الله عليه وسلم فَقَالَ: عَلِّمْنِي كَلاماً أَقُولُهُ: قَالَ: قُلْ (لاَ إِلَهَ إِلاَّ اللَّهُ وَحْدَهُ لاَ شَرِيكَ لَهُ، اللَّهُ أَكْبَرُ كَبِيراً، وَالْحَمْدُ لِلَّهِ كَثِيراً، سُبْحَانَ اللَّهِ رَبِّ العَالَمِينَ، لاَ حَوْلَ وَلاَ قُوَّةَ إِلاَّ بِاللَّهِ الْعَزِيزِ الْحَكِيمِ). قَالَ: فَهَؤُلاَءِ لِرَبِّي، فَمَا لِي؟ قَالَ: قُلْ (اللَّهُمَّ اغْفِرْ لِي، وَارْحَمْنِي، وَاهْدِنِي، وَارْزُقْنِي).,«لاَ إِلَهَ إِلاَّ اللَّهُ وَحْدَهُ لاَ شَرِيكَ لَهُ، اللَّهُ أَكْبَرُ كَبِيراً، وَالْحَمْدُ لِلَّهِ كَثِيراً، سُبْحَانَ اللَّهِ رَبِّ العَالَمِينَ، لاَ حَوْلَ وَلاَ قُوَّةَ إِلاَّ بِاللَّهِ الْعَزِيزِ الْحَكِيمِ» «اللَّهُمَّ اغْفِرْ لِي، وَارْحَمْنِي، وَاهْدِنِي، وَارْزُقْنِي».,"Muslim 4/2072, Abu Dawud reports the same Hadith with the addition: and when the Arab left, the Prophet (ﷺ) said: ""He has filled his hands with goodness."" 1/220.",,,"“একমাত্র আল্লাহ ব্যতীত কোনো হক্ব ইলাহ নেই, তাঁর কোনো শরীক নেই। আল্লাহ সবচেয়ে বড়, অতীব বড়। আল্লাহ্‌র অনেক-অজস্র প্রশংসা। সৃষ্টিকুলের রব আল্লাহ কতই না পবিত্র-মহান। প্রবল পরাক্রমশীল ও প্রজ্ঞাময় আল্লাহর সাহায্য ছাড়া (পাপ কাজ থেকে দূরে থাকার) কোনো উপায় এবং (সৎকাজ করার) কোনো শক্তি কারো নেই।” তখন বেদুঈন বলল, এগুলো তো আমার রবের জন্য; আমার জন্য কী? তিনি বললেন: “বল, “হে আল্লাহ! আমাকে ক্ষমা করুন, আমার প্রতি দয়া করুন, আমাকে হেদায়াত দিন এবং আমাকে রিযিক দিন।”[9]",mismatch,0.7581,"['A desert Arab came to Allah\'s Messenger (ﷺ) and said, ""Teach me a word that I can say. "" The Prophet told him to say:', 'A desert Arab came to Allah\'s Messenger (ﷺ) and said, ""Teach me a word that I can say. "" The Prophet told him to say: There is none worthy of worship but Allah, Who has no partner, Allah is the Great, the Most Great, and praise is to Allah in abundance, glory is to Allah, Lord of the worlds. There is no power and no might but by Allah the Mighty, the Wise. He said, ""That is for my Lord, but what about me?"" The Prophet (ﷺ) told him to say: O Allah forgive me, and have mercy on me and guide me, and provide for me.', 'Muslim 4/2072, Abu Dawud reports the same Hadith with the addition: and when the Arab left, the Prophet (ﷺ) said: ""He has filled his hands with goodness."" 1/220.', 'جَاءَ أَعْرَابِيٌّ إِلَى رَسُولِ اللَّهِ صلى الله عليه وسلم فَقَالَ: عَلِّمْنِي كَلاماً أَقُولُهُ: قَالَ: قُلْ (لاَ إِلَهَ إِلاَّ اللَّهُ وَحْدَهُ لاَ شَرِيكَ لَهُ، اللَّهُ أَكْبَرُ كَبِيراً، وَالْحَمْدُ لِلَّهِ كَثِيراً، سُبْحَانَ اللَّهِ رَبِّ العَالَمِينَ، لاَ حَوْلَ وَلاَ قُوَّةَ إِلاَّ بِاللَّهِ الْعَزِيزِ الْحَكِيمِ). قَالَ: فَهَؤُلاَءِ لِرَبِّي، فَمَا لِي؟ قَالَ: قُلْ (اللَّهُمَّ اغْفِرْ لِي، وَارْحَمْنِي، وَاهْدِنِي، وَارْزُقْنِي).']","['এক বেদুঈন রাসূলুল্লাহ সাল্লাল্লাহু আলাইহি ওয়াসাল্লামের কাছে এসে জিজ্ঞেস করল, আমাকে একটি কালেমা শিক্ষা দিন যা আমি বলব। তখন রাসূল বললেন, “বল,', '«لاَ إِلَهَ إِلاَّ اللَّهُ وَحْدَهُ لاَ شَرِيكَ لَهُ، اللَّهُ أَكْبَرُ كَبِيراً، وَالْحَمْدُ لِلَّهِ كَثِيراً، سُبْحَانَ اللَّهِ رَبِّ العَالَمِينَ، لاَ حَوْلَ وَلاَ قُوَّةَ إِلاَّ بِاللَّهِ الْعَزِيزِ الْحَكِيمِ»', '(লা ইলা-হা ইল্লাল্লা-হু ওয়াহদাহু লা শারীকা লাহু, আল্লা-হু আকবার কাবীরান, ওয়ালহামদুলিল্লা-হি কাসীরান, সুবহা-নাল্লা-হি রাব্বিল আ-লামীন, লা হাউলা ওয়ালা কূওয়াতা ইল্লা বিল্লা-হিল ‘আযীযিল হাকীম।)', '“একমাত্র আল্লাহ ব্যতীত কোনো হক্ব ইলাহ নেই, তাঁর কোনো শরীক নেই। আল্লাহ সবচেয়ে বড়, অতীব বড়। আল্লাহ্\u200cর অনেক-অজস্র প্রশংসা। সৃষ্টিকুলের রব আল্লাহ কতই না পবিত্র-মহান। প্রবল পরাক্রমশীল ও প্রজ্ঞাময় আল্লাহর সাহায্য ছাড়া (পাপ কাজ থেকে দূরে থাকার) কোনো উপায় এবং (সৎকাজ করার) কোনো শক্তি কারো নেই।”', 'তখন বেদুঈন বলল, এগুলো তো আমার রবের জন্য; আমার জন্য কী? তিনি বললেন: “বল,', '«اللَّهُمَّ اغْفِرْ لِي، وَارْحَمْنِي، وَاهْدِنِي، وَارْزُقْنِي».', '(আল্লা-হুম্মাগফির লী, ওয়ারহামনী, ওয়াহদিনী, ওয়ারযুক্বনী)', '“হে আল্লাহ! আমাকে ক্ষমা করুন, আমার প্রতি দয়া করুন, আমাকে হেদায়াত দিন এবং আমাকে রিযিক দিন।”[9]']"
263,130,"Chapter: Excellence of Tasbih, Tahmid, Tahlil, and Takbir",من فضل التسبيح والتحميد ، والتهليل ، والتكبير,130.0,"তাসবীহ, তাহমীদ, তাহলীল ও তাকবীর -এর ফযীলত","Whenever anyone accepted Islam, the Prophet (ﷺ) used to teach him how to pray then he would instruct him to invoke Allah with the following words:","Whenever anyone accepted Islam, the Prophet (ﷺ) used to teach him how to pray then he would instruct him to invoke Allah with the following words: O Allah forgive me, and have mercy on me and guide me and give me good health and provide for me.",আল্লা-হুম্মাগফির লী ওয়ারহামনী ওয়াহদিনী ওয়া ‘আ-ফিনী ওয়ারযুক্বনী,"“কোনো ব্যক্তি ইসলাম গ্রহণ করলে রাসূলুল্লাহ সাল্লাল্লাহু আলাইহি ওয়াসাল্লাম তাকে প্রথমে সালাত শিক্ষা দিতেন। অতঃপর এসব কথা দিয়ে দো‘আ করার আদেশ দিতেন,",كَانَ الرَّجُلُ إِذَا أَسْلَمَ عَلَّمَهُ النَّبيُّ صلى الله عليه وسلم الصَّلاَةَ ثُمَّ أَمَرَهُ أَنْ يَدْعُوَ بِهَؤُلاَءِ الْكَلِمَاتِ: (اللَّهُمَّ اغْفِرِ لِي، وَارْحَمْنِي، وَاهْدِنِي، وَعَافِنِي وَارْزُقْنِي),«اللَّهُمَّ اغْفِرِ لِي، وَارْحَمْنِي، وَاهْدِنِي، وَعَافِنِي وَارْزُقْنِي».,"Muslim 4/2073, and in one of Muslim's reports there is the addition: 'For these words combine [the goodness of] this world and the next.'",,,"“হে আল্লাহ! আপনি আমাকে ক্ষমা করুন, আমাকে দয়া করুন, আমাকে আপনি হেদায়াত দিন, আমাকে নিরাপদ রাখুন এবং আমাকে রিযিক দান করুন।”[10]",mismatch,0.4971,"['Whenever anyone accepted Islam, the Prophet (ﷺ) used to teach him how to pray then he would instruct him to invoke Allah with the following words:', 'Whenever anyone accepted Islam, the Prophet (ﷺ) used to teach him how to pray then he would instruct him to invoke Allah with the following words: O Allah forgive me, and have mercy on me and guide me and give me good health and provide for me.', ""Muslim 4/2073, and in one of Muslim's reports there is the addition: 'For these words combine [the goodness of] this world and the next.'"", 'كَانَ الرَّجُلُ إِذَا أَسْلَمَ عَلَّمَهُ النَّبيُّ صلى الله عليه وسلم الصَّلاَةَ ثُمَّ أَمَرَهُ أَنْ يَدْعُوَ بِهَؤُلاَءِ الْكَلِمَاتِ: (اللَّهُمَّ اغْفِرِ لِي، وَارْحَمْنِي، وَاهْدِنِي، وَعَافِنِي وَارْزُقْنِي)']","['“কোনো ব্যক্তি ইসলাম গ্রহণ করলে রাসূলুল্লাহ সাল্লাল্লাহু আলাইহি ওয়াসাল্লাম তাকে প্রথমে সালাত শিক্ষা দিতেন। অতঃপর এসব কথা দিয়ে দো‘আ করার আদেশ দিতেন,', '«اللَّهُمَّ اغْفِرِ لِي، وَارْحَمْنِي، وَاهْدِنِي، وَعَافِنِي وَارْزُقْنِي».', '(আল্লা-হুম্মাগফির লী ওয়ারহামনী ওয়াহদিনী ওয়া ‘আ-ফিনী ওয়ারযুক্বনী)।', '“হে আল্লাহ! আপনি আমাকে ক্ষমা করুন, আমাকে দয়া করুন, আমাকে আপনি হেদায়াত দিন, আমাকে নিরাপদ রাখুন এবং আমাকে রিযিক দান করুন।”[10]']"
264,130,"Chapter: Excellence of Tasbih, Tahmid, Tahlil, and Takbir",من فضل التسبيح والتحميد ، والتهليل ، والتكبير,130.0,"তাসবীহ, তাহমীদ, তাহলীল ও তাকবীর -এর ফযীলত",The most excellent invocation is:,The most excellent invocation is: Praise is for Allah. and the most excellent words of remembrance are: There is none worthy of worship but Allah.,আলহামদু লিল্লাহ) (লা ইলাহা ইল্লাল্লাহ,"“সর্বশ্রেষ্ঠ দো‘আ হল,",إِنَّ أَفْضَلَ الدُّعَاءِ (الْحَمْدُ لِلَّهِ)، وَأَفْضَلَ الذِّكْرِ (لاَ إِلَهَ إِلاَّ اللَّهُ),«الْحَمْدُ لِلَّهِ» «لاَ إِلَهَ إِلاَّ اللَّهُ»,"At-Tirmidhi 5/462, Ibn Majah 2/1249, and Al-Hakim who graded it authentic and Ath-Tbahabi agreed 1/503. See Al-Albani, Sahihul-Jami' As-Saghir 1/362.",,,"“সকল প্রশংসা আল্লাহরই”। আর সর্বোত্তম যিক্‌র হল, “আল্লাহ ব্যতীত কোনো হক্ব ইলাহ নেই।”[11]",mismatch,0.6494,"['The most excellent invocation is:', 'The most excellent invocation is: Praise is for Allah. and the most excellent words of remembrance are: There is none worthy of worship but Allah.', ""At-Tirmidhi 5/462, Ibn Majah 2/1249, and Al-Hakim who graded it authentic and Ath-Tbahabi agreed 1/503. See Al-Albani, Sahihul-Jami' As-Saghir 1/362."", 'إِنَّ أَفْضَلَ الدُّعَاءِ (الْحَمْدُ لِلَّهِ)، وَأَفْضَلَ الذِّكْرِ (لاَ إِلَهَ إِلاَّ اللَّهُ)']","['“সর্বশ্রেষ্ঠ দো‘আ হল,', '«الْحَمْدُ لِلَّهِ»', '(আলহামদু লিল্লাহ)', '“সকল প্রশংসা আল্লাহরই”। আর সর্বোত্তম যিক্\u200cর হল,', '«لاَ إِلَهَ إِلاَّ اللَّهُ»', '(লা ইলাহা ইল্লাল্লাহ)', '“আল্লাহ ব্যতীত কোনো হক্ব ইলাহ নেই।”[11]']"
265,130,"Chapter: Excellence of Tasbih, Tahmid, Tahlil, and Takbir",من فضل التسبيح والتحميد ، والتهليل ، والتكبير,130.0,"তাসবীহ, তাহমীদ, তাহলীল ও তাকবীর -এর ফযীলত",The good deeds which endure are:,"The good deeds which endure are: Glorified is Allah, and The praise is for Allah, and There is none worthy of worship but Allah, and Allah is the Most Great, and There is no power and no might except by Allah.","সুবহা-নাল্লা-হি, ওয়ালহামদুলিল্লা-হি, ওয়া লা-ইলা-হা ইল্লাল্লা-হু, ওয়াল্লা-হু আকবার, ওয়ালা হাউলা ওয়ালা কূওয়াতা ইল্লা বিল্লা-হি","“‘আল-বাকিয়াতুস সালিহাত’ তথা চিরস্থায়ী নেক আমল হচ্ছে,",الباقيات الصالحات : (سبحان الله) و(الحمد لله )، و(لا إله إلا الله)، و(الله أكبر) ،و (لا حول ولا قوة إلا بالله).,«سُبْحَانَ اللَّهِ، وَالْحَمْدُ لِلَّهِ، وَلاَ إِلَهَ إِلاَّ اللَّهُ، وَاللَّهُ أَكْبَرُ، وَلاَ حَوْلَ وَلاَ قُوَّةَ إِلاَّ بِاللَّهِ».,"Ahmad (no. 513) (Ahmad Shakir, ed.) and its chain of narration is authentic. See Majma'uz-Zawa'id 1/297. Ibn Hajar mentions it in Bulughul-Maram saying that Ibn Hibban and Al-Hakim considered it authentic.","[12] মুসনাদে আহমাদ নং ৫১৩; আহমাদ শাকের এর তারতীব অনুসারে, আর তার সনদ বিশুদ্ধ। দেখুন, মাজমাউয যাওয়ায়িদ, ১/২৯৭; ইবন হাজার বুলুগুল মারাম গ্রন্থে এটাকে আবু সা‘ঈদ রাদিয়াল্লাহু ‘আনহু এর বর্ণনায় ইমাম নাসাঈ (আস-সুনানুল কুবরা, নং ১০৬১৭) নিয়ে এসেছেন বলে ইঙ্গিত করেছেন এবং বলেছেন যে, হাদীসটিকে ইবন হিব্বান (নং ৮৪০) ও হাকেম (১/৫৪১) সহীহ বলেছেন।",,““আল্লাহ পবিত্র-মহান। সকল হামদ-প্রশংসা আল্লাহর। আল্লাহ ছাড়া কোনো হক্ব ইলাহ নেই। আল্লাহ সবচেয়ে বড়। আর আল্লাহর সাহায্য ছাড়া (পাপ কাজ থেকে দূরে থাকার) কোনো উপায় এবং (সৎকাজ করার) কোনো শক্তি কারো নেই।”[12],mismatch,0.8721,"['The good deeds which endure are:', 'The good deeds which endure are: Glorified is Allah, and The praise is for Allah, and There is none worthy of worship but Allah, and Allah is the Most Great, and There is no power and no might except by Allah.', ""Ahmad (no. 513) (Ahmad Shakir, ed.) and its chain of narration is authentic. See Majma'uz-Zawa'id 1/297. Ibn Hajar mentions it in Bulughul-Maram saying that Ibn Hibban and Al-Hakim considered it authentic."", 'الباقيات الصالحات : (سبحان الله) و(الحمد لله )، و(لا إله إلا الله)، و(الله أكبر) ،و (لا حول ولا قوة إلا بالله).']","['“‘আল-বাকিয়াতুস সালিহাত’ তথা চিরস্থায়ী নেক আমল হচ্ছে,', '«سُبْحَانَ اللَّهِ، وَالْحَمْدُ لِلَّهِ، وَلاَ إِلَهَ إِلاَّ اللَّهُ، وَاللَّهُ أَكْبَرُ، وَلاَ حَوْلَ وَلاَ قُوَّةَ إِلاَّ بِاللَّهِ».', '(সুবহা-নাল্লা-হি, ওয়ালহামদুলিল্লা-হি, ওয়া লা-ইলা-হা ইল্লাল্লা-হু, ওয়াল্লা-হু আকবার, ওয়ালা হাউলা ওয়ালা কূওয়াতা ইল্লা বিল্লা-হি)', '““আল্লাহ পবিত্র-মহান। সকল হামদ-প্রশংসা আল্লাহর। আল্লাহ ছাড়া কোনো হক্ব ইলাহ নেই। আল্লাহ সবচেয়ে বড়। আর আল্লাহর সাহায্য ছাড়া (পাপ কাজ থেকে দূরে থাকার) কোনো উপায় এবং (সৎকাজ করার) কোনো শক্তি কারো নেই।”[12]', '[1] বুখারী ৭/১৬৮, নং ৬৪০৫; মুসলিম ৪/২০৭১, নং ২৬৯১; তাছাড়া এ কিতাবের ### পৃষ্ঠায় যে ব্যক্তি সকাল ও সন্ধায় একশতবার পড়বে, তার যে ফযিলত বর্ণিত হয়েছে তা দেখুন।', '[2] বুখারী ৭/৬৭ নং ৬৪০৪; মুসলিম, তার শব্দে ৪/২০৭১ নং ২৬৯৩; অনুরূপভাবে একশবার বলার ফযীলত দেখুন, ৯৩ নং দো‘আর হাদীস, পৃ. নং ###।', '[3] বুখারী ৭/১৬৮, নং ৬৪০৪; মুসলিম ৪/২০৭২, নং ২৬৯৪।', '[4] মুসলিম, ৪/২০৭২, নং ২৬৯৫।', '[5] মুসলিম ৪/২০৭৩, নং ২৬৯৮।', '[6] তিরমিযী ৫/১১, নং ৩৪৬৪; হাকেম-১/৫০১ এবং এটাকে সহীহ বলেছেন। আর ইমাম যাহাবী তার সাথে একমত হয়েছেন। দেখুন, সহীহুল জামে‘ ৫/৫৩১; সহীহুত তিরমিযী ৩/১৬০।', '[7] বুখারী, ফাতহুল বারীসহ ১১/২১৩, নং ৪২০৬; মুসলিম ৪/২০৭৬, নং ২৭০৪।', '[8] মুসলিম ৩/১৬৮৫, নং ২১৩৭।', '[9] মুসলিম ৪/২০৭২, নং ২৬৯৬। আর আবূ দাউদ বর্ধিত বর্ণনা করেন, ১/২২০, নং ৮৩২: এরপর যখন বেদুঈন ফিরে গেল, তখন রাসূলুল্লাহ্\u200c সাল্লাল্লাহু ‘আলাইহি ওয়াসাল্লাম বললেন, “লোকটি তার হাত কল্যাণে পূর্ণ করে নিল”।', '[10] মুসলিম ৪/২০৭৩; নং ৩৬৯৭। মুসলিমের অপর বর্ণনায় এসেছে, “এগুলো তোমার জন্য দুনিয়া ও আখেরাত সবকিছুর সমন্বয় ঘটাবে।”', '[11] তিরমিযী ৫/৪৬২, নং ৩৩৮৩; ইবন মাজাহ্\u200c ২/১২৪৯, নং ৩৮০০; আল-হাকিম, ১/৫০৩ এবং সহীহ বলেছেন, আর ইমাম যাহাবী তা সমর্থন করেছেন। আরও দেখুন, সহীহুল জামে‘ ১/৩৬২।', '[12] মুসনাদে আহমাদ নং ৫১৩; আহমাদ শাকের এর তারতীব অনুসারে, আর তার সনদ বিশুদ্ধ। দেখুন, মাজমাউয যাওয়ায়িদ, ১/২৯৭; ইবন হাজার বুলুগুল মারাম গ্রন্থে এটাকে আবু সা‘ঈদ রাদিয়াল্লাহু ‘আনহু এর বর্ণনায় ইমাম নাসাঈ (আস-সুনানুল কুবরা, নং ১০৬১৭) নিয়ে এসেছেন বলে ইঙ্গিত করেছেন এবং বলেছেন যে, হাদীসটিকে ইবন হিব্বান (নং ৮৪০) ও হাকেম (১/৫৪১) সহীহ বলেছেন।']"
266,131,Chapter: How the Prophet ﷺ made tasbeeh,كيف كان النبي ﷺ يسبح ؟,131.0,কীভাবে নবী সাল্লাল্লাহু আলাইহি ওয়াসাল্লাম তাসবীহ পাঠ করতেন?,,Abdullah bin 'Amr (RA) said:,,"আব্দুল্লাহ ইবন ‘আমর রাদিয়াল্লাহু ‘আনহুমা বলেন, “আমি নবী সাল্লাল্লাহু আলাইহি ওয়াসাল্লামকে দেখেছি আঙুল ভাঁজ করে তাসবীহ গুনতে”। অপর বর্ণনায় অতিরিক্ত এসেছে, “তাঁর ডান হাতে।”[1]",عَنْ عَبْدِ اللَّهِ بْنِ عَمْرٍو رضي الله عنهما قَالَ: رَأَيْتُ النَّبيَّ صلى الله عليه وسلم يَعْقِدُ التَّسْبِيحَ بِيَمِينِهِ.,,"Abu Dawud with a different wording 2/81, and At-Tirmidhi 5/521. See also Al-Albani, Sahihul-Jami'As-Saghir 4/271 (no. 4865).","[1] আবূ দাউদ ২/৮১, নং ১৫০২; তিরমিযী ৫/৫২১, নং ৩৪৮৬। আরও দেখুন, সহীহুল জামে‘ ৪/২৭১, নং ৪৮৬৫, আর শাইখ আলবানী সহীহ সুনান আবি দাউদে (১/৪১১) এটাকে সহীহ বলেছেন। ১৩২. বিবিধ কল্যাণ ও সামষ্টিক কিছু আদব ইমেইল করুন ভুল পেলে রিপোর্ট করুন",,,one_missing,,"[""Abdullah bin 'Amr (RA) said:"", ""Abu Dawud with a different wording 2/81, and At-Tirmidhi 5/521. See also Al-Albani, Sahihul-Jami'As-Saghir 4/271 (no. 4865)."", 'عَنْ عَبْدِ اللَّهِ بْنِ عَمْرٍو رضي الله عنهما قَالَ: رَأَيْتُ النَّبيَّ صلى الله عليه وسلم يَعْقِدُ التَّسْبِيحَ بِيَمِينِهِ.']","['আব্দুল্লাহ ইবন ‘আমর রাদিয়াল্লাহু ‘আনহুমা বলেন, “আমি নবী সাল্লাল্লাহু আলাইহি ওয়াসাল্লামকে দেখেছি আঙুল ভাঁজ করে তাসবীহ গুনতে”। অপর বর্ণনায় অতিরিক্ত এসেছে, “তাঁর ডান হাতে।”[1]', '[1] আবূ দাউদ ২/৮১, নং ১৫০২; তিরমিযী ৫/৫২১, নং ৩৪৮৬। আরও দেখুন, সহীহুল জামে‘ ৪/২৭১, নং ৪৮৬৫, আর শাইখ আলবানী সহীহ সুনান আবি দাউদে (১/৪১১) এটাকে সহীহ বলেছেন।', '১৩২. বিবিধ কল্যাণ ও সামষ্টিক কিছু আদব', 'ইমেইল করুন', 'ভুল পেলে রিপোর্ট করুন']"
267,132,Chapter: Comprehensive types of good and manners,من أنواع الخير والآداب الجامعة,131.0,কীভাবে নবী সাল্লাল্লাহু আলাইহি ওয়াসাল্লাম তাসবীহ পাঠ করতেন?,,"When night falls, restrain your children (from going out) because at such time the devils spread about. After a period of time has passed, let them be. Shut your doors and mention Allah’s name, for verily the devil does not open a shut door, tie up your water-skins and mention Allah’s name, cover your vessels with anything and mention Allah’s name and put out your lamps.",,"নবী সাল্লাল্লাহু আলাইহি ওয়াসাল্লাম বলেন, “যখন রাত্রি অন্ধকার হবে,” অথবা (বলেছেন) “তোমরা সন্ধায় উপনীত হবে, তখন তোমরা তোমাদের শিশুদেরকে আগলে রাখবে; কারণ, তখন শয়তানরা ছড়িয়ে পড়তে থাকে। তারপর যখন রাতের একটা সময় অতিবাহিত হবে, তখন তাদের ছেড়ে দিবে। আর তোমরা দরজাগুলো বন্ধ করবে এবং আল্লাহ্‌র নাম নিবে; কেননা শয়তান কোনো বন্ধ দরজা খুলে না। আর তোমরা তোমাদের পানপাত্রসমূহ বেঁধে রাখবে এবং আল্লাহ্‌র নাম নিবে। আর তোমরা তোমাদের থালা-বাসন ঢেকে রাখবে এবং আল্লাহ্‌র নাম নিবে, যদিও সামান্য কিছু তার উপর রাখ। আর তোমরা তোমাদের ঘরের প্রদীপগুলো নিভিয়ে রাখবে।”[1]",إِذَا كَانَ جُنْحُ اللَّيْلِ – أَوْ أَمْسَيْتُم – فَـكُفُّوا صِبْيانَـكُم، فَإِنَّ الشَّيَاطِينَ تَنْتَشِرُ حِينَئِذٍ، فَإِذَا ذَهَبَ سَاعَةٌ مِنَ اللَّيلِ فَخَلُّوهُمْ، وَأَغْلِقُوا الأَبْوَابَ وَاذْكُرُوا اسْمَ اللَّهِ؛ فَإِنَّ الشَّيطَانَ لاَ يَفْتَحُ بَاباً مُغلَقاً، وَأَوْكُوا قِرَبَكُمْ، وَاذْكُرُوا اسْمَ اللَّهِ، وَخَمِّرُوا آنِيَتَكُم، وَاذْكُرُوا اسْمَ اللَّهِ، وَلَوْ أَنْ تَعْرُضُوا عَلَيْهَا شَيْئاً، وَأَطْفِئُوا مَصَابِيحَكُمْ.,,Al-Bukhari with Al-Fath 10/88 and Muslim 3/1595.,"[1] বুখারী, ফাতহুল বারীসহ, ১০/৮৮; নং ৫৬২৩; মুসলিম, ৩/১৫৯৫, নং ২০১২।",,,one_missing,,"['When night falls, restrain your children (from going out) because at such time the devils spread about. After a period of time has passed, let them be. Shut your doors and mention Allah’s name, for verily the devil does not open a shut door, tie up your water-skins and mention Allah’s name, cover your vessels with anything and mention Allah’s name and put out your lamps.', 'Al-Bukhari with Al-Fath 10/88 and Muslim 3/1595.', 'إِذَا كَانَ جُنْحُ اللَّيْلِ – أَوْ أَمْسَيْتُم – فَـكُفُّوا صِبْيانَـكُم، فَإِنَّ الشَّيَاطِينَ تَنْتَشِرُ حِينَئِذٍ، فَإِذَا ذَهَبَ سَاعَةٌ مِنَ اللَّيلِ فَخَلُّوهُمْ، وَأَغْلِقُوا الأَبْوَابَ وَاذْكُرُوا اسْمَ اللَّهِ؛ فَإِنَّ الشَّيطَانَ لاَ يَفْتَحُ بَاباً مُغلَقاً، وَأَوْكُوا قِرَبَكُمْ، وَاذْكُرُوا اسْمَ اللَّهِ، وَخَمِّرُوا آنِيَتَكُم، وَاذْكُرُوا اسْمَ اللَّهِ، وَلَوْ أَنْ تَعْرُضُوا عَلَيْهَا شَيْئاً، وَأَطْفِئُوا مَصَابِيحَكُمْ.']","['নবী সাল্লাল্লাহু আলাইহি ওয়াসাল্লাম বলেন, “যখন রাত্রি অন্ধকার হবে,” অথবা (বলেছেন) “তোমরা সন্ধায় উপনীত হবে, তখন তোমরা তোমাদের শিশুদেরকে আগলে রাখবে; কারণ, তখন শয়তানরা ছড়িয়ে পড়তে থাকে। তারপর যখন রাতের একটা সময় অতিবাহিত হবে, তখন তাদের ছেড়ে দিবে। আর তোমরা দরজাগুলো বন্ধ করবে এবং আল্লাহ্\u200cর নাম নিবে; কেননা শয়তান কোনো বন্ধ দরজা খুলে না। আর তোমরা তোমাদের পানপাত্রসমূহ বেঁধে রাখবে এবং আল্লাহ্\u200cর নাম নিবে। আর তোমরা তোমাদের থালা-বাসন ঢেকে রাখবে এবং আল্লাহ্\u200cর নাম নিবে, যদিও সামান্য কিছু তার উপর রাখ। আর তোমরা তোমাদের ঘরের প্রদীপগুলো নিভিয়ে রাখবে।”[1]', '[1] বুখারী, ফাতহুল বারীসহ, ১০/৮৮; নং ৫৬২৩; মুসলিম, ৩/১৫৯৫, নং ২০১২।']"
